Campaign_Key,Campaign_ID
1,98705a1e-2573-4cb8-983b-2112d4b140c9
2,6b15bf9b-14cc-4ab9-9168-56322057b61e
3,c4de6290-0b01-4646-ba8b-cca498ac1259
4,274ce814-88f3-46f6-8d56-91ecb569f757
5,ed333906-1664-467d-8c42-87569e2e9ec4
6,567c142e-0b89-4161-a241-53ef4fa4aeeb
7,72c522e2-3829-4b52-a625-ccbf643c9c3d
8,1a54902e-36c1-41bb-9933-d60447837809
9,f3ce7528-81fc-476d-9796-e3dae5cd9c43
10,b781cbbc-49cd-4180-9e27-f79adb84f8c9
11,bb93a3a3-0483-4739-9d97-fdb983d0fafa
12,bdca9b4b-9167-4c83-a894-15b58da4ad07
13,9b716197-5c13-4981-ac3d-962eef0bfda5
14,9c254583-a902-4e3a-807c-79524952f9d7
15,795b1730-6a55-49a3-a71f-3f37ae8a68d0
16,aabf5d1a-aa12-43a4-8724-731faf506b88
17,a7b0485a-4632-4a22-bcbf-e21273365846
18,9848e85a-1f32-41ea-9284-ef8c2c556458
19,cd78116a-46a8-4023-bf2e-3f622c04b6b5
20,4b16e35b-15d9-4c74-8886-3e133b94b142
21,528d9316-0006-4f1c-b675-f5a8d49bca8c
22,a003844d-b0a3-4cc8-b0ae-06e07d37bfed
23,2b98d1df-8d4c-481d-be35-fc559e1acbcd
24,10a56673-b54e-4f64-870a-0fbf86323aeb
25,da9a4db5-f67d-4f9b-9ad5-af00da0f5004
26,55a09281-5205-4f39-b8c7-ef179c600d49
27,1a947963-cceb-4d56-a91f-1c0a94f78c32
28,9de1212b-01bd-4b41-a471-961086f0fc28
29,72761721-53af-4ed0-b2f5-519cb8c208c1
30,6671cfa6-bab9-45b3-bc11-6f77195a5d2f
31,8ad0d168-5434-4cd8-a366-f8b16c4f460b
32,e3eb62bf-e76a-4b76-b5e2-cb6060ef823b
33,658b9276-89d2-4441-b9d5-c228928e71d4
34,df92095d-9d24-4465-911e-ead8772eb874
35,9452499d-d8dc-4607-854a-e04f0c577c18
36,2db0493f-268a-4d7c-b248-6cc7c0445dd8
37,c2a7a8ab-e747-4f73-8b23-ff89abb5432a
38,ce4b9278-c9c2-48e1-bc6b-cba20ab9ea9f
39,ff412a92-a52d-4e41-ace9-437518c83fc5
40,0abc6c96-178b-43c4-a279-304120742955
41,93ec3af5-a819-452a-a8ed-772b69db3b94
42,6756bc91-3238-412b-8ce3-49d0c7b4a842
43,2dc557b5-ca3f-4346-8b31-a15bad983935
44,355012af-74f0-4c45-9a8d-afd0114652c7
45,30eed587-f3f8-4ce5-901d-9a83f00247b9
46,a69c6343-5f54-48e1-b784-eee0c9969866
47,de20e322-9b20-4936-bb1a-13f7e685d1a8
48,81736d5a-9871-42c4-8262-4bed68016cdf
49,d3183359-be53-43e7-9f07-4540efd3902e
50,d90962e4-effa-47d6-a0ea-abe8b141e37f
51,680d877d-bad3-4a49-84fc-60d584db0037
52,c924fb14-1070-48f6-8865-e6842e226971
53,4db00c8d-b284-4ddf-a569-7b32059d85af
54,b593a08c-46ef-4a27-8a86-1d26cf7a7ae8
55,02ecf82b-8dea-4e5d-98a9-8b30dadf7833
56,684525f9-0c0a-43f5-ae3e-d04c08f9f0d6
57,82094a98-6740-4307-a690-0b3cdbcff498
58,f835e268-896a-44eb-8f52-db6e604c8500
59,ff167b89-4a3b-44ef-8096-8e4d66664411
60,eb0697bb-dd50-4126-bbef-2fa937a0d293
61,a9135dbd-676e-4a7d-90ff-8f2951e686a8
62,3c42398a-0ca1-4a46-82a5-d41ea25c52e0
63,694e122e-55b6-4c2d-b3f5-289c461245b8
64,07a14f16-344d-4706-b61e-7f454d2dcd6e
65,fd0c8dc6-c4a1-4afd-b4ab-f77ccacc088f
66,54b6ee6f-673a-4096-a5c9-11e484ebb93a
67,4e2c1b3b-ed1a-49bf-be85-8868a8d120dd
68,fb90b771-f7e7-4793-ab9e-a763e3ef7cc8
69,efc312bf-1077-4fc8-9232-a150a0065ffd
70,6423a89f-c485-4da5-a506-116a7def587d
71,816d4546-86d6-4554-93e9-a1f870023652
72,e8fe3e62-5022-4001-a17d-db647e9e232f
73,fe2ad2ee-4b73-4c04-a5bc-0b72ffad7bda
74,792a335e-b5ee-4afe-914e-4cf124accb85
75,eea2d335-6457-4613-9e27-36d72bd2df08
76,f5d82783-65f5-4fe5-b866-f559bca74d22
77,6f04fabe-2070-4de4-b373-22143a783191
78,a9163b87-8733-42f6-b4a9-7077d5a2f91d
79,fd59e938-cec1-4c19-83a3-19b39317cf3c
80,7faec0c3-9063-4980-816b-d21fd88b9471
81,44e2fff2-0d8b-452a-9948-bd7ecc815e69
82,26c5ec99-3757-4971-8c53-fffa62062739
83,ed1706b8-c734-4753-b694-9bcffcc043ca
84,7b2b04b5-e3a5-45ef-a19f-4aadb9e980dc
85,21d96ffe-81d0-4cca-b7a6-9a8fdeaabfdb
86,5d851aad-79a2-4be6-b332-8c26549cf820
87,e24bcacc-1cb1-4a07-89fd-8e231c00b91e
88,700ed5d4-5da7-4a3d-8086-f68b34d94f71
89,6982f872-c9c0-470b-b8a7-0c7d94d47233
90,dca56f62-bcff-49d4-9a22-23f8a2a33e6d
91,d3bcabb8-b804-446b-9917-03b5b9701ea6
92,4f2dd828-979c-4349-9607-f7512919b919
93,0a33217f-5ce0-4469-b7fd-ac8144c1cc42
94,c4f2c33b-d1c9-415e-b8f7-ffec78add80e
95,15cf1527-47d6-4409-9422-d1d56656102a
96,c0eefcd6-68ee-464b-84f9-51f6a9bc057e
97,e6b7df84-1072-49c0-b726-bd4fcede06c3
98,30086575-b954-4977-8f6d-40587a0cf1ef
99,a91c23b6-bc52-4cef-9f68-7de4426289ee
100,f0d63b8f-df44-4158-88dc-db8d9378f12e
101,35862e45-9c11-4b00-aa1e-87bdff9bd48e
102,0265e611-c21a-46ab-81d5-f38b4f0dd4e7
103,cb7397ff-ce23-4c04-ac46-a2c4a73890cc
104,87ae6c80-8bab-4ff5-b5b9-bd1175847524
105,128bdf3e-cf64-47cf-bc49-fb4e67a89f1b
106,757f1acf-9688-4c3e-83ef-47f260154648
107,5d545189-736f-4b8e-9f3c-80eac2a513c7
108,6b5527b5-2aac-4756-bbd9-82dc6b2c3c5b
109,0322b262-638c-444c-a2c8-c7864d789186
110,c4395ff7-be88-4e2c-a0c9-2a62fdbe1bc2
111,8b7dea77-0ff4-44bc-97f7-a26b021a265b
112,8836f925-59c9-41fa-87a3-1928b75c5d39
113,e8c418bd-3f22-400a-b98c-5f2246964fac
114,6a556df1-2b33-4f3d-a2da-0a95b17f514f
115,d293e4cd-3e6e-498d-97fa-0b0235e8cf31
116,a9d90c5f-6bde-4067-9424-7fbe88eb6a11
117,402f842d-cd38-4b47-9c9a-0be17339301b
118,64036306-0d13-418d-9ff2-78c787aa326e
119,2a6f4e35-d517-41cb-bb49-d11f1f44d2ca
120,86d67ae9-9e53-43f6-a53f-41f485fa3fdb
121,f8570867-9473-420c-b62c-f4bc890bfa5e
122,71027dfa-663a-4f27-ba33-8422ba0b7edb
123,502a1e00-f6c5-4aec-97dd-becee4cce70c
124,4679dd61-7ee8-4327-985c-f9a6482e7d5f
125,a50f7b2f-348d-4cf7-b57a-3163586e3749
126,91e538eb-12ab-4ed7-8753-fcf24b2fe1cb
127,071ac334-8533-4eab-bf07-94e411be1164
128,04ab0915-9682-4ab9-8b87-103d9f857e15
129,0137b584-14e0-4f6b-999e-dea81b3f1c42
130,0efee8bf-0e9c-4394-8eb7-da9b078327d7
131,81bbd03e-f49c-4581-be4f-e58f2d550cf8
132,bc31810e-944f-4022-9792-0280db202358
133,2aa4f6e9-3f76-45c2-8166-cc976d704adc
134,be0c0586-abbb-43dd-9ae2-437fa1701223
135,708d35b5-81cc-4839-8588-35a9683cb7bf
136,098287c4-cd2e-488f-a699-afa948964c0d
137,bbef8da0-db56-4ca3-a6f7-4cd220f49a7a
138,bc2bb703-d198-4f74-b70f-7e4a065af78a
139,823760cc-c178-49eb-8ce6-d8309670b922
140,514ace1d-a534-46c3-8275-7b086b2614be
141,67465412-6484-4d03-a9ea-89f78c56f1f6
142,be0594eb-bdd0-4a7e-bb76-8934e46ae4cd
143,c0bdf6e4-27b2-4be3-8fce-efc8e00db684
144,50880e83-bb94-4f9d-a015-fb9e9c0d73ab
145,93f8fe2a-5876-43e2-bd65-ebd8e6418383
146,aab265d9-0fd2-4764-9e54-785a71719e93
147,d4391584-11ff-4f3b-ab7f-140ad741885d
148,81653cbd-abef-417f-b076-fe287174133e
149,06bebef6-83b2-456b-80a1-b3d10af5ed17
150,410b7e44-4d63-4477-92ed-8900be4532c3
151,bfbedb7a-628d-4e97-add5-415196a310c0
152,d7da4cf5-7533-4db2-95af-6215fc54bbb2
153,fcbc7817-9961-4745-a03f-1eac7f929336
154,fd2ffadb-04c4-4e2d-98fc-c96c62cfeb4b
155,13e3a2f6-7d90-46d9-b29a-47c471ddf5a6
156,4de64a85-6ee0-45f3-90e7-a17563c89ede
157,f48a6d09-c208-4c61-9cb2-a14fa46573d8
158,c4094407-8524-43c5-91d0-4603a491fa2f
159,3164d3a9-fe31-48c7-8e34-275dce0683c2
160,414f517b-2279-4a42-90f8-6da574a9769c
161,12fc57dd-fc70-48a6-ab4e-8319663e9436
162,b1b22b2f-5d8d-44c3-8452-c0fb70324bc6
163,f84ea1df-cc9c-4339-9f7a-4943cd992447
164,b4ddac36-d658-43c2-9c0e-056f5b8c3fd2
165,d3faafc1-3fd7-4ed6-b44f-9a79fcb18a87
166,2ed7902a-ea25-42db-a57d-6de409f78671
167,91f73d91-0153-4e0e-921d-c460530ea56e
168,4547895c-c4ec-4f0e-8811-445230b06eff
169,7d0ec79b-8e85-4181-a4da-bea69c4507b8
170,4bec62d1-bf3f-449a-9e35-d668b1cb2024
171,c1725066-9d21-41b7-8cb4-f849b9f625ff
172,ef2839fb-a647-43a3-a7b4-9fe9c8adbe9b
173,569c86d6-dfcc-4135-9056-da8977c771fb
174,a4f1e244-2bdb-42ed-863d-e2844530104a
175,733fc3de-f242-411e-a25d-e82b1d06bac6
176,2e2b99b0-17b9-46cb-a453-91a1c8d54e3f
177,1fbe60c1-53cc-4918-aaa3-5adc61e2c5a3
178,fc76aea7-749c-42ca-a519-2ef7426929ee
179,07692667-ee77-4d38-9266-822c4607e63c
180,0b1051ce-6a32-47e9-aa53-a30b57f5c859
181,4c23b899-8fe1-4aa1-b695-3e8369ef8a6c
182,651b6e67-9329-4165-9a45-18c14875b48d
183,0b75276a-a61e-4816-bb80-5e4b6d71d78d
184,e42ad7da-823f-4de8-86a0-6621302667d7
185,489f0664-1ea8-495b-bd9f-0921ab9128e8
186,c61cf30f-cb0e-47a4-b274-4f5e0ab791ef
187,5caf730b-0464-4cc5-9dfe-bab91c5245fe
188,eb56e4f5-1dbf-486a-bb30-a4638326755e
189,5f2a2cdd-453e-40b3-b4b0-2eb40d3bdf33
190,32a00265-410e-4e29-b8e0-1903a21a0478
191,1ad707aa-c954-457e-a157-5ec01afe4e84
192,55810ac3-b290-4124-ad71-d407a0fd5587
193,9b4f6808-9ffe-4433-892d-68d5f7e34444
194,c8fd6ae4-d62f-4750-9f09-b459cc1ca5aa
195,04c4589a-3f67-4a67-ad21-4e833a80a776
196,6671177b-36a4-4df4-95d1-9779c0972031
197,9ada9919-41f6-4cd1-9949-b9d2f54ac8e0
198,a834536d-e641-4758-bad5-3e3a12b5ac58
199,5ad8ecee-2e69-4f8a-a23c-de1745828088
200,2f224859-3018-4b0b-bd45-de3063048df8
201,455f3468-830c-49fb-b1ed-d7c0146dc905
202,569a4134-3bc8-4f6d-bc1f-e526738cd4b7
203,a2763b73-a46a-4cd4-b30c-dbacbb0cec1e
204,27e90630-93ee-458d-85aa-6ed4169e8520
205,0062a828-431a-4843-a843-9d27fc48060b
206,cb8528c7-033c-4ee6-832d-ef881ac422b5
207,206d97a0-f13c-4235-bc18-e747eb00eb92
208,7a83505d-8a4c-43b4-8e2f-c05b0198954c
209,71b8adcb-50f5-4f9b-a3e1-111a5e23e4cb
210,0eb71d13-8f83-4b0e-abbf-fc9605bf82c5
211,3a782e7f-3159-4e50-bbd8-186f36669f2e
212,2a763c73-32ee-42c4-8dfa-3c05b5c9e68a
213,dde78bec-8857-4605-814a-88d8af1a500c
214,0cc8c482-f44e-433d-ad24-40a894babda2
215,2e5de983-6408-4ba4-9a64-c66507d29169
216,ff2fb124-73d1-4110-b70b-fb6540429f41
217,369fdebe-310b-4236-8b72-4742d328c9d2
218,70f91259-8bb4-40d9-8ed3-077a2030895c
219,4442f8d0-ea4d-4278-a553-5f93bdde8fb4
220,21b794ff-45ba-4b37-8c2d-37b1f1abc5d3
221,de381801-9516-4328-b688-7f0952a0367e
222,9588fb03-9f0f-40cb-b1d6-5e346231a59d
223,be8a0c9b-2837-4463-bd6c-17a5b3aae38f
224,2568b08c-c6af-4697-8f37-5b71fccaa5b6
225,318cd4c3-f64a-4485-b9fc-7570c278e021
226,0002c9cc-bdbe-4b75-86f7-181a417d8de1
227,3cd45d54-e7f4-47b4-89ef-56d2ad7e2ca9
228,f7fdcae4-8f3f-45f5-bbef-43eb41abfb6d
229,e4f46f53-0361-4b4e-87b2-74d74cd25c8c
230,9a8445c5-61b0-4675-b905-bd344d7281b0
231,20d80606-ba10-44e4-a929-c8aa2379bcec
232,05d61ab3-706d-457f-8002-8e753dfc6fd2
233,e54cce00-b14f-4fc1-ae46-147942e2ea45
234,fdbc8af5-dcd4-4c62-8946-7f7bf9e0f4b4
235,0b39f441-de31-4cf2-82f2-1e0409525558
236,24bb8a1b-c3e2-44b2-be27-4ec29d20155e
237,0317568f-b997-4983-a599-f80ba05003a5
238,ffd9bc6b-56a9-427b-8b7c-9784b28cf85a
239,1975085d-2256-472b-9206-6d4f349103d7
240,3bbcf6d6-a398-4da0-980a-848c827673d2
241,2b2ef40e-5fab-4898-9caa-0c846dde5d9b
242,8bcc9a10-1643-455c-8334-709bfd80950b
243,ac6ed7ff-d3bd-454d-9b49-75f5a206deb3
244,e526e325-a21e-44d2-b818-64c28df91838
245,b2e7a160-69d6-490b-8519-5e883af1aa89
246,23ee7036-1d72-429f-be63-ccff81eccc76
247,650233cd-2f80-43c3-ac70-ecd58708d627
248,eeae0f15-2bc0-4a0a-91c6-f85c7f00d94a
249,0cb356af-88ff-4d72-b0ee-94112fa63d16
250,c87f17ca-059f-4d5b-8c9f-1dc4821cd3b0
251,48099448-94c6-4124-a889-bf3019f372bd
252,081b6a0c-9067-4dc6-b79a-47a16fe2fdd1
253,75bf7eab-36ae-495e-bfb8-55e8d8cb8512
254,85ace2b9-a21d-4f91-b315-bffee335f233
255,a506ab50-7538-4efe-8081-7cfc2c13a5f5
256,70fc4250-079a-4a92-a702-5ea4e06ad756
257,c0509f80-57bf-4002-9109-99d6509905be
258,4ed9bfb0-d6ea-4e34-8bf1-3691e4588b47
259,ed85cb6d-6098-4839-8236-17160fa712b1
260,780c703e-1e50-4cb9-8c71-34a4d973ccb7
261,568a4b82-0f9f-4bb0-95ca-fcfdd45bf5e5
262,78a6b9bf-3b67-4bc1-a0cb-ae5bbfa4a3b1
263,3fd448f4-e6c6-4933-93b4-8c179c12217f
264,0f7ad3fe-d92b-41c4-8741-dfcd22621585
265,6e5e992e-7370-4313-b590-6edbbf61e62a
266,2abe9a81-6f4c-48da-8ddf-cfb1254a26bf
267,5955bf2d-7872-4b6a-bbd4-33db027dbb43
268,734e8d07-9e29-428a-899e-0b9a21b2bf0d
269,e588cf93-5be1-4961-8649-34616533384e
270,fea5a934-9327-4c64-b2be-095c3da7f6f2
271,4cfa6dbc-5e53-4c8b-9884-99f249f9eb37
272,bdb3e3a8-083d-4240-91a0-a04d1d75a39b
273,ea7c6144-0de1-420f-81c3-000db5b0d67e
274,0e5ad6fc-8b38-437d-b0e2-f95fd301fef7
275,456d1955-2d5c-42f2-b74c-caf5b2948e20
276,08803fa5-2cb1-4b9f-89b9-1c4c17f754cd
277,0e4c996c-95e4-4436-8a4b-3abbb1ca03a1
278,fb11e32e-1591-42e6-a9e8-4f7393f41ce2
279,5089c068-8c3e-42d9-8399-cfed426f9366
280,1a78d2b0-20e5-4485-82f0-c168a44f8315
281,a594d3cc-da42-4db1-886a-9016379a8a8f
282,ad7ddffc-ef0a-49fe-a247-3ea8cc6c3bf1
283,28001010-4e4d-425b-9392-b0a203c64e45
284,aa731f1c-4730-45d9-8905-005d2dd5520d
285,622b57b6-54b6-4624-bf2c-0eb59495a405
286,d8e1ab04-e688-4023-a017-22c14f8c0354
287,9a39c501-00c9-442d-9f63-90c4246f3e94
288,7d9b121a-f9bc-4833-88e6-676e8a5ac76e
289,b3e1baa8-c133-40be-8086-093d492be04b
290,792e127d-30e2-4aa4-b014-1afa6d734e73
291,f5d8bbe4-32d2-4348-8421-4735bb6990be
292,353ffd02-0c47-466e-81c7-4468a8e1e2d6
293,e581cdf4-68a6-496b-8ccb-fd061b8ebe71
294,715ebc8c-f4f1-45b7-9561-b8a2e50479e9
295,39ab043f-8f32-4b06-a3c0-13a909bd1b15
296,9ce04bcc-f788-46de-ae5e-294897a08459
297,e45bbb0b-506b-44c8-8001-12f358176887
298,ccadb608-7885-4ced-bbc9-e413acb2aa31
299,7b4f5136-a8a7-4b28-8f65-fe86068a94fa
300,a1f8a15e-bde3-48f9-8adb-f016995ed631
301,25d2917a-609f-4221-8a79-3c647e03e59e
302,915f1025-06d5-40ff-a4ce-71f7bf87d3a3
303,5833f0b4-392a-444d-b8af-2c0b11c6e600
304,12d0deef-6035-4f2c-8d83-9b6ca99c92e6
305,c3e2fb63-2fe3-4f17-8a14-44aaa5e5479f
306,8855191d-f7d0-46c7-93b2-0d7f5296f2a7
307,3bd624bf-7fba-4223-ae2b-76ad522684cf
308,109d343f-2858-4699-b5a3-793813cb72af
309,4bc4769c-6492-4137-a7c5-5342be6377ed
310,199cddf6-ca0e-4971-b219-80ab8fb14b96
311,a45693fa-97fc-4dbc-be7f-ea681c8c44e8
312,7cda24c8-fd9b-42c3-ad20-2c34a2d06681
313,030e9f65-f7cf-4e8f-86c9-e709f88f0f21
314,4de331ac-b9b3-4f60-8ed8-095c9562524e
315,daee02c6-868a-4044-a77c-bd1b8666ef12
316,3cfcd814-4eec-4af1-bbf9-fac5df239f0b
317,ffc23254-bb03-431d-b6fa-1009b1abf021
318,bd095f54-6779-4ab3-a981-03e845e265f7
319,35a6d062-8409-46f7-a4a8-b297094997ab
320,0448ef49-9430-4bda-8ad8-3bc8a810ce2d
321,157e195e-5f1c-48ae-8fed-ecf689d49c72
322,3d6d8318-3862-4ce4-92a5-4ee5e6199a50
323,84a5f1f5-7862-4d06-9da0-b123daa68be8
324,a0c5f56e-a09d-4ede-a56e-cb64fd5126ce
325,32456146-6536-4175-a62f-4b7b21ae66f0
326,c141b9cb-d850-443b-b235-a2b53e372807
327,d70ed78d-a159-421e-9c1c-00345b631383
328,8e1b3b75-57c1-40f8-aea7-94879171b82e
329,f351668b-b2f1-46e2-9c6f-95bcffc1b487
330,f27c1119-e3b5-468f-bff4-eaa88122f132
331,e12fee2a-decf-4bfe-82e1-dcb5603185c0
332,6e987de0-5735-4fc7-a4dd-89c5429e6f2e
333,2e9dc25b-5380-49a6-b218-5cf16cebe7a5
334,724094e4-ac14-4954-a77c-3b6518c9bc45
335,ff6c3e0b-07cc-419b-9af0-80fd77e2e13c
336,e4925c66-7cb4-47d4-8967-f42f36605fbb
337,3d27196c-c4d5-421f-92c8-543b8d8778a5
338,6520b668-251b-42ac-b255-aa129d583752
339,d51168c6-9896-4cb6-b784-964e11f09011
340,866024b1-3d5f-4aa4-a3a7-6c4801af5924
341,be360444-db76-4a90-9311-044919911970
342,46cb5a5f-3da1-4a1b-bd38-cceb358f7a38
343,516fde54-bcbf-45b9-8373-2ebca4398626
344,4e0e907d-a19e-4e54-97cf-22b41c26aac3
345,71b6d7ea-ca9f-456c-bc31-1ceeff8c72a1
346,5e68dc59-aaef-4377-8c26-86d61989f894
347,f8204300-aea8-4f25-b84b-d458e3cb9211
348,f19997f6-a7be-484e-b10d-dc7be383f4ad
349,00a066ac-a159-4212-a025-89f06bb057fd
350,ccec0265-0240-4b9a-a2f7-4243583897bd
351,77723bae-aafa-44ba-9c0d-b6cff3e09319
352,e30d08a8-0704-4044-8521-4de2205f0306
353,d282a26c-04d7-4564-989e-e1829614ceaf
354,c8cd3ec0-1b41-416a-a224-de77d31a6641
355,0f662d16-4f98-40b9-b638-1a9e10459f1c
356,8d694416-8bd0-4f80-8546-e6d9d3a17f5e
357,b27377a7-bf54-4dbb-90d0-7b1797bf35c8
358,3606201a-148f-40da-a23e-081c3616d733
359,aeeb8f9c-f39a-4535-99ef-eaaa225753b8
360,be89da07-a745-40c0-97a9-253a1dbb8e89
361,55bfa835-b802-4b73-989f-782cd36d6440
362,5006bd2b-e8f5-4368-ad95-72f7476872a9
363,28c5dd30-a0b5-4456-921e-cb67a9c76933
364,dc749252-3f7b-49fb-9df2-c83c44206e62
365,a4b8af6a-288a-4cbc-b8ea-f513a72e0caf
366,be4dff0f-488c-4ac3-8758-e4887809b00a
367,fa7cc1ef-aa74-4034-be8e-a56325ec789b
368,f41e82fd-c3ad-4f3d-bca4-1818f21b5f10
369,38661751-4213-4db9-bdb2-6b3e6f659aad
370,cc14b8a7-2a3e-4ffa-84df-5362a0d52f60
371,ed8640a1-721a-42ee-9229-4acc15c95219
372,1c149510-e4a5-48d5-8008-89fc802866e2
373,b7b52c73-a5ee-4b9a-a28f-ac57316e34e1
374,131e4a53-e4a6-4a4f-bb45-42f95cb050b6
375,3c7e89f2-34dd-4c13-a692-754405613d5d
376,4185320d-b7d9-42d1-bba4-af5146c5d295
377,49f7ee17-a571-4c7a-8d4c-a6729f28c211
378,36677001-541d-4018-a997-7826aafe343f
379,789a8c7d-0a0e-4088-a106-02f86918886b
380,0d5b63ff-0e8e-4dd2-8636-ab4550560894
381,1b6d5350-0725-4c9f-9e13-1c36b3f2b65c
382,76857bef-9b6f-4e2e-83fd-c34ec199752f
383,05a0da22-2964-4449-ade0-f238fd348d79
384,8e7271f0-2a7b-48bc-be68-609b61959eb1
385,76b011d6-9718-45d3-86d6-d20a20a53788
386,f6776d84-2c02-45ae-a8e2-f668d70866ae
387,dce63e8f-755c-4888-8b09-e460cbf048ed
388,e2df050a-a026-48a5-87dd-db89468cf181
389,a2374193-540e-4fc8-81d4-9d4cfbbf54b3
390,ed4bed87-e0c7-4858-9ae5-de2cf5c9694a
391,61cdb6f7-6076-4d9d-92f7-e3b369666e96
392,f5c2d447-165c-447e-b7ba-54eaaaf0d67e
393,7c048e7e-69be-4f7e-a5f2-62efc125eb0c
394,4d77f361-6d9a-4d4b-8360-e3d3b9bc4bcb
395,0768ba9a-fdf4-4412-afee-c4b10c8d4984
396,e22c7fd9-f8c6-44a7-84e3-6522f062b839
397,9f8bc819-b824-4c68-9b44-feb2280c7dde
398,14aab5d0-59a2-447c-8ebc-e114340cc90f
399,2a4f20b1-b77c-4f64-9e05-321f91ca1767
400,837504d1-69fa-4c31-98c8-ea72f81729f6
401,ec3b982f-5844-4884-8602-085e1f041a33
402,c533a150-dcf9-4a38-aa29-ae8d1856d1fd
403,19db0b2e-06d8-45e5-a225-1b6f5709ac47
404,411f0b3d-6563-4641-b613-423db47073a2
405,d50d3aad-e38d-4d41-83d7-ad67bd92ade8
406,a983c551-744b-41d7-bdc4-393eed34da16
407,4836b95b-5bd6-4724-835f-9b5c32f15ca5
408,efdf28a9-fdde-41cd-8edc-43c5e68e968a
409,f95bdb70-ba76-480e-ba4a-6a95e6c489b0
410,24382433-e0b5-487c-95d5-e1949d1e38e8
411,7426e608-6321-45d8-8da5-a07acd8892af
412,4717e619-76a2-42f1-ac40-1a0ae3142de0
413,6d9dd36f-cdfa-43c2-966e-63b55bbdaa53
414,cb5a94fc-8ec7-48a5-b439-1f217e748132
415,fdfb1e7c-439b-4107-8e55-822e4bb30b44
416,eaff6c6a-ea9f-4dd9-887f-cc2f305df9fd
417,7c42a360-1c5d-4a8c-a6ad-d608e36d56a4
418,8f986541-e366-4b06-a7b4-dfa8d0cf3532
419,571d7d0b-c66a-491d-9f90-4c6dd25b5709
420,28091924-531e-4644-ac60-5b813426eb38
421,3901915e-de4a-4da2-be76-f7177c134a81
422,83dc3cee-fe8c-4a65-8efc-3e25779a0b69
423,d474ab6d-1faf-4c23-9d45-8047738a33d4
424,83641a90-7186-4708-a155-01d77f21241d
425,8621d423-da03-4163-aeca-f34d0f0d8800
426,3e2c3f59-5a33-4050-a718-da208484d06f
427,6134ebac-4af0-441d-844a-3a042ca67673
428,79919b67-6bde-4014-b856-b49f477e71c5
429,55d2eb8b-5f39-4431-a0cc-6d2d0d9f55f5
430,0cf3eb1d-bd47-4a3c-9c50-b1e7de986aa0
431,9f203348-cbe0-467b-90c7-f1b084ab0421
432,c6fa2338-2f7d-490d-b35b-5f643e955b83
433,19c30a6c-92b5-4a54-8ae9-70c1d0388622
434,aedcf802-4567-4b39-9a21-0415e9e891b7
435,02c4ed1b-4325-4b74-b06e-abf81cbd2d23
436,c81d1940-daa8-4a71-80da-0ab49d52afe6
437,1bb3402b-7f18-46aa-8e57-a6d49903b7d7
438,3ce4d89c-a1a5-49a1-97f9-9a3a64a091c2
439,5704cb4a-b5b3-4267-8fdb-fa6030dbd0af
440,b2fa5245-ee2f-4341-8a5c-709eed9293c9
441,d8648603-1507-4f57-815b-5b2647a28919
442,5662f179-ed58-4d09-a8ae-c624be618f2a
443,fcf579f0-393f-4afb-8dc7-aa26b49ff3bd
444,b694f6b5-a290-4ada-b702-d45cb535094e
445,958e54a8-51d0-420a-9d40-b8e7290d7c6d
446,bb6d298b-48b3-41e3-9377-9519bf9eedf7
447,f059494b-f508-4dc2-a9cd-d170fbb875b9
448,ca4ec148-7f6c-4e08-9a61-1c801ba223aa
449,41980693-f5d5-4b0e-8aa4-6e9ec4b58e2e
450,200d5631-3f63-4c9d-a5c9-78f0dda7bc58
451,f7674c8c-3b45-4a42-be63-e904f4e10019
452,d5c5e1f2-85d4-48a3-8f1a-f84b5e61a6c3
453,ceda09e9-93cc-4b40-ad32-52eea64d3862
454,22aeeb5e-acdf-41e5-bfbe-1d3ad70f02df
455,94060e1d-6c88-48ef-80c3-a3a4825d05b4
456,a4749ca8-d3db-4434-87e2-488246b46bcd
457,b611a119-164f-4856-81ef-76a9520f2753
458,61edeba0-0d54-4468-8cea-ff2a79b2093a
459,eaa5613d-7aa0-472d-a67c-d3d9c08f9087
460,c7028516-776c-411c-b320-f416b7404b74
461,dfd2ea55-c9e3-4e7e-9d61-56d5231cc114
462,b3dfd4ac-84bc-4f8a-b1a9-476fcfb20e7e
463,e36695e7-b5f1-4110-b9e3-e1a86019c05b
464,53058abd-d4c3-4e77-8b11-f3e045e2bbe3
465,460a5985-cdb8-4df0-84c4-f3753d26f490
466,2b060e41-b7b5-46a9-b7e1-95c023ef564f
467,ff406455-8a9e-481f-a720-3dcbd6844c56
468,cb375806-9371-4594-a406-799a9d27c5f0
469,0110c988-b1b0-4d9a-af0b-d1f95f0ada8a
470,f4d2427d-353c-4ef8-8ca6-4aaee72669fe
471,04914905-e063-4d70-9756-2e72f93a2fb4
472,cc6108ff-95bf-4fab-b13b-4fc1cceb0d53
473,7664c97e-1306-4653-b671-632fd174823d
474,8f920d74-3567-4e36-98c1-a558a81aa1c7
475,0e40266e-c071-4222-8e5c-d8383ce4d546
476,db87a1ec-0d62-4eb1-94d0-8ddfc636c27c
477,e94ba582-33ba-49f6-ab5c-3dc8785c2ce6
478,3784ffbd-3b94-463b-8473-d740468d6279
479,437d5568-a053-42fd-986a-3b9fcc13ccdc
480,f310dfc7-210e-4b01-a60e-95df008e827c
481,e33782fe-bed8-4504-ad49-5437c81304d1
482,227f1e63-2ca8-4773-a972-03085a5425ee
483,f5c56bae-6cd9-4b74-a3ef-cfb206ded54e
484,a1ea19c6-cab2-4a14-8591-55ed78d4f86f
485,90831f55-85c1-4d9a-a26f-568c647734aa
486,b9a1d69d-a94c-4ab2-bee7-36b937656c3c
487,6372f467-19ac-47ee-a8b2-1e0e894f89d6
488,416f93e3-86d7-41f7-b336-f91bd3c8c276
489,9faf5b16-1c7b-4ea3-8aa8-a7df09079a8c
490,38f389e4-96ff-4c55-8678-9273819da89e
491,5c9d0ddd-8fe5-4a8a-bfbd-c0fcdba35c15
492,add2e9e2-6129-4f67-b746-88eee81289da
493,4568115a-c527-4410-8e61-ebca0571e47f
494,735b9f1e-07b5-4439-8076-46a9a04cf89c
495,576cad8d-2101-4e8e-879b-78912c769193
496,0b453f83-e8f9-44e6-9524-06b4e1163cab
497,dd5a1186-91e0-4ff2-bbcd-028f1239c63e
498,ba352c12-ad1c-4f73-8d00-dfe1a64b1fbb
499,b2a751e6-74b9-4f11-9d28-f4d07a3aaa94
500,686a6a43-cd87-43c4-8380-744b02602cb8
501,306278ab-7817-4b2a-ba84-157dd1bb49b7
502,15e85ac8-8154-4cf2-9f96-67add189cc80
503,c31c554f-e587-43b6-a0bd-fd0846b32bc7
504,a6c4e7d5-59af-4b2b-a7f4-a290692da81a
505,cdffb5f1-7335-4f65-afce-ea09aafe06d0
506,789e8848-9d14-457e-8a43-e62c93339a40
507,63aed016-c02a-4791-b73e-581f9defe9ff
508,bf08152f-9299-4b9f-a487-4243de8de7a7
509,ae116060-91cf-4956-a969-f230daa798b0
510,f42d4b95-e290-4969-a950-3a7ece8ff5de
511,8ca53f3d-602f-4a76-afc4-f52569a25d5d
512,292fd2cc-b68c-4347-b7e2-d682942a24bc
513,f152df14-71ac-486d-afd3-5cbc8ea651c3
514,88200341-fb9d-4157-bccc-0f283d080bfa
515,851263bb-fda1-460e-bd9b-4852fe023ce1
516,f21404a2-afe0-4ddd-8e7e-7c4179e3c261
517,3ed482e1-90b8-49d9-b109-1e80b9861a43
518,c1d281ae-d20c-40cd-a472-7c9b61e10e4b
519,6340822d-8ce3-4b99-9899-ca730b459ee6
520,fd38f964-cfb9-4ccf-8114-f28f59d1c6f9
521,fa22829d-bd87-4c21-bcaf-30574ee48129
522,62601b45-c7df-4990-a944-9a82805aca9f
523,2374df6c-d07b-4556-aeb0-347f35e72423
524,35cb0bfe-87fa-43cc-9401-d380a44e7883
525,058fcdf8-dbfe-4142-98ca-970827224a82
526,04188fa7-424b-4ce8-99a1-b28e572d9d09
527,0ebae185-c8a3-409b-914f-c560a97c7041
528,87d116b3-0dd8-4de4-a16a-5ae18fa42216
529,ba9cb62a-52dd-4bb1-a1cb-7856a3f9339a
530,09807f6f-e1ac-43c5-b673-633711dd48ac
531,6bbaf96b-f55d-4ab7-bfdd-2ba0b02552ab
532,45430b0e-c272-4025-b09a-20f97ff410da
533,8a31119f-a23a-4870-9722-d13461ada7d8
534,df01b6f3-3d4a-4f84-80b8-c9cc52219718
535,8a15c70e-e75b-4430-b41c-c104bdd681ad
536,4c3b62bb-a229-4742-b577-6b7e834a3087
537,15391210-2d0b-4a05-9092-9b51246528d5
538,c943125b-f6f6-40c7-9267-7f7542c52469
539,dd206fe9-763c-4679-91ed-fca650c3c082
540,495cbdfe-b60c-4b9f-abd8-92e94cf760e6
541,45643269-3517-487c-958c-70f6c240a0b0
542,8e1d1c87-92fc-49b3-b6fb-4f5bd5e77488
543,919f6587-aff3-411f-9261-637ec87d7b4f
544,b5f0f394-e3d6-4edb-a6c8-27ac8b056a64
545,3c9bad39-11f3-4f28-ac0a-e51c6cb99941
546,d5220c9c-8e65-4daf-8d2a-f53d845fc1ae
547,f3469fc6-0e95-40d4-ac1b-6b59b7618d95
548,2f5e27bb-a6b6-43fd-b8ff-8292bfdf48e5
549,ae2029ef-fc72-4026-a915-571fb6baed86
550,9c2c9863-1c06-4ad8-86c1-ca54c063fc47
551,55c08845-c25c-416c-9b3f-29a3311f1cf7
552,33979454-843a-4866-9393-3b0373ad7d80
553,1cbf986b-b860-49d2-8358-1ab7fb8a14f5
554,60481a7e-4d02-445f-af25-dbab9dd04264
555,dffe0807-cc95-463b-9b8d-ac6b626fdf39
556,9c43f579-6feb-45ae-880a-27b5ad031d60
557,73cb3c23-0ac7-459a-aabb-530cf249b4d8
558,df6774a7-06b3-49d3-9fe5-be759a1e3ba1
559,c5c91350-31be-4d08-8963-d218f852ddb6
560,6b0f9d2d-1f21-4100-a737-44246db7daf2
561,9c206d44-c016-47e6-9908-837a99d0c788
562,c14bd0ba-b89e-49c9-b4a1-eb0da947c0ee
563,8ae20947-9c38-4733-bfe9-c167e967606c
564,0186944c-d67d-4dd3-971c-c48062ab13ca
565,27ebb6c1-8d09-4c1b-94e2-77d77eb9a79f
566,f3ebe066-6d91-4be7-8538-fa2508e42f61
567,c0447639-3714-4fd7-baf3-cb7f8f94ef2f
568,a29a9768-d7cd-4b38-b71d-499f325c5942
569,3e18cd34-950b-49e5-b509-dcda0d523f61
570,2e335056-b251-4b77-8198-ac784585b6c7
571,0e98d098-b1c7-46ae-9fa1-ca78f7a0d45c
572,47817286-593c-4f53-b5ab-90a381bb8f1a
573,11111067-9c8a-422b-8aa3-78f3f46f8267
574,9d08ee84-235b-4711-a361-aa71d6fbb0ab
575,5399de56-acbb-4144-b342-adbd14c4dd40
576,4105355a-222c-454a-b2d7-1c0a06bb2d94
577,fde91c2b-e4b1-424c-b1a9-07beef3e114f
578,508758c3-8710-4cb0-937c-102fad4e0b30
579,ce64a7b8-5505-4ae2-ab88-45c482daf357
580,54ab0ab3-055e-461e-9530-651507082f79
581,173e6e02-765f-49be-b82d-b7e0ea3d0a51
582,d816f668-4327-4f55-b340-d4ac20091705
583,ac45a7d0-e96a-4b80-8e07-5df3f62919c6
584,13ce2a36-4be5-4d91-93db-f44a052250ea
585,1a0716bd-7df5-4ed1-8b45-d29830d70af6
586,1e9b0e50-9e48-45fd-acde-4c610427be15
587,1458ffea-391c-4587-a0c4-a067895ec1bb
588,70f9010a-4e24-4354-8850-38a875651d41
589,55238ced-1efc-4347-b94d-7721e16a15fd
590,852a9184-62b4-44d5-8f56-d3f8cb00a358
591,56dc9e15-5027-4833-ae79-70ea94c20834
592,c5f2cf94-5e57-4c73-abf1-9c957e18b6a2
593,603b42b9-8847-42cf-94c7-fbaee141cf7a
594,c10772e5-b3ea-477d-8031-765a2fd7afea
595,98eecdfb-a2ef-4d96-a69b-5c511667da33
596,bca27022-ad7f-4cda-96c1-947978757d4a
597,deeca402-694a-4f99-8853-b031d1c493d9
598,d720c466-cb4e-4dc7-bb22-d1b85b22e8a7
599,e9fedc25-18e1-4c97-b668-64d18b68c369
600,dd3bccad-239d-4b77-b8b4-64107fc7cc43
601,7247763a-d6cb-406c-86fd-703c854a626f
602,78cf0097-c6b8-49ee-8b21-569737968851
603,62347aa7-654c-4f5f-aae9-aab93b6dcde9
604,3334d3fb-0feb-48c0-8347-103bd4ba287d
605,618a5f57-c2f5-4f0c-9151-a506873e3743
606,ffd924ea-19e9-484f-833b-5a7587cb5fb2
607,4ae99cd7-b8e0-4793-baaf-60370eceba62
608,824296b2-8533-4044-bffc-ed9f1e5b200d
609,254e7bae-3629-4e33-b3ea-ebac29f215a6
610,71302d43-136c-4310-b326-f150cdc4a546
611,0e2a6f11-ed71-4f72-ace1-8e759e2649b0
612,96d01d1a-54a0-499d-b4d5-403b3c64cc1f
613,6c60f4dc-6843-4810-9f16-a8d9d9ba8b29
614,fac1d4bb-5360-4545-aa7a-d488fc05287a
615,81e31262-662e-416c-bd9a-a56d5e37a8f3
616,e538080f-b3f4-48f9-96a5-a7fd73446343
617,54e37328-53b5-4352-b905-bb85bba3547a
618,b2131bc9-c10e-4f0e-8be5-76f3deae72ca
619,896ea315-8fd8-4f7b-a843-517fb6e4b358
620,0aa2c2c0-d8c6-49b8-90e7-848446154315
621,ee68f874-dbcb-41d6-8c95-fc95fef01cef
622,f8c62bbe-0495-412c-a0ac-8d116ebb2f7d
623,7407c039-a6a1-434e-9261-f4b301b55e5f
624,12c25f07-ec18-48f7-a121-5fa957ed3754
625,08542965-9142-481b-b5f4-823c2d7b258b
626,73b6fef2-9b9b-4488-946c-98ce3040c11c
627,df35f7c6-639b-4f4b-b49d-0af8637f2126
628,af0f0aec-edf1-43f1-ab40-b643aa42089e
629,f30d7efd-56c9-4908-94a7-1255b94e97b5
630,580f03e6-a0d5-4a3e-b34c-c16c923c30b3
631,c785fc72-b349-485b-b772-d22b447803b1
632,c263af04-02af-432a-9bc2-ea958f484922
633,fcefb069-fdf3-4228-9858-fb18fc3eb3bb
634,d5cb4ff4-c487-4e3c-a75b-d344a2766bb8
635,a71df11f-1735-4af1-8386-f78c00179ff6
636,91f5a0cc-e8ff-4d4a-be34-946133444951
637,ad7ef1d6-6fdc-4ccc-9b8d-7d34254ccaf7
638,fa918511-43d5-4aba-b103-dd587c644136
639,00fc8b7e-8ce9-4050-adef-180d7a0206e7
640,39bdf1dd-12ab-44a3-831c-17ee0d02cbc0
641,bb1373c0-9ab9-4be7-8fa4-f67437f779d0
642,924b0688-ed92-48fe-b014-15436910248c
643,b61b0d52-d747-4718-aeb3-1e063e22a19a
644,23e13d27-2a34-4e74-8296-13dca9f5df9c
645,450edf2c-0e65-43b7-b558-58a4b3917b6a
646,843e743d-3e51-4b05-a7ed-2a800bc6ac28
647,5b63e406-f7cc-43e1-8cdb-4c3859754bb5
648,888a2acb-4cb6-48e6-b32b-7885fb8d5efa
649,7a1c6f37-5414-4927-98cd-20c98dee8f76
650,9649b37f-a427-4c7b-9a15-d9b64adbef1c
651,8d27b00f-99ab-49d7-a7b2-ee79035ddb1b
652,748ce951-a02f-4e86-92fb-0adddc85a46b
653,f4dffed3-2334-417c-9654-0b41d0d66cf2
654,f868705f-d3f7-46f1-974c-13d6a1cfc617
655,9c294bc8-cec4-492c-9cb2-94285792ff20
656,16709e0d-f92c-49da-965c-5b2f526aa505
657,7c09c948-c28a-4a24-9138-7765e501ca7d
658,e9a73fea-ec50-4e42-86f0-e7b2de971797
659,406cab9f-7cac-45a1-99ed-21b1ba39774d
660,cc1127f2-783e-4585-ac5a-aeee7fcc86bb
661,3e333f07-eb36-4671-95ff-7a98a8241544
662,ffa145e6-c2bd-4bc7-ae6c-c32cf302ee5a
663,95b90516-68af-4155-9aea-873a3391a5b6
664,fa72e3b2-8339-454f-8af3-ee2d5bd53d16
665,4e58163e-027c-4ca3-9936-799e67a10b18
666,b7ddf44c-8448-44c5-8b8b-0cc22bdd544e
667,a6033c79-3c1e-4c95-8c4e-fbeb7b6948e6
668,cc6444d3-e405-4ce5-9150-cbc8d54cbf09
669,2ec257ce-0ecd-4d28-8f21-17965f3ed54d
670,51df1131-e5b3-4e52-b84a-d8a384e94e92
671,e6405fef-dd0f-4539-b662-ee2e9202cc1d
672,2eacde25-ae8e-43cf-bdf5-812058bc533e
673,957e3b1c-c4be-4cee-83cc-7e894d0708aa
674,cfb33d9c-2348-4f9a-94e2-9ad6c82ce3fe
675,d13de3e1-7c58-44ee-8d8c-5aefcc016fdf
676,7b4c344c-bee6-48e5-b554-489b8110b28b
677,ee9a2829-9e2b-4213-87eb-f7fbbfa05884
678,b562c60c-b344-4e32-a48c-ccbf196dba3f
679,c0f91b02-8ff8-4a33-8fd4-75055b65bd2f
680,9a07d70d-e432-4fc5-8ddc-defee04d6ca4
681,ed856924-d8b0-4625-a617-28afbc826ad7
682,d0137937-1435-4f1b-9a9a-27a2a2792ce1
683,3a7f98d7-a436-46e8-9ff5-0e749cc5c18e
684,f4a36f46-d627-4e11-a917-d6be052850c0
685,f55b7c60-7d9c-4833-997e-d2a1ea5b4491
686,5f06abbc-2498-465a-b24a-56b8a85a3877
687,1dad3b7f-7174-4349-8e3d-9bc84fce01ba
688,d2451785-9915-412f-84ff-c8b2d82b5f8d
689,dce82494-ab7e-4a63-b798-7c92058bd7cf
690,6f9cc0d4-0a4c-4ede-961b-ae007839d163
691,2462540e-84b2-4d8f-84df-953e9902e5f3
692,3f9e9d39-3d6a-4b4c-89bc-21c51896c504
693,f61d3dff-ecd4-4c82-bc67-6cb0fb5c90bb
694,bfeba78b-ba1c-4799-a3ad-1472c15e5508
695,91011f0f-daf3-4987-8854-b6ef04bcff94
696,e321c4d3-03d7-4355-9a10-0af6a1e28bd7
697,54c197e0-ebdb-4485-92b4-ad7d020a3caf
698,79a8e504-f3f6-49fb-ad10-3137456d00fc
699,c50a9af3-8c3f-40ca-9d33-a7858f8645eb
700,d74fd2a5-440a-415b-8e51-6ea9d215ad61
701,e7153bd6-f60d-469c-b13d-de336633ff06
702,42f0c7d2-a300-4953-aeea-bfa7ef512daa
703,6b4640f4-7118-496a-bfd7-92885ae76c50
704,9a170ff3-7d8d-438e-82b4-f45615d355ed
705,569630fb-0c1f-4e8d-841a-ee68fe2dfbc9
706,da6fffc9-e410-425a-91a8-f143b868c2d8
707,f985e044-2b9d-4763-8909-91e2c36ac9f6
708,52e61e3e-13f3-47a1-b816-57062cb2bc0e
709,74b740b2-4c73-4d29-9966-563c79d81d1a
710,0a052d91-7321-4ca4-9705-15a4b911b6f4
711,0275dedb-00aa-4e62-a240-45add51871ef
712,7acd1a24-26db-4540-a56b-392012ee5103
713,2e334e29-8058-4913-9d9a-11ef5e6d26f0
714,b0f14b8f-6290-4eb3-bddb-8c3f2a44f70b
715,c5a716e8-e377-427d-8505-eaaee136605c
716,ae448e5c-4ba7-498e-a3e9-861b57fb50f5
717,4003b922-0a6e-4dc7-a9bd-0d5c45ce92db
718,2ee96967-8825-4c36-952a-4c0802cc7064
719,dbdae967-73f0-4e97-b011-ec3764b656d6
720,b8875ee7-06a5-41dd-9b97-807fa2ad279a
721,61d9582b-64be-494c-9158-5ab8915e8f17
722,f2ea4fd0-abc3-44d2-8918-f048ae9affaa
723,81ce9272-69fd-4d93-ad1a-177ab186417d
724,597d8315-5243-487f-8f34-25851e7b8906
725,72d78219-f68c-4320-a445-8125916139b8
726,15230a4a-fb63-4d20-a2b0-0db1b7645ccb
727,a9b00f87-069a-40a2-b281-9b9c09675726
728,ad87bc60-b7ca-4487-aa98-047b2f3bcb47
729,81f032cb-e28d-4d1c-b1a8-6ca32e539073
730,dea542f6-d9d0-47d7-b5b7-eba9ed67de7b
731,55715185-6d76-49e7-b2a0-37ced31ee1f0
732,2f4a9bd5-2755-4f69-acdc-ac0cc2645982
733,06caf0b7-ccfb-42fb-8de7-0cd196ac749e
734,2a87fa17-132d-44df-baa2-0b1ae24db4ab
735,540232b8-e031-406b-ba1a-3c513f3a2830
736,687457fa-d77d-4d45-bfe0-fb31240c5907
737,790bcf08-fdeb-4366-bcfe-3b8afa0fd573
738,71682fd8-7649-4ccc-9091-d9b2347468dc
739,2be89c83-c63e-43fb-825f-6b520cded483
740,9b3a9bab-27d2-4196-8a89-aaa1640d6821
741,9621d66d-e295-4a2c-ba4b-37c2adfe5350
742,054565d4-4012-49a2-bc7a-135b4fa0a577
743,dc1266e8-8605-4f2e-8756-514fe6e115bb
744,d5e4435f-9e3d-4936-ba8a-e1d4c0e0b23f
745,59716d16-fade-47b0-bdd8-e8c2e8b626c5
746,4b89fd7b-8c5a-45b4-92d6-92848b4d5691
747,8c605ee1-451b-4a9d-858d-b410382ea51c
748,531a90ff-14c7-40dd-bbe9-0a42ddc944be
749,9ae20a28-83c7-49e4-a0bd-086abc5e71a1
750,c251abc2-e085-40ac-8d5b-99f65c059573
751,6fa9ffdb-0f76-45ce-aaaa-82f75d0aa40e
752,29a1369a-d660-4cdb-980a-e60c5d514ded
753,58a301ee-a03a-4179-b8fb-e3a74c48ca1b
754,599dec2a-7a71-4e56-89f9-05fbd0609c7e
755,fdd531af-7950-4575-bb8c-5dbd82c10f0c
756,be54f6a0-3df2-4c56-bdcc-e394dd729f32
757,dd66311a-e397-4398-9a43-bceed7685888
758,141f53ef-85e1-4405-9577-1b259e6887d4
759,6a9bc632-8e43-4e17-83fa-b6aa853bea5b
760,6fd830dd-08e4-4672-985b-5d3e540f8393
761,78accfe4-ce42-4804-b478-011872ab5e22
762,ddd3885f-b5f3-4743-93ea-5c4ee10df4bb
763,9ff64f5a-9e31-4d0a-b7f2-22e4ae10b604
764,9348643d-f5c8-4ec2-ae1c-13b9613797c4
765,3546de1c-9242-4df3-bd74-658281a3a715
766,bfff1b78-93a2-49bc-b739-e437628773ff
767,3583a5da-304d-4a01-80fc-9b356953e233
768,0ca986a2-e325-482f-9df6-d56a46b5d4f3
769,fa7e6e9e-f3fd-447f-890c-f57d86d74f0e
770,4c88773a-af0e-4d72-9a88-ed01fcd6a42c
771,8bd07ff6-4819-418c-9a20-c8992c1064b9
772,02224f89-14dd-4a1f-82a1-6a1fb4e8b273
773,df734c72-0c65-49cd-928b-47e95fc9bb06
774,efb0dffe-ccf1-4e30-800c-a8f3756d1b7c
775,68d8d36a-3be7-4e43-be6c-b9a454225962
776,6afe03aa-b62b-4baa-84b8-1d0d8fcb5f1c
777,fc8a7758-1e44-4122-86e7-0604826e7629
778,a8a5e10d-8037-4d60-9dea-86eeeb6bed51
779,f816f201-f3ab-4f1b-81ab-2b4f92139175
780,1fce2956-21db-4975-bf4f-3beeaadc9922
781,7b4d1fb1-de93-423b-bbfd-8bb68731945b
782,417ac186-de9e-450d-aa3d-a2216188e6db
783,652658c8-db7a-4c1b-bba8-5833d71557b7
784,af1de1c6-ee5c-4b78-bd32-c481ff883d44
785,adc52519-1def-4b89-9e6e-fd13da51dd94
786,129ef536-f6cd-4236-8057-20a71cf5ab94
787,bb0fce22-3195-4a1f-a90a-96bb14e03304
788,5e4d4dad-b59c-47e5-9768-431c7c40fe5f
789,dc411401-1199-4d78-a074-9dce2f5fd763
790,4a80e9cd-fd7e-4125-adb5-7a327c9a8bfb
791,4a828859-412a-4e3a-bcde-0ca54a7b238e
792,b677cddc-55dd-4221-9138-edc599d4327a
793,b8e39d83-af50-43ed-b50a-da61b6f27660
794,1b5fb1b4-f6ef-4811-9b79-fd92e7e79f68
795,609c0659-bcd4-49bc-915d-d7d5806a1952
796,28a5c945-a59d-4146-82e6-dad03c4874c9
797,a4997c28-c2a5-4a69-8cc3-f378a7198a62
798,4ef23b83-1b48-4f2c-9740-ada667026b8b
799,f42fbd4e-ff49-44c1-b7ab-e979fc6e556c
800,08b3df7f-29b8-4a23-a536-7081950481e4
801,530049fa-25fa-4fdb-9713-6de28ea7fb3b
802,b07eae46-c809-4937-973f-77a8ced189a4
803,8f96bb3f-35b5-4c2b-bbef-799ed78f8422
804,f9d5b863-ba3e-4196-8108-fb6260f8e775
805,b9b7b33f-dbef-4b67-888d-60cb2745e3ea
806,28d5fd3b-081b-4f44-a77b-7142b886eb84
807,54e6c3c5-6ef8-4e97-9d92-0b1ba12aaeb9
808,b3fdbb15-5bf2-4924-b084-545c7e937942
809,472b3a99-3f4d-4350-9cd2-e508e333bdc9
810,61bd86d3-b7c3-4f3f-928b-9355553405ea
811,8576f9a4-3cf9-4934-ba2a-f293d52b1477
812,606ecb86-a876-4ec1-90ad-de7d4850d097
813,0076cc00-d588-4c9e-b757-3bf2781ab645
814,1556c72d-f2c5-4d61-bf6d-6ebfb18e0531
815,69b9820a-994d-48a2-a12a-e3d744c37214
816,a635005e-d92f-4c7f-892d-cba76b630416
817,80ff62d1-902a-4456-a49b-d525fd8e1a4f
818,b2202628-eb4a-4528-9a01-ca7e7fd77814
819,beef47ce-d2f0-48ef-9b6b-a063668f2c78
820,ddb3c9b0-f235-463a-af0b-8fe6580939e6
821,c95d4290-f7e3-4134-b61e-c1153f37f417
822,de9cafd0-7d20-4f76-919d-a421bd1e013d
823,f78f9c83-a497-42db-9ced-475cda36ad95
824,3e8988eb-2f4a-45ac-8561-2485ade69b6e
825,a55dea63-0a77-40ea-85d5-5940d33f9209
826,5fe9479e-3863-49ee-8727-7c0c7d68b912
827,6b339317-5cca-4751-b070-5607e3f29cea
828,f54ff16a-0cee-40bb-971a-50cb2a7a246b
829,bc02a690-4e87-4fe4-b419-62f63da037fa
830,96bd232e-be4b-4e96-95c4-775b8c645626
831,756b30c1-9289-4db6-94dd-875619f2862b
832,12cd2fdf-6836-4528-b80d-06c717055f0d
833,6a37a3fc-9f7e-4ea8-a65e-72226daf8855
834,1bea6f70-7338-4161-8add-6d0b0a5472b8
835,3fbed202-92aa-4372-9463-90c99a5d34e0
836,0d404ba6-cfbd-4d56-b338-8fe4aac6556d
837,5ac9312a-74ee-42fc-882a-9e47b0651f04
838,0262d0c7-d450-44f9-a540-3863d0a969b8
839,89b486c8-2aa6-48db-ba5e-877d51e30c7f
840,df8cb86f-643c-4e13-8233-4a8db56306ae
841,05dc55c1-9572-4835-8d4c-6c4943148cf5
842,a6c6e5a8-f329-42d0-9a05-5166c00d4de3
843,79542273-bfc4-41eb-8722-429ad9d2eb22
844,297ee988-54c0-41a6-ab2f-18dd338aa41e
845,c9d591ce-7606-42fe-bca1-221dac282937
846,3601d197-1118-4690-9f45-0a9537dcb6c2
847,a365e77f-b95f-4f2d-a8ab-aceaa446538b
848,41e1e813-ace8-4de8-8d5f-dbb252c15359
849,7e6631fc-572d-478b-b34c-4944fa6c7640
850,1c1e6e76-b3fd-4dde-9dd8-a253163e7509
851,86f537ca-f144-42bb-a253-e7871d4c6da0
852,55d79687-60be-442b-b3ac-723093090f54
853,964ab007-ddd7-4e4c-b4d5-63fe8a6180cd
854,ddb7cd44-5e45-457d-877d-e2f6b942959d
855,4cbab3dc-1ac7-4264-9a9f-25d00fd16e6b
856,c1279385-8ba7-4f51-a7eb-84ed001691a3
857,c377c16c-e661-4406-b28b-3c482e1f718c
858,9a2372c7-3c27-4d7d-bb98-ae4ef307d085
859,a95e7f29-d5a2-4731-b800-e67791a36de3
860,7d8520b1-82cb-4cee-8804-311c303f722e
861,cd013ba5-308f-40cd-b06a-77806b0ee332
862,85c5558d-e452-4506-b699-b328e67c15ae
863,15f8082a-dd69-4d31-862b-1822cbc222a1
864,041cf7d4-2694-4d00-adca-e1767d7f5c0e
865,dabfd8e4-57b3-40a3-a66c-6c57020417ac
866,3cca799f-226a-4444-b202-32022bf71791
867,27e6f256-cdce-4b01-a5e8-673d5c345813
868,4a2ed9d9-29c0-45b8-8dc8-217c159797f1
869,d5a3ff0d-5068-4273-8690-472b4eb85438
870,399514b3-0b91-4cd4-a474-4b09afd6bf66
871,8b305199-6500-4b6e-962e-063f67548bc3
872,cc719325-ca70-4615-ae29-ff1a4e4486fa
873,8a73c20b-47e3-4c76-8a74-293edd0aaffe
874,ea124e18-d2a8-44aa-b5df-50b7ce70ebe7
875,47bbea3f-177d-4d55-87ff-c40f732f7acf
876,2e330471-ea55-4f11-8387-7dbd309a41c9
877,20c64978-27af-4efa-89c4-419172b63d0b
878,1dafd3e0-5193-4eb3-8fa3-eb6156d27365
879,d873cc82-685b-4448-a120-5da355d6bc34
880,0b088de6-08c4-4e7e-921b-4c0fcf016810
881,7c755f12-d123-4b6c-bc4b-6ad55306a93a
882,642e7ac3-1094-4a33-babf-9db381021d43
883,c45c8fd5-e1a9-47c0-8a36-dd4cde824ef1
884,290d4256-1a7f-4ee1-a1b3-8646b76325f1
885,78d90477-8a74-421c-885e-802bb6fe5e37
886,84b37895-eccc-4535-a7b7-0803eb409d52
887,44e73dd3-9b7d-44f1-9d37-097db13aa33a
888,b3d5ab8c-8432-4881-bf73-d52cbb60e1c1
889,ff493ffe-3441-42e1-a324-c6e53384137e
890,c2107094-bb08-4001-ac19-32207e23f3cb
891,1e951e22-17c5-41c7-b97e-3c4a5b92704e
892,0effaa01-be2e-45e4-b6b7-e580067ab4de
893,83a848fb-e414-4491-abbf-2324122dc912
894,f566cca6-7082-4371-b5db-bc5c73b245ef
895,0f01a969-54c2-48f9-afbe-ba251cd8340a
896,ac584a76-01d0-41f4-a9cb-43c4f4bca84a
897,e875be71-1926-4177-907f-e49a88238cc7
898,5b8f74eb-bbc0-46d3-bf98-f40f5ef4da8a
899,713285a8-647a-4e09-82ee-43557e04e36a
900,7a4af815-b009-4ae9-9802-f451225259c1
901,5776ef6f-d7f0-4bda-81a3-dc8681cb0f88
902,c3c1a0e2-0777-4629-8c1d-7a522fa67fac
903,94394b50-6791-43d3-8db3-376b838a4e8f
904,f1ac2441-b6a0-4485-81e2-def613e5ab15
905,f01b4c93-d95f-4b24-a61c-c48210ddf616
906,dc3c4451-7fa9-4f5d-901b-b12fd43d167c
907,af4dbc22-f225-486a-ad42-89fb340b04be
908,6b5452c3-3627-4ed1-b93d-78edf94bbe8a
909,60e52762-edc8-414a-9857-e819e7cbf7ec
910,3fffe5d4-e109-4e49-a893-feeb7186212c
911,b188fa5a-e9cf-49ac-bf3d-71f9e0625599
912,d581d0f4-1504-49fe-a98f-353c73dbfda3
913,db3c83f8-9869-4561-97ae-fdaaab6abbd1
914,c8b72918-0344-4614-b31d-6577a3092822
915,e73ab8ea-f83e-4c42-9c64-558e4dec3547
916,65ebc43f-d462-4d64-936c-b5d6e5f317d6
917,a6068902-57e7-4da9-a8dd-100d9892cacd
918,98fa622b-a699-4832-b8c4-332eb31b346d
919,2defa914-462f-4644-81a4-f2267d81524d
920,7bfa870f-45a5-4602-9b92-17632a9817ef
921,92079cfe-18a9-446b-bbaa-fd8d620dcb77
922,e64b601a-4183-4b4a-97a6-24328f51b3b5
923,f767396b-a72e-468a-b581-942ec3a1ef10
924,2be5925c-1ad7-4f94-956e-0a87649d90dc
925,5dc552b2-d25d-49df-a4ae-128a89bc852a
926,13997abb-f1b9-429f-9995-c59035bc3ecb
927,272270cc-176b-4d29-9240-3ff961fbc59a
928,30d87cac-1fed-45e5-a7d9-c8229ad521e7
929,fc591982-4561-4a5e-9750-217ed0f0d5cd
930,828a7dc8-6557-44e5-b890-aff9c792a557
931,4098d5f2-4429-422f-a4d7-257118d0bc9a
932,fad7b150-6c2b-424d-9fca-2bf0ec617dd2
933,ed90b293-f28f-4e00-b2a7-457ca2d66542
934,8905bad9-5441-4a62-a7ca-110372d4c43d
935,7b5f79f9-63e2-47df-963f-c4422aa8c725
936,9e29a529-2189-42d8-9382-8e68474976a6
937,a58d10c6-15ca-4532-91ce-82e0f8d9ea3a
938,7243ce4b-8418-4128-844c-d1762e3b73f1
939,1a23b4b4-e7bb-483c-a69f-8eb889caf198
940,ba52715c-ccd3-48b8-829c-4459b42eaad9
941,9884eb42-c01b-40b3-b1e0-95033d93a8cf
942,5e231422-3fb4-4ba0-9fc5-984a5a975f96
943,2c72f266-ccf0-4657-a49f-5876e80446ad
944,14d681c7-3b3e-4a0d-acef-c064999a5cd3
945,92996259-75c7-43f0-9d31-16962bbfee16
946,feab32dc-547e-4b4f-82f9-d6225f05ab25
947,a3ca5f6d-54b2-4d6a-b1be-d722c11ffc73
948,c3b34dd0-64c8-49c2-a683-062287651fb4
949,cec5b6ac-3c10-41d9-ab3e-00a0e95fb34f
950,22ef3557-9995-4f0b-91d4-803979e9f657
951,1cc7a993-42cf-4adf-aad8-6f9ab191b5a9
952,444cb528-9dcf-41d0-9f75-ac2fd97a7e4e
953,00924d70-dc6e-447f-b22c-79970e108377
954,0e86b1f4-77d4-4a82-a785-06646004a793
955,27c0039a-1bad-470e-ac2b-c15f77a038bd
956,63e186e6-848f-4d1c-9dab-7348628c22ad
957,7ff21cd1-a86f-45f6-ba21-7b2d86943fb8
958,2e067890-9546-4f9c-a1bb-9b442e0235fe
959,5a0682e3-508b-49ae-aec9-ca5cff9d5279
960,1ddd2a0a-eb75-49fc-8e82-9c4cc2e603d8
961,b2097a34-7648-47d1-acc4-3289b1b4ca05
962,53e64ff5-b071-4457-942c-70b8ef040ca2
963,e63efa72-8601-476d-bc33-9d44a74d5eae
964,4577ca32-d592-4a8b-b4fe-2038cacdce93
965,01264251-6f96-48b5-8f1e-b6b2382f9964
966,ca3883dc-8af4-4be6-9c62-5b74bc67054d
967,bb5ec96e-f3f1-46bd-9ca2-f923a3a54af3
968,a63ba442-e91e-4305-a1b4-e11156064780
969,653779ec-0df9-4710-aa10-6b9067ef21bc
970,5cea39cc-3339-4441-b263-71f3761d3aa6
971,09eeef73-a7e9-466c-913b-0f316c6b76e5
972,d06029d6-31db-408e-93c4-096bc680a45b
973,984934e3-7d4c-4ddd-9156-d3bd2d38f302
974,bfc16383-92d4-4d04-b9ec-6d1977f355cc
975,799a6395-91d3-47a1-b938-5e71e19f2e85
976,23582979-9a05-4fcb-9a5a-89faa4ada3e0
977,a1af9197-8779-4ca2-bdee-4cc2e2eb6c34
978,bf3e967e-e586-4415-a0bb-4691e244880c
979,5123c890-284e-4a5d-86b5-2c882e1ddac9
980,00604a83-605a-4b85-ad97-c38950e4fb97
981,edde476d-aced-4e49-a956-23e445246793
982,169edeef-32fc-4399-affb-d2bcd4547bdd
983,d8ae370f-cea5-4dcd-9604-bdb4306d85c5
984,1e5f7471-3de9-40a3-8b97-de89f8523351
985,73ce1f97-9e16-4577-8640-dd32833b270c
986,593cae51-85a7-4457-a6c0-fec63e8bdb1b
987,e3a5727c-ad7c-4c79-a6df-63b11c37f20c
988,aee5e79b-ad27-4198-9441-2982f6109fd5
989,80043b7f-663f-4a07-accd-00ad97ad8ecb
990,9d5dc013-acc5-494c-955a-3feea240239e
991,0b2f55bd-8773-4fca-bf18-051c39743422
992,cd1a5253-4f9c-4500-b673-bc49a234d9cf
993,09a98020-3292-4628-a486-7913ad4c6d6d
994,185e951f-46f7-45e0-9230-e4b93f0db9e3
995,98f641f4-db7c-443e-96b4-7ae42b64979d
996,61183885-8488-498d-90e5-2d0bc329257d
997,65f13d6d-ac38-4ce5-9260-fa153575968a
998,5b5576a0-389c-4299-a7b4-e6719b5bf20a
999,ed855477-ffa1-4bb6-8f9b-1d70296231ea
1000,e91dcfed-1d30-4df0-b5dc-49e45f6f4d98
1001,0e55d618-1fe0-4b8c-ad1d-d267342d250f
1002,a96fb986-e4de-46a6-a3a8-a879ceeb88b3
1003,ac8ef9c0-22ef-48dc-ad55-3d059e08e452
1004,11a73e87-ded6-4117-9608-d3befdb75f65
1005,f5d660af-dc63-4036-89bb-2bfa9159b534
1006,36a13ecf-b0ab-439f-969a-0d4c33e504c5
1007,832457df-e025-4b1f-a101-a7466e1fe79c
1008,7344b78c-bda1-4f43-bdf2-7790408fccd3
1009,38323b5a-d408-4261-8ae9-232965d2ae45
1010,1fa1b973-88c6-4c53-a807-cbbd9ac2a3a9
1011,8f637e0b-031b-4736-95a4-f77e687e99e1
1012,2eb37eb7-85c9-4da4-b895-933aee302d5f
1013,9a16312b-735d-418f-93a1-cde9fa78bc7b
1014,7170a42e-b32a-4b44-94a4-ad67687f760a
1015,603cd096-be79-4f13-aa42-969911aa5f4f
1016,b1ff8586-4137-4131-8621-bde7ce2ece7c
1017,e8e69280-306f-4947-ac44-fa0d7f89ad16
1018,136d5771-1568-47b4-9c2b-b0f663271360
1019,565fe08f-edee-4070-8961-3b540ea23368
1020,98fd2811-7169-4a1a-8c7e-116b63f4bce9
1021,7dd79d8b-47ac-44a4-898d-10213d799c8d
1022,1e8b64f0-caa5-4575-949f-92c2101e83df
1023,86e053f0-eb81-49fa-990d-431973851bf3
1024,afad9f31-a082-443f-bfbc-2d652c6852ce
1025,c644fb83-bae6-4a23-aeec-7277f49dc657
1026,5d7a6b05-4341-41a4-a243-a5c2d49a8173
1027,8816c2f3-1ca8-4808-89e2-8c837eba03c4
1028,3cf50dd6-3932-480e-80f0-1e69f3aa5876
1029,14c8aa49-df94-45e5-8592-030416bb6feb
1030,a88b1b9a-f4ea-4e95-8674-32fdf86e5e52
1031,f4b6666f-9f4c-4806-bb7e-63b6ade4693f
1032,07f5dcf0-e6f1-4f13-a1a6-f0638036d0be
1033,83a45c0b-072e-48e4-8254-1e60fdf5eb25
1034,81e55ffc-6ca1-4b5d-b7b0-a56034b3f0a9
1035,72018135-3f07-41d8-9302-76a262a9f5c7
1036,bf396495-a5db-4f99-8212-bb6c47a0807c
1037,cbeb24ff-8a5c-4c46-a6fd-077ceed069b8
1038,b15ba402-2f13-4872-a676-c178160613ce
1039,45fabcb1-bb37-4825-b985-50ea09c920d7
1040,b3bb2eba-cf68-4791-ac72-a06a63fc3168
1041,10975cb2-2b20-4259-88bf-025ab984ffb6
1042,fc125f42-6aa1-4f96-b5eb-d7d0af75c3b0
1043,d6e45459-47d2-4db5-a99f-fe29cd4e3a0d
1044,71ee8f71-c3e6-4904-8d06-3e1977e2a6bc
1045,e1ec161e-4c2e-429b-841d-d8840e00bd94
1046,12b006dc-9be8-46d1-b0b9-64cfe0a4fed4
1047,d8dda0d1-0986-40d6-b33a-dedc78e05fd1
1048,f5e6a0b2-8f97-4901-a1b2-18f8b7f9d118
1049,6d0126f5-3616-4c46-8ee5-cd9e9d870f65
1050,bf4a2657-054b-4be3-a07c-e13fcf8e4c88
1051,5652e4b2-3e2c-42b3-934a-6d524b41e214
1052,44b869de-43e9-4d42-ab47-c50dbc70a4b0
1053,9ce9ce2e-6db5-4c4e-ae3e-8a7aaeafad20
1054,a5dbd857-94af-4182-8d0a-c82e1b0482c0
1055,f7a6321f-1843-4368-a017-5e289af1e72f
1056,1d9a0fbf-dad4-48d7-9085-f564d24a716b
1057,ee996237-af72-4332-a8a9-14430bfb44db
1058,6f1102c2-38ad-4a9e-807e-e98e9abc1b1f
1059,dec563fc-e744-43f1-9b9e-f586b968d8d2
1060,0416fa20-1d01-48fd-81b6-564d58810d22
1061,ea706dbc-582f-4c8b-924c-ee51b35285e1
1062,03c8b700-1446-4b76-963b-613788a2b1d1
1063,984c3f6c-d32c-4506-9da8-d0f0b4948dcd
1064,3b4ff569-efb9-42e7-aecf-ee334713af1d
1065,aaecfcdd-aa3b-4343-9a92-14dcf45f7fce
1066,324ff315-17b6-41a4-b3d3-a860c10f1e63
1067,1df91e62-802e-47a0-8ae7-75cb014793f1
1068,8c652671-6637-44b4-9329-80c61bacfcfc
1069,05f541af-39fc-4d11-a848-ce44575ff2f0
1070,8975cfe2-7c79-42a1-ba05-bd22ca3763e5
1071,da1ccfd8-d7d1-45f3-8682-22129e32ee19
1072,98c24d94-5f80-4ebf-ac9a-96cb45b5697b
1073,f93bbf1e-d6ac-47d6-a796-380d44ff1c51
1074,f9a1fb7d-79ad-4111-ad19-0c569960a278
1075,69193762-ec64-4f6e-a2a3-59cfcd742038
1076,d16086ae-424d-4a97-b228-18bd3b51fdaa
1077,20fc9e1f-9422-4f71-aedd-9fef2bb6af8e
1078,2d2778ec-53f3-42dd-9b76-aa5fac81db59
1079,397f3369-3019-401d-8d04-b673672714e8
1080,016ae07f-56d1-4114-a158-51eae037d7fa
1081,072fe59f-b2ab-42e1-ab13-367d1bb65f2b
1082,692552e0-2ec8-4d12-9061-35a79dd31e7b
1083,38f4a4ae-d953-4879-8161-7fb2e97ef9df
1084,11366d7f-47af-4ebc-a1ae-36009fc74279
1085,b6ccd76e-742b-4670-8fc2-216128604df5
1086,820934b4-673a-45ae-916d-d82043666378
1087,de070e96-539f-414c-a634-e21eb0ce0aa6
1088,75fe037c-97d6-4c22-aaeb-f6f56bf6cc62
1089,b2df03c3-c8bb-48bb-a232-3bc61f94dfb4
1090,e02b7a5d-800f-4927-80aa-8c7189e411c8
1091,9e48ced9-f3d1-4367-b9c5-876b9ee57df2
1092,e7c184f1-182d-4a75-ac2a-66feaa8fa2f6
1093,96ce1b3a-b487-492b-bad9-dfffbe07e987
1094,202d564c-fd35-4e4e-a2e3-fab4d813884d
1095,c5564bb3-0a2d-4889-a0ab-73a059d74970
1096,aa7e9753-0ff9-4d5d-8616-a6cd7ce1d6a3
1097,a8141d17-de18-4d22-9040-5037cfa57ae2
1098,82c753e8-f246-42d3-9538-9d8b26c1523c
1099,643ebf73-56d5-4fcf-9c8e-f6c40d77dcb3
1100,b98d333b-2028-44cd-82f4-3727ec0daac6
1101,697cef3f-e53e-4fdd-986b-bee9533460ee
1102,5b86dc56-05f5-4ac9-9604-75f57d6c3885
1103,37bf957a-e6ad-454a-8080-8ba2d216a544
1104,a04ce0bd-f211-46bb-b746-db64e340085e
1105,62540c6d-153c-43d4-be80-a40c5d3715f2
1106,31c5d7d1-d600-4a8d-9f52-e110a6c89c33
1107,8b695a02-db34-4d70-a50b-286470384160
1108,93d001f5-d8ca-42a1-b72f-5d8e5d54e999
1109,e520b77d-80d4-4957-8596-bad921f8c9d0
1110,1351f2ce-0d17-4dd3-a7f5-b2ea36045b43
1111,4d5d1cc6-5fe8-4982-94cb-6c678c6bc7be
1112,569314b7-cbfc-4c05-8a4d-e605bcde49a1
1113,816ceda5-16e3-4d1c-a616-55e13f4ee7a0
1114,959288b8-db3b-46cd-81f3-e1684793b690
1115,bd03b676-2cc5-47e9-a2b2-bbef9630a557
1116,777141fb-ab9a-4b49-a480-5e656ff2140d
1117,b97c6c64-0804-4e32-ae06-b3b2dd0d6f71
1118,6120a5b8-f9f3-427a-a8d8-45bdcb659301
1119,4bcdfa41-42b7-4f11-a134-3207b669f338
1120,4151c742-a5a8-4766-9682-50623eea8130
1121,ff87bd2d-73bf-4b89-be9e-f00a18f63d9f
1122,e48b300d-81de-40ae-b25f-d34535cc8f2e
1123,44e49832-e75c-42d8-90aa-28306e6523a5
1124,51cabd69-37be-4117-8ee9-34a831a72c1a
1125,292f7b77-a311-49d3-a93b-f3fae403bba5
1126,18c20db8-1139-4749-81c0-8ce314ce0c38
1127,1e200b19-afa4-48b7-b434-9fc1305ff805
1128,139be63c-b320-4192-85ef-eb7cc6aacc85
1129,18c6830b-5c14-4b33-a18b-facaf31a1245
1130,ba05a426-c72c-4555-a989-8bf6f137396c
1131,d0c94349-237f-4e3a-9abf-62872e9948ee
1132,7270ed42-c8c8-4111-bcfc-68ce59be2ba7
1133,afff930f-771c-4c53-8457-28f92753dfa8
1134,13391e02-4716-4c78-9d3c-e4116e88cd3a
1135,86a30700-5e50-44a7-b693-01160ed48b07
1136,8ad56acd-4455-42a2-b726-dbddd4d62e2d
1137,6b82555e-aed9-41b0-8996-d78f04759690
1138,becd397b-5f0a-4501-8a22-70a7f64001a7
1139,279e12c8-1fca-47df-b7cc-0ee201958813
1140,96109080-3692-47c8-8af2-edb8e4ab9192
1141,6db1c08e-1660-4af5-9353-80a10c1972b4
1142,9df9a4ff-5c38-441a-862e-8437389eca7f
1143,2d10d8ac-8f76-48d7-92d6-e0977460ad6e
1144,c7e83e6d-cb1e-46a2-bfdf-2a771c4ff3cf
1145,b37e8345-4bea-49f0-992b-127f56432d52
1146,ced90753-4b42-4479-af3a-b6dfcae57f96
1147,fbf76161-29d7-425c-9523-77f5c052b9b9
1148,793c6dce-5ad2-47a8-88f4-04c0f1aee11f
1149,d671aaac-c268-413a-853c-4e7a83817378
1150,f04ab0a3-7bf9-4761-b347-6dba2c5238a8
1151,b5695381-d5bd-4de0-9bc3-5e92a63e6052
1152,bf3822c8-0b7b-450c-acf0-b6c8aeb62d40
1153,03ffe73f-41ea-4087-99e3-691e87565d15
1154,79da744b-d4cb-46b3-b280-82e9a25892f7
1155,fb06d9de-886a-4369-b1a9-15457048983c
1156,fbe0d466-b0d9-4f9e-a656-5282a4027b85
1157,d3ce5cf8-6c4a-4a27-8303-ba0f43c8ede4
1158,78387195-2ea4-4895-b920-e0242990fa71
1159,92e03816-27a5-47e9-b686-ad2065792622
1160,4def419a-47ff-4a6c-b528-4a949f198e7f
1161,f61f8b36-88a5-4e7f-a091-e8bf63bc84f7
1162,6d569b23-8f48-428f-bae6-7cd1bdab7cc8
1163,c43843c1-80d3-4a85-8349-958878c8633c
1164,81687624-b0f2-47f8-889c-8e71be6efaf3
1165,9727c3fa-75f7-42da-a87a-86ba6c004e77
1166,6937eda7-7073-4521-b8ba-fe3f4c628e07
1167,0026b58b-5605-4028-b21b-153441c81c53
1168,cc821302-c04d-4ccd-858f-32f1af3619fc
1169,f66a061f-a365-4f1c-b872-bc9825cafe32
1170,764c5a1f-ade7-4876-a122-70d9f37508f0
1171,6052e28a-93b4-499e-b0f1-867ec01603ea
1172,9701cd98-b023-449e-9e18-a207ab755c7a
1173,54adba1f-7852-4c3f-acd2-352f4aa8be1f
1174,d3e891ec-e0b8-42df-83fb-56efa9b2f2ea
1175,4cd76ffd-13c3-4b28-b2b2-d4ea9047f5d9
1176,167107a8-f83f-4650-b963-cb72c23dbcc4
1177,ad47c990-5c1b-472f-99d3-836c9c01489b
1178,6f5a3463-a88a-4118-925e-0eaad30193b5
1179,1cf294b0-30ee-4ef6-a86e-9e3271db3755
1180,f578caa6-aece-4296-9dff-49cb776e203b
1181,852f38e0-50f9-4aa4-8d82-33b7e583d1e7
1182,ff32c5c2-b8c6-41aa-828c-60a770de66e0
1183,58f90a3a-33ad-4f7d-8f13-3b03b3101594
1184,8fdda25d-c31d-4689-93eb-5ee3abf30d5e
1185,ca15e52a-39ab-496e-bce8-0e3bbd6b35c7
1186,775d0ff6-3254-4f94-af92-379ab164ff20
1187,6dc5c2de-8e80-4659-ad99-97a277ae55cb
1188,349baade-db0c-4cdb-a748-edfa6d5cd45b
1189,c6665415-d0b8-4651-9e0f-d22a63c32330
1190,51f0d029-76ff-4ffd-a408-c37b9931bee3
1191,687dbe3a-7c62-4901-a5b7-37fc4c55471b
1192,d50ca02d-2e7c-468a-87e3-d397d8f3b846
1193,cfd51d5e-11f6-4774-9dc4-00430a66735b
1194,9c9dcb8d-61c4-47ca-bd42-59cac0fa69b6
1195,afb31a92-c89f-4b9f-a23d-1caf54c00b50
1196,30452bd8-5ab6-4694-b699-38e8b4ecfdf2
1197,32c3e75f-dd66-403f-be50-8d9e26d84e84
1198,5d70fa93-11e7-41f6-8515-137a7dc2777e
1199,3b5d1135-1df8-4a75-8ac5-215196efb6f0
1200,4f4f7ea3-522b-45b3-ac2f-904e63986885
1201,80cc82a6-96df-4fb3-a9aa-84703529ccd8
1202,97e936a5-d74c-4a47-a176-e07e82a586da
1203,0ee55585-1bf2-4d42-b5a4-6c2ab0ec1d38
1204,e2ed17c6-c4ca-4dd3-92e3-088032586787
1205,e9ab9a81-f080-4d1b-b8c3-350092fc2df8
1206,da9a28c8-9cff-47a3-8d1c-5800e46e62a7
1207,ae20710b-99f2-490b-9e96-21ce60970581
1208,df7cb8e8-a60e-413a-9c87-9973379bc8c2
1209,0e8427ba-29e9-4e73-9f04-6d54eb1b6495
1210,edad25d3-0d05-4765-a16b-94be1da57dc7
1211,14ab7091-42e8-4433-be7b-55ce2ec45f75
1212,1fc0d227-fe9b-4069-8daa-1f5d3787c8fb
1213,bbdbecc9-2e4f-47bd-a9c3-575e672ec39f
1214,7b1d9757-2e10-4366-9e99-d82c21bb3e0c
1215,c70f5e0a-2507-4b42-94ac-bedac58479c4
1216,73db3dfd-e012-443a-a8ae-87213664c5b2
1217,47719bb6-c937-4f3e-a662-d883170bcf2e
1218,cb9f68e3-460b-4a24-ba6b-360a7b7db15c
1219,b23c41f8-826b-4716-8f69-9c2ba138f7f2
1220,95af58f6-502e-4d69-9b36-cab4ede3ad1e
1221,cf21f82e-8873-415f-9110-09df5833e214
1222,99d8c209-ffea-4ecc-906f-335ab4ecc7b7
1223,36aaea8e-aea6-4461-84bb-e3290a2d29b3
1224,eb60072e-0008-429d-9d50-ca3f3efdfcbf
1225,33f613ec-689d-4795-a02a-0a698d5ab866
1226,240be0a5-abc3-49ba-97ad-78f8dbba88b1
1227,bcd9e0c3-24cc-4476-9722-2319a812ca73
1228,9c5d6e77-6487-413b-a7ec-45503d5fc71b
1229,30846e97-d6cd-4326-bf26-4464709d38a3
1230,29c267c9-79df-4ad4-969c-bd5334e9c912
1231,b73421da-67fa-4687-b622-1c132cd0d5f0
1232,8accef5c-082d-4826-8175-a4c9ae8118d0
1233,a5cf8e6c-9520-4a37-a0c3-5210f9230090
1234,74cdccdf-6f8c-4b54-9e9b-9c1252182e0d
1235,c3212240-7533-4582-b23b-e8512adeb0fd
1236,2c5846d1-d0a8-47f2-aa9f-183546b2ca3a
1237,99e45a8a-1391-4768-a9cf-b733c72b5a07
1238,eb94cc3c-2377-4a16-b132-7cf98c105b19
1239,7aca0e95-8dc7-465d-afd9-cfb8d996544f
1240,e0494d51-6312-4a32-92a7-64b0601e6e1e
1241,20cc70d8-4fe2-443e-9656-0b4452cdfa55
1242,c5093839-05c0-4647-9a89-487d3c0e622b
1243,27870087-021e-4f38-a837-f4f77a21d58c
1244,f0b20218-b3da-49f6-939f-0b7bbe0896a6
1245,78f7cd4a-5ada-4759-8159-f3ff2346df01
1246,fa576baf-77e1-4720-9b9c-057e9f2072a1
1247,6ddb19b0-5b56-408d-9b6a-b09fd54a8b2d
1248,4c25edab-badc-4a27-a7ec-47af2dd6de79
1249,0b596405-ae28-4af2-a1b0-211d4cce9afa
1250,dcb68f56-fb88-491a-9295-8464da2e8af6
1251,e808d1b7-6281-4daa-9f77-a2cbc5563eee
1252,2ba03630-c28a-4ef8-90d5-d86f3bb01533
1253,6ede8eb7-8751-4b9a-97a7-67bf5d52d194
1254,d01878f3-390d-484a-977b-bd773e64c9f1
1255,84109a19-8b83-4754-a5c0-bbb54f12fef4
1256,e654a124-e290-4003-a823-88d7c7b130bd
1257,ef46cb1b-317f-4982-9bdd-6364b03900b5
1258,6d3d50a8-1900-4668-8997-6319c0f71737
1259,cf84e8a1-1328-46ab-a158-22055f26375e
1260,43d12548-11ec-4cbe-9d45-b8640f28ffd3
1261,d370f035-3050-4af4-b8a4-e02b1245bb20
1262,c5838c53-e703-434a-9555-a643e7f1297e
1263,e9d64705-54a3-4480-9aeb-0780de45426b
1264,bbc130c0-e685-4a6c-a46f-ea2a93dd223a
1265,2ed96801-6d7b-48a4-9fb6-4082c1c4fd10
1266,aec23f69-49ca-40de-a5b1-719473e96090
1267,7b6cb8f6-398b-4b71-b871-ea20a22e1b69
1268,5c3a866b-4013-4479-8c07-28571ae5b199
1269,032778c3-669e-4a35-a93a-fa783272598b
1270,a51684dd-55d0-494c-baf7-b3437ada490c
1271,85e8ed28-a37d-4eb5-9c57-8b2970198bde
1272,17bb1625-0516-4d6b-a264-c9ff8ebb9b4b
1273,2b38e4af-fd99-4d54-aaaf-210f4ff788e9
1274,91dce901-251d-4e0e-901b-cecd03b6b3d4
1275,09533e31-9865-4133-8a4b-6f384ef4b38e
1276,f5ef95f3-4bde-4c35-8079-0abdad09b1b9
1277,a61a2385-edc0-478f-913c-98c2bcd9e6b8
1278,51461aa3-fd28-47eb-93c9-abbbe9489752
1279,805ab2ab-e3f9-40e8-9f69-af76143d4ab8
1280,5d1c6508-63b0-4934-9cc9-2407de32383e
1281,4fe4567d-3f9f-4733-9a25-9cffecbd01c4
1282,28c2569f-632e-4a5e-8dfa-d8054b8c5238
1283,eeac11a3-0cae-4bfc-8a33-b49e0cc1a39a
1284,b7fe59f5-f6de-41d2-ae02-82bf4853603e
1285,a198e824-b30f-44fa-9d6a-e86ab17b3ed0
1286,7be07337-1d26-472f-9867-14490146d169
1287,7c0c2e46-3ad5-4296-8ac2-51cebaae6d00
1288,fff08374-cb94-4ed7-a051-0bb499bde66f
1289,b6f7c476-18ee-4b86-94cd-0e950570d7af
1290,e4c472df-e77c-41de-b041-6b3d0aa2c4fe
1291,26ecce07-5eee-4fc6-b541-b7aacde42682
1292,ec278e55-aa13-4073-b1e1-8436625587c9
1293,cc5f47c8-273c-457d-bea3-36cf7322622b
1294,8588395d-e852-44b4-a609-34bb53ca1513
1295,d74ca023-2e02-4adb-bb56-bfa90c374c33
1296,796d1ec8-ebb5-42d1-abd4-1b02874f3d82
1297,2eb899af-4bf0-4d06-b6ee-f7ca2db2ae9b
1298,a165c824-12c4-4159-a4d3-b254ab386fe5
1299,08580bf9-a842-45e5-bc77-8e6ef6d20981
1300,3deebb6f-2c44-4ebe-b682-815eca767ec2
1301,f10fe9fc-20b3-4c11-8c6a-a2e5711c1fac
1302,bc700ae1-7d5c-4981-b17f-2bd16fd0df82
1303,c22f11c6-0001-4930-84ff-c36630875e5a
1304,c2ede835-57f4-4fa8-ac69-a3b1aab0523d
1305,7830c4f0-17af-442d-9dd0-1e1a7ac987dc
1306,e2adce28-4f3e-4e33-a1ff-59efe83f6675
1307,18c5c422-2fc6-4b2f-9684-dac74a1cbd01
1308,2ec6f2aa-3750-46fa-b0ab-2b5fb1097ef9
1309,9515495d-3be1-43f9-944d-63a1153df7f2
1310,747f49e2-6217-4226-9615-722fb801beb1
1311,9484c902-5114-4bba-9132-81a9c4bfee8c
1312,16527d13-2b5e-4955-a995-8e6ec829fa66
1313,cbca1124-e567-45bc-9c01-bdbf78697c91
1314,a084d470-fb18-4668-8b77-1b9618eb2843
1315,62cd5b86-ce8f-4230-a765-531dac095227
1316,fa8eacc8-99fe-4f14-9a1e-75f9ab3995b4
1317,75899341-73b3-4a6d-b68c-cc72380b4d89
1318,081cb00b-f25b-4b50-a38d-ae385d4f5941
1319,4f957abe-16c6-4823-bccf-7dc59d9e7a06
1320,06c9e424-e06b-4a9a-9ca8-1f7a37dff8d4
1321,96aa92c0-20ad-4786-b78e-dd2a37fbc0a9
1322,ed5a994d-5977-4a8e-9af6-38b1d6ac775c
1323,d51ae547-74df-41bb-8b2c-ffe956288448
1324,4b5f0f96-d188-48ba-a2cd-062b65c23c2b
1325,b50d0a1f-7437-411c-a1a5-69817bedf007
1326,f7967e1f-b4f1-409d-9d28-b4a2766c447c
1327,47cd2ac3-a515-43bc-85a3-db384f55b08d
1328,d6f7259f-c15a-4ed4-9bfc-251bf62f7873
1329,51ef7c03-8655-471d-acf2-6b7ce94cbcd6
1330,c7ed7f45-f197-432a-938c-4a6c9c5c6b61
1331,e42f61ac-0825-42cb-bc06-d0e7eb8ce2bc
1332,8d4b758a-fd4a-414e-b005-8dd7a6293891
1333,76c037d3-221b-40b0-9d9a-ee4f39e15297
1334,6edfe448-4132-4286-9965-9f89f16351fc
1335,1197bc73-35a7-4301-8dd9-7c5d75051f17
1336,2f65108f-2ca9-4418-bab3-eae69df218d9
1337,c130e3df-0811-4e89-ba27-4717a1bbaf17
1338,4e365d78-8b55-429c-ad1b-b3095bbfbc30
1339,2192eb0c-5a65-40d0-8083-9d4507266d04
1340,9a075b89-5151-4d9f-b5d8-048e0380cde3
1341,2e200f7e-381f-4244-9e05-7bfa5b380ae4
1342,f06eea7c-f156-46fa-9b66-00cd6839fc7c
1343,277d9c04-ca10-47ab-af10-3eb4a30300a3
1344,5a941a12-0914-43e1-b7b5-995ebdc51a97
1345,e0ce7229-3f5d-4d2a-a137-1d01ba8e6094
1346,87f7de2b-56e2-4c80-bebe-d29fd1189e3f
1347,be3325a1-9c1b-42c4-bba2-b0aab11a4083
1348,72a1d9ac-62a1-425a-b978-10bc6f94d7ee
1349,4d375600-fd7b-4e96-8fcf-f2b7d339f253
1350,430ab6db-0252-4053-843a-dc6a87610cf8
1351,96b88f1b-76a7-4317-b262-45955eb93a41
1352,0a4ecdab-a68a-4c3d-a8c5-8bd537d5bf61
1353,9ecd1743-7914-4464-8299-575fe41c5d7f
1354,da1dddfa-50cd-485a-8954-cebd8844faf8
1355,e7744797-6998-4657-9ced-be7278fe4f09
1356,7a469612-6058-4c3c-9111-43ec1d5a1295
1357,71bc63b2-c80f-4df6-a6e8-5ebdb1aaeb02
1358,6a17c5f4-19b6-4c87-b3fe-338a9dbeb978
1359,72fe7d01-de5f-4789-9fd7-0282af510931
1360,e318e397-433e-4503-95e2-5de0523500bb
1361,2c20c361-2f85-41b1-9a9c-d86dc57e0a8f
1362,c34ebfc8-205e-458d-bbe5-6750c55ea10b
1363,53378065-70b5-4d37-bb4f-ad7a763d1ecf
1364,767d413b-1546-4f14-8b28-0502bff50d93
1365,62aab16b-3aef-42e1-9891-ec4afb6b4ece
1366,45a44e81-9407-4e0a-88a1-62afdbb9d26d
1367,c54033b7-6537-4995-86e2-4ddb4bba475d
1368,1072af08-8da4-46c5-b3c4-89e29d7bcd6f
1369,8d8df7e9-38db-4afa-9d2d-7a58b0f7857d
1370,373f30c0-2af8-408a-b08d-21d68335924f
1371,fa36465d-f057-476d-838e-94f94d4b1c52
1372,f759af25-d762-474d-99f8-adeec2b6c400
1373,dbe96b8e-5a3d-47f1-8ef9-7215a23afa0b
1374,1f204602-51f3-435f-be34-9c5ddf83bb41
1375,3b2b3af4-eccc-4d8d-8b7d-c66bf1f1c645
1376,7348d645-d315-4d71-9bde-3a301029bc8e
1377,89fe9854-868a-4ed6-bb3b-9dc224d87727
1378,fd00e146-d78f-421c-9e1a-5df6aedc0742
1379,53e78498-7060-4bba-8053-bef585048bbb
1380,307c8e3a-9fbb-48ad-a918-1ec9eea959dc
1381,0d16b944-8cb4-4b65-bcc2-2515eed65113
1382,8350e972-46ca-4a02-a569-cb4fce2d6c4f
1383,9d32366e-367d-4eea-b0b3-efb8aeed2a5f
1384,b25d7661-e4ab-4e2f-9086-9a35f93ce0e9
1385,990d54c1-1eee-40ff-9919-ca40f2c51cd9
1386,532483d3-cd7c-4a45-9b3a-a24d74e6d9c3
1387,c2b5a881-7615-4835-bdfd-8e9ac229de15
1388,828df057-f50b-4926-882a-b9f7e64a1b7d
1389,58d43479-b83a-4e62-9395-e8425fd179d6
1390,de86cc87-21d1-4bf5-9bdd-84c00d71dbb9
1391,6bcba547-f0c8-4dbe-aa7c-8299f595488b
1392,713cb6bc-f5ec-41c3-a78f-1262197d828a
1393,4d4d9684-c24b-41bf-8dc9-41ad4db81f1b
1394,fa578a38-f983-4242-85f4-1812c5205fa0
1395,0ac38732-94bb-4bc8-ab36-cb2b22c92f10
1396,9fdaac3d-3882-48f3-b361-65e0a713116d
1397,026c0fe7-c4dd-46c3-a5f3-d0bd9a1377fd
1398,3563875e-54a9-4812-88c9-9a42f6ad147d
1399,01eeb258-7168-4656-b6b1-9a8a30755939
1400,4c0d61b0-51dd-4e46-90ac-d5d23691e85c
1401,5f9b0fb4-6cb5-450a-8337-9618ce383119
1402,0c67b42f-97cc-49cb-9b53-a1e60b399e1b
1403,928eefdc-d708-4d3c-bd8f-7fd3687b97fd
1404,6b0b6398-fce8-4b4a-80d5-9caac9881a32
1405,a0400edd-3b18-4575-8373-28cd21c99347
1406,e3be3a48-5bee-47a2-b397-e93cec3762ad
1407,0ce3a730-a91c-4eb5-8b93-a369d9b2c143
1408,160e83a0-fdc5-44ff-9640-720feec10f8b
1409,348fe237-74fb-4225-a292-f9f88575d025
1410,e69f9faf-331b-4a20-99be-71416841e51c
1411,e07a361b-464f-465e-8cf0-128a81dc05e3
1412,af069238-afe3-4f84-9086-8be66679fe9a
1413,ee871b5e-b7ec-422e-bef5-12485b9b1fad
1414,86e7e057-23f5-4f97-a62e-610a405c487b
1415,a87bee6d-ec9d-4993-b85d-e64d41b22ad0
1416,0502d6fd-fde0-4b1b-90e3-d408a1350473
1417,b0b44ec0-3329-4387-8c27-c5fa3a1ec7dc
1418,51741cb8-330c-4e49-a5a1-4794beed72d1
1419,6ad281db-dcaa-4b08-9fd6-6b73956f0782
1420,2ba12835-7f05-48ff-ae88-b23dfe03db2e
1421,a5367cfc-bfc4-4aaa-851e-46a72ecb4c1a
1422,03109f55-c677-46c3-a14b-cf791f4bf53b
1423,60269f5e-e5ae-4915-baaa-336e15908cec
1424,d2cc0391-0125-4a26-b244-fe41b6a3669e
1425,d3d651dc-ba1c-462c-a3c0-d78c826e5e53
1426,bc3c53a8-4cfa-491e-b840-813f5a8ccada
1427,32cd5942-3fc6-4712-9e6a-2390e6162116
1428,7f5bdb18-6fb7-4017-8cf2-f41163bfbfb7
1429,8a603acc-a008-4925-a5b6-6471e7a3038c
1430,8f76e767-c08e-4927-8c75-d60a9596e3bd
1431,34856039-0766-42bd-9df3-60bcad08660f
1432,b12aa5fc-e7d3-49d3-8405-cfedbb0b5c8f
1433,801a0b81-cd11-4b06-a94e-111cff661b97
1434,d61c75cc-23cc-43b8-87de-f2d16db633f7
1435,bac9a790-7cb8-44ab-ac93-cbda648baae7
1436,bebefa4f-1f8c-4c15-a246-282681468760
1437,ec7dcaee-f417-4c4f-aac0-a36813844937
1438,8d83dca4-3fd8-45a0-85c1-d64fa36f723d
1439,4fc746bf-cbaf-4afa-852d-84f128dea18d
1440,15541249-1f32-4d69-bf1b-65744d31ce53
1441,ff520641-03d2-4e8e-9cd3-cc685542411c
1442,ae665bad-74d7-4659-b88f-1893d8201832
1443,ff830136-78ee-475b-bdf1-e6e5543a4be9
1444,ebd37650-35d8-45ae-b3a1-33341997b4a5
1445,b5d249de-021d-489c-a00f-40120bad9d7c
1446,354275b5-6566-4cef-add8-ca681fefbe52
1447,5bc6a797-8672-4660-b894-a15444f53d37
1448,30a39011-dd6f-4429-aa6e-c2a6760b3022
1449,650b8134-7cea-4fb3-985d-28524f421170
1450,39466515-0bb5-454b-89c0-ae58e9b1b616
1451,6a1f3b11-188d-46c7-9ac2-488667a1f136
1452,d3e59501-1b2f-4618-9879-46ff84dfa84e
1453,90de0a5c-d6f5-4100-8017-9c745a51c2f5
1454,361e2308-6b73-45dd-9481-9f31513c4bb9
1455,a2a4de0e-0e10-4339-a077-7f4c4d5a43eb
1456,f4027593-e39e-4cdf-85ba-7383f43c537e
1457,9741f8b6-f945-429d-be1c-c98a159d07ec
1458,bf77a5ff-12e4-423e-bb3e-7dcfb3ac83f6
1459,ac804954-5e80-4152-be50-3e5983676638
1460,a68e2a5a-c73d-4538-af52-435be50e3df8
1461,d06570d0-8159-4e11-ba33-606ec2471572
1462,0ec0f7af-7174-49c4-b408-f5cb2a1d055a
1463,8128f4f4-2c5a-4c49-8104-9830dba686a2
1464,6da3b94d-f68e-4f17-b0ab-5589889da494
1465,3399523d-54d1-4ff1-a4b6-407969b4d1b2
1466,6c19e995-36f3-471d-a464-a247923ec091
1467,cdb1cb81-3863-456e-a0f5-003eac3f4278
1468,af1b8be3-95ed-4e27-830a-1e4130c33a65
1469,b386f65e-21d5-4662-a7b5-2d84feb7e4c1
1470,e4a5da3d-ef61-4cdc-8157-f2c7f2aeb5ed
1471,f5715b93-bce9-4dcc-b893-919ae542e471
1472,4d2a0be0-0d46-4aef-ab18-ae1b83e7b3a4
1473,d26898b5-3251-4171-8a82-ff6511a2e2f8
1474,fc0dd28f-c272-49be-a38a-d673688a93eb
1475,70190e6f-5e76-49cb-962f-8b199b32dba0
1476,c3690565-a146-4f02-8630-1c5f1874a2d8
1477,a0b2d5a1-3fd7-4314-bcbc-eed57ef1aa9e
1478,0d712451-592a-4f82-9141-3298cffd9d9b
1479,b50cb7fc-66ec-4f44-a942-163606994f18
1480,1acd6797-483b-45b8-8544-1b3c24596ebb
1481,7199ef09-3710-436e-a71c-9ce0c4ad3584
1482,caaecc65-d39c-43f0-85f2-a8f174eea464
1483,64518be2-0395-4256-bb92-aedcb7b51378
1484,19f6fb35-0729-4248-bbe1-eb891d16c61d
1485,22c5c69b-3374-4f40-8e02-089edf4af6b8
1486,7b878e07-72f0-4b90-9e47-e3d6bd7a2536
1487,a0132d98-ab59-4fc1-bcd6-0b1f896bef7c
1488,90ec612a-0507-4f91-9e94-f15e89a3b922
1489,0a03c112-fd40-479b-97b0-a23600b395d7
1490,e14d04b6-1171-41c5-b877-9bf050c11d4a
1491,13dc64c8-b975-49dd-b167-7d46697efb1b
1492,5a228ea9-5df7-48ed-bee0-22fe4567a06a
1493,e2c35513-83d1-4feb-a7db-cbcc94c14c43
1494,ab956f87-6368-49dd-9167-2e741c10b393
1495,50f26980-9481-4a3a-aebb-2c3ebf33c70c
1496,da394a18-f9fd-4f2f-9f30-727945e996ce
1497,74ac7a24-345c-42b5-92ed-64b7f86622d4
1498,7bf2316a-8092-496f-ab94-423dda3d0423
1499,1a3a9456-0c54-4a49-9ebc-d03ca36977c7
1500,d6af4e30-154f-4166-b48f-b33493cba284
1501,4c5b7ff1-9e42-4e1d-9bf4-b9aa485f16a8
1502,052131db-a9fd-497d-ab8f-4eaee5d123e2
1503,946979ee-2812-47af-830f-817901011b6d
1504,aac44379-4449-4036-8925-b31ebd8cfa72
1505,1d5d98b0-e2bd-442b-85ec-7b1c0b2de17c
1506,ef960250-90f6-487a-945e-cc1ef6bf2e68
1507,d9427a52-d8c8-40af-a253-297a1a09b16d
1508,ef6cec6b-0d81-403b-8d02-43a232b25bf6
1509,5417eb4a-e969-4e44-a5f8-af25622c2d06
1510,73f06b28-902a-4278-b386-ffc0d9957fd6
1511,ad4cae24-ea8a-4da3-8414-79a2bb63be7e
1512,550429bc-704c-4e47-a99e-f03eab3930e8
1513,5edacd0d-c155-4418-99a1-1774ce8b772a
1514,57eeda45-157b-4807-886a-e0c663635883
1515,db91545d-3161-4e85-b32c-bfa1bf2cf502
1516,dbc12f48-0e6c-4a3d-a0ec-a764df369189
1517,290cef81-f1f1-4e90-8eff-33523e8de8b1
1518,3598db82-b23f-4c08-b1a6-a7ffbd34c803
1519,5b9d47f5-63d5-4bb9-acbe-15c57ed00f9f
1520,d70f2008-cbac-4e18-9a3b-e1857a9bf87c
1521,c962dbcb-804d-42f4-b3d5-728f1bd2822f
1522,31b8930a-4510-43f1-bfeb-96c80ba6f890
1523,d427c8df-bdf6-4a98-8793-6bdbc223c126
1524,1fdd857e-455b-490f-b1b8-cb7358e31b51
1525,8a033453-56c7-4fbd-a669-3f156860dda8
1526,249678b6-8364-4d19-9572-17f21ea14b55
1527,404b1ae9-d974-42f7-945d-460f379b3423
1528,44ed6197-6fb4-4c23-9f5f-709a965155a7
1529,23f5c8d5-4e16-4c97-8ad6-204b03d2d13f
1530,a94dd0ee-b317-4579-a5f6-9446b27622d2
1531,baeee7ea-c44f-4938-ab4e-10dfa16b84db
1532,a6f5c548-26b0-4b87-b9dc-52800ea8d20a
1533,2338c2ff-4bd6-4ff8-9c19-94b03b8396d9
1534,f1b5a5bb-e90d-42b7-8e91-bd6f366ab6cb
1535,c2959306-1179-499b-9ca6-f27e5d09a8a4
1536,87de3cd2-d1a1-4c0b-96fc-2952787c1e17
1537,36c7b63d-3a81-471c-ade9-82ee9766b9ae
1538,36c92ca1-bdde-4c40-8ba2-4ae06fd7c8e8
1539,48936b89-bca7-41f4-b2ca-396f135d54fe
1540,964d0a8e-64e9-451a-b8e6-94dba02f9b1a
1541,9abdc452-8379-4e55-a4b4-e48b8a6461c7
1542,e32d2789-87a9-4e33-b213-59a04f2c0a86
1543,028625a1-25d6-49f8-af7b-d1f91afff5b7
1544,fe6d33d9-3949-48e7-ac74-053a3145915c
1545,a19d345c-30ca-4d01-8594-29052ecb06b7
1546,849ece9b-abcf-4329-a199-405e566d24a8
1547,8649b88e-2672-495f-8009-e89867f5eb43
1548,1a2d5a51-88fa-4e3a-ad5c-77e7ed9d91a6
1549,6f42a8af-5657-48fb-b030-5daaa1266a87
1550,dd9a87c2-bc75-4cd2-9afa-139fd7fedd21
1551,3a6700da-592f-499e-9135-84af443b6a70
1552,33be55cf-80b3-47e9-bfc4-40a7d6335bd8
1553,011bfb73-dde4-47bf-9e81-998d2376d517
1554,8159753f-6442-4e56-a1e5-36656e41f9b9
1555,30bf5afa-aea7-4949-b6d1-0a7f03dc98ab
1556,00816ab3-4b7f-449f-b024-04cf7b5fef64
1557,777572a7-11b3-4b61-bd41-fa81d6b05a37
1558,d223b634-bfc7-4593-a1f3-3cab695712bf
1559,7fa222f9-0b64-485e-8563-1b8721dc63c5
1560,bfdb8203-a482-40e9-9db7-025f5218bb09
1561,de137284-699b-43b3-8ed0-75a9e238404e
1562,f31416bb-91d8-4322-a5e3-ef77c27c359c
1563,d95e3fc2-3fa6-4f37-98a0-2d9d5d60edf3
1564,b26bc95f-84b5-42d2-a967-fde085f84220
1565,b8ff4f4d-195e-4a4d-921c-e6dafc5b67f0
1566,69591a67-44e1-4556-a63c-4ed1959edb19
1567,230af6cf-b0b2-4164-93d8-d67ca5e1f681
1568,b2edb24e-d8e1-4529-a52f-dd053385303e
1569,d939bca2-4897-4f98-9771-84b723f8f73b
1570,609b0e7d-5202-41c7-9046-00726c6fb8db
1571,efe51fda-99da-44d8-be77-8241935cf5b9
1572,58d7ba2c-31a1-48b9-92e4-3f8b5b7f6bc4
1573,362bab04-2967-4bdd-be81-5d449a0baf76
1574,b0c924e8-61da-43a6-a1c5-bc71eb7d3c65
1575,cf1f78ff-cfa7-43ba-b875-92f973ae5311
1576,5f3f34b5-29d6-42b2-b189-8800b2b3482a
1577,98d549a7-2a36-45b4-b049-8361eaac145a
1578,e709976e-152b-4ad2-9fbc-3971b4051200
1579,cfe0661e-bbd6-4c3d-b906-3cfb7da59d4f
1580,adda173b-fdf0-41bc-aa14-f9197cb168e1
1581,19ed60a9-59a1-4be2-8854-5bd69348a20e
1582,f239c55c-9eac-4566-bc27-8931a84510cc
1583,cb754641-9741-4c73-8c08-f7367104f164
1584,9e772c71-d938-4cbe-9c39-b59867b96658
1585,7f68eed2-e0a0-4517-ab3c-0dc2acc3494f
1586,6174c808-f142-4a9b-b96b-c8b6ec5a70f4
1587,0017d11a-636c-401f-8cd7-caa2425ea655
1588,194ada2a-ca53-49a8-ab1d-167309948723
1589,e210bc31-84b3-4266-8eaa-928966863026
1590,dc371404-7fe8-4ee7-a9f9-60a95365c2ef
1591,288ff88a-b7ea-4540-a116-f27f639aa6a0
1592,6b957b8f-ba41-43e9-a2e6-36b45bda2960
1593,7eab4d93-f726-4d64-8d6e-282664bb5c1f
1594,96e50f1a-9dfe-4b6e-a632-fbaf01f434af
1595,0a4d4a1a-b31e-4028-977a-bf3c5c9eb28a
1596,a304d6ad-0558-4ba5-ac7c-15028d291622
1597,0403d81b-e553-4800-9f66-984abde2d84f
1598,34b535f9-a3a1-4813-9531-85f4b1386d78
1599,49d015ef-1691-47d0-9552-cf1486ae0327
1600,3da49063-8e01-42e6-97aa-f6f56a502e54
1601,6c51be81-5c2b-44c7-bb35-adf22d9d03d6
1602,b1d1f59a-355b-412c-a4c2-ec01f6d3aab4
1603,b0eb3b7b-4245-4cae-bc56-0193a3b82952
1604,153690d7-056f-4a2b-be9e-de39f9b134ca
1605,6bf0856c-4032-454c-948e-b02befe44588
1606,33f305b7-3fdd-4541-81b2-b8c134e71464
1607,b8bcb99b-7d68-4b25-ae13-0e2471b3a0a4
1608,ab61dfc7-9ac5-4cbc-8b9e-82fe4c9d3821
1609,f71b1b25-f6be-427c-aa5c-5abe7cfa9763
1610,3e74f61e-d4c0-4221-a303-137349a666ee
1611,7fe7987e-940c-44d7-ab38-c1e43c547e75
1612,244ed3b5-c5f8-487e-8f39-f27cc948640d
1613,7e89c924-ff34-49af-b0b7-92a3dd502d18
1614,087a8034-f198-4778-848b-0cd4ebab41a4
1615,f11b00b1-d605-42ab-bbc0-7eaaabce6597
1616,a92b1093-c9a6-4561-9364-7ba053a6e98b
1617,5cb8538c-06b2-4eed-8228-e1f02de4fa83
1618,ebb23d07-e1b4-466d-8501-d420b9620c0a
1619,4c36c269-6bdc-478f-83d6-43ed7959be89
1620,c3926794-cc83-400b-a543-a56b473da26b
1621,ac2c08f3-65d0-454d-92a2-c687851637b5
1622,7e1c5471-0a42-4755-b9bf-5a3708405bc1
1623,374614d3-1fdc-4461-b215-4d507aa6c287
1624,7fc1ec1b-536b-45a0-a8f3-252f880d6812
1625,0fa6655f-7687-4e11-af2f-11fb6c135043
1626,8985d884-d8df-4687-a644-91f57e0f07b2
1627,c2b13db4-0492-4c43-8b25-dadc207b9b56
1628,f78769c7-dd2b-47c1-812b-19e3f7a91cd9
1629,7bd14145-cb3f-4c5a-b2c2-dcd4f27613ef
1630,6d897a82-fe93-4855-b1f2-715528c41090
1631,ff60c897-65c6-4385-bd83-b640facbe239
1632,52340417-9945-4184-8513-b36fee8bda9c
1633,30cb6211-5606-45bc-8e09-b13dc0f59a4f
1634,e7482b51-f083-49a8-9d43-e701510dbafd
1635,ba2e0fb7-5bff-4cf1-b339-1201db2d4a7b
1636,c913e2bc-9bfe-46cc-8d23-0b714ce3d906
1637,854efb6c-57d5-429c-9ffb-a5a9ba1ec484
1638,c56a4478-bcbd-4831-a41c-d31b17fd4f42
1639,16742f67-8b44-41c7-bb60-3eaf12fde16b
1640,0837d562-995e-434b-80e5-92335dbe11e4
1641,792bd03e-2b98-4c7d-9e18-9d3f96a13d02
1642,fcf3e417-5c09-4423-bf52-1983c9afe0d5
1643,914fa88a-fbcf-453f-b86a-8829fdf39b9f
1644,db8511f0-5e5a-4648-a907-b1f8544c5ca8
1645,68795a20-39f4-40ce-9984-8a1b329f05af
1646,bb7d0b43-7916-441d-b193-5a2008a4b39e
1647,0d489e84-f790-485f-a855-b4929c560776
1648,0224c66c-41eb-4af1-b8ec-6728cd5c23f1
1649,a3451712-659f-4932-a24f-f13b2b15f1b3
1650,95dfe74d-0bf1-431a-8521-f923e1208886
1651,4b457e95-6d75-4b3e-b8a8-4b84319b42dc
1652,bf990b88-2393-4d84-88bc-8771b9e21a10
1653,5905481e-f74c-4b70-babb-1929c8702f5d
1654,28ca5cf7-27f4-4f23-89e3-b287f07e4c16
1655,8914b703-a577-4fd3-a336-2181d2edcee4
1656,c97c6592-e2ba-4530-b2fa-10cf4c85d7ac
1657,d7ebe5e9-7084-450f-98e8-1e720df8a587
1658,398506a1-3504-4db0-84be-2e179d1a4c24
1659,bad1c94e-2733-42f6-8cc7-d398b8185d11
1660,257e07b5-b8f6-4ee8-8b24-74fca80896a9
1661,58ba5090-c164-4140-949a-4cc65c7a4f0b
1662,5fdf3868-a728-4903-ad48-f764fe43464d
1663,b9c094cc-e611-432b-a225-28dc4b368717
1664,bd44cc85-0684-4442-8ed8-bdc31d5cb794
1665,13d278e1-8503-4281-8b50-b4d0c6b41986
1666,c16a5f46-f6c8-4b89-92a5-70bf6260d14f
1667,35376636-9951-4c2c-8076-82986a99cb30
1668,bd7e2f36-6540-4b1c-8934-509796766ca8
1669,a8cb6a52-e19d-4451-a8f8-a9214710a632
1670,acad9056-5385-4632-b842-c9fce0fe0e57
1671,8c43f1c6-5e56-4ba6-9d7f-8bab5cdc38ea
1672,5a2401b8-6a55-4fdd-b23f-ca4f5290ca30
1673,295d0b03-fcba-4798-98a7-c7cc7cbf35be
1674,c12c517e-a9a7-485b-87db-4dcae7a5f837
1675,fa90015b-4675-4925-bbae-8c3c19512fe4
1676,4cd43087-b78f-4b9f-b914-6dff708c6dfa
1677,37fecb83-da52-4dd5-a8e1-96f3ec4c8952
1678,ba58fbb7-d0c8-47f5-8ba2-6744d7129da4
1679,b9c34b36-917e-466f-892b-ad1dab41139b
1680,5c8327c9-142e-48b8-8273-274b8ed0274c
1681,3f4db3a5-ad79-48ae-a246-b758cc57436f
1682,83dca72b-8840-4385-9149-fd5758814209
1683,eccb0ef0-3391-4d01-be78-78937dfa4329
1684,0d3bb219-2fca-4529-940a-2629a50aabe5
1685,58ccf7ca-3e04-4304-846a-bc25f3bf99b5
1686,f8dd0af7-8970-466a-8519-7c33c51b50b9
1687,98b32b93-da21-4b84-b732-f2f69e8a5fb6
1688,b1175735-f474-4859-bb39-b8d6f46b9ec9
1689,0ce19d6f-0ed3-4b32-a1ef-4512a87189a1
1690,14feb172-aa9b-43a5-ad0b-4f8fd585e3c4
1691,9466f4ac-b10c-4898-b4eb-205175b6cfda
1692,c81f4719-0bbf-43d6-9307-26cc3c757d3a
1693,6fa84314-a2ae-4b54-9aa8-76f86db8f04e
1694,18cc367f-f69f-45b6-a026-9b074b0df948
1695,8df88eaf-35c2-4cc2-8bcf-fe5f3886491a
1696,39a1ad83-c149-42e3-b8c9-3a57e924e115
1697,1a5228b4-ab94-45f2-9f2e-77cc22dc0dbe
1698,ddf014e2-e3e6-4ece-9e33-b489c377a3d1
1699,1aae98f4-7a20-4646-bc0b-efeb4ae61b93
1700,2aaca201-c725-476b-95e8-3dac9be889b3
1701,f13bb952-0941-460c-9fc3-95f55eee89f4
1702,7f42076f-eae5-4368-97c2-803fe2fd6465
1703,11048401-65ea-4329-83b7-49b06883d00e
1704,647d1f91-5dff-454b-b3fd-fd78a2a943fd
1705,a0b9900b-c3e1-45fd-9648-04c68b0c12e0
1706,2203bd26-5573-44f1-8130-a7002812416b
1707,820ef754-9bef-466c-89e7-8d6fff660a27
1708,fe03501e-eefb-4879-aa3f-629d867b7829
1709,f05796c1-7ce8-4eca-911f-0e1fac2cb793
1710,f7ef2b8e-84e8-42d4-b754-0ec734daaa90
1711,b5faf250-2470-4532-91ea-08d946c7db7f
1712,83410843-ffc8-4cb3-8913-91533315494d
1713,44dded38-e7a1-4889-97a9-820839c8d29f
1714,b5859e0f-93c9-4523-9ae8-7bf079349401
1715,9be2dec4-94fe-491e-bab6-917f07ac2a06
1716,2c8c2303-e25c-4510-8521-1e4834aafc13
1717,8222901b-8066-4e22-a50d-bc9c8548d71b
1718,bb106e71-1c05-4cf8-b76b-879d08c3c789
1719,37c59592-08ee-4ea8-b1c2-5e11c2443220
1720,247fba46-7d32-4c14-8940-a349329a42c8
1721,47cab91c-1ab0-49da-8a99-da31976f1245
1722,8f2c93a4-75c7-461b-9fcc-3a5ab022ffb7
1723,0a16a51e-2ddf-4495-8951-190c1b0c5d3c
1724,c55b7e4b-e4d6-4d8d-9e11-2588eca8db1c
1725,73996e39-9f7a-4f21-9e62-5d0791928f71
1726,84b5a2fc-d8f0-446c-b948-e8cf49039783
1727,d8bddba8-7dda-484f-ad1d-933665790be4
1728,dad1a31c-4b0d-4fed-8a1d-500f5e2055e3
1729,ce7e99ef-faa1-4018-950c-525c45442b63
1730,c5516fa4-ef57-41da-a0fe-d784ca51a338
1731,584944a5-850e-429f-889f-60737364cafd
1732,5e2d56a9-7ab3-48ea-9237-64c5b6f4b4a9
1733,838d3149-4ab8-4944-9191-c01f1a5e53dd
1734,d8028954-d07e-4371-930e-fc8e31ec5143
1735,f582d1a1-bf9a-41f5-bc55-a4789ea8d7f3
1736,aaa7b402-ab53-4bbb-9376-d982163abd07
1737,bc7c515a-de0f-4752-8fd4-f2ea143c706c
1738,bd48800d-67a7-4c2b-ad71-813dca0a5b4d
1739,25276ab4-6460-4000-ad42-2e42209e1491
1740,3a307711-8ddc-48cd-b212-646d73a71c7f
1741,9870972c-d2eb-472e-86d4-99bb8521c77a
1742,f5a0d4bf-1818-4587-8452-a7718c3fdac3
1743,ceff9895-c572-4e57-b8c3-df579d5f2743
1744,8c093b69-9431-490e-9c3e-f4de7729d6f8
1745,b4f226db-8096-4077-934d-70c5ac405d58
1746,36427ae2-0836-42c0-9233-fad39a9ee50d
1747,4a1fb11e-a308-4920-bb4e-012ff7f49ac0
1748,57590e45-88ce-47cb-bc4f-1ba378a45564
1749,76a0a0fd-c453-4ba4-9398-348dc46d6f69
1750,0f380da1-fb5f-482a-b8da-136e80347c54
1751,4a62bc2b-801c-4ee6-9913-83def05b8381
1752,74ec37ee-0861-4663-8381-f672a313a631
1753,18b989ba-ae05-40f4-85c5-642ac555fca8
1754,8e9d9c96-8864-48be-8c46-b80af2b5c43c
1755,a0d7b65f-1038-4281-931d-34b9745b4c3d
1756,2a5fe905-cf9e-4da9-aaf1-9563a764b41a
1757,35ae5ee9-a20e-486f-a37c-51f8b986af31
1758,e51b85db-0622-4585-afb5-0b6481d60e1e
1759,89153866-f8c8-4a4f-a3f2-7aea2a91184c
1760,035202c7-a852-4ed0-b3e8-d01a20433105
1761,a5a24b07-e2f9-4817-ab8e-542ac3e3e630
1762,5604db68-a760-482f-897c-f70f2c6bfc43
1763,3578a420-1580-457a-8d4b-dbada37b51d9
1764,8c5908d3-e52c-4f58-8c17-7bbcee2a48f6
1765,8699fd88-047f-4b64-83e0-c800a79b6908
1766,2e54169c-0bc0-403c-bd7a-d85db37d8b38
1767,4faa84f4-9d7d-4cee-9b2b-b6bf0f66bbf7
1768,dd7aa945-3e9f-4314-baaa-db85043655b6
1769,162960ea-f215-4f6f-a9dc-61e682424352
1770,65874f2e-ddcf-4e16-9794-6dcd8fa0ba58
1771,5e920bac-820c-442f-b760-3c454c40beca
1772,b017a69e-9e90-451a-b03a-c18cd0dc5bc1
1773,7b90de29-1d6c-4706-8634-1474edbfcfff
1774,4833c734-6ce3-4f45-8e12-e8875d4b9220
1775,581b955e-1351-4355-bdee-824b68fdb53a
1776,3bca13e6-edcc-46db-8c0d-542a55ea3607
1777,dbccf852-d7da-4404-a456-5091da6eab14
1778,a538b07e-2ce8-424d-bac8-5b71aeb4af21
1779,8ab796ed-7a7b-4b94-adc4-ba607f1f76a5
1780,ad76d938-df39-48eb-942d-4082eac746a1
1781,3343e134-a835-46af-afcd-47648d224cdd
1782,50d9279e-5dc7-4189-80f9-179e7b48e437
1783,5f3d1cbf-0a5b-48c9-ba6b-652848252c5b
1784,caf812f1-a6ef-49e8-a7cf-f1fe40977287
1785,4487cf1f-9973-48e1-86c5-3cc8b30e5d33
1786,a316fd4d-2f4c-41a1-8375-5cab77e884ee
1787,d9e2890e-2d00-4e19-8580-c48596523703
1788,cd3613be-78fa-44b3-965b-6b6aebd2bf36
1789,87b3cb9d-fa90-44a9-bfdf-3b2c35e9d629
1790,a7bb4c5c-b4ce-4b30-8d18-76a1630113da
1791,d7d8dec0-9492-4dc4-8dfc-22d3082ac16a
1792,a6625fab-77c7-4af0-a63a-eb7b86784dff
1793,275059c7-7b62-45fb-a17a-f33ffdbe9a71
1794,2357618f-8e22-41fb-9e4c-75de61261dd3
1795,00b17ec5-fd26-43f2-b6d9-9585b5d4786d
1796,14b4b36d-a1ad-483d-8ecf-64a70b3e5469
1797,d0f72b90-b666-4e70-bb4d-5aa00feb751f
1798,dd86b1d0-b077-4c6f-8629-17014bf76eaa
1799,1bd8947d-5d8a-4827-8860-e75070648ded
1800,40ba17eb-dc77-4fe0-b16e-0cc393dd30d3
1801,ec9099be-ab73-467c-b762-0eefe1f32844
1802,60da354a-a92f-497b-8fb4-ced9369d1f6d
1803,c9e9e0c7-c061-44fd-af19-973e31d5474a
1804,0bae286f-c886-45cb-8f53-03059282fc96
1805,dd9e032a-608b-4a65-ac84-11270e2efc45
1806,5dddc54d-c1d0-40d4-8a8a-644dae6f365a
1807,1a91f11f-213a-4521-83cc-53fe2bdc9ed6
1808,863d1c56-48b3-4747-8588-022157e2ad1c
1809,46dc84e7-c556-4adf-9ffb-808360044efa
1810,c5775829-193e-4d17-bb2b-d5b36e58aba9
1811,1e216474-263d-4813-8212-7ac6a97879b7
1812,1d84fde9-1695-4685-90d3-f96efaf39b7e
1813,6a699cf2-0019-40f3-b772-abc81d34b7ef
1814,19b16fd5-5634-4a64-bebd-0a5bc4ec7f14
1815,0122af66-8469-4078-a75b-28268a7213b7
1816,e41d5469-56a0-4871-8d70-ced75c19fcb0
1817,6ffc8b47-9412-4173-b32f-d2d893bd1d1a
1818,6b6cd41a-a9fc-432b-887f-31811e6dab7a
1819,ddcd62b8-69ed-4ef7-aff7-d00e2385ac89
1820,0f8dc276-60be-48df-9923-107a32f2d3c0
1821,d4655dcf-549a-42a9-ae96-0b83f86cf433
1822,01b0814f-3e6a-4c3d-8aa6-cf925e795110
1823,f7a12376-72c5-4599-827c-afe2ddf82e51
1824,1c3ff031-9e67-4986-8c67-d2b8cdc181e9
1825,1ac8dcf1-47ad-4c72-b60c-eb3d50de4d8b
1826,e01920cb-420e-476d-8f42-ee9033e99eff
1827,ce944d6f-a7d2-4c2c-8c19-ed5859929d3b
1828,9c407b95-e909-4b0c-9ece-65f93940fc94
1829,8cc505e2-b959-4208-94df-19a33c1b803f
1830,17bf901c-72d6-4c81-9ae3-f37c8e1f76be
1831,4b394d2f-6d2d-4c4a-8f3d-54fb7d4659c7
1832,d613faba-1567-4bf2-af83-f8da7b23213a
1833,5f784ac1-2179-42dc-9a2f-96eca64edca1
1834,238b7bdf-e95e-4e44-8875-26709736e8ed
1835,7608bcd4-4adc-4c2d-88b9-c1e14c6130ca
1836,fbcf56a3-7f0b-48b2-aaca-f135e0529a2c
1837,52006ecb-4743-4188-9028-3d2350e927f6
1838,fd5cad30-8272-452d-8b4f-30f5b89b1669
1839,e4ec6a57-2331-40d3-906a-bbe876157c5b
1840,f0081482-d80c-42e1-ade7-9d480fde40cb
1841,85db47fc-b838-4afd-96ae-495a091a1cbc
1842,76e0021f-f92d-45aa-bfa1-ae6cef411cb2
1843,ea284a36-24af-4e95-85dc-ed2adc2c1aee
1844,2b922a72-3df2-4698-9840-c18c1b14a853
1845,3c9f31bc-6403-4591-9a3c-6921f1f1273e
1846,c9ab7154-2c9d-483c-9c73-8582f3ab22ac
1847,0eeba03b-5f33-44e9-8c64-b2e5f1ea69dc
1848,cccec586-aa1b-4bf9-93cc-5e8852c11a08
1849,933e0144-d932-4e1b-88c8-441e47439ccd
1850,1a8a59f3-7729-4387-8a84-46c09ea0dbb8
1851,e8de6a88-1554-4927-8d09-fcb347f7183a
1852,0fc24518-1458-42f9-8a69-8f10e3785d8d
1853,c6418dfd-9c19-457e-9bda-e8d58152f9e3
1854,2c07eff3-fd49-4185-92c6-68a0e1a0af37
1855,37787c27-425f-4dec-9610-da27c7842c65
1856,d65bbc1d-c61b-4918-a611-c8e87ee86d19
1857,0c867a8e-fa84-4c53-9459-ef8da15f37fa
1858,2c74b2ca-fccb-4e82-9db7-bd247fb66c63
1859,a3d7d2c0-14b8-4b25-ab27-a7fb316074a5
1860,a0dec80a-d282-4433-9784-d4a66415814a
1861,41e6a11d-24eb-483c-a5b1-960069d64222
1862,d52dbd12-f0bb-4b09-9b32-abe759a78433
1863,c3340015-aba3-406c-ba4e-8e88c25b97f7
1864,25d0633d-1d9f-4c57-9449-fed7bb7001b5
1865,7e808af0-de31-4a07-b3b3-57cd578c6d6a
1866,ba6508b6-c4b0-4813-9db7-591841de1146
1867,12437b4a-4351-4847-a338-f2a3b590853f
1868,d57bf0fe-172e-4399-ac76-319fdc1c0600
1869,9778151a-39da-44f6-9836-4d02f3c5495d
1870,f6f349dd-a9f4-4ca6-b262-03671cba52c1
1871,2b7e8739-e079-4983-82c5-d233a4c936ae
1872,95ffca17-e0b7-43a2-af33-5f4116c52cd5
1873,201f4257-9b9c-48cb-b6b4-2b10c0e253e5
1874,e0cf6a47-a228-4abe-af44-870e38bc089c
1875,92376acc-ce7c-4d36-a8c3-99a9ae53ea10
1876,67b620de-485e-4f84-bfe6-a54b6bdd174a
1877,fd3fe834-f113-4561-8962-eafcd45b0090
1878,5f00023f-3367-449d-9299-6010de4c4273
1879,ac8b8a85-5673-4369-8515-2b06e722daff
1880,0fbe7435-6bab-4d2c-8bd0-0a461d88d376
1881,273cac30-d73e-4ca2-8aa1-9cf6fe5c4ec4
1882,6a5a94e6-dbd9-4a58-9d18-dbe11d4c28ad
1883,e544103c-ecad-4d7c-840b-ed4f9fe22638
1884,56abc7b4-49c3-469e-a4c5-395cda98b71b
1885,4fbded6c-0877-465f-8a7d-7535045f0cf1
1886,e320fbab-1f0e-496b-8285-e2225f0315d7
1887,29d99765-2b15-4842-964f-e87eab8dfa63
1888,7f52d10b-e71e-4b61-bf76-182ed011e836
1889,b5508cfb-8d33-406e-a582-5f3b93221466
1890,2ae0f1c7-b9b7-4183-815c-9ead9afa2cb9
1891,8ffa6324-694b-46f3-8afa-b663fe29cb0b
1892,7b360450-636c-45d5-aa5b-86d2b05df2e2
1893,594da691-51fa-4f11-abb0-d0d6cf2b45f2
1894,528714a2-c8de-4a30-935a-b9c9bffb3198
1895,1b7dc9df-4964-4f81-b105-0088aaf0cb9b
1896,94ef8934-16e8-486c-9fb8-e81a67e0f005
1897,0fda0bb3-b105-499a-a4cf-f1ea90ad1030
1898,20032296-d226-4063-b672-585f812b48f1
1899,d31161bc-ef13-4224-aee5-51884284c20a
1900,e88ab5a2-b2aa-495c-a574-18ae437dea7e
1901,7b6471fb-0d09-49d8-8079-5647d8555133
1902,60fe044d-22ad-4e99-99f0-52110dedd879
1903,acf5c990-f3b3-4f35-b652-40b5db147651
1904,a91c6be2-530a-4dea-a38d-95b6fcfad5ae
1905,a817c390-5215-4455-98a5-17ad55e339b4
1906,c198fc5c-7b09-4288-b045-cb20de4da5ab
1907,dcc652f0-6b58-43c4-bfcd-1f8ddb1e25b1
1908,2f5d26ba-8252-45c7-8a83-e3b506688a9a
1909,052e5890-7c92-40a5-8950-f8e7af9b6742
1910,310b74a3-d218-49a4-8387-732a3cc3b87c
1911,1db1bad9-1c48-4bf0-94f3-4d227cdfc6bf
1912,96831bab-ed64-4683-93ee-de34b27562ec
1913,96af6901-211e-46dd-8c6f-4a3868c409ba
1914,6a0c54a4-32bc-486f-9235-a87c61dc4829
1915,ac4bdfd0-5328-4946-b39f-f21a9a71fae8
1916,48dfa6c9-1e8f-4af9-b002-4aff6f23473d
1917,48d6779c-a042-4830-8aba-a90a5833b397
1918,38a5f80c-9c86-47cc-8813-a86bc0e006e2
1919,bdbcacce-00ef-4311-9315-b45f1075fdf8
1920,b253b6c4-7969-4e73-be8d-3870e5cb90c8
1921,cd45e833-7c8a-459f-ba72-9700de779e4c
1922,64dd3a80-f47d-4d38-b4b0-066a912b13de
1923,b50192b0-96b0-453b-8eeb-9c71a7261bbd
1924,2dcb65fd-3d6d-4584-a3f3-b295781b9793
1925,0510f924-8dd4-43a6-aa32-16ccb466ab17
1926,ae5d9803-7188-4c2a-a141-b7cf3c07de75
1927,c334b67a-8930-4f38-aa78-794b02ef56be
1928,cbaaae5b-e7ec-42bd-843b-4e91f9437ddb
1929,a547ece4-5eb9-4688-b260-1f0542be8f38
1930,37265630-65a0-41fe-a1d5-d1793ca75a3c
1931,23e7a3ff-c7dc-43ef-8af3-aaeff2989103
1932,d57249c6-b7f7-489d-868f-0b37609f0629
1933,e2b45cf1-6345-4867-afdc-cd1e82b90cb2
1934,99dc5268-6b9d-4142-a3da-bde7317b85dc
1935,9c9f4003-4376-4135-9188-5866869b427e
1936,4ff61698-6106-4ca3-a798-4be8b7c49ab9
1937,a7e240c9-abdf-4c8c-9a22-7c2883aabca2
1938,aebcb8d7-4bc1-4999-89db-ead7b7236043
1939,c1c3be7c-d391-4d03-bce1-2d9f7c77b7fb
1940,528afe95-214f-49d0-af26-e6cb1d9b1f92
1941,c9f11d49-ca1f-4719-87a6-806dd618c108
1942,003a7cd5-2b42-4a3d-adb9-7a2b0f06d259
1943,5ef33c44-d057-4793-8b61-d73fb738fa5e
1944,404a7da7-6a1a-4d62-958a-699537b614a4
1945,a6226f5b-aae4-4a28-b2a8-77de28b827dc
1946,196bef21-f466-4c8d-acc4-09743008cf1c
1947,fa9f816c-ba2d-4bf5-bfd9-83b654f89a46
1948,32eacefb-841d-4f6b-b487-88606916162a
1949,a85af6f7-2825-4865-8663-64ccb94ad72e
1950,ccf4c6f7-765c-4c8d-8e9d-c24b038d4dc2
1951,8ab5f51e-3bf4-41c1-b240-5e5161734805
1952,7c067f2e-da06-42fa-b1e5-752e60d31a3b
1953,6a75bfdf-17e4-4250-b5e5-665a6a4460e3
1954,2b5b131b-cec3-4719-8d47-66783784e45f
1955,bb46eda7-172a-4d92-a3bd-7aad7d3a780f
1956,b69922d1-64a0-4e51-9bfa-1908f6d35951
1957,601ed284-da5b-4a0f-8766-c54d224d1200
1958,67f22222-6b83-4e74-9007-9fdc96c4d467
1959,78ea5c15-9c42-4f40-9bbe-e6645b8eddc1
1960,15ae710f-bd6e-436e-9466-35fc48bd28e0
1961,d058ed3e-41c5-4882-8bf9-acdf73fe247f
1962,3abf853e-642b-4fdc-8a80-fc9bbe45f728
1963,0cb8e672-9ec9-4706-b890-5892fd767e80
1964,f46ec98b-99f5-4cdc-94e4-7a3cc6892499
1965,216753b9-6e89-46ae-849c-27c714c8499f
1966,4ed762f9-9285-49b7-98fc-998885388def
1967,f8ed38d8-a6ed-4d30-8bfb-dc2bc498f58a
1968,b38b6d64-db02-448d-9550-1fc15345ca63
1969,9bf8b182-a10f-4d3b-be14-9bed52d0d4f8
1970,6eae52f2-9d08-4b1e-9811-5846535f1fce
1971,315b291e-d929-435c-a6c0-fe37c158695a
1972,bfdcc6e3-8d9c-4e96-83fe-4c591a6535db
1973,d21d2a39-77e5-471c-be9a-b97edded27d4
1974,5bcced4d-ce98-41d6-9d4a-caa18c467219
1975,a610d77f-0266-4975-b12c-423c4f348795
1976,9665e0ad-57af-4401-b7b9-dc8649b96c92
1977,17da8f77-1734-44c0-9e49-2cda5951f799
1978,8082fdbf-a329-498c-a598-3e3c4a508ed5
1979,b19d5046-fbb2-4eeb-a439-a8a06f659893
1980,f7abe5fb-1dcb-4ff9-9f66-6be3b5a1f328
1981,9a88c9f1-9260-4abf-98a3-7c6fc1866b07
1982,53a47f4e-413c-4afd-876b-d5040b3a49f8
1983,11efb09a-c962-40bb-92af-262d07adb2bc
1984,3681e320-7000-457c-bf80-9e89638526b5
1985,08bd0d25-8065-4bd2-aafd-88e1effa6ffd
1986,231420a9-a8c5-4472-a52f-0026d379ec24
1987,15f58416-b63d-4464-afbf-9105e9bf00f6
1988,4f5ccb5b-612b-491f-a141-dae39d22734d
1989,a727df31-d32a-4cf1-a361-5a1d419f1b31
1990,2cb7d250-56f0-4eea-a2e0-ec7956b12f1c
1991,38024567-143f-476f-867e-2ad9e22f4ebd
1992,a367af84-6aae-47e2-8e2a-2f000cd1cae4
1993,5b1c7e5d-7eb5-40ee-a138-1c04c8188814
1994,15e6406b-21d7-4569-a14a-931c573503d6
1995,f53b0f5b-023c-49c7-a0f5-09d59cce2233
1996,7e2a19b1-2ec5-4855-bf78-f1ab3c8774b7
1997,296fdf9c-5185-4467-826c-d22c77ab2ad8
1998,ba4de76c-b0b0-40f4-bd72-c991f2ea8a89
1999,41e05c7e-5ced-4cd4-bd99-27b82949c4fc
2000,0e9b2e09-a0ca-4278-863b-0ca4e098fbf5
2001,c9439a43-05aa-4f56-b353-658fbbb2e031
2002,3ed6a92f-cb4d-46a2-bc3c-d51fb60446fd
2003,f771ceac-95c9-4ac0-977c-31b3b6c52386
2004,02ca6398-6d00-4998-8c51-d24abf7a305e
2005,210cd5cc-2f72-4616-bd03-1cdfe79b781c
2006,f97b210c-850d-44c7-8c3a-7e65b0fa0e8d
2007,fb330ec0-c113-45e0-9f9e-3bcbf971d051
2008,0729a1b9-b861-4c2d-a508-3d8c67ea6cc7
2009,2a78f43f-7bd4-4eca-b8ca-150972a4f45a
2010,5bff7f27-3069-4c4e-bb0d-b55cfd08d8cb
2011,09468fa2-a554-4d13-905b-1877c6f1ea86
2012,06dc6552-b698-4972-8844-e7d829f776f9
2013,206d4ca9-8a73-47c2-96a5-94c80d0601be
2014,9a2df5eb-5a7b-4121-a2c3-73a7b16feda6
2015,f3e5fd6c-ffe2-4992-8d62-d44761e0fce7
2016,d1b28c55-4705-4165-8bf6-491a32d945a8
2017,8ee62719-2ac6-4144-9b68-d6ca7f016f39
2018,5f968e5c-9dd6-486e-bf52-f0972fbdc97e
2019,7495919a-c2ea-4d6a-87b2-74978252e385
2020,50fda897-e414-430e-9643-50e3eb3cf0d9
2021,49d5e31b-1883-4c0d-8fee-61078c57de63
2022,f8ec0dbe-3192-4b5d-8ee3-1b8e75c4e0b4
2023,7ee77f80-bbfe-4cfb-847c-f4e9156e801f
2024,1162b056-c01f-439b-8840-487f670a6c33
2025,d2490723-be5f-4653-941e-0a611beeeb36
2026,de61f282-c052-4b54-b400-b218124d36d3
2027,f91c9ef7-1df2-4f32-84e0-c9471bd8e0c2
2028,c419bae0-dfe6-4265-b2dd-72399164a8df
2029,2f0efdd7-273d-48db-9496-f87ee482d81c
2030,7154f865-8b7a-4511-890e-594533cb1cb6
2031,1500cd98-65f3-49ed-8c7e-bcf58c837db0
2032,c9f58bc4-450f-4696-877e-5abadd01dc6e
2033,a3665811-08cf-46ad-9ae3-92c18a1feda8
2034,1ef75e74-9da5-4529-9cef-108e4038512e
2035,dd6ae210-804e-47fe-b390-bd062c93a4da
2036,16aca95b-98cd-47c8-9dc4-875b164d4177
2037,c8c473a2-80b5-48ce-96cd-a9d1b0b2beed
2038,7bebf04c-23c6-407b-bfbf-7971baa09911
2039,34a5e54b-cc19-44ab-a28f-918bc4edd946
2040,04d62bed-6245-4cf0-8a7e-3f3accb798dc
2041,fe5794b5-3c61-43de-bab7-4c5d6e8d7f5e
2042,0642bcac-b960-4808-96c7-f4ebdb300b6c
2043,82aad5f6-6867-4cca-b16d-5a5f0b50e51a
2044,50441961-363c-4428-93f3-36c6978e96dc
2045,396c4cbe-d4aa-4781-8c8e-6dad43f0b412
2046,245e70cf-a5aa-4ed5-af5e-a1ed542636da
2047,af037523-f094-4d82-88e4-90c07b78f9cc
2048,d9ce7b22-bf9f-4acf-a8b7-500b7a5dc53c
2049,c4902f7d-c23d-42e7-a685-e0549a09766e
2050,cb1be0d5-de22-4396-b065-1609076084ca
2051,15586fd3-956c-47d8-a266-441d7c0c87e4
2052,bb2c218d-c396-4261-8126-e3ec13e5951d
2053,cfa26c10-26a9-4843-ad5a-f0cad209e554
2054,99e87df3-aace-42ec-99e0-c9ff7122553a
2055,ed5d0524-f5de-4c9b-a680-3fe7582d3714
2056,a4228fed-aa9d-4061-8aa5-5e6c659fd7ca
2057,3b0e93c9-2e19-4fae-9408-0d1b102a066d
2058,7711ac39-91c8-4ea7-ad65-c49ec8b677b6
2059,9442dd63-1a37-4e1b-b48d-acd98c23e230
2060,175254f9-3df7-4ac8-b2f0-0b0742349abe
2061,92f095ff-ab69-443d-a6b2-75603667aa8a
2062,7f67ae5c-9ac6-40ff-bafb-75f18ebf6850
2063,b2caf5ee-6ad8-44af-9b6a-4280c6e26b38
2064,6e7140c6-45f7-4f77-b47a-c9e6d380df6e
2065,1703b42c-ca09-46c1-99bb-df7acea3d9cc
2066,1877b41c-e5c3-4d38-99f7-c227a9f2fb84
2067,47c7ee0c-eb71-46a0-afb4-6dcb1500045f
2068,576a471d-7a83-42ae-8d2c-6ae8e71eab3f
2069,d35fe1a5-5a71-4a63-8eaa-16097fdaed9e
2070,be7e26e4-d4ad-45ab-bca6-bbc36e8c1803
2071,e714219c-22bb-46c7-afca-b15f212288d7
2072,17bcb522-891a-43d9-b63e-d351b3cf14b6
2073,57183bca-1f94-48a0-9e70-3a2aa29f5f90
2074,06df6067-45fa-4722-9d08-bb759375a686
2075,5143ddf2-85be-4212-b822-dd5aad2a8683
2076,9dcb2334-70c9-4578-bf6e-9c735086f7a5
2077,c0d83a9b-4c12-42d4-80aa-eaa09ad62a42
2078,f74e6a87-5724-47f7-ba5a-4536394bddde
2079,b67bbca3-99ad-43c3-89a2-7b06fe12a924
2080,b8ca4977-f979-40d2-bbe7-9ce050109ae1
2081,e52bfb4c-7ecb-4367-97d3-aedf61ad0523
2082,6471d2d5-fdd4-4e45-a8a4-a09835dad91e
2083,62d231d3-ab94-4989-b7b7-c424906f8229
2084,b041a216-6903-40ab-834c-87abef6b8410
2085,859303b8-71f3-421b-be1a-ee64afa5a58d
2086,37f76875-2961-4dfc-ad85-607b7196dd1c
2087,3c3f66ae-a446-4296-bc93-6ebb841fc365
2088,15176c93-b149-435f-bf51-f048055927d8
2089,2e816125-e8e6-468a-9dd6-b7cf8a5ec66f
2090,4c2d4575-1406-4b8a-a824-dc2e0a106b2d
2091,d0760dff-e79b-4374-bcac-de7fbce5ce00
2092,8659e1d2-76bd-4e9f-9c64-660a61edaf75
2093,09b78f34-32da-4ab4-92f0-6aaeef3f1948
2094,e586699c-df5d-49fa-a745-4ecd392c0ad7
2095,b0d40d25-a193-481f-8e22-5486e72bd59c
2096,d584a349-9dc9-485a-8712-a20fcfb3cf1a
2097,a7e929ad-4eff-4007-bf41-52c29ae8c5e7
2098,1fcea130-f275-4123-93d3-54d6dc151901
2099,ec04d417-5533-4102-85d2-cf41d90adaa1
2100,154c11b4-b95b-47d7-b65d-ea2db3a77143
2101,d6381e15-c643-46d4-8452-004a7d05837c
2102,0ce1748d-39bc-4fb9-86e2-d2a5fc8d6540
2103,5ef11609-df6a-4a80-95f8-275596128b41
2104,76e00aaf-5d84-4a6d-b2e8-21e137e8eb27
2105,e16e8a62-d4a4-4772-b89a-a51fe42e083c
2106,b7aee223-f48a-4fa6-9fa9-e2db3559f9de
2107,9f9e6e17-3d2a-4589-84c0-d8dd1dbde252
2108,2616035b-f715-484c-acba-81e15e020f37
2109,e4dc560a-26f3-4fba-b63e-74d59fe2170c
2110,ac6ac44f-8162-47bb-8d1f-4e7b5b678d56
2111,201e06b0-073a-48b8-b9d6-e1b5baed5b24
2112,ec513c8f-4463-4ef9-9d9a-95633cf82b08
2113,aedfd603-9680-4aa3-86e4-bb764fd48268
2114,573b1361-237e-4e80-931e-891f2163633a
2115,e6610ded-1197-4d3a-81fb-bac9d6e8a59b
2116,adc9fe98-9bdf-4fd4-a97b-e7e8a587f408
2117,8ef30d1f-f8ea-41db-9a3d-371d18ad6da1
2118,af9ba8ef-e617-407a-b5a2-63ac36e72a2a
2119,828f09de-1274-458f-9bf8-b4077adf8207
2120,87fab7fe-d321-4046-932c-cd6dcb86dc5c
2121,ca3e88cc-702d-4ddf-8c6d-2a5a24bacde4
2122,3360df1c-75bd-43cd-b667-97a8f1255288
2123,e43cb7e7-8371-466e-89a8-993d522236e2
2124,e8bca1da-4ea3-452d-b4be-01646dd57edb
2125,201e1eb7-e09d-48d5-b256-b32a3687d652
2126,ff47d739-d6ac-4a45-bfc9-d873906204ec
2127,2bec7524-f361-45ac-9ddf-5f4aaab647d1
2128,291c3512-406d-4e93-8c58-f1abb59125f6
2129,5ec26f61-5159-41d7-82c7-e7d5774f4dbf
2130,9a5b9f94-ec54-40e2-b52f-70552cecfe5b
2131,19dbf886-ef67-44f6-81e3-89fbd53126c6
2132,1817147b-819f-4f30-b411-3179d9ce4034
2133,bf6a32b8-89ec-40eb-a182-27ebd91050d7
2134,9829cdc3-67b4-4661-b228-8f4993434af3
2135,c04d37ac-d3d5-4c45-9846-549cff0526bc
2136,1ab69312-3318-433c-b8db-36fef481ed04
2137,680ac63b-c375-4e23-9947-24d75b52b67d
2138,acfa199f-594e-4f8e-938b-aee5d8c95557
2139,febd3940-b3ad-456b-935b-96ee790758b6
2140,f9b3a68f-5f9c-42a1-8a93-6f93e9b4f0b4
2141,4cb330ba-5b73-439f-af7f-58972e0d6db6
2142,ddc8d948-c9bb-4697-af70-7547f765807f
2143,7b7bb56b-d8f7-46b5-9ce0-1760c55a433b
2144,f8913bf7-d41c-4a09-94e3-2ac2ec811d7b
2145,c7debc1e-5fd0-412d-b6cf-e0899e12c775
2146,f00ab932-9c6a-4c33-9f3f-bd36b7d7ee76
2147,a4de47b6-9146-48c4-b2c0-a2a1f786270e
2148,f0b69b6a-a35e-4f3d-9591-be2baf21b98d
2149,6c7bbbca-2034-4fb2-ae76-fe1084ac995a
2150,5b1dd103-e53b-4a00-9432-ed6dbc6e2b03
2151,d819d1c8-b562-4409-bb7d-0fa8f125c804
2152,ab1bca0c-e339-4238-b5e6-fd33def25ed2
2153,95089baf-fe56-4b11-a827-e246eaa48fc0
2154,0b10a362-bfa6-4623-bbc7-8e136f659616
2155,c3dd7e87-6419-4b04-b630-bc868e20a6a9
2156,a6a0beff-79cc-4ccd-a7fc-2dd3787b0d5f
2157,19092e35-d09a-4907-8a79-7aa22960f6c9
2158,c82cb546-2705-488c-b982-765bcd81c012
2159,ab13db22-8322-4a5a-8a41-abb8946c94ce
2160,bab56cb1-b63c-4ca2-a2e7-62c0797d39e9
2161,bd1cf0e5-5184-41bd-8094-8260c8189c65
2162,f72667ae-568d-4ce3-82c7-b007f584cfa2
2163,d1805d0c-9799-406d-b96f-2c9132a3a115
2164,a961b815-8ef1-4265-aa99-cd7f1e90f687
2165,45d120af-265d-4186-95c2-548e7ef7aec1
2166,1236815d-671e-451d-adb4-c559fb8d338a
2167,143045a5-3397-41ce-868f-d3d54bb12379
2168,3297e737-b148-471c-a0b6-77165c9bcad7
2169,75b26f66-e6f1-4100-9d20-1232b5419894
2170,3fb8f69a-e61f-499c-a050-fa3bd0af590a
2171,29114be8-45dc-408a-b7b2-1ab1c01fa1a1
2172,5944dbe4-147e-4995-be9f-6b43b1c06668
2173,605b534a-ec9d-4c5b-9294-973f83db92a2
2174,10e4d7db-48ac-4e90-a126-e66def34f897
2175,776c89f1-1c6a-4dc2-b1e2-3dce2bd1c290
2176,fa2c529a-25ef-4fe3-9874-43c0d484cf08
2177,4ce0f7b4-2978-4ef4-8b2e-e7fc485abcef
2178,7972ebda-c8ee-45a9-a569-80ab834dbab4
2179,f27c7a86-a7ec-4596-b98f-515901ed3f4d
2180,1fcc6779-2f89-4bf5-a1fe-459d32bd1a9b
2181,410faaad-bcaf-41f9-bcb9-7c1ed7a6bdcc
2182,76619197-7414-4a25-bfc8-309646be31d1
2183,f461bfb6-de44-4fed-928d-624043ce5294
2184,504d3dae-0356-46f8-8e32-c803907267e9
2185,ed0be4b7-0f8e-42a0-a64d-b124c0fd4eeb
2186,23ae9c1f-7923-4a27-92ef-cad493a30a74
2187,767ab9ab-33f6-474b-b654-c384b667a6cf
2188,d00fd853-9ad0-4f76-aa96-cf6cd03e1763
2189,8ab5eba3-d2ac-493f-8b73-22545a930fb8
2190,db7895f2-9433-4da9-a223-e2daab605450
2191,c701f886-a145-419f-96f9-4b99a22f21b7
2192,782fbd26-815c-44f1-b258-427b63238b3f
2193,cf18bfea-6bf1-40dc-a5ac-80f36080ab1e
2194,6670a3b1-6d60-41c2-88d6-5af174aa2d24
2195,f4fb2171-249f-4637-b073-c3fc292da67b
2196,bad62bb1-ce34-4d4b-b18d-0329ea2c1fb2
2197,11f915f5-6ed8-4b3a-8c7a-f52ed89106f7
2198,d26ba594-ed70-48c5-91e5-07a354370868
2199,6e065941-a8e5-43c3-8f1f-0d857d9e7bd3
2200,3cd63184-0931-4fe5-8cc8-e4ab08c69eda
2201,f1d49c56-200f-454a-a55b-4f48f48916a9
2202,1599d71d-4aed-4fb9-87ec-aefa9a7cb783
2203,379c1518-6964-465f-8811-ac61d470323a
2204,bd86748d-06c0-49cf-b9cb-2d194410a933
2205,13295ae4-10e4-4f12-9235-5653e214d863
2206,a3adcb5a-bd7b-4654-a592-6be256b13352
2207,3b689327-1278-47c1-8997-0d727592a652
2208,df923cd6-411d-4e74-827c-5b4b0f8cd8e0
2209,d3fbb5bf-caed-4b63-868d-3c8ea6f94a0b
2210,7be17003-95ba-4f6d-a06d-fe866307aff6
2211,813aea22-a085-4d22-b81b-8e2ef10030d0
2212,155b13d7-2d67-47e2-bfd3-6fbdea93dedd
2213,c711015b-4294-4950-a706-0fdc0cbd7d2a
2214,a7b0af2f-32f0-4836-abac-da7f10803ca7
2215,49d71f26-e04d-4597-a044-2bfc9ea60d8f
2216,5578196e-7e14-46b6-b252-12318f90ed02
2217,27da7fad-0b87-4593-8f36-087bba36b6d8
2218,46bd3557-2ace-4846-931a-215103907ab4
2219,ee924417-aca5-439b-b374-349f3ea367ba
2220,db7b8a7b-9f9f-4a54-a341-deea710198ab
2221,1cb4aee6-1bc9-446a-867d-4a43f0807215
2222,e955474a-3b0f-4b64-b5bd-a424b821df5c
2223,d589aab5-10bb-43ca-886c-77ba9a583cad
2224,2464e614-42d8-46af-93d6-04184e50720f
2225,19493231-3546-4a27-a922-a99a82a26877
2226,bd4e508b-23a8-46c8-b084-6ce2c16319e7
2227,d6bebc0f-68f0-43be-9ea1-1c5462c54bd6
2228,3697e3e2-4f45-4dee-befd-cfa7223b8eb3
2229,92019273-6be1-4257-b7d0-38a42531910b
2230,58750caf-77c1-424e-b233-d979446455c5
2231,e08a91b0-002b-4402-8108-6eb849063b33
2232,e2f9857d-eca6-420a-8f3d-82f7aa8dda33
2233,5ecfbdc8-88a8-436b-aa25-709a28329e06
2234,3e8ad7a0-13d3-46b5-9715-6e6a290a921a
2235,bf401dde-b174-4976-b3ec-13858c484128
2236,aa43abcf-3cb8-4867-808d-e673c21a0653
2237,842235af-24a5-4f5e-9951-2bd3bde968bf
2238,27daa077-9d73-432f-aa1d-678dd81fcb37
2239,4ab997b2-2800-4280-8a25-17cb940daf8f
2240,780a77c5-464f-4a7b-8942-5b902efbcdf4
2241,996115e4-2c98-4753-93bd-6af2d9be9731
2242,f3b00c7b-2580-46cb-a0b5-2bee6eb6f014
2243,a65ac652-c78d-4d86-bc31-d9671f8e029d
2244,681f6742-3127-4eb0-9ac4-dc1dce6390a1
2245,330da7b5-66eb-4fec-b0b9-4c8787948aff
2246,b2d59b47-3d81-42e4-861d-660ea74053bc
2247,067d4ded-7a44-40cb-abb4-c9af441e2057
2248,4123d6a2-94ca-4978-a83d-45d99f92bcfa
2249,5afbdd3f-45fd-482b-ac48-f9b6310571cc
2250,111585ca-254e-46d8-86e1-0597d5ad6a2f
2251,e2f517d7-f41f-4e7c-8565-90032beef3e7
2252,066cc4f7-12ca-4d96-a00f-0f679475c843
2253,62228253-742e-4ff9-b103-a6d898fb0509
2254,76528151-63e3-40fa-9d93-68c9d1403d71
2255,4caccf69-0b21-4e8d-87b3-db83b9ca9149
2256,8e691dee-a2b0-48be-b3f9-d5b88a9fef9a
2257,ddb462fc-8167-4f92-8e81-6a51e01fa31f
2258,ea8fb10c-89e2-421e-8b9c-7a65174ea79b
2259,0d17dfb7-4d1a-4965-975b-4adff69abdab
2260,197613e3-4fc2-43b2-ad27-23b8272e2ebe
2261,894cde47-24dc-4807-8c99-c91c991df42e
2262,1595d35e-c7d8-4641-8a02-3208b37e8fef
2263,6a0b1334-512b-4949-84e7-54fc03efdd59
2264,d0929112-259d-4c85-b8bd-6a5a29f83654
2265,1a605b82-89ac-4e42-9dca-4a8418ef762b
2266,df7f6f0f-3a4a-410b-8868-db55a114c7bf
2267,f96b2560-49d2-4e89-833e-ba58dc0b9cf7
2268,21fa6fc5-b72b-4f61-b8c0-f918e03467b0
2269,432e8b06-9d5b-4eb8-9df1-822fc5523328
2270,421a670a-6233-4585-b82e-fe04bc4b042a
2271,99895cde-9842-4c38-abe6-0a765967b70e
2272,fbcd0db4-25aa-4bea-9066-2fe14f702a34
2273,0d64b698-374c-494b-bc7c-bb235be2e512
2274,7c43b5d4-30a5-40ec-9296-8176f4b6445e
2275,e3d59bf3-0581-4cf8-8f63-917c6c6d30b1
2276,73d0539b-f8b2-4d5b-9594-d714eca1825a
2277,77ccfc93-0f0e-4e8e-b3cb-637825a82fa6
2278,2fbf46c0-fd2a-4ffd-8770-ba254d792c96
2279,2df4d7b8-7b5f-4c87-8b29-95269ccdaf7a
2280,a9c44d61-e22f-4a79-a509-ec65f8bbd412
2281,8e46db1e-24e7-4810-8c1f-831bb44066d1
2282,9b09747b-7126-42cf-a6f7-c9eadfeefd0f
2283,1e61e352-2a0b-4185-9b0b-1ae2ccd6286e
2284,9c2c73d4-a22f-480f-9dd3-9771af5ededc
2285,fd1d0996-5eac-44ea-bf83-b7c2349e41bd
2286,0865228f-5b3b-46f6-b316-f1d4ae37404a
2287,3152e0a7-929e-4acd-ba25-6f29dc7466e2
2288,d057c5d0-46d3-4d12-afbc-9130130ffcf3
2289,1e9a8bc2-baa3-41ca-ac4a-f6040dc18ae8
2290,873075c8-be9f-4b6e-a724-77ac26202641
2291,66a18f03-540b-4dd8-a885-923d4c453754
2292,2aae1113-8efb-409a-8dc2-b46e0d77b6a7
2293,624c23b5-8bb2-4ef6-a104-0df049d0fdd8
2294,22ddb2e2-680b-4a66-83c3-e837979fea62
2295,72b307f4-d6a0-4f2c-926e-f3a7d89ec485
2296,f438954d-2038-4c6c-bc1c-9446b26c4b71
2297,103bcbbf-a3d6-46ce-aa8c-523f4383bd0c
2298,979f7297-1084-480d-8837-b2afaf9c30d0
2299,c5fe2a7a-4bff-4e55-bc16-f7d47e0b0c9e
2300,a31b7349-4329-437b-9448-e37e6f43bf09
2301,0b488d5d-ac7c-41fc-b5a9-d263580b48db
2302,fc0b85b5-3248-4f70-89e6-382a6ef5447f
2303,dee31ce9-ccbe-4cad-b77b-416dc3b6e6ad
2304,3edcc1ab-0a4c-4edc-aefc-763310c18159
2305,0fea5ca1-5382-4415-81c4-6da0e78d02ef
2306,1833e22e-128e-45ad-8c7c-39d2707a6a58
2307,c05a66fe-692b-436e-a13f-8433691535dc
2308,5f2f2689-0e70-4afd-801e-af7b38afdff4
2309,764b68c3-1563-4f56-941c-72d8cee4886d
2310,e10b0adb-c051-4f42-93ff-6d53cad99733
2311,1688db5e-0edf-4f45-9b25-5f43035fac63
2312,97ed8ebd-1adb-41c7-8dbb-00528c6656cf
2313,ad89c807-eb99-4520-b8bf-92af1dd99640
2314,0a03a079-6910-4e6f-aecb-fdd20ed351b1
2315,de5e4ddc-04cc-4d6e-aead-9a5053c6baf5
2316,d04303c1-4eaf-4cd4-8c3b-4943c64756fd
2317,d1935e84-31a9-4b4e-9dfe-6725189a0f0a
2318,886c6556-901f-4991-a400-63d6f1cea3da
2319,fb143668-4611-46b8-89db-3360a0b64980
2320,ae30ad21-3101-4fa4-be9d-0299b21f0365
2321,bb796f3f-466c-475a-8e2e-bc58d27b96c2
2322,8df209dd-77dc-4344-91f7-766aa6a0d482
2323,f8d39ed0-8847-4248-8c57-7272d8d2b95a
2324,54f3eab7-be11-4844-a24c-437e9f1a60d2
2325,4c774f8d-575b-4249-b7f9-f02e4b4ddaea
2326,e820044c-c3c8-4780-9079-2b3fa8a6156c
2327,ab01eb83-2f2b-4662-b080-92d3cb5d952f
2328,8051a3c6-0f9d-4891-b3b4-bccd27ca56c4
2329,b20ffc0e-2501-4277-92b8-d796c64eba1f
2330,8d6f061a-ee17-4090-9b76-9078b3df68f3
2331,869a5fde-bfad-44e5-a8f6-06796f83e3e7
2332,498d6617-d643-4c30-bd0a-46abd2fd9b61
2333,201f607a-0e4c-44e9-954d-7c5162414d59
2334,2aaf4ba8-6cfc-45d7-b9e2-3ad8436799a1
2335,85cba229-0c2f-4e26-bc3e-5153cbc739d8
2336,f6dfec7d-fc87-4c92-905d-16270c2d9474
2337,c6e3ebd1-4d14-4c05-8961-e54dd5cacb3a
2338,5b67e032-dca5-4ed9-b6c7-d3c7b8d50002
2339,540b4d83-39a4-4da1-8314-db2829aed708
2340,1b2e6b9a-f436-41c2-9479-206774d734f2
2341,24f22279-460c-44b9-9df7-42b8a571906d
2342,9ab25f54-e7eb-43f4-b55b-1a8a38ba2e73
2343,f332d0e9-7677-4c5f-a199-33864225b458
2344,ed73f023-e7b2-469d-9b0e-79bd19449c06
2345,f641f084-5730-4c69-abf0-a7a1267b0bf5
2346,584c2304-229f-4254-8b25-12426e654eac
2347,39e20a9a-82c4-4c38-9625-e224413a3060
2348,39071491-4e2e-4cb1-b79c-3fe6bda0a3b9
2349,c71702ae-53b8-417f-a703-fa9c22c0115b
2350,082c2140-94e4-44ef-8b4c-b0e2bac5fa90
2351,9e4ea055-7019-4c89-b3b9-21d26ab74760
2352,3d6917dc-ea8b-4c2b-921a-1eb4452e164b
2353,95ed3b96-7cc9-4002-a990-26859420db92
2354,4ec7ef16-1895-4047-a0da-106f627b8b15
2355,237e8817-cd57-4f80-b76c-0d2792dac06b
2356,3fda5d0c-23d1-446b-a92f-7c235488753c
2357,231b6332-2f00-445a-acb7-450957132866
2358,25faebc7-d960-44ba-8b88-47f68ecb1078
2359,ce5db5ac-1588-40f0-8044-f26145517921
2360,d73bbc4e-d83e-42a5-8e03-176c3aeab346
2361,fd7330da-bd70-4d50-abf4-2baf7be46d4a
2362,d58c6b06-604a-42e9-b2f1-322f33bfcbb5
2363,371f0d3f-2fec-485b-b0af-4a5e97603c65
2364,a1f6e699-a412-44e9-ab25-786b6626c7ff
2365,ecc6e944-56fc-44c3-8463-1f7d8f07bafe
2366,9d592090-3ce4-4a5d-bede-0323af429063
2367,f6a68920-5978-45be-b97f-d0a8e0516089
2368,40bbfec5-e24b-4fb6-b677-642f0d9682c6
2369,4fd13676-031c-4e99-8777-fd3e491e6e11
2370,51789360-b688-4282-808c-0f044ba15e1e
2371,e65d396c-1bd7-4a8b-b1d8-7049978a863c
2372,d9ec513e-4c2d-4760-819a-7e9905301268
2373,3d542cdf-6e17-49ed-a035-7077338473bf
2374,2387e4df-baf3-4ccc-af94-9da5786d2cd4
2375,b0a9364f-2e54-45d8-b95e-0c0a9343cc47
2376,0e6023e6-ca41-4107-89be-71f081673097
2377,de88bf41-f838-45f0-9ab8-38e1d676d1d2
2378,2864a04d-0c89-4522-a600-a71b1ef5d2d3
2379,da64e97a-4dcc-428d-a68d-086e163186b2
2380,58564977-3674-4c55-8c57-2c2453d2ffc5
2381,085e0e5f-3b33-4cb1-b71d-feef511ba4b2
2382,37a17a32-ea77-4920-9674-2f2393f97358
2383,73121a68-e8a4-41f5-a1ab-1dee831ef0be
2384,46b06f23-cb8b-4e77-85fa-89c50adfd9d2
2385,772dbd05-cf24-4c12-b19b-e1855144b5d1
2386,d047a4be-e7f2-484f-a7ca-ebfef9e1870e
2387,7716c907-f94d-437e-a940-3776c64f4164
2388,be2f64e0-ecfe-4f00-9916-32730f8afedb
2389,dcb1d45a-bf8d-429c-9148-60283edb49f5
2390,46dcb1e6-bedc-45c7-b4f7-37b2101c9645
2391,5dc24178-9eee-43fe-8568-62f66493541f
2392,7beb363e-654f-48f3-a62d-02d93aca48ca
2393,013b8e9c-7914-4f1a-b807-722ce90ace86
2394,e5cd8e3c-922d-4201-9d90-073eeb757d65
2395,9ab32cd4-463a-4183-ab7a-52dfe5dc4107
2396,2a017896-418b-4d6a-a508-076b3c61c43c
2397,68afe4a5-bfaf-4d99-9c5f-ce98f9b69494
2398,6fc09457-c40b-4ad2-86f6-d567c23550df
2399,3eab0566-2010-4183-bbf6-1677e639b315
2400,2357cbc9-8d6b-4992-9e0c-1743a53fab1b
2401,4c2ae8bb-2d4f-4b3a-91ab-5fc89921e659
2402,7d52f042-ee60-416c-8353-dbd6dc82cc03
2403,8a15384d-cfe8-43fd-a056-546c4ac7a6d6
2404,34295b12-f9d1-43a8-9125-0d091d46b360
2405,805e50da-8b64-479b-a49a-668e0078f4f2
2406,a5f74456-2252-4aeb-896f-1b9be6cfbcd7
2407,1e272917-9352-46ef-9cd3-ad665d2d482d
2408,b179121f-7065-4e24-b64e-b88a85aff195
2409,915767f5-8f1a-4aaa-ae39-5f9eb025a3ac
2410,e940de6f-cfb8-4a66-baf1-8342dfb42cb9
2411,52a2007b-ef87-4d73-b227-714e7fc4b6e2
2412,6d97f0ee-0397-4f60-9dde-46e37ac06ec8
2413,62f92a17-f654-4028-af99-a404003a54c5
2414,0e5c6d91-b232-4502-ba19-10c9bf975c5c
2415,b23e864b-d1e3-41b0-aab4-a50782dfffa7
2416,f5dd3105-e641-4b9e-b415-32d1ebaf29b8
2417,2dd22254-b831-42e7-9300-c35eb18a1826
2418,be0e34d6-e2ed-48d7-8f57-f1c7c94e4d71
2419,0217a881-c64c-4a5b-b525-7aa161597efc
2420,e4e59f1a-1500-4674-a195-31b0f5fa5154
2421,899a7908-01a3-430f-8160-5df99ca8d8be
2422,b8a34b4e-542a-455f-a562-36cec2eaf850
2423,0599de36-e964-4bc2-a3e1-fa50395227c0
2424,462bd0a8-3727-48b0-8aee-2159bf371ac9
2425,177d56a5-780c-4d96-bcf7-f43f30f8ecfe
2426,69c5a1e2-79ac-426e-8fd9-05f84342fb5c
2427,870541c8-8380-413c-94c1-7b98f4e6e79d
2428,6f185a75-e232-487d-aa70-4e9e36976e8c
2429,e18dd27a-0cc5-40f7-97fd-21068e012081
2430,326cde60-bb1c-4e51-9877-aff96db60de7
2431,d3e2a6eb-8ed4-474a-b05c-8b41a6a328a6
2432,b048db99-081b-4576-9cae-6cbe3053b8cc
2433,eb52bc64-da7e-4ad4-96cf-35ed8f48a6b5
2434,71b2284f-e431-4212-a947-36065489867a
2435,5a759e2a-7c78-4d40-9fe6-ae87f3b4b8f5
2436,ff1b8613-7688-418d-84b8-0322f25c45ef
2437,ac359c11-0386-4061-898b-d419aaa5373a
2438,8b7bc03f-8e9a-49d8-9c40-9be0ee09f3ee
2439,a9ec9e0c-bc75-41ab-90a7-123d61faa2d0
2440,f3923401-a3e3-44c6-b5c4-88781e6a021c
2441,31bb445a-595f-4869-b417-d1131ee080d9
2442,5d0026ff-f7df-47a4-8e22-ff4d15a68053
2443,868c4f44-5978-4f5d-8175-8caef7449fe2
2444,346922c4-0378-4b7c-9ed0-47bcc7ead8e9
2445,31e97912-fa30-40e9-b1cc-59d3dcce6d44
2446,e6e92381-bf77-4542-b071-ffd622734420
2447,c8cf6d22-1a52-4d91-b1a0-1a4636886484
2448,809cf57c-b385-4e63-a805-799fca9b7621
2449,f3487b35-6a44-41c1-9ea5-ffac69170409
2450,64cdeef7-7b05-4456-a2fd-a467877b2c76
2451,cb65faf6-c3a5-402a-bea1-40c831826b6d
2452,abf2d699-8327-4be2-bce3-3df947296ce8
2453,a9c6ad20-154a-4390-92df-27781a0d94e3
2454,9696bde1-f088-4b9d-8d2d-45cfc4884a52
2455,bbbb0366-c1a5-4a57-b835-1263b4d63a24
2456,aa96d97d-d228-44e7-898c-f8af1bf7b654
2457,09650923-4042-4a6f-adb1-564cbabf3446
2458,a83017c9-a6ee-44eb-b671-e36a513b068f
2459,a1117e01-89a3-4f54-9eb9-9ff0e2f902af
2460,5b83405b-cd2b-4182-828e-3d7d2f1ced12
2461,36327959-7b98-476c-b03b-72a968e50680
2462,65b691a2-b3c1-43a7-a444-4842aa2a92e4
2463,9555a134-fd42-4d3d-bead-b105fa536fa9
2464,50e91ef8-27f3-4ab2-a922-de5a4fb15b1a
2465,c467cf8b-3130-47ba-a4bc-f9f099f5cd22
2466,d2835093-06e8-4451-b618-22f5e300951c
2467,67a8e10b-ef8f-4959-80d7-6bd8ca98b2e3
2468,6d6084ea-f749-4714-a6ca-1333a91dd7bc
2469,216ff628-7291-4683-9d2d-c67ec781fe81
2470,35ccb05a-c047-4d00-a099-2c10b028d32d
2471,bfa28a89-a58a-4d74-ab99-6b0ff22fc92a
2472,c2092355-9181-4860-ab84-d4b6db8d12a6
2473,ca80a2d3-20cc-44ed-a230-67f7eebd9259
2474,22a5678c-ac47-43fb-bfce-10f5b3de9461
2475,6c3c6434-3571-4374-a85c-1afb0c936c70
2476,9e297a48-e56a-40d8-9ce4-122f213ed80b
2477,d0ecd7f8-a6ab-4f92-82e1-96da5a5cb89d
2478,6810ca7c-2841-4c91-923b-d0373d26a420
2479,824ec92f-d47c-481f-bc4b-f633d17ea3e5
2480,a9f14115-7da6-4200-becf-a267159ae8d4
2481,97a0a126-d7aa-4981-b109-9aa960e5c542
2482,34cc7097-4ac9-4a59-a8ea-2d0d003fbbe6
2483,16712ad0-628b-4785-9540-1c35e7a365be
2484,1f9816dd-6104-482d-9980-a09bac79765c
2485,732dee62-fb37-4c2d-a0ed-063ccc889916
2486,eebe08c6-803c-4636-8057-2bd5580c03af
2487,ea297794-2d81-4929-934a-9b28937bff58
2488,a088e5b6-ec56-4252-8203-56b922be53f4
2489,d64d2121-0a79-4f6e-9f3c-ae87e11e743f
2490,1488c76e-dbd2-4b6b-bdcf-0361d0f7b77b
2491,8c00eae0-8cd1-4a86-adfe-d7118eb88eb2
2492,69876118-b0e4-49e6-b564-00f4a71f2d29
2493,a293550c-6e08-4997-b824-c3a7a0e72afa
2494,fc850608-b760-4db3-8238-50b863b9126d
2495,fafef344-33dd-4127-9758-030a638a8157
2496,186033ff-a398-4a2b-8447-92fb64012b73
2497,3fdc3069-f434-432a-9b32-50eba6f2541d
2498,58509116-c1bf-4251-a602-ddf440a12ed7
2499,e47e41fe-301a-4331-a59d-3d69dc25b103
2500,898f75f8-aa32-40dc-bfd0-72413ca8c707
2501,817d6cab-d890-4a61-83db-a084ed2ecdb3
2502,36607b27-ac7c-4f4e-b92d-43055a080668
2503,b88a9d6a-2bdf-4345-a509-cf0d242bb69a
2504,213a9cbd-e587-46be-9d2c-e9c13ef4b0b2
2505,19d76358-0a7f-4086-8fe6-217972f70a04
2506,5604bfda-3e0a-461f-a281-3809a05b229f
2507,702a17d3-a12b-4135-b757-a9f5ea27088c
2508,910501c6-9535-43f0-a61c-4d01a90e4c93
2509,a7e47ede-0e79-4727-94d4-3bdfd6037efa
2510,dd6fa7b0-847c-4c08-9679-7a45cf20c98d
2511,fdc63676-a2b5-40bc-b961-9efc92d610db
2512,8ba8e404-4af9-4d19-a0b0-028086d67f76
2513,46da0baa-ed20-4bff-9ac7-cd7b74dfaa96
2514,128bc0e3-7718-46d8-bc6a-c45fb2ed921d
2515,46df3f4a-d5a9-49d5-80b6-b342e5c071b0
2516,b739d014-9146-4a56-b181-02b8ebc881da
2517,433bfe92-3b51-4135-b1ae-24511da8e597
2518,20d8bf27-5590-4f28-a832-e91a1e09eea4
2519,272bd1e5-d97f-4922-9d0c-763f39a16b36
2520,087acc72-ba3c-47bc-ad36-755a7ce4f928
2521,dcfc873a-d75a-4807-af9f-0dcdca8e7243
2522,9fea7293-4b07-4d4a-959a-5199dde2d538
2523,8d749660-8bec-4b24-985c-817fc0a9cc57
2524,e34b3e83-f8b7-4712-940f-3442b2509d00
2525,06eddaae-ed54-46a2-b524-97378b3d3a06
2526,f2c09b1c-d179-486c-96f7-d0bbe24104cf
2527,940ca837-a73a-4e1f-9113-a77de3f5a45f
2528,60e442c6-91f0-4a62-9ac3-f7b08b9394be
2529,1a8f2845-e394-4eed-8035-7ebbfbb9daa4
2530,65085e86-88c1-48a4-bff9-4f18ef43e686
2531,e6576ca0-2768-49a2-b443-1a8970882dc2
2532,9c34940c-a826-486b-b215-c4d26cb9984f
2533,e619b80f-123c-493b-9f8d-d73c032e7241
2534,e7513e0b-9ca9-48dc-9969-772c53c02e65
2535,edc27bf1-78c5-40e1-babf-696cfdb02c85
2536,906360cf-ee23-4d37-89dd-1adac71a617a
2537,428769b2-844f-4f1b-99a4-ddc9ce80f8a3
2538,23b9d187-ddd2-4ea4-830a-b2ba8f090a77
2539,56a32b95-8e9d-4c2d-9edd-16c776ab6f3a
2540,a3e0eea9-cfb5-44ea-93a3-2e999a4f479a
2541,37872dee-8341-4ed1-95d6-0b72f9bb77f2
2542,4d9958e3-d44d-4716-9ce5-1577e1b0a323
2543,3a0d2df8-0489-499e-9e85-a3820d13bb99
2544,8b39f276-e4bb-4c08-8b17-9c357715408d
2545,bb8bae6e-afa6-424a-86d7-2008d21c9947
2546,14dedd6e-a1d2-43b0-bcc5-78b17f3d94f1
2547,11fa24f3-196c-41ed-97e9-6b98a40ad4f0
2548,76f1e4e5-355e-46b4-a52e-18e15ad54f05
2549,e1d21f14-e4fb-4060-bf39-a53bb6b0a8e5
2550,ebbbfded-8e26-4dc7-919b-425f24bd7422
2551,d4f88b40-39dd-4581-828f-416dc23c5ae4
2552,77ab9678-6d34-438b-81c1-0d4543398310
2553,fe867769-7db3-420b-96e9-154516afafd4
2554,b1b868a3-394d-4ddc-8cb0-962d85ada365
2555,cdf98b93-518c-4d10-bc57-68a7c92d78bb
2556,44bf2862-86f9-469b-8ae9-0b638174d28d
2557,5301fd87-5a04-4697-a450-23a083856e00
2558,bf3ac90d-5b1d-4f63-88f6-cd73ef0a124c
2559,07e8d24d-b9f6-40b3-bc09-9b08900df3d7
2560,0a89fe1b-20c0-4acb-a9c4-873923c0b177
2561,8de4e7e8-769d-4465-b30f-afefb9cc663c
2562,262cda60-7f81-433f-b475-1e34cbc8c6a3
2563,3d00ba00-b21d-4f89-8965-568026fdb361
2564,77d39dfa-138d-424d-9ccb-cc8c11dd68a8
2565,f086789b-c655-40a4-9547-a54ec3a601f9
2566,44092e75-5dd9-480f-bcd0-fa076006f31e
2567,741f5b7b-9bf9-4d0b-9921-d251366c9ed3
2568,6b5a500d-9e5c-43cf-b518-80ef9055d039
2569,debb92b2-cd7b-4044-8e80-14bda0c04817
2570,13fedecf-6fa3-4ac3-85c9-4ba1d6ef8363
2571,7abe60e8-d9a4-499a-afd1-b4cf43e86c25
2572,b75e66b7-7e03-4363-99ac-30262731b58a
2573,cc1d1c2e-2c13-42ae-8cba-e3df04d24fe7
2574,2c16238c-aa25-469a-aaf3-42a66e8af8b0
2575,4b615c16-57af-469e-aca1-9fd67d020a7a
2576,07e21b5e-9c44-4069-951f-3ac22483eb6a
2577,51581267-8dcd-41d4-9777-c81e83f691c5
2578,b53ccfe0-e1bd-4c4e-834c-9e4e80ecadb1
2579,bd15137a-8f66-4a96-a38c-097097ebd984
2580,d72f5b6b-d743-4fe6-a536-d65afb497150
2581,b344af53-36a5-49a6-a75d-10e90115f6b6
2582,098ec0d6-813b-4315-b139-e3f471046a95
2583,d158d527-0d13-4d30-b38f-c733c551f2c1
2584,791a7a8a-dd5e-403a-a0ef-0df41eb6c6d3
2585,fa815b70-df6a-43de-80d8-0cd1383c7b19
2586,14676895-82b3-4dc5-8d07-47ad64b4d15c
2587,911755e1-116b-42db-a0cb-5a981c3d26f6
2588,d3b2cfc8-e1f2-475a-b266-6bbc758e95fa
2589,4726c4f4-db92-4e77-90ac-67b455dbec6e
2590,a0e13d1d-6d78-4972-93c9-87b75d6c049f
2591,82ab0416-c84b-4b00-ba48-2916148c208d
2592,a57841e1-af0a-4c45-8995-059fa27c5f63
2593,687b70c9-8743-4f17-b571-b023c39e69ce
2594,9bf2c933-8328-4038-9a26-61796a3234e4
2595,688b792d-0dda-4ed8-b3c4-72cc8a286b92
2596,3653c5ae-f52d-4824-8046-45bd1920f783
2597,0ef8dcf6-1a92-4a6a-8b71-640aff8acc5a
2598,f55a4139-ae4a-411b-a7a8-446a09be5c44
2599,8133bf39-5acc-4c5c-9e39-160615138c5a
2600,67077795-8ceb-436f-8cb0-2115e058dc42
2601,6af82a6b-7d7f-4d67-86e1-78df2a858c1b
2602,6fd30c9c-8af7-4f98-a5e0-6e673e716983
2603,54d0b256-504b-4aa2-a0a3-d8d67992e8e6
2604,c6476aa1-a4e4-4b34-aee5-f2fecbe60c31
2605,8c9e1e70-e162-4dd1-85ae-d04810de84cf
2606,2f2a125b-c96e-4f69-826c-50a554df5fc4
2607,4e15085f-c1e5-4c2e-aea0-c778f3bcce37
2608,acf99f05-83db-4df7-b50a-de4e5e4d00e4
2609,2d9436b7-eb16-4b41-a007-f34b077d011a
2610,e89d878f-be57-43d9-9aec-fa1d23f96bd6
2611,f0544012-6d44-45d4-b89d-c477867a5273
2612,a6375832-7c48-4b56-a359-53b82b0ba6b7
2613,35b6d35e-d7c0-4362-8945-55cfd7cb925c
2614,6664306e-a116-49d1-964b-c447d1d3aefc
2615,d36ab6b2-c1b8-49a2-9db4-6f01c55e8583
2616,7e024b27-acdc-4946-b182-bc3b1116f828
2617,2fed65ea-0118-4599-9876-5e8ff544b4f4
2618,be726db1-c9ff-4ebb-a960-475ab93ee241
2619,32cb5efd-d197-421e-bcf6-5e23eeb58816
2620,7e0083a0-ab00-4622-9c6d-f5975381537a
2621,ee1614e5-77df-4ea6-a4b7-fcea7662e831
2622,5eecf7e0-465d-48ad-8285-eeaba4267291
2623,009b012e-1f27-45f3-9e7b-cbce5fddcd0f
2624,297e38fc-605f-4448-96f8-8bb0731a609d
2625,ab0a5a0b-7ea1-4304-8422-9587033c8dc3
2626,7e19b5de-4c05-4950-ad0f-dac793953d1c
2627,e794e834-2b18-46e0-9341-1a1518bac66d
2628,00bd9ce8-25e4-47af-9283-8be7cbd4387f
2629,98fe4f63-5b75-471d-ba94-501edcd25897
2630,f5139cd9-5068-4d0b-8e46-72ec3ab0b39d
2631,675b7bd5-11ec-4653-b5e5-5f1666d6af99
2632,5536abb2-cb0f-4f34-8252-110413431c10
2633,aa244482-c9b6-4896-b5bb-70a48817cb78
2634,3efe5bb0-e696-4d62-9d42-3d73f5a0e59a
2635,49905200-3a4b-40fc-a55a-f5311d084bea
2636,3cd0f4cc-2c4c-46f1-a78f-11311d66863f
2637,45af72a0-9804-4bd1-82be-b69c06085443
2638,e7c9ac9e-4a68-4ab4-81b3-9f52f1e7de41
2639,4c573c17-4779-4285-b694-9ce22e2ce43f
2640,75fd9b3b-c584-4287-9f4f-709d8d2c9c42
2641,d069f0f1-7a9d-444d-b3b6-961526e0d1db
2642,09ce254b-e605-451a-8e90-a6c749416100
2643,67d28e32-1573-4f5e-a0bd-4cf2c861c248
2644,5a6035bb-73fe-45cd-9065-e964f4b07356
2645,4071809a-46dc-493b-9982-59c8e38eed18
2646,c477f464-9be0-49b1-8a82-215b3af97e11
2647,58f6c9a0-8478-4072-b143-d33f38234cef
2648,8ca1e2d6-b9e6-46ea-b056-21ca6c41cb7f
2649,d4a47f2f-e5cb-4f9e-9cee-4c3ba3352498
2650,c91d19c1-4aef-4b8f-93fb-02aa54731939
2651,0b3eed15-4651-4eb8-ad8b-544c47431647
2652,73ac70d3-4b96-4c87-be8e-94bcbb4a3215
2653,a9e2e717-9a07-40ab-8dac-c8ee48f8fdb0
2654,0e2d1e80-5fa6-4ac9-8597-e3cf5a8bc88f
2655,9c2c0a11-80b3-44a2-8d0d-affc2d33e82c
2656,cf8574e9-95fa-4a9d-a2be-23ee19e35955
2657,f3accbb7-759c-4d7d-bbe9-92d201ce2f3b
2658,465fd9f3-6daa-4a77-8c96-49b9ef396a54
2659,2a9610a9-a0b7-47ac-972d-77773aad1430
2660,313557a3-0431-4f58-864d-c77c9b6a18e1
2661,af15643f-3407-4dfb-8dab-dca9f9a8a986
2662,fb701d42-587f-4a1e-b625-dbe02ac30294
2663,be830e17-fe55-4a42-8c8e-300c72c11bc0
2664,e4eae9f1-1692-4ab8-ad0f-775fdd263a02
2665,3aaf74c2-b022-4e72-afa7-31c4499d11f2
2666,f5357e2c-43a3-4cb0-8117-bdc1b15f8c98
2667,bfdb5733-948f-4b60-9016-017016a42f26
2668,5f1f4e96-906b-4bbe-9f58-fbe4a4772985
2669,8ba6444b-ac2d-4f64-a612-66f4201ad0e2
2670,22d60211-365e-412d-aeb9-4327a68450f1
2671,a163f831-7e2a-4e34-9683-889f0cb8c621
2672,8ecef5d7-17e4-4c18-b81c-ba1f5bab7ad1
2673,33e20bc4-3979-4b5d-a2a6-9342978a46ea
2674,3ff21ad6-9030-4dc3-9c95-64f5dd0ba1e6
2675,e3f509b1-6f38-484d-8b9c-0ba2902decfc
2676,fb0a6a1a-0dc9-4745-87e4-b6aff0a8747b
2677,644947d5-9d8b-45f5-8c92-7e4d08e38842
2678,813f5832-fb71-4c4b-a71c-fe75f040dd3c
2679,7c0289ab-a377-48f8-be1d-954212642b01
2680,d287d179-7858-47be-913c-acf990415d73
2681,f39612f8-094f-4c58-8db5-625eda198222
2682,a7bc09a7-7f51-4149-9364-5d0ae549569f
2683,61b03a39-c33b-4b34-97da-be11a97fae6c
2684,4d08a99a-3266-4889-a75f-90a58f6daf10
2685,df5c38da-69ba-4829-89dd-5bcc7c8427df
2686,b22c6b21-b532-4a1a-9404-6811bcdcb797
2687,0d09174b-5dc9-4ad1-9d05-e356a8977755
2688,c1bf5cf2-e359-4643-9f38-8c7809e3cc8b
2689,d64b1e5e-16b7-4028-98e9-991a778f2f19
2690,f6d1b743-7b52-477c-9af4-0d8548de72df
2691,0b705b9f-3284-40cb-9dba-3ab92ecf155a
2692,d0ffadfd-fa2e-4e11-be76-dcc4690d8821
2693,8af1c561-2338-4307-89fb-1e3fe68a529b
2694,6cde6dd4-679a-4d3f-8181-9192f032fcad
2695,c163adbb-ee92-4f2e-a9a4-a2a0be9d09e1
2696,c15cb798-31af-4058-95e3-308b3d35d76f
2697,e966933a-2f63-43a0-8e27-e776ca613555
2698,ac8a0abb-03ed-4903-b6b7-cb4bfcf5624e
2699,38a8054c-2f6a-498c-a605-3050f8edb793
2700,a2b20823-a0ec-4632-b865-66ede0e92e6c
2701,cd4ca6de-24e6-4f1c-8bc4-812c8bd81c3b
2702,37c9da4f-f54b-446e-8293-23fa2452611a
2703,a35d158f-6045-47e0-a747-ca24641d9a19
2704,a61dbfe8-1477-4096-9614-20d76abf60c6
2705,617e6e82-0269-4726-8879-69ab7893ebb7
2706,6205b65f-59e7-4bdf-9e49-5732e8d1f8a7
2707,11ae0b31-84b6-4348-bb14-889d76300cdf
2708,fd87c136-8edd-49ca-8bcd-26cbf8767859
2709,ee02925b-95bd-42ea-81e2-25554d807c9d
2710,4c93d59b-4db4-45c8-8c5f-5ee38754a107
2711,e0f1da59-fe68-4399-9aa2-2596aae20160
2712,a6ce1599-af85-406c-8f2d-4b395a0f91d4
2713,465c02e1-4739-45fc-9aec-951c09a02072
2714,cb5e8d17-bc2b-48d7-b4f0-301b20b5eee8
2715,bc30c014-f456-47af-951a-958907623f97
2716,496e6ae2-2ff5-4bfd-be43-dfa5c38bb14e
2717,4919e569-d03c-4646-a4e8-b066a590f683
2718,b539e8d1-e8c1-46bc-9726-b42019f3a2c7
2719,3f81a1b6-4812-4495-ad29-a32d17da55c8
2720,e08e9e3f-f0e7-41ca-8a58-664b28511b58
2721,b5513489-abfd-4c10-969d-4024d01ba553
2722,5e1dda2a-c45a-405d-96fc-a158bae78799
2723,c236f9c2-9bc2-45e5-8d53-1a8157e43e2c
2724,af5c0b1f-a2b5-49ea-b59d-737bcf2272ad
2725,473203d0-4f25-4f15-931e-a0f74dec3cbd
2726,9002f09c-3c6b-46c0-a6e1-2d93846428b7
2727,8c7175d7-98a5-43df-80b0-1eaa7d431f1f
2728,c53001fd-6c2b-410a-b4e0-d8e84b5cd7f9
2729,c34a85b2-0e55-4885-afef-25c4986e7b8f
2730,15a7c427-3d34-42f3-a603-c462a664c323
2731,8f364693-6403-4784-9402-92cbcb3d0771
2732,834300d2-1f89-4732-a279-2ff2ac8f58a3
2733,38d9cb49-9397-433a-9f9d-00bfb4e7498c
2734,74cc1e8b-7367-4c52-a952-549f8128ca0a
2735,b060c0c5-2925-4295-a68e-62d5654d7ad4
2736,3d3c11bb-bf81-4c26-8f8f-5afc1727ca63
2737,36f0c369-35c7-49ee-baa0-b82e31462ce7
2738,932928d5-5464-40f6-b770-3233425ae2d2
2739,a391a25d-b51c-4c80-b992-de963d0490c5
2740,078c9985-fc50-41fd-b5f5-27ba9d1d519e
2741,5a9bd178-4ad8-4044-9f70-f2f083674199
2742,2c73d917-ab09-4260-9a40-4914261fbfe1
2743,fcb9343d-2cb9-4083-a61a-a2d7085c87de
2744,cfa7f5fe-de1c-44d6-a9f5-c537be96de5a
2745,242cdc6f-6b94-40f8-8582-fd4338d2f462
2746,6d5db646-4fb0-4d07-b914-5a5c2ccc551f
2747,7436fff9-a966-43ff-8bf3-c9250f309cd0
2748,59cafd2b-3447-457f-9b88-1fd76f2b4518
2749,2b138c28-9af8-4e5d-8fd9-81a003b79639
2750,ddb276bd-b47c-4b7f-89f9-15606a2b10aa
2751,40c68cca-95db-46d0-9c7d-ebf1133bd73b
2752,493b3f11-f4cd-41f5-bfea-4ea906ba7415
2753,3c60c799-6e92-49a6-ba42-1ec7abcd35f1
2754,deb3bf60-a678-4156-996a-040bbbe7763c
2755,44819589-6f3e-4096-a772-ec08861f13f4
2756,6f6af50b-6774-4557-b334-73f9898439b4
2757,53277c68-c61c-4625-a14e-f987fc8ff03d
2758,9d65ef1e-e4df-403e-9cd3-245d26b70fd2
2759,e4918016-10de-49c2-8f1f-7da434072043
2760,80acda8f-729c-476f-8214-a696a168ca25
2761,29045c25-f7aa-427b-a05a-182606c374b9
2762,a4997ab9-8b7d-45e8-bc8a-bb0387ee4a63
2763,7073258a-add4-4f7b-9b62-d2730831946d
2764,c02efcd3-fbb6-42dc-8f1b-dc3e15c41733
2765,7a77d5d2-2f76-4e57-9b0a-6ae2f28a23e6
2766,7e2cad1c-61eb-44bd-b1f9-157fd2e7bb3f
2767,3c34c57f-e2d8-4751-9c24-49be21cd23d6
2768,9220f108-d884-4052-b507-02723c6fd7f1
2769,3f02b07d-20ae-4264-989a-7cd348863109
2770,1c36f97a-00cd-4771-a66f-695052262152
2771,cdc175e7-930b-4903-93dc-b75090bf63b3
2772,eb2c0e80-21b4-4e44-b6bc-f96443fcf195
2773,665a2b09-0f3a-46c6-8aea-33bdc4c4315d
2774,52670690-e1d4-400f-adb0-e669d7441b57
2775,979a37a9-1cf4-4684-83cc-f9a9447091f4
2776,1fa5f422-b1ba-4c83-b433-a1cad2844f1c
2777,90169609-e29e-4ddc-9b2b-048efc5ba3c6
2778,43630c2f-5452-4f21-ada5-34b4a2d4401d
2779,604cc3c5-2c37-47cc-95f7-57306a6799f4
2780,84bad289-0273-4668-90e5-e3359141e89c
2781,b95ca54d-89b9-436b-9ac4-8e2e8803e0f1
2782,667091ab-454f-4a09-b971-d494549504e6
2783,fa7e1d04-717d-4715-b1cb-1a3e0e691447
2784,40f19f6b-38da-4041-8025-cee2d90a89cb
2785,7a224b16-b067-4692-a7ec-e7e2c0933ad0
2786,8d0a897a-78f0-456f-9404-b52d7c56ab10
2787,7315d698-bacf-4613-b400-b020d72fdb61
2788,364f0282-e977-4fe8-b4d9-1f6efee0d757
2789,bb641c19-13cc-49b1-b898-369c6b0d2961
2790,b447cf47-953f-47c2-848e-75bae6d05cf2
2791,8d2107d6-2164-40a5-b019-6030c919b553
2792,851d50ac-9966-4cfb-9ae6-ebde193e53ac
2793,6e5b2977-84d3-4bdc-9151-6d3f23a5395d
2794,5ee218b5-7273-405a-b86b-8b72f6e1adca
2795,68bb0c91-0564-499d-bec9-4ad7d15138f7
2796,7ed59f49-d8de-41dc-a961-1bed572cceef
2797,9ecfc29a-caa7-4b98-befc-2c333cf78ad3
2798,c6a8de64-0f87-49ad-91b8-bdd5ed968edc
2799,b00c483a-cea9-4564-b7c2-0cab6ae595cb
2800,375080a3-581e-4d25-b17e-7b050794af32
2801,867e8578-8e8a-4c15-9ca7-58d8e7c01827
2802,a513cfe9-7d35-4872-bc73-8f4db02f59ca
2803,c47e30c9-a6f9-4c00-b78e-5914f1a75e58
2804,86093ba8-4bce-4736-9a0d-e4472cdcee66
2805,397a3466-c580-4e26-8924-7f8c64d32429
2806,2ddb5dfe-fdbd-470b-9966-47eb6b864555
2807,cfd58e21-f82e-497f-b728-0deafd61c1fd
2808,28f0304e-2fa7-4f6c-9809-6da8f8782da3
2809,5fc1da7f-e878-4d71-9cf6-35d6dea6cf69
2810,05ae17e9-fdab-49a9-a9e2-6ea3d1eecd65
2811,aeed6171-0000-4541-9659-6b6b7683ffc8
2812,04d2883c-5285-4f73-98fa-5d05c7fa562a
2813,76efbd18-ff80-470d-b3c9-122ba365b7fb
2814,a9aa8517-f5b7-4279-80cc-ffaa4bc08b2d
2815,f93bf38f-1a83-487d-b64f-71039e485c92
2816,1f9c3533-7716-4315-afb3-3a6f12a3c51b
2817,f85cd412-1cfc-486f-a5c9-25825252d678
2818,2f091c53-249d-4863-b318-3cbd5b73ad68
2819,846648d2-f784-4d91-aeb5-e3d355a35c5c
2820,7fc37249-43d0-44bb-95c4-8a6a368c9ba1
2821,ec2547c7-e5b9-45f8-89d3-3bae4053eb9e
2822,0a3d3e91-adc5-4881-be6a-e455aa35f94a
2823,10eb4618-dfdc-4d37-911a-8e458ce00384
2824,2be63d74-b8c4-4aee-8c14-85dd9f45380b
2825,8409550e-28f9-4cfb-bf35-d9983307309b
2826,be07b833-4878-4fd2-b76b-8c25d09ad7ff
2827,d3851164-c94d-4e3f-b29d-1791f3cd901b
2828,8cab37ec-6412-47da-989e-7cbf7b959b2b
2829,382ed7ba-e571-45c1-9c84-60b50e415e67
2830,6cfcd026-30e3-4042-ba05-8198a6e5bb03
2831,d1df6203-c388-44bc-9341-02fe98a718be
2832,5261d44e-f33f-41b6-ad9d-89e2f3654051
2833,dc0275e4-3b37-45b9-83e4-b7cc8378674b
2834,3216b90e-39a7-4088-85fa-720465664476
2835,54d11e26-d339-41c3-9d18-7f5fa1b2fea5
2836,76110947-0ef5-4aa1-92c1-1475bbc4efe0
2837,48882649-f072-42f8-9bf8-ef7e6f86188c
2838,dd894cea-614a-40af-a2c3-bc2d9822d135
2839,59405122-ce36-4177-8dee-a9a379c0f2c5
2840,ce23c300-580f-4a7b-af50-505d6f5b0190
2841,78209f65-abfc-4ad9-ba10-91bfad107fe7
2842,b3b1e327-fcb8-4d72-b867-27cafa01c368
2843,16dca7b9-d6ca-4cb5-b4bc-65cc19bcc537
2844,3ae7cd96-4861-40b6-967c-32601cf8ce6f
2845,4f4bf542-e4c1-4887-97d5-bf39acd155b7
2846,b2a1d0b8-42d4-4677-ab41-f518bfc41a0f
2847,dd34baf2-7ff1-4189-b33b-33222eb2a5e6
2848,9b10ab06-3919-4aa6-b51e-7534007da8b1
2849,e77c58a7-ed0c-4fae-9a1e-675f8a090169
2850,c9decfb8-b5eb-4a4b-afd5-cbad8d8fee20
2851,c1db8641-5d8e-48c8-a77a-b22878e65ba0
2852,2088e972-2d5d-47a8-8a7b-dbb14c2e6a70
2853,4750a5fd-974d-4e0f-a7a1-045bd515ba3e
2854,816a1f2a-b60a-4c3a-89f7-0fcb47739a55
2855,05276579-2aea-4592-8a5d-d4ae9a02695c
2856,872c7f84-2641-48fe-957e-b3e757b8befc
2857,525d9385-4f5e-44e5-a24c-5c37ff0be0ea
2858,bb342ec4-44d5-4416-9bf4-80f97153bd95
2859,c2515706-5c07-4557-8e40-4631aa6e85bc
2860,6e803acf-15ac-40bc-98b6-e8a5f25c1c68
2861,c7ded2ee-751c-4b02-b3a5-98883577754a
2862,df8e5eba-e94c-453e-9d91-139c8c0799f7
2863,27d044c1-ea67-4f77-851b-07b096f7c093
2864,39336bd9-2380-468c-9cc7-0230bd249eca
2865,0130f4e1-6380-4b97-81fd-59ac78ce50df
2866,1c255b4c-0451-4db4-a9dd-eb8c36fbc785
2867,50a049e4-e003-4530-b301-75fb0fd28933
2868,082d4e6b-2d1c-4121-89b7-e20cad15ec5e
2869,1c0dc5ac-d2e6-475a-bc6d-e2176347cf3c
2870,96c1dca5-f575-4a2d-96ae-ad7ec2b3f1ff
2871,93121169-1256-4536-8b92-89f0b53f6b65
2872,61c00430-539f-415c-95c0-3b5c6e678903
2873,1fddf207-7901-448b-a6ad-781e33bd55c1
2874,f3077ea1-b1e5-4365-a191-42032a124e41
2875,6f6a48c4-2d26-4249-80a9-538f79568ad3
2876,d3a47e3b-9884-4d52-972c-d7d6bfd3d6fa
2877,3ccb4e3c-fa99-436b-8a50-4c758198d7f8
2878,12d381b6-8faa-4277-8737-7e9c300a9b81
2879,c059a997-8d2d-4948-bafc-d4d79e84ffd0
2880,deac9d3e-7eea-4b38-a81c-4ed8bf0d968d
2881,b6d29eea-1091-4fb6-82fb-c8abe89bc8fa
2882,3a096e3d-e1ea-4960-80d4-fa5108156a7f
2883,9014c6ce-5faf-49a4-ac22-f8967692becd
2884,a5254724-1bfb-49f7-b486-d329311aa9f6
2885,43f8909d-d0e6-4bab-8b30-648d5927bee7
2886,355967b5-164d-432c-a354-473a90cfb57f
2887,fd1c615d-190b-4abd-8477-c45ffc6ac2d0
2888,9645d2a1-fdad-4417-8a25-9e193e00ffa0
2889,3ac57db0-4e3d-4f66-b58e-1b63600ccfbb
2890,fac96056-4443-4793-ab53-ac66ed51440d
2891,37e58ad8-499a-4f96-8778-9cbcf712402d
2892,e6ba00a1-000a-44de-8e5f-bb2f21650595
2893,25ce5774-3410-479b-8807-a749aaead4a7
2894,98ce9989-4026-4c6a-b06d-56a5dd37647d
2895,ec7c63e8-024b-4f83-8cc2-32338e9ed93e
2896,e0c0a834-d64c-42d3-a61b-9946772abcb4
2897,93e7e143-3d28-46dc-a09d-9649050b414d
2898,6fc09032-d2dc-46c2-b8f3-60e45ac255db
2899,495ad417-e979-4d3e-8568-ce36a4a94141
2900,613349fd-81be-4618-8bf9-80798a79e292
2901,d52e2ed9-740c-464a-a4ee-28e38d955785
2902,e3abddcd-93d0-41ce-b5b8-084fbfe9c3bd
2903,a98ad244-67b8-4314-9473-8b29697ac3a8
2904,b3858153-6e92-4d94-aa5d-a24129c51fd1
2905,5190e9ca-c2b0-4741-a2b2-6e8b55fc2645
2906,5d214494-b7b2-4327-ac92-80c4e587721c
2907,47341bf6-7351-4d90-a724-211cf5a1d863
2908,7f25677a-0d3a-44c1-9b00-96ea58ed1d6b
2909,22497c3e-715d-4395-a2b1-9136083bf473
2910,f2ba0392-bf19-4a8e-ace8-7e8507ebd53c
2911,0522df5b-a5ec-4be1-88c3-6ce8e2795b48
2912,b0c1320d-9650-410d-951f-7377e47fd66e
2913,54fb4a8c-25bb-4ad5-9b0c-bce1e9f98a8c
2914,4359df4b-8e58-4f5f-8b1e-f6b61261cff4
2915,a82246b3-4ca3-4600-b583-274a9302252c
2916,e93facae-74de-4f15-a1f5-f7c053d2f469
2917,ba7eb38f-1748-4c66-8043-05ee6a64c2e0
2918,1d2cbcb8-5ce8-4e11-8565-88a37e42d6d2
2919,491334d8-f37f-4d7b-ae76-a33a0e0d0145
2920,412f03a2-8a6d-4d15-a9f2-d20e65c08564
2921,36f4833b-2f72-4d5e-b36d-1fd5cf0f5158
2922,8b9e1193-3ae6-44cb-935c-afc7caae8de4
2923,271a951f-95b3-4540-bbd6-a5a4ae439823
2924,3ad04b62-f809-4335-ac40-4492daba2d7a
2925,962621eb-89fd-4fe4-811c-fe2027cfbf1b
2926,34d15d63-aead-4ad8-9778-c23941f1f687
2927,9c174ca5-7f87-4aa7-b463-1d4d26de85c6
2928,f7f803c3-095d-42c9-b229-298d6a1fd0a6
2929,d88ff00e-a6e3-4f49-b9e1-e51b8b4b20cc
2930,f90cd9ca-a087-4b37-9f1a-419b21296ee2
2931,70eb9d2e-4104-4a11-b39c-c2dfd20e64b1
2932,297d3ac4-e676-4759-8485-3dff223ed277
2933,5e823d2b-ef00-41c7-b85d-6d9d6809bd23
2934,e72b433b-fad4-4dec-84df-7c2223c58317
2935,2812bb2a-1791-4653-8543-8599c0480c5a
2936,1690e65d-5332-48db-ae25-85a307488543
2937,a1dc5607-bef8-41bf-b86b-213577c8303d
2938,543727ff-1d14-406f-8438-2b74fa2f43c8
2939,ddb173a2-7bc0-4ad1-8ed4-b881bc119227
2940,271713b8-6ba1-4498-a00b-127861e3c705
2941,544910f1-e97d-4028-84da-a5c0d7d0ce1f
2942,8bb23e7b-9e60-4dd8-b393-b54b6296225a
2943,47d5b6f3-7d4e-4b42-802e-1a7795079e05
2944,ee755923-24ff-49fa-a797-2d4960737d21
2945,b80dd3fe-49a7-4f4b-8d60-4cb04f47e6c7
2946,6dbea3c0-e08e-45d4-b081-1dbc00ac8b60
2947,4b05d1a2-3a96-466e-b44e-5974368c55b7
2948,48cc6a2b-a197-4d38-b025-533cef9444c4
2949,788e2e0e-b249-4009-8072-fe4b2d62ac69
2950,d23c5615-5daa-4689-930b-0ee0b15698ad
2951,376c1db0-f24a-4784-b70b-e166360cc2c5
2952,6d586315-485d-496a-99bf-c6cd0ac7128a
2953,ecb886fa-789d-4cd1-ae9d-fb3d6ae0d30d
2954,cc637174-1dbc-445e-867b-c501e4159def
2955,024b8163-d5a3-4b2d-a103-0385c81d8e8b
2956,9a8475ba-445a-4cd7-bcc1-c53052fb588a
2957,4e1459c6-1351-40e2-bcf4-49dc318cc155
2958,4beb744f-21da-48a6-b0b5-fec3ff3b821a
2959,d647d272-0e3a-4eb4-b047-a5bb86882588
2960,c7024473-d612-48fd-95c6-b91bcde315d4
2961,6e61d979-aeac-42ea-8e23-e2eaeeaf8f1d
2962,a29f4103-d127-4705-bc00-61d9be0effd9
2963,75c200c8-0527-4aac-8e4d-22adfb8aeec7
2964,13c2f000-afab-4a99-a39b-ee85f574b414
2965,8510be0b-d984-432c-9562-c715b2e9659e
2966,099687ff-2251-4a36-8709-6dd627ac78a6
2967,4f762f54-3efb-4577-88a2-7e046e0d563a
2968,9068837e-daca-4d56-8791-232362769f8e
2969,a9c6beed-8200-4b69-9c2a-cb7ee692d174
2970,1147cdd9-912f-4ac6-a577-f8c44cdc17b7
2971,eb479474-2e1a-4bed-b468-ae74e9226dcb
2972,7107fd8c-2170-459c-ad9c-1cd03e7cf08a
2973,f99f60a9-1704-44ff-8379-b1b60d98490f
2974,186754c3-9c7e-47f6-84bc-5af54a8fc385
2975,6711e1e4-daa2-4a49-8641-9d2ab2073a38
2976,63226c4f-f097-4f49-a97c-4b195d7ed075
2977,8ec85beb-8f96-44c1-bdc9-98d0577d1105
2978,a7efb91a-b31a-46fd-a2c9-8843f9917c54
2979,ca708115-1712-4e07-ad82-4db2558ec3ce
2980,03a98f37-c947-43ef-9ca0-8c981ccc184e
2981,135be0c5-6889-423b-8956-6d9b3a047120
2982,b425e1b5-fd20-46a6-b190-642c318fd0f2
2983,27717d3d-536e-4eb5-98ae-3c23d35b6c1d
2984,cd818823-af55-481d-8c5e-ee41d97d5c72
2985,bf2f3916-1ff8-469e-9e46-93b8046c38f7
2986,5f623bc2-405d-4fbd-8136-44d64914f089
2987,cec0a998-623e-49aa-afad-3e43a96dac95
2988,0197e296-2491-4da6-8ede-aa98358c3974
2989,65c228a1-609d-40ce-91ed-1c60e19af953
2990,1aec972b-7b6a-4a42-b8b9-5f731f3baf1f
2991,1ce46173-fe1c-40e2-a849-70baad03a0e1
2992,48249dca-e994-440f-a9ea-d83118ad21bc
2993,1614ab62-2ff3-4cb0-bbdc-a7bf9ddb1a31
2994,16e957d0-c129-4341-8627-e056e70b47cf
2995,ab164886-b839-480e-bec3-d951b67f97db
2996,012b7e9b-93e2-42ec-a026-3e9accf54c1f
2997,cd1cfc6a-d263-4e08-8385-cc3ef3027790
2998,5b95ba5c-b006-4c88-b39a-a37409d254b5
2999,9a9c7f0f-ead9-4fc6-af2c-f3f744acbddf
3000,95b0ee73-985e-4bf2-a5de-6a0062a3a84a
3001,d642e483-5e5b-4037-b3ef-76b6b1f42078
3002,ce3c0092-aff6-4984-930f-6ddd97ef2738
3003,fab4d6b5-afca-443c-9069-3f6c9c7fe5d5
3004,caebf92c-d93d-4c36-89c4-690bec4f9d8a
3005,6a5b4a88-1ab0-4c74-9284-5c6b9654e552
3006,a5a86171-850c-4b6d-817a-13d945f3fcee
3007,8450fca3-cb84-42d6-b0f8-5e540db7c752
3008,151c89d4-0762-4f70-b2bb-a051df70ca06
3009,81e2522c-9636-483d-9a77-730be52b9e80
3010,74460c17-eba4-48a8-a557-de7a9bfdc977
3011,cfc29325-06b5-4e32-9612-95a2c37c6853
3012,808f7ccc-bb4f-459f-aec5-4b5cfdb52396
3013,08088423-36ce-42f6-bb56-6209ba84c748
3014,413f6de6-4042-402b-beff-d7933b6b794c
3015,8e7629a9-9c92-4a91-ba02-e3f5b58b4cac
3016,0befcc1c-5ae1-4ff3-be3f-a59b550da6a1
3017,cb686f8e-904c-4bb7-9f47-75d25ceb9a05
3018,8b1a087a-9b81-4bde-a2d6-f089774c7bfe
3019,6d8609ae-1605-4c0d-837e-b2ae7305c89c
3020,7ed7c261-0063-4e22-b6e8-40e452d789a6
3021,fc819769-4031-4707-aad1-f3ad68d7189d
3022,4814ecfc-f4e5-4f9b-82b4-33826744aec5
3023,48c7e4af-c3b8-4be1-955c-9079c55f84fd
3024,7ccedec9-6fc3-4b19-b10c-808ca3ddbd4c
3025,f1afb0bd-63d9-4581-99d9-c39e92d029d1
3026,f583e092-d21d-4eaa-88ed-a113f12d937c
3027,d32d6b2e-9b1b-4740-9c38-8e17693fdeaa
3028,e25a4aea-93db-4b4f-b8d3-b8314bb2bd9a
3029,03715dd8-f6a3-4e2a-bd17-1bd05d89dc5a
3030,8dd1583e-a664-45cb-a271-523571118886
3031,9884d64e-3631-4928-8bd3-8d1156f74226
3032,67ee9269-f573-4df7-9076-611b4d5975ba
3033,70db19cf-4434-4372-9ee0-80f74cd9aa0c
3034,255bc7e7-9bdd-4d75-96cf-69a8c9c55333
3035,f37c2738-f0cf-4fc6-9528-9c027f4b8ff3
3036,d23365a9-1c54-4b56-8e2b-e186f8dfcda0
3037,cdc78783-642e-4a49-9711-99a2c3f2014f
3038,e529222f-006b-4598-af3a-aecd93c35b05
3039,fcdd8303-7f5a-4d89-92fa-aad3335cbe49
3040,03a08efd-b829-4a8e-b0d9-f2c205a21a98
3041,92202175-e32e-456b-8a0b-25e17cd5d234
3042,be9e40bc-0404-416c-a073-3445b7b9a52c
3043,296d33cb-d7e1-4598-838c-46dcd7ccdcf6
3044,51567b54-a9fc-4c9c-9aca-6d126a5795f4
3045,6a4de90b-7550-4423-966d-1b6807b8f8c1
3046,8db797e3-ff4a-4582-ae17-99257fdaec27
3047,d4ba6eab-ac55-4b96-8925-60af825f61b0
3048,36364078-73c2-4b8e-98d7-8120e1114139
3049,2fd33d46-b15d-4d6d-b59e-34255d948e13
3050,80fe1a00-8475-48fb-9102-6d2bd765c6dc
3051,bae59454-daa8-48ee-8480-9e199e3dbded
3052,e13e67a0-ea5e-489c-bb08-45e8138cd3d3
3053,8d23048c-2edc-4651-b0f3-7bd82ba61d30
3054,ac911bf3-04a5-4b04-9107-debce601d2e8
3055,fb9cc9f5-564c-4bcc-ba9c-c47fc2a49e9c
3056,883a82a0-7cc8-4305-b6f6-6b383a1c9146
3057,4d47e319-e6bd-4712-8fb4-946145529a3b
3058,8bd1f36a-335b-47b6-9271-0d31504d3b8b
3059,afe747e3-e7c4-4b2b-86eb-fdf40e5f9dd6
3060,eee47344-dabb-4711-827d-09e7c3b31326
3061,bf0892e3-efa5-4ed4-b3d3-73aa1e3ca22f
3062,0e0b13b7-e434-46a6-a311-93c137265797
3063,7feebdce-3a3f-49af-9712-5b6c86d947ec
3064,00554592-7ed7-4ea3-ac5c-ea7fbc525daf
3065,625c4852-60b4-4700-b474-1586a33642dc
3066,145e7303-2251-48ee-b6f3-4ae4a2d8e043
3067,bd005a0a-da79-4bbc-8958-33a1dc3a7918
3068,5697d873-019f-45d5-98a6-079c7517fdc0
3069,c74b9a4f-501a-43e9-81cd-8155680523ef
3070,426c0223-64c1-40e4-aace-e81da0784f66
3071,0de1bdf1-ffb4-4ea9-8bd3-fed2d7c1c858
3072,7f18a5ff-dd3a-4871-ac3e-d6fb2ebf9792
3073,74b3f094-b7a2-4912-81d7-ac05ed7a331d
3074,3120753c-be24-4de1-b3ad-321f8717f024
3075,bf023ba1-a64b-4e98-b9a6-4fb4d503a1a6
3076,cabd30ab-68aa-4150-909c-87ffa69afb30
3077,270afa34-7d93-4f0d-9df1-77f9911af55b
3078,af8c8fe2-e590-4ec0-a1b9-16c65fd324ed
3079,b2ddba37-1f33-4343-bfe0-f82f978bdaf6
3080,07b5b56a-e56d-40ef-aee0-831208223d2d
3081,c3248f33-4c88-4fa1-bf7f-d9607a83e000
3082,e43433fc-8052-42eb-b343-8a6580c10ed3
3083,dab38970-6b6b-4c06-a432-3bb67dd92139
3084,875e6ed4-f1cc-4010-b2ed-e5398e62581f
3085,7cdff8b7-7908-49b5-bcdb-ebc907547386
3086,09c9446d-dc18-45c8-b846-b46a118adaed
3087,40544fbf-d4f8-4fd5-a62f-ab4cfa19f6e2
3088,4d9d8983-47c6-4882-ae39-87fa27fcf355
3089,cfc6e147-0c88-434e-9edb-b1f6fcfd53cf
3090,9090622a-59b0-481f-bef4-d3db4ba364a3
3091,6c3926ab-8eb3-42aa-bb01-14242077d2a9
3092,9d5a97d4-ce45-4dd6-b28a-06abbb4f4394
3093,a4e0a12c-8c86-4e59-8d33-3e6039e42265
3094,7c508151-19b9-47bb-b75a-bf2532ecbb55
3095,2b308f43-7210-4f68-b158-18695e402ea6
3096,c24337ee-4f1c-45e5-b20e-3e57e435125e
3097,78da15f1-823f-478b-828b-e366ae053145
3098,0a2b3709-4d52-4d8a-9a15-f71aa858b17c
3099,112c3584-0448-42a2-97c1-091286c54719
3100,7e83a0ce-186c-491c-9c61-ab575c472e1d
3101,2d77049c-df80-4cf2-9428-50592a61277b
3102,e1eec3a3-efb9-4e17-9a10-0e15c8c5a371
3103,c8c491a8-0a29-4fb3-ab56-aa6b44cf1419
3104,2f3c92be-2700-4042-80c3-3d42f1ef2396
3105,16cd5f51-7d36-43b4-b643-6fb6222866f6
3106,eeb83351-00ed-49d8-b03c-664865baea5b
3107,70c41dcc-e854-4b14-82d3-57b255e39506
3108,86dcdc0b-9f8b-4352-9995-6026a6775a60
3109,56bc5103-dbed-4573-a4c7-bb57a1334801
3110,b990c510-1fad-40db-94bb-aadb1c1cb57d
3111,3088a475-c19a-4898-9d91-7f7849d5c240
3112,c046ceb3-341e-44b2-bc14-aafc7304217e
3113,10eb979d-112b-4e4b-a96d-c472cc420b10
3114,c00a4ac5-521a-446d-af7e-042f4fe1f376
3115,217625a7-3352-4b18-b220-0ca0a1e899bb
3116,5b42f064-a845-4298-b01d-c649572aa22b
3117,dea84a71-c346-43ed-9cb7-c7f649336f51
3118,6ab5ee29-8860-4830-8fa0-f1c49d672d46
3119,5e47c960-01ca-4a11-ad84-a39733f84cd6
3120,3094c519-8378-4342-978e-ea4c4ee05ea4
3121,ad6bf2fc-2b23-4514-b92e-227a7a55defe
3122,e6675580-5d23-4d3a-a863-680489b3d4ad
3123,55a65ef3-d71d-4701-a8c1-f0ba8acf76f3
3124,033d6261-0628-4408-8686-85c9f4568dba
3125,17b5c569-017d-44e1-8072-97b333764cc6
3126,9d028aca-2fa8-4edf-b58f-624f74596d7b
3127,6e95f8ff-95f8-4f65-be7a-ecc3be3a7872
3128,11b13e8b-7d89-4e8f-81e2-603fb9283c85
3129,c161f67e-209b-44cf-93d0-10b8b6b9c7a3
3130,e7e734e2-b035-491c-9d9a-7377a7f25fc7
3131,8623025a-ddf0-4c00-9c88-89e2416e3f9c
3132,14d080d4-31ad-49b3-8cce-8a138349d333
3133,74f0b563-f2a5-4b7f-97f0-1ca6da5cab66
3134,14532d5f-3b79-471e-ab23-fc4213e11400
3135,3c50121a-173b-4cb9-8da6-1b843c24dea2
3136,40c37445-928e-4fc0-9de8-99593cfb3e19
3137,82648b1c-ef25-4d34-bf1a-c2294dbd6a01
3138,6ab0a60b-221c-42af-8bf2-abd045e58cf2
3139,36b7cdb4-c4b1-404c-8c5d-2925e04f1ccd
3140,5c5df96f-4bc5-431e-9095-b843b5e76ab3
3141,18bf38a4-0d61-48c2-b629-efb837f06762
3142,8b9d28a0-b582-4b5c-8133-38f81c1d3dc1
3143,939c09ee-ab56-443e-9a2d-82db28434a5a
3144,67a4c4a1-db95-408d-8fc0-34f4975dead2
3145,d928b9a0-45aa-4458-9a5b-91366edd1fbd
3146,1764cf47-d458-4a60-88e0-10ccab52e8d3
3147,df097523-efcd-427b-a503-124fc676bf9b
3148,d9e7dd54-937e-4ccf-846d-5ca6bf69c588
3149,7ccc8700-2592-45ea-8406-9952890e2603
3150,14f30a28-db9d-4363-9a71-00ae8f930b16
3151,000754d3-8b26-4420-8d78-ac89b597c159
3152,c037c97e-c80e-47b2-8949-fc13d5f81a5e
3153,7beca870-64f8-4ead-be8d-8e70d5cce3f3
3154,884aee2f-2484-4d87-89a0-2cc60e7f23dd
3155,32eb867c-1513-4080-ae74-59c332c8e05e
3156,0947b91d-a086-42f1-a508-703c1a58d9af
3157,50fa4484-eb31-41ae-b303-23fa478ba918
3158,73466979-cb9b-4fa1-af42-262847901850
3159,7068b5f1-cf7e-4d2c-b1ac-47c16a02218d
3160,f5fb6172-dcda-43dc-ac37-9e9c230865e0
3161,6bafe1ab-392c-47fa-b3fe-271ce029ad8c
3162,7fca8fd4-fc08-492d-9755-60788b45f511
3163,dc5b84f0-6a87-4aad-ba67-f41d9fc437e5
3164,836101e9-4466-4b00-ab59-96782ac47cf8
3165,92d081ad-d48f-4714-81a6-813793004253
3166,df03394c-bb85-4101-8c3c-d9495c27b1a4
3167,6f1cbbbb-0303-4c6a-952c-dfd6f9d943bc
3168,88ffab07-62b7-49e5-a601-2971175c8ec1
3169,7bf41f31-f7c1-46fe-a607-5d53225b005a
3170,c9b6e34b-9689-423c-a110-dd8e08672778
3171,50388d41-a11d-4dc4-9876-7b7956c75ef7
3172,b8e67939-2146-4522-955d-158ca53821b4
3173,4fa4ed55-b579-4071-9fb3-6dc4a38ce584
3174,9c0b793f-51c4-44c3-abba-5c186879da8f
3175,4ea5b39f-524c-47c1-9f69-458ea0e79ee3
3176,56535d2d-9d3a-4ff2-b8d7-87434fdcb68a
3177,972e4500-6471-4524-9584-d4c8e45c5b9d
3178,62805954-382f-4890-97b6-60c331a3142d
3179,9f6fa08a-59f8-4034-8ffe-8ac5aae367d6
3180,861ae8b1-e4bc-45c0-a929-c6c97803df16
3181,5b1b0405-6410-4335-88f4-f1a2b3d1c4d7
3182,a9e5e104-8387-4d71-bc75-502b065409cf
3183,fa38c6f7-1ead-4e19-8471-48b3ea110823
3184,1c2db85a-a4e7-43e8-93c3-e42582af9712
3185,ad414832-1f1b-4420-a139-3292a56c7774
3186,035e6838-5002-4aab-a639-0ebf625984c0
3187,6d8f0c0c-968f-43c3-b826-6511d52ce34d
3188,02333e9b-81cc-4c11-a1e5-2fd79cdd63ba
3189,7f9f1a81-b9a0-4b4c-9ff4-06a54d16c480
3190,8f7e3186-a2a1-4c8e-a838-9979fbd2c99b
3191,064138a0-d71a-437c-b298-572084664f48
3192,02299a9f-dc4f-41d4-8ddc-1d206420bf5b
3193,d57348de-31b0-497a-a5d6-e1533e56102d
3194,4fe026fa-36c5-466e-8cbe-30bb8f717300
3195,f4a9ac2c-4619-4d9a-8dec-ac43c7c02b86
3196,243ed6ad-1870-49da-b04a-30b95e350c13
3197,e7702ce6-857c-4fe3-a910-0f1d7f217433
3198,8704b58d-6612-4f1b-9e7f-c25b37b2b3a6
3199,f04648c5-e5bb-4a35-b0fd-9331d68a6b1f
3200,c26596a9-0589-408b-bd25-e102ced5e047
3201,6c389ced-29cd-4519-9122-63e126650522
3202,367410f7-4ddd-4489-a262-198cf2941fae
3203,3c3dfbe9-42b8-48bd-b881-a46aed244461
3204,a7dfcbd1-1def-4a9c-adea-5b2cf1b9fc57
3205,b43d5959-499f-4b93-a012-e2d606c8d358
3206,bd6270d2-670f-4411-8bdf-2c01e0313228
3207,cc846801-0bb7-43c2-9550-8ac91a845130
3208,9f462bc3-9fea-4614-bcf3-011a9c80e685
3209,e200f777-4106-422e-8d11-e91a59e4df0c
3210,c897f63e-6b0a-4736-874d-05dcdc2e1387
3211,b724f5c8-b013-4009-ba1c-0ece968184fe
3212,e138cf61-afa5-433f-80bc-61ddce3983b8
3213,3b2a8f9d-2e8a-46c3-b44b-c4467dc3a169
3214,556c6ae3-608c-4f12-ba3a-ab75569ba2a7
3215,092eba33-b3a8-4752-9b1a-183d2eb422c6
3216,27c2a323-bccc-402c-8520-365bfa6fb4e9
3217,e91bfd07-2b28-457e-be9c-426e69eab401
3218,6de99076-e21b-48d8-88d7-9d44c367f64a
3219,63c1bd57-9487-40c9-abe3-9538ab3d4629
3220,988deab5-e41b-443a-914d-a63c8573cb6f
3221,1da3bc18-3366-4767-889d-e66d6845db4f
3222,34a43602-4caa-4b59-b368-9581ea0285bc
3223,f483864b-a110-4425-be11-6e05b59a6b70
3224,66991649-809e-4630-a95e-3b489ad6c58e
3225,45a7e804-6893-4f4c-bc82-13a99c4c05de
3226,4997799b-b12f-4adb-bc79-3d232bab2dd7
3227,88cb7cf7-12c2-4afa-a9fa-6afe40b33dcb
3228,315abffc-b343-4245-a3e7-acc3dfaa3289
3229,3e563190-61f4-4e19-a490-430d47a0050e
3230,057f41d8-455b-4859-b32d-a2482143723d
3231,5dc94705-d998-4894-bb93-cb622cad49c7
3232,e7cc52be-a8db-408f-b921-9a504425e578
3233,25ecfe93-6801-4c43-8729-d262acdadbbe
3234,54a159b9-95a8-4929-a538-e8effee68048
3235,57090758-7027-4e09-a2b7-ed16914e9154
3236,453df76c-652f-40fb-8a7b-eb7cf4d0a84a
3237,b0d240d3-22c9-4ad4-b733-802f5b654eb1
3238,c3836214-a164-4bd8-b326-aaf37399f3a2
3239,a1320cd3-f01b-4b88-88c6-d28e8bb78e38
3240,8a52c685-0376-4c31-9507-0553d59b3a0b
3241,30d8516f-ea32-44dc-b745-d98564255a3e
3242,5d499fb3-c88d-48b4-8b4b-abf6a0c8c6dd
3243,f3331520-1455-48a2-a34c-38a751e9df26
3244,fcdbb658-e1ee-4583-972c-4fa966e67a48
3245,eae470e7-62e9-42d4-a06c-1e70a415a49c
3246,1a291e65-ec91-4371-b311-6dbb6f9059e6
3247,a8b8a0f0-95c2-47f8-a8b3-5617182e2da8
3248,6879eb75-7478-49ec-97ca-7c6e0397fda4
3249,282e436e-8560-404e-bc5e-a4af1fbab542
3250,6cefcdb9-fbaa-474b-9d0f-635c5b8a1434
3251,ae16ca76-3077-433a-b539-b04b9e53f6a2
3252,606d4ee3-9500-42ca-8b72-06b045df7251
3253,a6068c46-82c0-4989-8342-042de1078c17
3254,0887316d-428b-487e-badc-4e9509df7033
3255,8845f4ed-2727-4e67-ad6c-02c4df552afe
3256,67963c52-83df-44c1-8b45-8f17d3d41968
3257,e4ae9a30-f0b8-465f-9814-5e80c59393ef
3258,2888c9f9-d744-4406-b2b3-f793786dd8d7
3259,40f8d908-3912-45b3-a1f4-0cab54144c77
3260,29c1929b-ac2f-4779-baf5-309747c9f159
3261,50413186-6ad4-405d-a742-17ccc49c4e10
3262,e8020e3d-ff41-488f-bd69-0c6a06c9cb92
3263,6ca5a9d6-176e-4489-b808-a4815adc940c
3264,3237d54b-43e1-4452-adb8-d89630535ac0
3265,846e46b7-45a4-4e09-9602-8c43772d5313
3266,1bd6a875-6986-4cd1-a840-903e6438495f
3267,8248f75f-5188-426b-a8b3-db85121ae4be
3268,c3a481a6-34c4-4427-98d5-efb8fcffee2c
3269,f9a0c849-9c2c-4f3b-b8b3-00aae5f89167
3270,79766c0d-ce7e-46b9-92cf-64775c8677ed
3271,0623457b-51de-4179-a9d9-337e426a6b57
3272,17d7393e-e468-43e0-866d-adbf81b57ce3
3273,24a93f1c-f797-4518-bd20-0982d4ed7d93
3274,b50cd002-40fc-4a50-8c44-a08dee85202d
3275,8e580233-8ac4-4cf3-a76e-a4940fbedc71
3276,e39eee0a-c1ad-4a02-913e-17ff59b9664c
3277,ee2b3e2b-dbec-4fb2-80d5-e5fffaffe189
3278,a741dd4b-2e89-4ef1-a113-64f818dc1cbb
3279,da97d7b7-1dfc-4bb1-bac6-93d5ba30e2c6
3280,b59ec79e-14e3-4177-a7ed-c02759669ac1
3281,c557af18-cfa8-46a6-829d-4eae48c700d3
3282,f04a550e-f156-4aa8-ac94-086c35fc8761
3283,2c01839a-082b-4e1b-a5df-014f0a685dc6
3284,41ee3e23-e4a2-4261-904f-ac6c6a5108e1
3285,81d51dc5-6da6-48c6-926a-80dad944c0e1
3286,186edc4b-86fe-43ce-83bb-7ed4d9c2aa9a
3287,d2af4332-4da1-413a-9b7b-f9267cd78b62
3288,af959ba5-c361-4451-85af-2f968602509e
3289,1f30b656-710c-4dd7-ba6b-66b40cf9585c
3290,ea12e202-67dc-48bc-b7c8-75908b5ec779
3291,e5a0e3d2-5e94-48bb-b756-755876656d57
3292,164805ba-68d5-49a2-a6ac-99358d5daf96
3293,df6d6c94-6276-4d0d-b40d-137f2326bd0a
3294,d3d8e513-2f55-43b2-97fa-81908b024e0d
3295,4a4a5ea6-1aa2-43cc-a0e5-004f508147d6
3296,fc8b18c7-7446-44d9-9167-1919a7956aa4
3297,edec6c6d-3006-4350-b7d4-bb70028ff2db
3298,de10917f-96bd-4980-b855-6e59e6ace49f
3299,7849daf4-eb62-472e-a689-245dc5e5e7d9
3300,fa5c29e0-4742-4194-9f28-5eb55ac6767c
3301,410cb92e-4e89-4b03-9e19-c25611c44424
3302,f9f9149a-47bb-4f70-b707-23e6fbc23641
3303,c5f1be02-a307-44dd-a00a-fe87fa0304c7
3304,395a1073-314e-44e0-bc25-37dce29fcb36
3305,b0119a53-fafd-4417-9f18-929d8fc31e84
3306,f9b25d40-136b-47c4-a877-79d69f16fd9a
3307,88dc5c7b-4745-4a65-a23c-bcab3933ad04
3308,b47b8b96-3291-4559-9106-20684cae8ac3
3309,a7f1016c-211f-45a1-957e-3c2f1831d283
3310,6596d563-6b4e-401a-abb6-070fe9991dcc
3311,cfbdd674-8466-47c4-80c3-5e439bfc99f9
3312,6d9db302-ebb2-4618-81c9-30776c0b9b25
3313,2e7c30d0-5162-44ed-a8ea-6ced6279eb16
3314,2b708d90-cbe4-404f-930d-b5aa962691e4
3315,48a7c8ab-9aa0-4fb0-95e7-72baf69e899f
3316,60f35aa7-0cdc-4452-990b-d1e42135c069
3317,99e5a7b4-6b78-4a7c-961f-d4f05ffec393
3318,b4b341ce-e06b-4f7e-acd6-f7a4ec862d46
3319,65b67368-9e44-4dfd-9cd2-f00046dc00f5
3320,4cace7cc-aa9c-47a5-adea-dadf195abdb9
3321,719d9d41-f709-4d76-9539-539e5490f6c8
3322,3de33671-1d92-4897-b593-89d1e0cbcd4e
3323,4bfb9b2f-53c4-4dec-8815-561b5c87876e
3324,d9a9a8c4-4c42-4fb5-a1ab-320ba01731c8
3325,1ca8081b-6b29-4beb-984a-56f2f72fa0f3
3326,fefc7549-67dd-4837-ad49-0ca09ed91075
3327,a1e4f615-a973-4c9d-9a08-038946d451e4
3328,c4e739d1-3b31-491b-a04b-0d4282abe790
3329,5911f056-1bf7-4134-8c70-78de80507579
3330,6348885d-5440-4870-b815-ce4c7145bbf2
3331,3c178210-54e7-4ca7-9882-ad9ed3fee067
3332,82aa39b6-1d38-49b9-a53f-af59c0d8e643
3333,566c7399-0437-493b-980b-42beefe5c686
3334,288b6c0e-96fd-4319-9b5d-c6650c7ff246
3335,5b5004e2-f398-4a84-938b-d9711edcdcb6
3336,8dfed096-fb3e-4db1-a1a4-39516f8a7e0f
3337,82d480a1-dec9-42c8-9d8c-19d673255260
3338,8965a4b5-8233-4192-ad58-383a8736d94c
3339,e3e1236a-c192-4a58-b4e0-d2f70ebd6159
3340,0d79cf7e-bdc5-43fb-a11f-2dc77759dd6a
3341,13c3289b-13d3-4ebd-91ab-0df0c6ec7e11
3342,3ae5cf06-5600-42cf-9d74-55f9ed94c041
3343,a2e7d8cb-70c0-4517-a9ee-91416b647734
3344,e6daaac3-2eb2-4255-bf73-fec763249a54
3345,a2c77350-8895-4796-b5a3-7a07b4c4c414
3346,2f7fc362-6be8-4518-92d6-1c83b8c567fc
3347,7843552a-715b-4099-9af3-5fc866a11d21
3348,e51a0ba6-9e48-41a0-a08f-1564552b6ae6
3349,fc8c0d72-b660-412f-b2b5-1ea14123d017
3350,ea321a4a-cc82-49bc-9116-a914d85be6a2
3351,97ff9be5-cb1b-4d00-9c42-e24bc3ebb30b
3352,74f8f6c9-3da6-471c-8562-4460395e51cc
3353,485d4d7c-7150-4722-8d89-067ca03fc1d1
3354,c05df152-5abe-42a9-a81c-026d3638aeac
3355,6d6c86f4-afa5-466e-94c2-220fbcf08475
3356,99e6abc7-09ab-4438-a9ef-42ca7a0cebab
3357,8b27c9d8-cd3e-46da-bd8c-17ad8ff3adbf
3358,a85711bd-15d0-459a-8a5d-0e1d6dafab47
3359,039ed350-11fa-4297-8f41-77d696875c76
3360,d615088e-20b0-4a43-a109-39102e456766
3361,91a8951d-c2b3-4773-9440-2352b8c7c68b
3362,9a97376b-5097-498b-9ea1-a9210dcf3ccd
3363,af1a2fc8-cc3b-4747-afa2-a9829b207e47
3364,741c9856-0910-4773-89f9-221424b45a43
3365,0f7f732a-bf8a-4034-810e-7b117f97ecf2
3366,67bccc98-b882-4b13-bb3e-675fadafa4f3
3367,8b6d502d-8268-4b81-837b-2feac83c2ae7
3368,71d03043-5eaf-4464-903e-98a1e61e5323
3369,cb4219d4-6475-4ab7-bfcc-c543d85f1270
3370,57773a1b-cd8a-4192-b605-e13887039b77
3371,fe892b29-f180-4dd6-8d68-31c4bc025b5f
3372,fbab578a-8dd7-4a7e-aac3-ac2a692a775b
3373,1ec66bfb-123d-4875-8a55-598564e32cb7
3374,9663b1b9-f85c-4aa6-81bc-8dfad2050ccb
3375,97b31228-86e4-439f-ab17-f0dacc95b4e0
3376,24e2a48f-6988-4ab6-aea6-83375aa16e60
3377,c3582838-2ae2-4bf9-8d02-65655437b33e
3378,054d0ec4-87b5-439b-bc29-cb1dbb0608c3
3379,37862ee3-c699-4913-8be6-2113397c464d
3380,09489e71-b18e-4382-989c-5a742f72bafe
3381,9af6c690-69ea-4ca4-859b-1f56e6bbd886
3382,c05acd7e-7cd2-4c76-9e5e-31badaf51f92
3383,997d26cb-74ed-49e3-877f-410e2d2e6993
3384,890ba269-ba13-49af-9351-a873eb1e4522
3385,d01b5fc8-b334-4e40-a802-4a39cc01d6eb
3386,0d1c607c-4644-4b33-b8e9-6edeb949056d
3387,2c930929-2760-458e-a4c2-fd1dc722cce0
3388,c8280a67-4511-446b-ba45-b9700dec1810
3389,65286918-40e5-4e2a-8306-7b3bae607ad2
3390,a1da8bdc-2221-4df0-b9e2-bcd2e52e9b32
3391,34c186fe-8e36-482d-bc62-07699ee8281d
3392,1418084d-40f8-4f23-b404-0143ffc2dcc4
3393,cd489cd4-e8d9-4369-ba28-ca6c2a6634c2
3394,5c734b3d-5e29-413d-9666-c43971d016d4
3395,4d85190b-ce43-4b77-bb00-9bc1a8979b51
3396,c9b1f54a-7f7d-4732-9d91-c679551dc11e
3397,6d647450-c728-44e1-8827-bc2cf960e238
3398,b898f33a-8bf3-4b90-ae7e-1c76af136401
3399,9d212919-8938-4825-8a2d-4a1bab87d043
3400,b79deaeb-1465-4d1d-8f7e-3b27fc35102f
3401,5b721c95-ac5a-4af1-8ef9-d9d622206c33
3402,9413d206-123d-4f38-b81e-66eb1d89fcab
3403,cb208724-3d03-45bb-8aac-566f0d6c45ca
3404,7245ecff-96d4-4f55-a8b1-b3ac2cb4d3d6
3405,2b2c414b-b391-4c14-993e-247038c0dc56
3406,dd525d65-3867-484d-b64c-40f50e0a9efe
3407,54305fcb-cfe4-4ebf-8602-576b8951bee9
3408,ba47205d-b98e-487d-bc33-a834e839a369
3409,93d5bc9f-ed3a-4275-8e6f-f52eedb1981e
3410,552e92f8-dee0-4e6e-b901-406e173a2268
3411,9455794e-3e07-484d-b940-a8a66c97c539
3412,d2f8de4e-6237-458b-9233-ada16f47f357
3413,64061916-2537-47ee-be86-61e27f2dec67
3414,5cfa8189-43b5-4f65-a792-f021357d22ce
3415,e881c976-318d-49c6-9e46-1cbbd504fdd1
3416,3078d18a-c3be-4682-b710-d77d2eadfec0
3417,6841e4d7-52d1-4cb4-ae2a-014783d4535e
3418,e1fa41d0-bb92-4773-b590-2a29080b3804
3419,47629bfc-e260-4b8d-8c74-adf110146c4c
3420,ddc26cf1-bb3a-4cce-b70a-ee8b4302c13f
3421,952254f7-815c-4451-a8c5-3de42341ac7d
3422,845231e2-a897-4d71-9993-33e456c26779
3423,b0984a32-0bdd-451c-955a-a187e392e49c
3424,9bf82234-92cf-4b18-9d96-77ed1edf8621
3425,4c7b0ed8-e72e-48fc-9ee9-5587d70f5445
3426,ebec6216-265b-4651-b026-f270adbe7850
3427,356bb331-3a62-4d75-bfb6-618537ae9eaa
3428,56b411d5-ed81-414e-995b-c1bb71af0ab1
3429,aba41807-02eb-48ec-b25a-64649e969b7b
3430,2cc7b6d1-c8a6-4a9b-8349-c9758916662d
3431,ee608300-001f-4448-a1c7-cf813b504228
3432,1f0e768c-895f-4d58-ab14-677003336161
3433,310b02c6-c09b-4e8e-8270-3a935c058f73
3434,c535f6f3-ea2f-455b-828e-53df4fc997ff
3435,f12127af-1620-4c00-bf2d-dd95c400a96e
3436,79f4f487-7837-40cb-989b-b78cf7518467
3437,c8770512-f35c-4235-9457-4ea63a9c8838
3438,48d786aa-2ec2-4d7e-b0bf-0261b57b4170
3439,fc770406-f80c-4fc4-9a29-c1c732e447d4
3440,909b5553-07ee-4216-8efc-b822f653d546
3441,f364edcb-2bd6-405b-96c8-98d4bb363782
3442,db13f8fa-b85d-422a-83c5-4afee7c5478d
3443,f85043cb-031c-413d-8b91-c3bdbc9b2b1e
3444,9023fbfa-af19-4264-b553-92603e0c5571
3445,72f912d8-5021-47b0-a967-841cf627bc11
3446,b3283a9e-7dfd-4026-a37a-3fabdb551751
3447,fea053d1-04f2-4db9-b25f-4ef14643d353
3448,f2e4b304-1263-4ad9-a230-1630385b1d6f
3449,836cd6f1-6e98-4fe5-97a5-b0dbd46d76dd
3450,14caf634-dfcb-42fb-be05-b288c9094d74
3451,7b612758-9ddb-4e21-be27-0998c2c06243
3452,b087c2b6-30d1-41a1-9de4-e0f98b47edbf
3453,91f9c880-92d6-48f1-9a7b-51bdc6fcebbf
3454,71b3631f-22ae-43fa-a483-83ede375fe9d
3455,405517c0-a507-4183-82bc-57aa23ea2311
3456,14c68781-ece9-4cb0-87f5-4b8021ec4654
3457,052c0687-e0b7-4294-b0f1-fff879d1ea1a
3458,367161b0-ac00-44a4-97d0-3fd36c368b11
3459,75aa11ea-e969-4d0a-8e5f-f64ea281f6f5
3460,dd22a5df-53a6-4f86-8090-16c8b575237d
3461,4af85705-3231-495a-b562-c86178f59148
3462,5cb14420-7e9a-452d-b36d-1b04c0dbf8d5
3463,074136ae-c66a-4d37-a212-02da810ea41d
3464,9a4230d0-d154-40a1-82d5-d126f4022b80
3465,e0abf2ef-dd79-43dd-90cc-c0d60f3f5104
3466,c2a83caf-c8d8-466f-a4e6-0cbdef6db806
3467,d26b7b1b-fd99-46ba-b45a-def04af11b9c
3468,ae010375-be84-4694-a917-674575cbc984
3469,98993875-ae63-475b-8b1f-43147fdf3598
3470,d5b38e75-73e7-4194-a3a6-88d3732de790
3471,4b7ab2ad-275c-429a-826f-695e2a25d9d8
3472,222e2088-356a-481a-9b56-5582c6433ff8
3473,d33c6d59-6b10-427b-ab74-8f021893f2d2
3474,9941c875-da86-43da-b6de-9e2021dc9cb7
3475,9b50aa29-b9eb-4d6f-9f7b-3cb1b8b6e74f
3476,26dd7266-37c5-4878-a715-c8dde1fc9f9e
3477,523b371f-9122-4a4c-a5bb-31846586db4a
3478,a5e9bf78-779f-4e72-8d47-8fbf8ed1f5ed
3479,8400dfa2-24d3-4f92-ae94-bc32eec5707c
3480,181df014-8ad1-4ac2-86bb-00d8d75da7b7
3481,342e2992-15b5-471f-bffd-831268b9b79d
3482,68215fe5-3eb2-4793-968d-ed8b55d362c6
3483,ec342407-9c20-42ca-8a6a-c0e64f7c24eb
3484,79384b27-4fe7-4fa0-86d5-f7d1fc25f970
3485,a0ac1786-748d-46c4-bfa9-80a94769a156
3486,b71f517e-02a9-447f-ad29-d38c579bc45e
3487,154145f1-634a-4405-8787-c0481c515b3f
3488,fcaf97de-8ec9-403e-b72c-3df20620dbec
3489,1d2ac2a1-a86f-48f5-9f67-aecfbb36eec6
3490,3d6a8aa7-bee5-48e3-bab0-30a2a2196ba0
3491,cf28c9d1-8a8d-4b82-b637-63bc6a7818cc
3492,5a00f3e2-96bc-4963-b037-a464d0a7673e
3493,0ef28d1d-2ca8-4b5d-be49-d0ab8cc47a6f
3494,e4456e92-283c-427d-bf19-833f789759cf
3495,90d08926-5e1c-406a-a588-ab8d2c0f5caa
3496,8e46b330-1f69-47ac-9918-2b2d2bdfc60c
3497,5a784326-923a-4295-a1c0-5ae59839a8fb
3498,61d8dbed-82ff-4bf5-bf2d-c241b1b1034b
3499,843e48e5-d157-41ac-b608-74b019f07da1
3500,e82a9743-683c-460a-8a7d-37e38e290acc
3501,cfc1a177-83c8-4b55-bfa9-a687f4d01e75
3502,bd366f26-d89b-4cb2-9672-a0c7b09a0a72
3503,ba6d94de-7e69-4905-bb54-3d7d0bc300aa
3504,7c9645d3-f0ee-4522-a3a7-8716e28d765e
3505,c1b4f628-d52d-4c98-b4ba-329849c6b828
3506,2dc3b6f5-7e44-4f3f-ae04-680c14a63c62
3507,57368c57-e649-4128-96c7-fd84ea081a0b
3508,431ddab0-8018-4d2d-b8ed-c2df1d0bc649
3509,4d4a93af-b0c2-4595-a828-a14bedef6e7b
3510,f530def4-13af-4c0d-915b-e380283f0e92
3511,1fa8492f-8f6f-4cc5-b2e9-41425ec7a6a8
3512,5c44db64-da21-49bc-8347-f0be5973ceb8
3513,3156b500-72ca-4620-b2a6-e3cd34c80de9
3514,dc986d3d-eee0-4523-b31b-a22f5542d80e
3515,7e9b6fb8-1708-4c27-a7e9-0c987378439c
3516,bf2a3e47-0b34-4d4e-a2e9-1e2525d64795
3517,7ec72c4a-72f9-4cb8-9ee1-3389eb0a018a
3518,7349dc74-f3d7-48a4-9abf-b332b3245bbe
3519,71586c7b-672a-4135-981a-ca26cddc1d91
3520,24052264-8caa-49ef-b135-03df85a0a428
3521,336e6b93-9e24-4c5b-9649-52a95e7da7a6
3522,8f86e0f4-b839-48f3-9efd-dfda14ac6cd8
3523,4a0e8a16-ea29-44ec-aa0f-b6b83d14ea2f
3524,75df3aaa-95c5-436c-84b4-54463e9189ee
3525,7f33f4e7-d6e8-4fcd-8a0c-27ff0abb31aa
3526,9172cb4d-edcb-459b-9453-c64014755a33
3527,e05d0211-1397-4da7-900f-c0632c2b8a70
3528,a5e3adf0-4efc-451e-95ec-49b2f2501055
3529,8e393126-8e79-4be0-9f4e-87b61cf860c9
3530,b1491cdc-39fe-4292-a546-4883b69aa06f
3531,a726fcac-184d-49ad-9fab-73bdd86c397f
3532,c855c621-eca0-419e-bcbe-5a0cd541065a
3533,19294c36-1efb-4a84-9934-c5bc54276121
3534,6c21d7b5-f1f5-4045-9d42-818e149fda1e
3535,676326eb-69fb-4d4c-8a80-4b0b746b7908
3536,9c0fe2f9-6e05-4272-91af-a97e01a4064d
3537,88a5137e-9efe-42b4-9e7d-9d377d278ac9
3538,e07596e1-4b4a-4716-a214-9cb62ce6ea12
3539,94542928-8867-426a-959b-dbddb17ba126
3540,faf8be50-8177-44ce-b7b0-5ff74a5763ee
3541,3bb7d293-bcbe-485c-9bbe-f5b3f270fd35
3542,f77ead28-4d19-4724-8ae3-5c80335d0d6e
3543,87a2d5c7-767f-4ac4-8c26-eef83f714685
3544,5ce9c8ef-089a-4a52-8ca2-01d42c4de09e
3545,c8372286-52d1-441d-9642-45b9bfcc2715
3546,9df4b57c-502d-4556-b2d6-707209505cbe
3547,e3616b05-8932-4d97-bd6e-827d2293f43f
3548,29be4047-cec5-40da-b6ae-50dc4f5713e9
3549,62546ce8-97b1-480c-96d3-923fe66928c9
3550,1942bcd9-339b-494b-b836-021b8b5d034c
3551,e97d4111-80ae-42d0-a62d-00be9d2429c6
3552,beefbf49-3df9-4c43-95ff-0b1ba88eb613
3553,7f52e02a-1550-4dd4-a32d-6e07bcfb4957
3554,2e4960f1-ede6-4468-a6e7-270581cbbc93
3555,661f8b46-5309-4371-902e-de693f63816e
3556,ab8c661a-1915-4a87-b015-03b6b8a1da76
3557,55751c6f-c97d-4a2d-848f-4f8bdf44bcb5
3558,5524db39-4066-4cb2-9050-2d43317c3087
3559,e85097da-0a2b-42d4-a688-f5d2b2e4f8e0
3560,8d60cda9-21ee-4e30-8871-8310494dbf76
3561,9f4e34fc-56d6-407b-8452-79980093e5eb
3562,4cf605cd-15fb-4620-a3af-e636ec5d1c60
3563,7939e49b-1d0c-412a-b87f-1a5ce14eb0e6
3564,58259c4d-3aad-4c00-a939-3d574f812011
3565,5bebe8f1-2d3b-4e76-bd7c-535af560dc66
3566,4eae9cfe-c310-40d8-b09c-8f848510812f
3567,e95479fc-34b9-4d0b-9d82-2907682d9b82
3568,1f0aea9b-82e7-4371-98cb-57981598278a
3569,22d160c7-3fc5-4825-a3ee-6a283f48348d
3570,db15ccb6-557c-42d1-925b-43045bbe482c
3571,398c4c26-6754-46ea-9968-d16d2ae6adc1
3572,79b2b2b1-25f6-46e3-a264-49aae0242cea
3573,7d53da3f-511e-49ef-be56-eb6106438f1e
3574,edb364a3-ebbd-4644-8af8-06a692053891
3575,2b964ee1-ee48-42d2-88bc-a6123b3f86d5
3576,a897b416-d042-40dc-a836-027e095267e0
3577,fe8b5cfd-863f-465a-aede-f327119ddb03
3578,71ecabeb-f8ae-42ab-a9c3-ebe4dccb5066
3579,65e29333-e1cf-4cee-91ab-208adfc6943b
3580,b22a603d-92e4-45d1-9fe8-32d81ab4e6ee
3581,07b2a4a2-ff9a-4d0f-b58b-eeceaf496432
3582,a2cc4ce4-5142-4675-adf4-9580b960b701
3583,8a9815da-e3a3-465e-b124-24c3fe9b1073
3584,2c36f157-62b3-4c04-b5c5-9f64f9c74d88
3585,1b1cf85f-f03f-46e3-a0d0-264a039e2f14
3586,bdd2704b-0b37-469b-9431-9547b738f002
3587,964913ec-9aec-488e-9bb8-062347b63ff1
3588,a7e84154-400b-486b-9fd5-69ef944bedbf
3589,ffb40978-9cf9-4da8-a7ac-68a4c30bde05
3590,7fc73ea3-bad0-486a-884c-06ae4246d170
3591,c0584261-9bc8-473f-996b-37f296aa464e
3592,b478af78-2d3c-4e4c-b24f-6b921dbd4afd
3593,02c8fe7b-a5b9-4f0f-be67-a171eb1c5131
3594,867e8304-2cb3-46c0-864d-59f5abd2b64b
3595,551dbbf2-f726-4a80-924a-003e4b79b8bd
3596,b0ec6840-7d61-4e57-b861-ec28d73140ef
3597,65e62357-c398-4f7b-8c1f-bbd8cb108c16
3598,20c9be8c-560f-40a1-8ac6-a587bc601673
3599,aa3663d1-2509-4b58-93a3-f4cc1a97eed9
3600,d5aef2b8-6b55-4cad-817e-9473573021a0
3601,d476325b-c210-4f28-afa7-8694c4a415da
3602,d5033f04-a379-4657-a6d3-1abed3410e61
3603,ec08ad2f-be6b-400f-b954-34400e83f497
3604,8fafe4ae-907a-475f-bc7b-2d5a9bd2fd17
3605,5ca8b039-6027-41b1-9493-c5cb24f97964
3606,c4ceba4f-ffe6-4eaf-bbf0-1adc5ade6401
3607,cb4827ba-6901-46a6-a407-0d8746778236
3608,3a330feb-56e9-4cd7-b88d-953659055d7e
3609,34bb91d0-eaaa-46aa-822e-cbeb6f2cf197
3610,e24155cb-55fe-4831-86cd-2d42091ed7d6
3611,d61e17d4-8003-4817-a4c9-828a4e03e949
3612,eca34f7b-faea-4968-a6cf-9d74c3181233
3613,5772c141-3652-46ea-b108-85038839971a
3614,388f8916-6d15-478c-b74d-7d8b5d21db20
3615,55db8a96-e39e-4b26-b163-ffd21d75be5a
3616,08927f72-13e7-4d15-9a65-12bc2c0a8532
3617,794b93d1-be51-4e41-8ab5-867aae6d1c91
3618,2d22092f-dbab-457b-ba62-d64635a9c379
3619,6af0cbca-9219-4af2-9182-830abab86c3c
3620,d745653c-1ac5-4a66-89f0-8f6816a4463f
3621,2cefa6ec-fa51-4f8d-8d21-12c7b156b028
3622,269573af-0362-4ff3-a9f2-05cf8d648f4d
3623,32a23fe9-e174-47ca-9ac7-aa7504b6eddf
3624,c0b99623-7523-474e-a072-e98a9c07260e
3625,46112b2d-d69c-4795-bdb1-2972b2feac37
3626,4a7093b7-75d4-42ac-911f-eb4e669e149c
3627,ad38301a-702c-4719-b389-9a7c2c2af4d9
3628,6e69c694-f214-4dbf-bc09-7e35279c4e0d
3629,fe2cd0a4-4176-4dff-97ec-f0140123b576
3630,d2ce4896-ad72-41c0-a8aa-5c195682fb79
3631,84e6d4c8-b4c7-43e7-bc15-7b74ccc55888
3632,0178f272-cd52-4086-a626-39624a88286d
3633,aad06b69-32d2-4c91-ac85-48eba8af0e5a
3634,04b72fe3-c049-48fd-a761-5172df11a05b
3635,58338aab-0da3-41d3-a4ef-5ab366ddcfee
3636,038d8373-9892-4c86-b0b4-afbbf436d571
3637,0b2918ef-495c-4f00-a3d5-2450d9464cbc
3638,0f39b0a7-e297-4760-aed8-88f0a5e65033
3639,48aa316a-13ce-4869-be2f-34d02cf05b71
3640,c0185c60-c2ac-417a-b6a2-5b4ae46e753d
3641,f6f4385f-ea05-479c-9015-e62529d45573
3642,fea527c2-59e6-4e41-8ea4-a9ae61c2fc95
3643,40e07c4b-8ed0-4567-a515-2da1c23aafd5
3644,0c144bd7-021e-403e-85a7-c2bdfbfea5fa
3645,28f426a4-78d0-4258-910f-aca7538fb89b
3646,2afdb908-0619-4127-9d28-afbaa6f0081f
3647,4430681e-b3f3-4425-9a34-1057d49611cc
3648,6f4e5af5-c6f9-4431-9be8-5fa1f39df7de
3649,d82665b4-6e4b-4753-a07f-ee1be436dde6
3650,59bda791-fecf-425f-9634-5cc998bc3bbc
3651,36040419-02db-4bbe-8fb7-9c7bd5e6bc13
3652,4e41f5f1-73d1-4c7e-a136-9742c4a6694b
3653,a3a77df5-e394-441a-943e-58061a969028
3654,84280513-9674-4ef6-aaa4-017847c14623
3655,457dac01-b148-4bdc-aac0-65936b62a57c
3656,a92e40db-6695-4841-837e-fc1fcc9d0b51
3657,fff5986c-57e9-435f-8372-6b4303096eb8
3658,33e68ca6-2da8-468c-9ed9-460a2295879e
3659,f9d30076-7cde-4e38-a07c-4148ba524af0
3660,28e6a846-8921-4195-8e21-62aa9e14cbbb
3661,11146c6f-bc1f-4dd7-8710-b89de4bac722
3662,e9765eee-ae49-45f2-97dc-024a05d3a9e9
3663,8bb3c1f5-d5b2-475e-a484-1fce0d18bc8b
3664,0e7165f9-0fe1-455e-99c3-df281565686e
3665,7322e6a3-3efa-4603-98e0-93f6e028cb89
3666,19b57948-ad2f-4b8b-b8ec-2631ac87b8df
3667,de4f3e6c-5bb3-4e30-990d-1fb433d7027b
3668,5fe8caaf-1f4d-4589-9987-126bc04f5991
3669,6d8fa707-74cd-4838-bca2-c5daabf300e3
3670,6c9b5fe1-7498-4be0-a7a8-4ca44d4f2d21
3671,40d36b63-a95c-4796-ac67-ece88cc181b6
3672,a50f847d-240f-40eb-baee-5ec91222b8f2
3673,fc188f77-4d77-46d8-8b73-ab37f614bb9d
3674,2d78e401-f298-43ba-b90f-47c64afbe4e4
3675,a858797c-b614-4a13-ab60-8990ee3c2b33
3676,9e33e40e-475f-417c-8b87-3939ac873445
3677,1952195c-8943-4a83-9998-6335d4844f0e
3678,d0b4fdfc-ce07-41a6-84be-6bca99348ad9
3679,20432e63-922c-430e-9b6c-a11420bf5763
3680,687547a1-4cff-492d-b330-dccbe57a8f71
3681,9e122a0f-d383-4dce-8134-0598bc6c3abf
3682,d1f1511c-fa19-4bc1-a784-b69be6961d14
3683,dfdbef21-2e4b-495a-9db9-31ab3906e74b
3684,0975c21d-52e9-4c55-a3d3-dcd0ea9fcc3e
3685,f1fc77ae-1259-4c90-879b-bf28b178968e
3686,ba24d651-2516-4fb2-8e48-a9991ec07fd3
3687,a4334193-95d5-4557-a7e2-519531cfff66
3688,4434be08-9247-415a-982c-c076fe8cda4d
3689,d27f6723-c2cd-4564-bb11-f29cea008f8e
3690,40109193-7c08-4b79-a93f-1ffc29794836
3691,7806e9f3-d153-4c72-a786-701e3d29ee30
3692,133b0ee5-aef1-423b-9620-a25da9a9a7ab
3693,92e061c8-b962-4c5c-bc33-acba3d72bcfa
3694,8ee0e803-7659-48ae-b7f8-450480d57bdc
3695,3a0da5df-d6d2-481b-82cf-c76821658057
3696,5cbb2d1d-bda0-4a93-8f9c-486a90b370cb
3697,58743ec1-5d15-4a73-91a5-203c5d949b70
3698,fb5f6f3f-0670-44d4-b771-7548abc44822
3699,4e89fbb5-19bc-4dd1-87d2-322ad50f4f08
3700,e0a836da-5370-4925-b6f6-98b7b2d6f55e
3701,8d26a74d-00d2-45d2-a84d-4223b8fd3195
3702,791d3e76-98d2-493b-9473-7bded6c54403
3703,01648db0-439f-4d6f-adf8-35b37a66bd51
3704,1c97f7de-de65-490d-87f2-696ecf4e0c86
3705,2b39f728-3d9a-44ef-934f-6707baebd8ab
3706,1ce43904-53e8-4f5c-9bf7-cf82887799af
3707,4432fc10-762f-4f51-9b56-3921a8bc6baa
3708,3faeccaf-72e5-4b11-902d-9c25b3f22ca0
3709,ca2eec1a-84ec-426a-ade0-4f3c9d5a17da
3710,2b738c5a-edd8-4717-aded-90d468927b96
3711,797e360d-6edb-40e1-aa10-8ca5723ff01f
3712,7c34b3a3-c6c7-49b0-8983-4d8140f66bed
3713,519c6541-940f-4968-ac05-21e9fd8b3df7
3714,cef8452d-c454-402d-8ae6-ecaab339234c
3715,f741615c-af91-4597-83e3-b6deb200a25c
3716,0890adb4-ae3f-452a-9245-fe0f7e1d7acf
3717,6fdb6465-acfb-4b96-ac59-cec7a794db3e
3718,475cc05e-88c5-4e2a-a5d3-99c3ab0d03c7
3719,18848042-0a87-447f-bb25-c63360cf3ec4
3720,2cb25793-0f47-4863-8df3-d6f802c4472e
3721,e57074b2-597c-4c43-b8ff-0c1be16ee612
3722,3e800983-ab18-4a78-802d-dc26ddb0bacb
3723,10556bd7-2cb2-4b04-abe8-9b579010c601
3724,a1019869-9f1e-4d83-ae93-ae4b2fcb17b7
3725,a3aba0e1-1148-4c75-b8ac-ab67142bfe1d
3726,7e81c0cb-6085-4459-9f56-98610d9b9c59
3727,437fc69f-c380-4317-8461-e44afe00a5b8
3728,bb141e1e-51c3-4e78-809e-979545036e7b
3729,1352a6d6-bd6d-4797-8c0d-6b6572c9aa9b
3730,61b7528f-e120-41c2-a930-49235d5ffb85
3731,e2de94f1-b925-42e8-aaa8-43d7204c905e
3732,b1d35526-ee27-495c-8812-541d143f8413
3733,907b2f9d-672b-4bd7-99ce-429c4582f344
3734,0399afd4-4732-4a02-8325-840757afa5e3
3735,7b5c219f-0760-439a-be68-e13b520f3cea
3736,66a089d4-6a00-4286-9397-bddd3506d01f
3737,b3c61d7c-8683-4eb7-8697-929be6b508be
3738,d0b4fbce-788f-4981-9adf-03198834722d
3739,c6ba1bdf-283b-441b-a017-3870dbe6af5f
3740,8112b334-c8ca-4b8c-b21e-c83816954fc8
3741,a04f97b6-ff0e-4d7f-b341-4cc8de3a5aa4
3742,d1d0bc4e-5ec2-40f1-8afb-bfc24071e673
3743,381dd7d1-00ba-4314-b298-9c691a436b88
3744,e56b54ee-91a9-4ac1-8c1d-67e5263252f0
3745,ba18ebc7-681a-4810-94eb-be5c3e167def
3746,9a872664-5211-449e-873e-b018120c4710
3747,327581ee-fda1-4253-9a9e-176e71059b7e
3748,c592656d-a632-4f73-b662-f28c7e691dba
3749,b5b8fdbb-2609-4fae-9bcd-d9737adc8328
3750,4ed07764-ac83-4c4c-b631-c9b172de1474
3751,38c858f3-fc6c-4285-a9ff-95d9113ba8a4
3752,dc30de33-d3ab-4670-b185-8abf231f1954
3753,664d2b1f-0320-459b-bd26-2fdbfeac9fee
3754,0e4703d2-fbe3-4460-a05f-33c30a42654d
3755,8fdbf421-5522-4ad4-a116-0267eed40e51
3756,25061b3d-191a-4cf1-b705-749a912a5172
3757,e73cea58-caa9-44f9-a207-7798997b8207
3758,214cdd75-d1c6-418b-a18e-243e57875658
3759,9cfc2982-9e2b-4ca1-b6b9-a35a4f779708
3760,554aef03-898f-4d23-bc1e-16e832e6767a
3761,9ba8551e-9a04-4023-a081-7bca103cdcac
3762,467cf9ae-54dc-45f8-a3b9-198ece96522f
3763,d8fe8e38-8211-4e7e-9eff-68eb19017b3e
3764,e38aa505-7e25-4143-9dbf-aff3a6659582
3765,661baac4-b013-4214-bcb1-1e96d5ac68c1
3766,23aa0fe6-387d-476e-b486-19f74b164da0
3767,66849d07-c2c1-42b8-a27c-7ad5ab2dea74
3768,16d72bfa-4e13-44b2-8a79-2f79823e5a9d
3769,6cff6d37-0059-4eac-8c56-f4189607c602
3770,906ce343-666a-42a9-9a61-4b7d3ca9246e
3771,e9e598ae-af0e-462a-a104-39cec479c34c
3772,ee519bd4-0678-49d4-9470-4156cd02eb24
3773,92f7b897-f3c7-4814-9730-cd46fc5c6075
3774,228f8e52-ee96-4db6-ad6e-099a41942307
3775,ea956285-e2d2-4c69-82c4-e7865c2de6ce
3776,201eb13a-b325-4d97-b8b5-dfe5d6132285
3777,c9a593f0-9ca1-445f-94ed-1bc6f9515b3d
3778,39fb62c3-b48d-4e1c-9e83-fac24fd62342
3779,a31aa3b4-96ff-4d34-9e1a-4e15ad23c31c
3780,cfbe2838-e2b4-4cba-9177-152dddbbed25
3781,31ee0850-be32-4ca6-9b04-335e06e44d23
3782,73ea225a-60dd-4a4f-9430-80ec33333368
3783,e0a39658-704e-43da-938f-759f3663983f
3784,eff872b7-6c16-414d-9dc5-3f7afe23416d
3785,248ffd4d-1348-4db8-a248-862de355f541
3786,3fb7bd2c-690d-4ce6-b747-f54feff610a8
3787,83b11061-546b-44bc-b9d4-f34f1a23d4e4
3788,c252e9ee-e4f0-425d-a659-a2b921a40b57
3789,5224018c-dec2-495b-acd8-435519e4db25
3790,4b117dbd-caba-4e11-9e69-2cc8c11b1b6e
3791,552ce58d-15af-4c45-895f-3ee6b0b53093
3792,e361e86e-11b1-4e34-b708-478b4e4bdbf5
3793,49d85c88-d541-4c08-8a7b-2b8c498399fc
3794,db5dd816-ae53-426c-8d12-1e026415d9b1
3795,9908a162-c895-4193-80d7-b29836280cad
3796,d31df36f-9657-47a8-b97b-5709480d10de
3797,e991a152-0118-4c0d-bced-345b283e2bd7
3798,46c23365-b804-465d-8fc3-56763a5ce39e
3799,a90fa1ec-ccf1-418f-8f15-287cd1b0ec70
3800,52848844-dc5c-43e1-8a4a-a6dee83c645f
3801,c76c548e-7ba9-4270-baa2-cc5f66e96b0f
3802,db442efe-59cc-4bc7-a691-7a9fa0c629e1
3803,c35bef0c-794c-440b-844f-7b9e8646a77f
3804,8776e7f7-e10e-4550-bf53-8bf637096cc9
3805,1256b366-77ff-4a4f-b57a-3f2ffd3a3545
3806,98c7d56e-4188-4163-8d59-72ec1e8953e0
3807,1cf38619-31ef-4d2a-837e-50c49440dbd7
3808,3ea5b12d-f143-4493-b980-553b2adab135
3809,aac99da3-0b6c-4f5e-bb4f-1ddfc8f515e0
3810,cec4ebc8-817a-4061-aa4a-92f6162ac1e6
3811,b5b962cd-1532-42f3-a3c2-94bdff824dcd
3812,d3f33cd1-1a87-4c0d-9a82-2ce983081975
3813,d5474ae2-e082-4932-afa1-a2e2f82ce655
3814,2af26888-d630-4199-9495-17d524fc8bee
3815,e3950c7f-0525-4748-8ed9-5af238edd645
3816,15749ea0-25fb-40fd-bf39-ed5c0405b691
3817,9f6be3c9-ed39-4db9-8374-053e55997fe1
3818,653df037-482d-488d-920d-55e2a08bbcd4
3819,8df20eec-34bd-47c9-915d-5926d357baed
3820,7e5ea8c4-194a-43d1-bee0-5bb82de31fb6
3821,57e6fa9d-80a9-4f6e-b673-e56d56672a77
3822,cf9c4eef-4c55-4640-9c79-3fd7e444ec41
3823,e6b4c5d8-ac68-4c69-96b4-fcc47c204911
3824,a09557af-fbd7-4c1c-84af-3da627ad495b
3825,94f2384b-19ab-4fd3-b94e-86faf209cece
3826,7e71e6bf-ecba-42fd-bc8f-35c066658c6e
3827,6a7207da-af10-49b8-8528-dd426c069be2
3828,2776535f-c4d6-4851-9069-e2266076d368
3829,3a1d45b5-6e21-4c9d-873d-e3f4d7cc2c75
3830,fac2ffc8-5788-44fe-98c3-1e98cfcac020
3831,b6feb1f7-b7ff-4ab0-81b0-12b056b3aa9d
3832,c27b1b34-2082-4cf6-bd91-b77b81bc9002
3833,33755b0f-e036-4e48-a08d-9e61f3b8c525
3834,7e06fa1a-8ca8-488f-b858-41504123deab
3835,6e4a8d2c-bab2-4450-a5cf-462dee28fa2f
3836,fe6786ec-775c-44d5-8055-0c67c4c188a5
3837,a8efbf52-e527-41a9-9825-956ec64af371
3838,5ca907ad-77a0-412a-8940-4a6e972e4bd7
3839,170c287c-20e5-414d-a66c-ffb6d1a40136
3840,c549be77-6906-4614-8cb2-86beebbfd505
3841,08a3d05a-2bcf-45f7-b590-71d0bb085b8e
3842,079b4dc7-b9a2-4c97-b0ae-ca0b1427aaea
3843,42d5c2fe-ef1c-43b0-805e-12497ca2ea8a
3844,46582841-d419-4fed-ac28-d75218bab3d7
3845,6aa6098d-aef3-4709-83eb-005b0abddaf9
3846,dd062be2-16e3-4742-93db-f8664821674d
3847,450843ca-f2be-43b4-9397-114bcc4b9278
3848,1eec9d6f-5599-4610-827d-454f071c55d9
3849,03a2c5ef-260a-4c67-b14b-bcc516f9c894
3850,e4fc8806-37e2-4654-bfed-c7fc639071ee
3851,503f5fe2-fd74-4316-a28f-ccdf8f737194
3852,89297801-7cde-4428-ad1b-655a909588b6
3853,15618bee-d096-407b-b208-b2836f9b7027
3854,99b4f23d-5de6-4efb-a7bf-1eef8f209222
3855,f6d02ecd-7a9a-41ae-bb96-ed3baf8b3585
3856,a921e5fe-0362-429e-90a0-36c1a87f77c5
3857,c0e9a1cb-212c-4c6a-a147-86ac9899e5e1
3858,dcf7077b-d1d2-4334-8e22-f462f4df7e0a
3859,c0accf4b-2c5c-4639-b1d3-5d1990eb640e
3860,5ee7522a-5b03-4def-b087-a6faf3c0798c
3861,b2e06f06-ed52-4482-9384-554c523d0b9e
3862,3f8b3458-ddb7-49ee-aaa8-37066c003651
3863,51f238db-bdc9-4c68-9556-fc9384060c6c
3864,2723ed90-ca1b-4b6b-bfb4-11f859089d13
3865,685fbd70-9a09-483d-8471-8510a3aa48f7
3866,4e695a27-f5df-4b2f-b36f-cd43a608c7ce
3867,82c6b677-a280-4af0-ae8e-4e4d299f0c50
3868,416b060e-6e60-4e7c-9667-b9d3ce499390
3869,dd8d051b-93d4-46b4-9f46-394487695b09
3870,48eed5ca-d9e1-4309-ad1b-793daea82cb0
3871,08097339-f19b-461c-9656-1112cd3d04e8
3872,96ca8783-cae9-4feb-9ade-174d7d6e7583
3873,5ed52e79-bc26-4871-b7af-c7120d36ef08
3874,d57e52bd-7eca-414c-9845-2921299781b3
3875,781ecd54-0afe-42f2-9bcb-14c97df27126
3876,67803aa8-511e-40bd-87d9-2714aeab241e
3877,ffefa90e-546d-4752-a399-f3287e8a278f
3878,1622937d-e204-42e9-8c55-78b59103932d
3879,8b77e519-7ab0-42ec-a227-c836ecc86057
3880,9327bd90-15ba-4019-bc38-5e61481c91a3
3881,fcc31076-4f18-45b0-ae2e-651047c89065
3882,f63166e2-7514-4612-b742-2fdc9bb40e1e
3883,13ae9af2-d032-4a93-b240-cc9e8b563567
3884,c16cc2f3-93ee-478c-a9b3-9c650f941060
3885,fb2f4d0a-ed96-44ef-a346-34d6f051e362
3886,67cba92e-9750-40ac-b47f-b1d5fdd3a831
3887,7a5798e7-fe66-41aa-9adc-102694ee80df
3888,0c5cff5a-344a-4d0f-a964-98ca016d1657
3889,17befa39-12a1-4ee3-96c7-b01bcf7beb0c
3890,58091f72-b350-46d1-87bc-546c1706dd7a
3891,883fbffb-fff8-4d29-bb3d-1bc1277547b0
3892,c5b34b0d-b3aa-4b7d-9440-67ff2f65530c
3893,4110d5dc-d45e-4b1a-9f1b-cb2320b6f228
3894,67521c06-3104-4fcf-9f3e-afe46dc6907f
3895,87156776-ea0f-4ca3-b710-d0d2361e0b05
3896,028b93e2-700e-49a2-b8b9-1856096e7202
3897,3cced4c2-a4b2-4c84-9d21-09fb304b185a
3898,23a5b432-c5cc-48a0-a637-7304d7ef11c5
3899,4f3369d0-78a2-4f1d-bde3-d5ff78467f28
3900,9781a8ea-b4ce-41e7-95b8-9729b6ab1b6d
3901,f36ae96a-ca04-4b81-b3fe-de6b9c223fa1
3902,328eb3d4-ed6f-4ad9-8737-82fdfaaf4f50
3903,1c78aaa8-e558-474b-837f-a1b88e0c6ec3
3904,452ce756-30b3-421e-9a67-6d0df877a74b
3905,9945a945-da38-4b45-8975-4f488e231df3
3906,1147013a-5c53-4d90-a2f7-427e71adfbe4
3907,6e2721c6-4edd-43b7-88d3-5f9658c68869
3908,57e05fa5-88cf-4cf4-bfcb-6588846f28ff
3909,d9995c9b-6643-4d8a-ac05-6fe58821bda1
3910,640edc94-d834-4619-8d40-5ae5f7840ec5
3911,6c3c77f1-1a24-4bb2-a7c1-0addb651da6b
3912,933ef50b-7a94-4787-845b-7f29585c3a78
3913,98f485a4-815c-4e4a-9c71-80fc6712440a
3914,7da06a3b-4439-449c-a48b-1cd8ec7d7328
3915,dfaa8b3f-870b-41f1-80df-afcae6787f2b
3916,7cfb981b-d72b-422d-a096-fd50c92b15a7
3917,95899ede-a5c3-4e0a-8ac5-f9fb4db1df36
3918,d0f9fe87-6b3c-4d53-bd73-00c7b87ebcb7
3919,78d4e933-130b-4466-8393-1f172d6f0abf
3920,6c823e90-b777-4304-93ed-068420d42138
3921,01232d52-1adf-49d6-a8af-931f8fdf6db5
3922,67b14a68-aacf-466a-8777-6278f6d56946
3923,390d9fc0-b2c7-4b50-bbfb-712f1b790e9f
3924,537e1192-7a35-448a-9a00-32ff336035eb
3925,9cc74219-c6a9-48da-bd53-170a74eeab57
3926,b09b689a-ddf6-4ac0-aacf-df4c5dea4fb6
3927,9aead47a-3adc-4d02-84da-1f464f2a9c18
3928,8bda39ff-4348-4543-b879-6d338df4b4da
3929,c497aab3-fbbf-4eb2-82f1-915ea3a4a097
3930,7b4afe0f-437a-44c3-b361-3cd85c9fb251
3931,7ce18fa7-1449-4a64-9607-c2596146edf1
3932,a44fc8ad-fdeb-4adc-ab94-0c5469d0a573
3933,8315ac86-a41d-4eed-b6ea-084ef40e69af
3934,6805208d-f845-4111-9cc8-1eaef0a557b8
3935,5f4d0299-2cc5-4601-8091-96948df6bb18
3936,4c4ec3df-5aac-469b-af59-c1ddfe1a4e60
3937,163f6d27-ce8d-4c6c-8aab-24726f865eec
3938,8b9f59bc-51ac-474e-9945-6b0f35caa9f4
3939,4a4b6283-1c0e-4d80-a128-0173baf6444f
3940,8a34e9a3-8f07-4525-af38-0cbb745d998c
3941,c6c786b3-01f7-48c3-9e77-256574cd0963
3942,d6f6e09a-b602-456d-96e1-257ac7a8f7d6
3943,7331c63b-680f-4ab6-8c2a-4d910ec27b3b
3944,70aec7f8-c386-4e46-99d4-5c05273ec413
3945,c46ac2d2-8498-4f4f-96fc-6b67646999e4
3946,cfe840a8-210e-48cd-8368-85484fabcdc5
3947,cf1b6b2a-2381-41f5-85be-582311f9c447
3948,8772d0d0-7bb9-4df6-9315-888008d7a639
3949,f90c710f-7a84-415d-b37b-77d29e7328ac
3950,da52d6bc-f117-4bcf-8ac8-21be4fc7cfbd
3951,a14e346b-16f8-437e-a76c-bfa858a908d6
3952,bd33c71e-9cb9-4a6a-8abf-ee3f4cb11067
3953,807e620d-30b2-443f-bb38-3f10af37c207
3954,4f4a9ba3-f5db-4cd0-9e2e-7abdda6814b0
3955,ce21012a-99d9-4029-831e-b40345ff53ec
3956,cb88d3c9-11d7-4f55-a62e-3da21474b527
3957,a4010d97-f7df-4224-8ee8-e7d4a3230930
3958,bdf1c335-0ad6-41a0-88d4-0072631dff41
3959,ab536d52-b794-487c-aef6-4342bdefa62b
3960,7fe85316-a0ea-47af-9ec9-c3e5829524a8
3961,43c76c7c-6f27-4f7d-91b3-46094b0e4680
3962,4fbb39fb-61d3-4da0-bfa2-95ed4dc87c25
3963,253dda34-b4b7-4a19-9e8c-046308d07195
3964,33be8e2f-70f0-418e-ac2c-2e336e160448
3965,1fdf3837-d1ee-4469-88fc-2486dba21ff2
3966,3ad768a6-cdfa-4500-9d8d-2d4da921a2f7
3967,32e62403-2bf6-4f4e-888f-1e4a720e6399
3968,cc498a1d-985d-4bc4-a7e5-13af5fa59ad1
3969,41115e44-9005-43f2-b24b-d51d42c6695c
3970,71b11c51-34e7-475b-9abf-61283b07215c
3971,9e014b98-fdd7-4f27-a90d-3c65831008ac
3972,ef319340-ed76-491e-9ec3-8cb26510fb4e
3973,8d139b28-c225-412a-b2da-7b740d4b45d9
3974,1e4ecae2-6acc-4702-9742-93f3148689bb
3975,e867954a-849c-438e-943b-fa12c7d08795
3976,f17101d6-3778-49d2-8c7d-ff09e2d31ea0
3977,6ac67f01-d325-41a8-bfa2-122a69f37a47
3978,f171cdfb-f575-4a15-986b-b829a9d9465e
3979,f1550160-76d8-4833-9130-23dc6cab21be
3980,73de8ba3-5c5c-4e06-87f8-77240c9ed04e
3981,b74e8eb0-8f90-482f-a97f-6ef87ffa1c42
3982,cb03013b-8781-4e6d-af9b-616512c4a35f
3983,0ea4ca18-83ca-4978-8223-c5502d8ae3be
3984,a7ac24bf-6a70-4142-86c1-5365e6995a3b
3985,d1adbfb6-7de5-45bb-bb98-714e63d43b1f
3986,b0d0d373-db72-4c9b-a09e-b7b79f4fb582
3987,9b525b8f-d9fc-436b-b121-1e2b2a0b9121
3988,1c196079-d5ca-4c88-b802-23cac127bcea
3989,20a4e6e4-56c2-4c24-ac98-19cd56867102
3990,26b4e7cc-c102-4ac2-be0b-fab24bfeb10c
3991,c2595978-fbdd-4d7f-aeb8-12eec2f1be1d
3992,5de37e6a-acf5-4251-b75f-12797c0ea801
3993,40ecee96-2571-4598-86e9-72c48db49332
3994,7bf6c951-5933-4158-80d9-04bacc9e36d8
3995,93231ecb-8bf7-4b76-a3d6-486685055550
3996,42fbd3fe-83af-4b3d-832f-606f618e98b5
3997,2e00e84d-b277-40e6-a6da-884bb709ef9d
3998,b59ff3d0-01b4-45a0-9d15-4ba97832abb2
3999,71b9805b-5028-481a-aee2-1f4f4f9ff2bc
4000,ebd9c471-9aeb-4126-bd0b-454aca1e3d70
4001,d2cb1ac1-e538-4daa-940d-c542f85e4e53
4002,7931e4e9-f61d-4e3f-aeec-5a3fd5dd3746
4003,e78cbd63-a7ec-40b6-a1ab-2b9f8997c31c
4004,c3223c13-8e69-4f17-95e6-576da1f72e3e
4005,abe4f607-6fe5-4d1a-90c2-e91493f6afbf
4006,cdc126ef-6fc6-4699-bc4f-e848df00dab9
4007,7af2ce2f-c88c-4746-bdde-892320466d15
4008,7c7df9d8-3450-48d3-a907-e0b83906bd24
4009,1fa80296-a49d-4cac-a85d-bf48c9c8337e
4010,6220a577-7b35-4ecc-87f7-045748d6dcf0
4011,4a4a773c-e847-4f2f-92a0-3d6b2134745f
4012,95ef8d59-da8b-40ff-839b-8e7e7d28a5ee
4013,9ac916b9-7042-4b88-beb5-236b7f7c7af7
4014,ef85dac4-9651-4fe7-bb5d-2af7736c0c39
4015,185d0124-8d66-4614-803a-34f15403902d
4016,55ede45d-d166-48f0-90e4-4a771594f3c6
4017,9aca7f3b-e565-4671-91f0-4ec7bd3c4cf2
4018,1bd20860-e9ad-4f2f-a0d1-4e77a4108bb1
4019,7383b77d-3ca7-460d-9136-a4e7606dee5b
4020,5928be2c-1779-4173-83a5-e3380d5d4b60
4021,b50f2745-fe33-4c04-a362-5c5c5464d058
4022,93d107dd-30ce-4f8f-b518-3d3de1489903
4023,5431ba82-28a1-46ca-9834-85cdce3a768f
4024,a0371b26-6337-46eb-8ecd-cc64f07b0b83
4025,fe0d23c3-8065-4651-8e1b-17b57fa94ed8
4026,57856f86-aed0-416d-86a7-eb144529cafb
4027,72f07724-d647-41a0-843e-c4d5a7d463e5
4028,b66b84dd-bb4e-41df-83bc-6b7ad0f64293
4029,7d30b738-0dde-4ee6-8f4b-aa6b4d4165c9
4030,15f2114f-7c97-406b-9a77-7f6e5ebcb027
4031,ba5123b6-d8ce-4ed6-97dd-80d0e03fff62
4032,cfe548e2-21f1-4be1-acf0-ca41f674e160
4033,74153499-8c4b-4542-98e3-06935dafe1a1
4034,69b6656d-00c6-4c23-a2bc-b53b049e325c
4035,19e199c3-ddbf-4a1b-ac7f-479b4d41beb8
4036,3302de60-24c2-4995-9c24-6dcaee99071a
4037,6052b8d2-3403-4447-b0b4-c5ce20e6c8d0
4038,2b568bef-54b5-43e2-a5f7-c1ae802b0547
4039,d69e6171-e44b-4588-b52e-2816900af9bc
4040,9735cf39-7657-484c-88ab-1e2bb79c7de7
4041,1675517b-a4f0-4dd6-9607-cf40068e1179
4042,93a37ec1-23dc-485d-aff9-8566f0e29371
4043,cf634e0b-9fb0-49f6-b416-24cdb18adb10
4044,47fce5af-c41a-4b7e-8980-af36aed9e81a
4045,153eb565-d429-4d02-a12d-4cc7daebab24
4046,7d9823e4-05d4-45e4-ad21-ec30abae5db1
4047,fadc7096-6408-4dee-a404-9f685895e677
4048,42035772-b49d-4420-8ecf-9fd39020f193
4049,e914ac56-c62d-4a48-979b-fc62ab9ed295
4050,4a53c98c-c025-4c6a-8745-3a487254a326
4051,a0edff02-7590-4f5e-b81f-fca7172fcd73
4052,e18b1ac3-f43c-4a6a-a3d5-0fb1f6dc070c
4053,d9601e4b-5be6-44eb-8216-f972a4371251
4054,5f8f5934-82e4-4523-8d7f-8f8480dc2a2f
4055,8635d732-0b84-4ff6-a4f2-84246e403956
4056,776ea19a-91e9-4d8e-94c9-4610c82aacd9
4057,7f873449-82ac-4368-a64b-cb57fb9981ce
4058,42326f27-88e7-4a8d-8a40-94862a4c5f08
4059,814a7381-d8ec-42a9-8435-f10d60f08816
4060,ac9d1ebc-6bc1-4992-9af8-3edefdacf671
4061,bea5ba1b-f206-4f07-ab10-f3fa79c9dda4
4062,45d8bf83-022d-485f-8f88-0f0e1bc08bc4
4063,73119af7-277a-4082-a46d-f6e8ab7fc92d
4064,7d79bb09-7535-4fb8-8929-58c3156da29a
4065,bbd02883-cd9d-471d-a789-3359f002551e
4066,7115ea9e-6872-4c17-b544-06cbe854dd48
4067,b9cf3033-f3d8-411e-ab0c-87f2029277da
4068,ed235162-29b3-456c-a2db-cdda50544e6c
4069,b19ef7b9-6155-4917-825a-3425e38ca575
4070,813500ec-a502-45a9-bf72-b4d0c9f114aa
4071,50eee694-8d35-458c-92f8-2647cbecd50d
4072,4f303842-2e91-4947-a627-4ce6bd746b7b
4073,f5624dec-6ba1-486a-8e3e-3a27a2c00907
4074,4fba30cc-c015-4b89-8272-ae052fe5a42c
4075,63901878-b04c-43c6-869a-d1a88818ea8a
4076,895d102f-b431-4362-8c45-fae4aa066cce
4077,68d4e75c-a542-4a64-8077-910090eaaffa
4078,a36fccf8-cf49-4cff-ad70-6a8e3ef11ed2
4079,210240b1-473d-42b6-bf99-31c099894a79
4080,737afe40-bb38-419d-9863-6cba286c5b6f
4081,dfe7eeba-9ad3-4411-b699-8c190f8a5ccc
4082,3f21e191-a8f9-4d3f-afa2-646b1cda181b
4083,e10720cd-68c2-4fda-9aa5-380bed3e6916
4084,f3f4f7fe-4d56-419f-8ca4-8b231b6b6733
4085,950bc600-365d-4cf5-83e5-a9014a5652d5
4086,6a0b9ddf-1333-4633-83cb-3dd601cc5e17
4087,21426d61-b313-4f13-b6a2-1d4cca93acfc
4088,6c50919b-ff47-41a7-9f48-db6766929a36
4089,f51efd44-8101-4488-961b-3003449f7144
4090,a9307f04-70d5-433d-96e4-b1b27f521ab2
4091,d5e21cff-e2a7-41d5-8498-be3942cd0492
4092,74a7c91e-1fbf-4c32-b0e1-3f73502f7c0f
4093,4d34000f-ab6f-497e-9360-cb71c73e304d
4094,de883666-8aea-4b95-b536-604963423e88
4095,32479a37-9b4b-4357-960a-a8bf1a33918d
4096,07d69334-e0fc-4a97-9638-fe12602a7e6c
4097,1c27938f-720c-4924-b842-03718701f743
4098,76db7b6b-b95a-4317-9189-493765ff4df5
4099,3a28958a-1477-4a6d-9963-2a8a9b3c1769
4100,45f5c4e1-9944-47e8-a5c2-6e9110635022
4101,32159e79-22fe-4621-bc8d-9ce449e0a6b1
4102,1a485789-d64b-41ee-87c1-33e92ad75dd8
4103,4c86ab7a-3998-4418-bf12-34b4eb700588
4104,f9603fd2-49a1-4151-aa9e-a0ff2fd89ce6
4105,1ef7470a-3534-4798-95f3-507006022c18
4106,83532b43-7e4e-478e-bbaa-eabe1f1ea16b
4107,b786c199-9ce2-4936-b6cb-a725d9d4e0e6
4108,1dfabff7-2dae-4493-aee3-c7f328469805
4109,8a1b599c-0366-4b9b-ac97-b4d3c1108fdc
4110,33240b74-4bfc-423b-95cd-a9bc1f2366c2
4111,5ed3c013-eda8-4034-933f-611cad564ede
4112,b809b893-ce68-452f-9292-9357f834039d
4113,2a6a71dd-3b1d-49f6-bf1a-0d86368a45fa
4114,37c8855a-ee70-405c-8f6e-9db4239fa542
4115,2ab14955-8899-47a8-8f41-e14f74777bbc
4116,b8df956b-1328-434d-b1f5-3286129ce006
4117,741fb1c0-c8fd-4a65-b462-93bee41f68ae
4118,8554f8fa-9d4e-4936-bd0d-03f1065865a0
4119,32d71a8f-b363-4d1c-a3b4-16cd244b25a9
4120,196f0f06-7058-43d9-b563-f249fc1b6aa4
4121,a514ca7d-58ab-4aeb-a873-7365baf4ca12
4122,a0344f03-46e5-4d4c-ace7-28d2a3d31671
4123,ffa7e027-40f6-4cdf-9cdc-b5f9d77607d7
4124,040bbd89-c863-49b1-a922-740de988b04f
4125,4dd1dbfe-6cb4-4476-aa7d-7344250d2b4b
4126,99fc4649-52d1-4a68-bfb6-fbebabd70abd
4127,90c51484-f138-4ec6-bb67-8bf06d276bd4
4128,3d74f360-90e4-4608-876b-0816a2720c6d
4129,2f39997f-e4c6-4568-809b-d1ec74228a3d
4130,fa7eb25b-a642-4d32-aaa8-70ab82ce5d37
4131,80c24038-6993-4c49-a849-3efa33ab881d
4132,d74a35b6-9986-4da1-b099-0ff4809b49ed
4133,c42b30f1-438b-42ad-ab70-3b92d4c03936
4134,5f57583e-e33e-4e86-894e-4756c38a304d
4135,4b7d4170-041d-489f-9528-92417f18fa0a
4136,a6bf361d-a413-451c-be86-742ae2eb539d
4137,a5249b1d-63a6-4d84-997c-2e4ca400b17a
4138,8e9bc3d1-acae-4713-bdad-fbb81994a4dc
4139,56cd1cb6-a2ec-4c2a-9420-11bd45e7699c
4140,c52c5fd9-c554-4b48-844a-3928470db331
4141,05282e92-de0e-441c-b45a-dc329adc644e
4142,5c541d25-e412-4282-8527-9be251497443
4143,e7d4bb8c-fdc9-498d-b415-232473e691f9
4144,d6ce5ebb-d947-4999-9f00-03782f37a4aa
4145,1cff8b87-59ac-420a-ac0c-99674141e38d
4146,8e9527bd-3693-4d14-8174-c8f7056228fc
4147,14bf3169-380d-4017-b942-27ddcd9d85d1
4148,6beeb7a2-1bd5-4a9b-8295-d7887149eb42
4149,18016760-05d8-46f7-97c0-e03a2d11abb8
4150,2b95d81e-082f-4bd1-95ba-3eda206c77b1
4151,48bc17a3-7fc2-4d2a-9c2b-c413a8310439
4152,81151a89-6bf5-4bae-9acd-db0176498bd2
4153,5c472a38-2457-4bf5-91e2-9b086a7ddd73
4154,93e48ef7-a296-4e9d-b694-ec7ad42a4b4f
4155,ad0bb9b7-f31a-438b-ad7c-1183b9356ffd
4156,cd1aae25-5539-4634-9377-da88e800f87d
4157,a86c5bcd-22a6-4333-ab93-7ca318d9c36f
4158,243f8a92-6128-46db-8ce9-fe3816957d72
4159,46f7b3eb-3cf6-4075-8883-92de58fd5f2f
4160,713077f0-ffa5-4b57-8365-a71cd2612b21
4161,1d2cd584-3d66-4521-be64-ba6aec486aa3
4162,bb3d1097-e091-4452-9e53-225f250e7af3
4163,aa4be401-39e3-4208-9fa3-70c792c12fda
4164,15ddccc1-1a11-4b33-a9f9-aa2ea72c502f
4165,77682566-1991-4b72-a281-8ff8a7994307
4166,d739691a-b552-42f1-8e12-11ca1e24e145
4167,490da230-1c03-41e3-bcd4-321eb0e64a9e
4168,0f5bc052-7b30-49b2-aae2-b89f8bdecfaf
4169,6c7ae72a-f2bf-4cf2-84c0-0f6cfc336608
4170,f25bf28e-9dd4-498a-997e-3d32d8903f6a
4171,81be022a-802b-4313-9355-0553f8dc1110
4172,31f596cb-81fe-4ae7-a20c-20327bd6bc31
4173,d8d97b2f-e598-42a2-b1e2-f153923ed5e9
4174,b562d291-bd51-4bcc-bc28-88fa22ad6d4f
4175,f110e652-7a8e-4399-a173-8ca38a8fe4ce
4176,0a11cbb3-c2f8-4eaf-9e3a-323cd8406ec3
4177,c5beb7f1-784f-4cf7-bf48-5ddbd7b62435
4178,883e8edb-d1c0-41e8-9087-6a0b58a18e64
4179,49bbdc28-0490-4686-91ab-29ae6c46e7f3
4180,04ffe8e3-0b29-42f4-8fcf-8e8a528e1405
4181,65cefe11-2474-4051-a8cf-b8b58340ec1b
4182,afee1ec8-0c4f-4830-891e-f98c4b13c2ae
4183,19484208-db1a-4eab-b9d9-bc2964205895
4184,72b38d58-b838-4c00-a043-47dfa2d5f99d
4185,e8eb326f-9090-45ee-8c16-3b4cd505602e
4186,a4eec3c2-4fc8-48d8-8d86-d7bd99781f19
4187,3e01337c-2ccf-4568-a713-1aa1e69dba86
4188,5cd8ac9c-e736-415a-9edf-00428e9fabe3
4189,664ccf84-8ecb-4bcf-8a9e-57c60c7b5a5f
4190,e94b6298-72e8-4695-8c9c-e5f5b94308f8
4191,ac82aab6-66b1-4001-97d8-d2ae55398b07
4192,3e907351-58fd-4c22-8d7e-237301d3f0f3
4193,082bb00f-f5af-4dc8-9c70-10309ed18d39
4194,d3b0250c-6247-4a2c-8577-4c97ebf901e3
4195,e40d32ea-2fa4-43a4-b8ab-e0b1f8407677
4196,a20a4b11-ecc9-4759-b4ea-59d91b1562c6
4197,0c774adb-ace9-4d4f-801a-ba7e47053c1b
4198,aad5f0e2-2440-4a56-b351-825a228bc365
4199,74b620f7-3928-4f19-9da8-6f38d1292fbf
4200,1b707d2b-11ec-4b14-bfc5-ab898ce9b177
4201,b0f79436-ca21-4975-bf93-acaa9c34930d
4202,d73e779b-972d-438f-a0af-5f43435d5d00
4203,1660d29d-7d9e-4ec9-8c38-fd1ac5cbbdaf
4204,9fad2f7d-01a8-4a18-b525-86fa889b4aea
4205,89d5ce72-c427-4e06-adb3-d6c60ebf248a
4206,a5e8600e-6d82-47a5-979f-eb05b61fdec2
4207,04dce118-d468-45e3-bdb9-64c91e4447e0
4208,98c21c3a-befc-4b68-9584-a4d2219e32af
4209,c1804a61-0688-4b2e-becf-cf9273f41efc
4210,cf3dd223-a60a-4762-8485-5f51e4ea7e37
4211,62f3cadd-146b-43a8-9230-beeb76c2bd72
4212,ba8c81bb-e29a-4298-aaea-12ca664a39d8
4213,126af8c7-3007-4830-ad77-af870cbdafe1
4214,407215cf-0db0-4320-9661-0386666be1f8
4215,33e548e2-fbae-442a-9da5-2aae315bdd86
4216,a67ef28e-c50c-459c-8f60-2dd098759092
4217,0e18b307-2788-498f-89c1-33cd79b97d54
4218,453b65bc-36b2-4bf8-9b56-861e944a0d0b
4219,c0fecb01-cd3b-4b88-af3c-b658a80ea9e0
4220,3f932b37-9e4c-4876-b490-cae412d933f4
4221,c2163d43-6cbe-4443-b26a-de5f77575a14
4222,2966af5f-5fb8-427f-8493-226df9a77c5f
4223,f785eb70-3b95-4e59-8424-613de79659dc
4224,6456b05d-fdc1-4974-bb82-faaa86a9a9f8
4225,623f47bc-d3c5-4e34-ba60-0d073fb57f52
4226,9c149fff-5afd-40fb-96b0-75fb3f0ebb5d
4227,d32aa289-5c7a-40d8-9995-065a6b3b8ae3
4228,55919659-962e-40b8-98d2-9cc4b206a8b2
4229,58a38f03-5771-46f6-8f92-92ef792bc6b9
4230,9ea52798-b7d7-456b-8f1b-c908c5ab3665
4231,b8aa2a34-2669-47e8-9b0a-2b1fc68fa538
4232,fcd9c894-e637-4cf4-a285-9bc6fb9c11db
4233,abb16f9f-47d6-4896-8dc7-5b463b301842
4234,c922ea6a-8d5f-4508-9b43-8131c376ff2b
4235,91a0cbc2-86a1-44e8-a80e-a85064cb7524
4236,f7f7558d-d59d-4205-854c-75380cdaaee4
4237,d39e0df8-0745-45c4-807c-a6ba0736628f
4238,7a9b6e5b-b946-4d72-8fcb-9bab10d9f3bb
4239,05ce0755-b991-418f-a41d-f5349a719b09
4240,a84cfe67-927c-4a2e-acce-85d50eb44a22
4241,977d3ebf-3614-4f96-8868-abb8f5cf669d
4242,619ff9a3-4480-4c57-a9a4-aba2e969949d
4243,6a6aaa47-57d8-4b44-8a59-979d0cbcb7ea
4244,bfda4b3c-bb9a-4b50-aa18-3e38eb306d4f
4245,0c33385e-7010-4c11-ab66-62581ce3f8f1
4246,9a0f4871-6701-43b1-b97a-d31323ae93a6
4247,08f59dbf-cde7-4ead-ace3-307839699e89
4248,2bd9991f-ea3b-48f6-bfa9-03a76e32f3c6
4249,6e00a558-069d-493f-9f63-36dcd2bfd780
4250,d783f3e1-a7d5-4c0b-82bf-e1b218e1870d
4251,1dbed245-bc32-41e3-b30c-34a1025983b1
4252,2031feb3-703a-4917-bcab-502c70f16b2f
4253,01ee2d6a-ebff-4b7f-b82f-7727e1088f5a
4254,df4fa46e-b3e1-4fcf-a671-189292703855
4255,8df56516-6180-4d68-9a0f-cfe063306058
4256,fb456eed-b0dd-4f53-94f5-ae7e9ac95af6
4257,8edeab99-9120-41f2-bb87-d3d719cdb57d
4258,7eb83dda-7f4a-4003-9c79-8aa92f3d404f
4259,7347851e-3c05-48b5-a99a-c7fbc6096162
4260,8fbc19b9-4f9d-47d2-b983-849f45788841
4261,1cf47f65-f5e0-4224-8b24-b378fea3c265
4262,0d12d2a9-6008-4a05-9d3d-a1035c9cbff9
4263,6a2cfe1e-1120-462f-9e67-762802d7fd46
4264,3f89ec15-021d-47d1-a981-b7d275ed172c
4265,4a7d6ab1-4b4e-414c-8984-bc6824e9f8c3
4266,757871b4-9d2a-4ed8-9af5-05c416e1b7fd
4267,962b1354-4ae8-40be-b618-88afabf95b3a
4268,8268250c-8911-4f48-9436-f924bd39e0a1
4269,5962f99c-8c77-4742-a035-fee06eddcbaa
4270,417548e8-896b-492e-8851-b2e2f4b1927a
4271,878457ab-f00a-42f3-8c4a-977045337e38
4272,f1e2ae9f-2283-4930-a975-9351480973d5
4273,44b6b981-eaa5-41a1-b84d-0be5096684aa
4274,98e97f9e-0fda-4f06-8d54-40fa91ac20e9
4275,29bea689-e2d0-4208-9a6f-2b727879c942
4276,fc8faf88-1ed2-44d0-9379-8def6242eabd
4277,28aafb4c-02eb-438a-bd61-e212a9f32d43
4278,0c86b7c4-aa90-4ed4-92ff-6b74217e72d1
4279,13c6b136-d0c6-4ec6-b10a-8286447ffd76
4280,f97b88e1-3844-4874-b6ed-3b1f99d845b9
4281,4d0a65c4-4290-411e-875f-6b61b2e24c34
4282,dac037ea-690d-488c-bced-4a96dad6d187
4283,ed23ca6b-a374-46da-87f9-e4e50f456079
4284,7a1f8ff1-8089-4cb2-aac7-75631535b9bc
4285,8e272a8e-08e1-44a5-a13d-2b15845f7c07
4286,bce9bf5f-643c-4f97-920f-9b695699d4b3
4287,f82c2da0-f1a2-4e01-94c2-d8c4a9261332
4288,2ba61fdb-f3b2-4b9e-9aba-6933d7f61ce2
4289,da37c65f-30e7-45d7-a993-dc1ae938c95c
4290,a1df4fd8-ad6b-453c-bb9a-87e78e43e834
4291,40f214c8-0b54-48fc-a2b6-c4334d4d3d2d
4292,090b6968-06e5-488b-b699-93bcd3e234ca
4293,6419c8c7-2a0f-4424-8c94-ca4bb6ef2cc8
4294,b205ce49-55e7-46ab-9d12-5f024ae68122
4295,76701ef3-16ca-49eb-84c2-587e5456ec0c
4296,08d24add-4187-4bb1-bc3a-4bb2e2d11a02
4297,29af6d61-0634-4c82-9e59-5e4f6d344b42
4298,8de3ac77-401e-4276-bfff-9e8133ec5333
4299,e9cf7534-9ff1-4ff2-bef1-e03ab086730c
4300,59f94931-9cdb-458a-8928-45c62b6aecdd
4301,d9d87f5c-22be-4d0e-90d6-4283fb919f90
4302,62b09f2c-b82c-49de-b3a5-72bf96cc02e2
4303,e5d50c96-42e2-4134-963a-ae6ed355c66b
4304,abab8203-4358-4617-9361-3382f24cda61
4305,659b6c33-c1e8-4923-906b-bce38a858dfd
4306,8f57eb5f-5f22-4a30-931f-1df4d512ed8c
4307,651a375c-e761-4210-9ca8-11e484af6bad
4308,d3b9716f-ef2f-453e-a5d3-9170ed3724f9
4309,b15c59c0-5a22-41e3-aa10-b7a658f6bcf3
4310,ef103fb8-5351-4548-a762-f418b31fde37
4311,e88b91f5-7b71-4d49-ada3-a8a969bb9f39
4312,ea26995f-dcc7-4afa-a288-d2ed5ecadd78
4313,d184ba71-1eaa-491f-945a-ae8bd8787bd7
4314,95adc227-ce43-47ca-8a7d-786311d274bf
4315,a0b98731-2a29-41d4-b541-188c6a568a37
4316,cb9be882-37cf-4d5a-91bd-95fecffb2916
4317,6723d5b5-0077-4777-896e-f25678e003f0
4318,7c123660-afa1-404f-8aa4-ae57cb481e5b
4319,263fd18d-c5da-404d-88a7-9388686e2bd2
4320,726a9d92-a88d-4939-8f5b-71b39a6a66ac
4321,c30a1d77-159a-4f5b-891d-b4d41547eab9
4322,745f9f5d-8cb5-4d4e-8610-eb8fc01c3ea7
4323,8d0853f2-bf67-44d1-89f9-b97a393fa840
4324,dfb3db37-42f0-471d-ab41-01cf8dc6bd69
4325,06c985bf-e5c3-4f26-aaa1-a74d0fddaa76
4326,2fd94b4d-cb23-47c4-a494-c8a8a846cd4b
4327,06053a3a-9b21-4952-8f66-ea3f51546084
4328,a3293461-58d0-4129-814e-b89088326074
4329,13fa4eed-9e20-4896-b240-000af8a89e20
4330,05c511c7-8f64-4afe-ade0-15bd39d0e70a
4331,04e3bf15-677d-4912-a3c9-2073661de715
4332,38fbd9aa-dd92-41b5-8be9-ff9b9e7b4e34
4333,3deb87d0-ed45-4a87-99ac-ecbd56fdb950
4334,10975a31-f9d4-4044-a1dc-a6b70dc03b5b
4335,c6eaaf0f-3822-4eee-91e9-713ffd790125
4336,e774173c-582a-459f-a1fe-370d57e559ff
4337,00355599-9319-4e2b-87f2-1733ad7cc91f
4338,139bad51-6678-4b10-aa3e-8385b063485e
4339,377e7721-1e05-4209-8841-f22e68d2f302
4340,e776e28c-0865-470a-a338-e36c2e5b53cc
4341,d0324d56-0dd5-4cf6-9eb0-61dae658bed7
4342,c696837b-4f8d-407b-8d2d-a18b26ddc873
4343,cb9cdac9-2765-4396-a346-8204994be64d
4344,814835e3-3a43-4179-b992-a3313e90ed3b
4345,4a23fdd0-b05c-4549-b7a6-e1b4ef5732b3
4346,cdd0dc1f-abdf-4c19-8ecc-ea732a8ebd35
4347,c18b06c4-de54-483e-9bea-c91ad06b9c0d
4348,ead2fe69-c2b0-4d50-ac89-2c1eea0ce5a3
4349,7f506602-ff69-432a-ae0b-e9ae59def046
4350,99da9f2d-f3cd-458d-9d1c-34cdd7f3d317
4351,0beedba5-9da1-4253-954c-834b738ff804
4352,55f86d9c-b15c-4b7d-be52-17383e821f3d
4353,e6ba84a2-c6e5-4343-8185-349265170236
4354,e6e9230f-5c29-4a3c-a56b-f6a5080ce9c6
4355,efabd308-7821-4585-a039-4d2fa5626c87
4356,ec99987b-be5d-40b0-a154-59004333a405
4357,2ffba8cf-f33e-4ffb-847a-50c21c145d3b
4358,599fdde9-56f0-408b-9968-d8bb2ef8b7ec
4359,05626939-71c5-43a3-9fec-b1b8f8a077f6
4360,cb9afd8f-a831-41af-98f2-e9516c815c3e
4361,08d7fc66-830e-4654-8007-b30aee75febd
4362,96583165-affa-43fe-b4f1-0c15704adcb7
4363,146e851c-bfa6-413a-a245-4dfe6497df32
4364,a233e220-0450-4c08-926b-3182e5f1d8c9
4365,bc347b29-e979-4ba4-9a4b-904afbc61b0c
4366,745ad378-4417-45db-a92c-6ce6305bd48b
4367,93d273b7-5be2-4d2e-8e44-81eaf62d241f
4368,45975d62-9321-41f2-97a7-603de508141f
4369,dffd33c1-9332-48ba-bd8d-dc00fb388591
4370,e7a185d4-5d33-4e17-9c75-007cd84dad58
4371,f913d6ab-697d-42e6-83f1-6e0a1252d545
4372,36fac593-1156-4151-88db-bfabd7258f46
4373,c720c0c8-3d94-4818-8eb4-6b4dd67735ab
4374,4ded0b89-cbdf-4c8f-afe2-a7f7e783d251
4375,27c330ba-5912-4620-a1f6-b8d58af87253
4376,b4f06a2e-421e-465d-a729-4c2335e665a0
4377,f21e67e4-8fbf-47de-9673-63c6761b5b52
4378,8c64acc6-5a70-44e5-99bd-0d1ed2ab367d
4379,92b6f6c8-0938-4521-9ae2-55b72955d99b
4380,656d9171-1a4f-4b00-ac9b-4b2361b79d67
4381,0592b8a3-b17a-45b1-8bff-3f5c1fbf54bf
4382,8a0251b6-1c57-4d87-a7b5-61dbafd94387
4383,b1ade504-85ff-486e-b459-2566baa3a8d4
4384,602594f1-f939-4976-9314-7be100495a3d
4385,7945f21c-9b3f-4ee0-9499-0c6b3ad4a90a
4386,79cd9cf6-f5cb-45d7-9247-acb3aec93abf
4387,a4d382f6-cd61-4990-9d48-2036be6920de
4388,f019db7d-8e00-49ec-8023-676876182ec8
4389,1b14b1dd-3262-49b5-8017-59f60ba54369
4390,75e4f6b9-00fd-483c-b282-a434290dc822
4391,2fabdd7a-ca94-4ac9-afac-6b40d491e0e5
4392,3dbd9ae0-0371-4bf0-8ab5-2269d118a656
4393,9c383df3-2534-4e2e-8487-785c17b4fe7e
4394,9ac5a610-8842-47b7-8ee2-c0d91dd0490e
4395,2b9e8ceb-fec1-4c37-908b-de4257bfdf5a
4396,21a99c98-6ccd-411c-9ccf-90ab90a6bfee
4397,b96ae2bc-3dc3-453f-ba34-ce20bdf4b8f7
4398,cccc6df5-6716-4a54-a740-edaab9b9e28f
4399,5b0c20a8-d069-427c-9f4c-e32d0d2bb16a
4400,97970439-1af6-4141-b14c-86f9451f7337
4401,2ecb1619-d47d-4bbd-b68c-6ff10950c4d9
4402,c5f3c0a7-4816-4b95-9ec3-c41de554706a
4403,1af52e68-afb0-4ed3-9715-62cba2064c76
4404,3db3568c-a26c-453a-b48e-01ef27989f50
4405,5d4fca7d-f78b-4537-baa7-71a5540686ef
4406,5b19d78e-6ffa-4003-a04d-c6c8526754af
4407,db60d521-fbbc-47c3-893b-49df704947b5
4408,a1ad5ffd-ce5f-4ab1-8ab7-a520e222d33e
4409,f22160c3-ab60-4518-bb59-0fc5766601c0
4410,533a0105-a1d4-431d-b9f5-6acfa8a7a622
4411,511ac536-951a-42ff-9d04-4cb5b7dedb51
4412,13273b89-2477-4598-82ae-95837ab8c48b
4413,0b05750a-7e88-4599-b6a9-5ae973736d63
4414,783a88c4-fc98-4bb9-8937-b7eb0eb19ef4
4415,63ba2944-5af9-4205-9eaf-d4022a40346a
4416,0de10d8c-897a-4961-b510-209115f6636b
4417,bf5690e6-6aab-4fa5-b005-d16eb31ff369
4418,0366e85d-e825-4f2d-bcc3-ae2b70b6f028
4419,3f9874e7-f7e4-4657-899a-416e3b388b26
4420,9f786ae5-7196-4ffe-a425-31ac326ce9cc
4421,0dfcb0fb-3b38-4949-b27d-e76ae2b8e2f6
4422,e6b2d076-8d48-4806-9cfa-89dbb85f6eb9
4423,85499d7c-b5ad-47dd-b562-2136cc3f1810
4424,3b559e0c-b591-4a1f-810a-22ec982636df
4425,7aec3da0-9550-41a5-aeef-ceea0104e0d8
4426,43dbccd2-8137-4705-9035-7eb1db17e10c
4427,de8de86b-7e4b-4872-a0a9-a376bc1bacbd
4428,86d99715-fb9d-4db8-83ff-43001d3fbcbf
4429,58a83190-5da9-42b4-955c-5419f3d498cb
4430,26a6b5a8-7b58-49df-8bfb-c69754750a6b
4431,408a8d52-c0f9-40ab-b547-70fb09866bec
4432,83708025-5601-4588-b0c8-5dbfe89e8f78
4433,e1a43cb6-f405-4c2e-acd1-60b36574826a
4434,c362fadf-4a65-448f-8ed7-e53aa57efd5a
4435,60b721d0-2d0b-496e-bcd8-43312efd0ec5
4436,1e67c472-5476-44ee-a245-8556f23072fd
4437,d25ba641-68d5-490e-913a-8e4bac9f5704
4438,d4493bbe-2a12-4139-8927-aa1197d28a03
4439,91632fcf-0056-4cc3-a6f1-0e809a7b2c51
4440,00fcf32c-fd01-4b30-9ab3-775454b251b6
4441,c71ae0cb-286a-46c2-be35-3fe551096197
4442,5c419e0f-6958-4263-b831-2388f0695e1b
4443,02665fbf-1cd5-4fdd-8e1d-d77745a501bc
4444,93348375-3dd4-412f-a61c-f6856513ddb2
4445,0d15adad-c689-4e5e-a744-7a905651f518
4446,a5a4f970-396a-4b0a-be3d-c94d113700a7
4447,81735934-7c60-45d3-adb6-e4fcad1988b1
4448,9679dceb-27da-4d3a-b3b4-12e7aed3ecc0
4449,c35b3e5a-c426-4299-9388-a5987750a2aa
4450,a3f74124-9bdb-4f83-9de7-2386ca4f2030
4451,4edc061f-4e7e-417a-bc45-5165a65a3073
4452,f1651f46-a305-4e0a-b88c-84e165a0edf4
4453,53cde177-3be1-4b8d-850f-ddeb2d4ac8fd
4454,13d8fc23-23d3-4ae9-b123-76a873ca29f2
4455,64204da6-74e6-4fa3-b264-bd11ac1d68f3
4456,2265e0ea-ef76-4d05-83ee-2840a11dfd62
4457,cb0e6b0d-69d1-4393-97ee-a508413b27ab
4458,a296e422-0f0f-47ff-92e3-7b77269e728a
4459,967bf970-2404-47b9-ac62-fd5fac74e7f2
4460,2f3af6a8-2403-488f-a28c-7bcf9b58f7cb
4461,a888d6e8-115c-40c4-8b35-258b2527add1
4462,e19961df-b0a4-4f8b-804c-436a821d0ab1
4463,31945f48-cc0f-4e97-9302-8e9e22bc8e3d
4464,09532afd-0cea-4eb8-8633-0435a421b5eb
4465,3dcfa158-d6c7-4ecc-8d4a-190382d0c574
4466,7938e8b9-c09c-430a-a59a-d7a029108feb
4467,f147e4b1-bc8a-4db6-946d-967a4e117431
4468,925fd3a3-5104-4728-8021-00d3534a2a73
4469,5b76185b-a089-4fa4-aa78-f30cb6b41743
4470,9abd6983-88c9-43a8-941f-5888a7949973
4471,280608e2-5dd4-4e3b-9ee0-46a201adc8f4
4472,d5c8a000-4065-4d7b-93e4-774c94375523
4473,c28d8a6e-b00a-4beb-852f-549814685f9f
4474,74a3be43-eec5-41e7-8303-26fdfc0b4e3d
4475,f2963408-29b2-45e2-93c1-761c3c7f7de5
4476,85401030-5c63-466b-8edd-da3674d204fa
4477,a7bfcbf9-4862-4fbd-b739-e5ff88bfdeca
4478,04620920-c88e-415f-997b-334f668f456a
4479,00119b70-1f47-4b5c-b6f3-27e92f64946a
4480,cec037eb-255f-4b0a-bf64-0b7d3d6ea219
4481,74355cd4-1a5c-4ff1-9e72-f8a775a67de5
4482,59f2792b-d269-4b2e-b289-9b6a75884440
4483,29c27cea-5a6c-4afc-aa82-8306dcfe718c
4484,e599d736-d4c7-4240-b3bb-6e9e2c5d5a20
4485,354ed65d-23e4-4688-80f6-4ba156c9b6d3
4486,b41baeaa-e50c-43be-b080-7c12a6b8af61
4487,24d5c8e2-2c6d-4bf1-b74d-757c895d950c
4488,cbd81077-7704-4409-8b98-42343fc2e52e
4489,06a74e23-45e5-44a4-9698-2c8282c27529
4490,b7176d98-7db0-41da-b7fe-9da63192f5a3
4491,b9a91a6d-d6bf-453d-a4cf-0eb619e5cc88
4492,44360be3-32d6-40bc-ba00-dfbf8cb0776c
4493,70b3dd72-32d2-4a18-8b07-2df2c4269f1e
4494,97151523-65c3-4fc2-a6cb-950b134aeb99
4495,a1ba29f5-78d2-4f85-81f0-7ce2e16e808d
4496,4e4829ee-a145-457c-8931-f939de272b5a
4497,3acaf321-5f79-49ad-820a-c27fac47f8bd
4498,03e1e92d-26c7-40d4-b4da-dc43d8ac9c4e
4499,80f9ff4a-464d-482e-b5b3-5c009e26a83d
4500,2b7af67a-6d0e-451d-829e-d60419fcbdaa
4501,a1c22f47-439a-4415-a2eb-abd626d6be40
4502,56edae0b-155e-44b6-ab64-f162dba6cebe
4503,8c9e4156-ed76-4737-b04e-0630234e69cd
4504,7d916807-9576-4d1f-9c56-fe3f6707bfd1
4505,7798f48e-bf91-4d4f-8326-db3130ea41e9
4506,dd1af65e-84b5-4d51-9108-f9ddd3891b4e
4507,08bfc392-1f44-483e-8aa4-1f49ea1a3c55
4508,8560d3c3-56c0-485a-afa0-478e3c24fc31
4509,171a2a0b-7bec-4c0f-994d-83a6012e0a8c
4510,1197284f-1627-4010-9197-2a1aea37d66e
4511,f6bba932-7458-4c47-9e0d-376815274619
4512,5c50d15a-6f7e-412c-977d-1895153a2554
4513,feeefadc-62b6-4dc9-9d65-711755de3c2e
4514,b4895e70-cda3-4589-bd7a-e351ddc9d196
4515,6e382360-871b-4544-9109-71afbece3b79
4516,19ba0784-7ba9-4bda-96bf-1fcb0ff57236
4517,0883b7f7-5855-417f-b282-76b45e78938e
4518,4e4baa8b-283f-4a0a-b595-34462cfb34e9
4519,7da09815-c10f-4d8a-aab2-2449af2a2014
4520,06c59aec-4d86-4c5d-910f-1721d7b79b2e
4521,63d12b2f-4dec-496f-8fac-cef410569bce
4522,58f44d35-f823-4818-a88b-617d0e8cb5c7
4523,712e6446-318d-48dd-9f79-dd89e4f39fb2
4524,ef7fa5dc-86e5-4305-baa3-b688c920c695
4525,f2f90a98-a2eb-4f1b-a81b-67807a8159a2
4526,072b16f8-5cc6-4b07-a517-d78d82273c44
4527,ea3bec9f-e531-4bc2-98db-1d67071f6d86
4528,a9889c29-6276-49e4-ac97-9d6b5fe66239
4529,d4b21fb0-8448-46c6-b75d-3aac99c991be
4530,88183ecc-a8e3-40b3-8633-b990b378545f
4531,ab221031-f818-4096-83a7-d64d419f18b1
4532,7f559d91-f7e0-451d-ab31-c3c5482350e0
4533,8ecdc6f8-d02a-432f-913f-f8a2e11c0873
4534,6d1c801e-c9a6-4e8d-a5c4-8c37eb8340ee
4535,3c6ad9d4-f2c1-430d-94dc-cc558121bbea
4536,77b19b19-d2ff-4ce5-a061-dee9ec8652a6
4537,f418288f-131f-4063-b300-f20b28b99194
4538,ca57ca5e-ebd5-4a80-927b-e11f70f886d2
4539,8e209477-ef3b-441d-b57a-9c25512b70fd
4540,c43b52fe-179a-4b47-8710-93f5fc4fc651
4541,c43508b4-4ddf-4ea8-93c1-01e37f49d7c2
4542,bf3ecf02-49f9-4fcc-80a1-f6cc42f8eaba
4543,e7eedfc0-cc78-472b-911c-5a2fcc15457f
4544,e4f4a65e-511d-48f1-8004-a2300074c85d
4545,685257bd-483a-4a3d-83ae-459865bdd63a
4546,c40d8832-ae95-4645-9f71-d312d2ba4556
4547,472731b2-9630-4aaf-8e06-6114ec31e691
4548,24939759-51bd-4d01-8b8d-68f55f7abe0c
4549,f87a254d-2a1a-47fe-89d4-825a3c913237
4550,86364620-8bd6-43cd-aa9a-ef35a8b69611
4551,14483e51-c3aa-4562-afab-330a47d1ad13
4552,57c78320-2f2d-43ea-b761-8cc7ad3de382
4553,8b16e5d9-96e6-4472-bfd7-4e04215ca80e
4554,56dcf251-3eea-4266-a16b-1499bcfebff2
4555,20303e8b-2522-4772-8a3f-bf069bb29def
4556,e990aa00-c1bc-4c91-915a-f194cc2c24f4
4557,dfc97835-9581-4614-b987-4604adbe86b8
4558,d7f50c66-36b7-4c08-8428-618a990214d4
4559,35686ba1-f69b-4316-99a6-fda73c0f2025
4560,0061d2b1-9ee7-4631-a4f7-e6ee9aded511
4561,427ee37f-2349-4a91-88f3-b3da340c94e0
4562,435077b1-2bab-483b-a109-c10fb92380dd
4563,9e6f908b-9ac7-41cc-b780-398054983e97
4564,2431a2fc-15d2-4580-85b4-4e5440f015c5
4565,a385e254-c711-4313-ba10-6ee19633b7db
4566,648a6049-4786-4dbc-bf6f-c4a93d3fb496
4567,a23af32c-be0e-46e2-b298-f1270d1378ea
4568,986419cd-a593-4faf-b107-2e3e4f7ffc2f
4569,2a9c3ea0-b7e6-4b12-90db-3381a5dc7326
4570,516eab68-ee31-42c1-aa83-5d4db61bc6d0
4571,ea16219f-cfa2-4a57-9410-3d2a79248b63
4572,5c825bc6-c27d-44a9-9ade-33d389c5f8fe
4573,965602f3-af7a-4f83-8bf9-ec0f2a28a8cc
4574,faf27e42-527b-4e08-96b3-1b808723709c
4575,5a5a9b6b-eef3-41a7-bae9-33825b08a17e
4576,2fc97ca1-4dd1-43eb-9193-f9493c79f255
4577,71a1dcba-9ed8-4d21-b643-0ac36fca5530
4578,052f71b3-7e2f-4415-9598-20a2cc83a725
4579,5f218559-00b0-4dfc-84c4-edb9d86725b8
4580,161e6ad5-d548-4afe-ac76-c2c46ee5e375
4581,43b7e0c2-b35d-4373-88bf-4fa50a4ce8fb
4582,5c99fa05-15b6-4d2f-a83a-6ecdda0b1024
4583,1f7c1446-828d-4de9-8020-e9c0a1159659
4584,6f088e3d-d32a-44b1-b26a-a3760b5683ea
4585,1dcd54e2-5093-4344-9dbe-cdbc25a6f134
4586,e9e3125d-ea24-4300-97d0-e4873a0de6fa
4587,84e739e3-bb8a-428b-bf1d-804bed02c85d
4588,1bc41568-520b-4177-8278-c813615fac0e
4589,d9d7ad83-06fe-4484-8b85-a7381d6b8e5f
4590,233d8392-164e-47cc-99ec-af513f977a26
4591,6260edaa-9872-42ff-8971-579a124f2eb9
4592,fc7b4b05-8bf9-4f8b-b78e-b5ec84a72bc9
4593,13bef40b-b5e4-4231-a18b-842b078aa8e2
4594,bde927c2-b536-43ac-a688-a0681a81e1df
4595,8c9fa8b4-e59d-4880-a9a5-759c2713d935
4596,c58335d6-a6ff-4bbc-a289-df38bd4430c2
4597,6a6831ea-4912-4cae-9f61-c6d702596f02
4598,34a44050-463c-4fba-bd4b-57d646bcc7a7
4599,8ebca663-1408-49b7-802b-90822ff4af0e
4600,915a29f3-259f-4e1d-93ed-0b258012344d
4601,e7cd5aae-3a02-4af2-835a-ecc1c1fe6fc4
4602,558368ef-3e38-41c5-91ed-1681d7289864
4603,81442d85-777f-4a94-8922-462864e6297f
4604,f41eb785-2f35-4df6-8033-95566edeb0a5
4605,858408e4-a2de-4c29-9c49-bc01e2a0d179
4606,1ed248bf-8038-4d7e-a197-32b6506e55ad
4607,76b86833-fe2e-4498-bd37-fbda8ae076b7
4608,218d8763-e622-4c64-93a0-c5a709c3c512
4609,686ca5c1-7040-4bce-b6f9-cec19039e642
4610,c46a9173-ba3d-4b13-8fee-638a107474a4
4611,caf972e3-6e62-42df-9df4-e4486a49f4f1
4612,23c5ec70-b0f3-4b36-bbb2-eb81309a509c
4613,078b43e9-0a1c-46f4-aea8-6213d2f93887
4614,a88ecf4c-e7bd-48ba-8c2d-b55b093c4fd0
4615,620399cc-08eb-44a0-8428-56f551418557
4616,c2079b79-e305-4b0d-a97e-4b8a771c074a
4617,608dceb8-45ad-4c5c-918b-f8de4c351369
4618,7980bace-8a64-4a26-99ae-53383ef4a7cf
4619,df09a733-700b-4232-bf76-3d98ff4a5d81
4620,ba9c1704-4013-42e0-81fb-2fa35fbe6384
4621,724d8486-68db-486b-93ba-de768139126a
4622,ec1a2d0c-09b8-4b1e-8167-ec9f4a692e15
4623,34dea91b-d32d-4bc5-85e6-ce89ec4b0908
4624,3717417e-cae7-455c-931c-d566246e33dc
4625,924a920d-577a-4d6d-a5c7-f1f766fde0fb
4626,191dabaf-0923-4746-958d-b66af962bfcb
4627,f2ba46d1-fdf0-43cd-a39a-e34388124fa7
4628,c011dd1c-322d-4557-8346-b4b0552c2111
4629,e32554ed-0ec5-4666-944e-7035ce7b0748
4630,6f7565be-b1d2-4dca-97a8-7c8ed5fc51c2
4631,cb33d2d6-ff42-41ca-9de3-2cf6b9b58307
4632,0339152f-ba4b-4e30-a60c-3ce3e4d70055
4633,54b3f7d7-1935-46db-afd9-9273c24faed4
4634,88fc2b18-c1ac-488d-b4a3-0fea30470514
4635,fd00d5b9-ac86-4277-ba77-c62385888c08
4636,3d27615c-8384-4290-b509-5bf8ccd6c0f3
4637,429f51df-7d54-4591-9c85-5511e9a86ff0
4638,7553228a-1e5d-4c98-81db-c56f24243955
4639,c2bc8fb5-7ee1-4442-9bb0-4578e8fe716e
4640,71b41e0c-8b6b-4c9a-9eaf-a75da647e131
4641,291057a5-e424-4800-9b38-edf199629967
4642,871f5eb9-3569-4d4c-9be5-910b375e347b
4643,e729b43c-7b5e-4f64-a20a-da9823983658
4644,dc9bffc7-0fe0-42e2-973b-a88d6c1b41b6
4645,e0a9c266-43d2-47d2-98ff-713e5e306434
4646,d5075ce5-5486-4c54-a5f8-b5a281ce3a8a
4647,96de6758-1804-4135-bb5e-6838134dbfb3
4648,1ce5b8c6-2844-4eee-8b86-00be098c7bbd
4649,061feac4-8c3a-4163-9235-2b62479e33df
4650,536bcca7-4c26-4971-b4dd-af7145c10579
4651,737a3297-f929-4f02-8811-16bc79648fa2
4652,9d674e76-38f6-4a1c-9c15-1e63f9ee9465
4653,96bdfe26-b00c-4da6-8a6a-3cef6deef00b
4654,398efc01-0632-4888-a841-35fba3a2aa05
4655,3a5ec415-9bf7-4003-9d87-b10a42b24bb7
4656,894e5af2-ab99-4ffd-aa10-8673d444caea
4657,9269cf36-1dae-40cd-8ebb-21c9f5632fa7
4658,0c91079c-83cb-418e-b647-cec0e9e1f818
4659,dc22cbdc-2046-4151-9a57-e0b884c03e0d
4660,e9a9750f-9347-44f8-baa0-c770ab53d433
4661,06305a2e-db66-4e27-a0ff-038160c42455
4662,5a3001e6-f043-4b06-911a-6fbeb9b55ba2
4663,b07839ca-6ebd-43c2-bda8-9658ac44c84d
4664,a6d5ea99-282d-4f36-9b2c-0fe3131fa427
4665,7d229a58-ff71-4c24-a6f7-ef863cde779d
4666,5b6c4e99-fbb4-4260-ad42-42c206e1ac50
4667,ba614659-eed3-42a5-97e3-008b8befc3ae
4668,cb777166-e967-4146-9a69-2327d9620316
4669,e89c9028-b103-43be-99c8-eaaf648c89db
4670,5e528d81-be40-4eef-b0be-afd8c43a4258
4671,62213df9-f096-4b30-91b5-65b5c614bc73
4672,d5f4f7a1-6d91-4c19-9c5b-e988464ff66b
4673,5c0bc05e-94ec-4afa-98da-7d2feb365bb1
4674,7122f76c-293b-43b2-9b3e-67c9cdefed3c
4675,618fe404-6935-4ef7-83fd-138dfb7f4c78
4676,eb27a9dd-f215-46cc-9663-1d5e483daba7
4677,d921e087-74cf-4245-a2b0-915a699fc9db
4678,cdcd9d5c-0665-4054-92f0-c58b99b52aac
4679,bed86906-6976-4bcf-95f7-8f3cc8cee49b
4680,1ca187f0-7768-4e2c-9bab-191d712adbac
4681,c34760ff-3194-4437-9228-c4161c0d0562
4682,ac55e357-dc17-408a-a97e-a53b84f44571
4683,eead3ee7-039b-43f7-8a03-8a4e0032daf0
4684,52efed35-6fb7-4d2f-b43e-43b6c6de5a49
4685,3afa087f-8922-4553-9b09-1b289058a93f
4686,9a209c36-26e6-4d13-a30f-436261774a0e
4687,4c6cc296-fbd9-4232-af6e-982d435a332f
4688,e1fbaf71-aa94-4fe8-b935-27612f605a89
4689,73883634-60b5-460b-a7c2-a31989c6cafd
4690,17f703f2-6551-448b-a57a-ac64f92f41b0
4691,cf54a871-b7ca-44af-8c27-4bd9b45d3fca
4692,0bc8a865-0a72-4316-bae4-b81625c47560
4693,aca7558c-8f4b-4420-96c5-0af48f2db9b6
4694,8ba98243-c63e-4ea5-b948-995a6fbd3a44
4695,1cfad671-3aa4-4f58-8f96-2e9157c6f36a
4696,cf39db89-41a4-4d35-addf-3277a04553d2
4697,142f8506-f9d5-4828-82f5-9bcd5e2eb0aa
4698,bcb646a3-de0a-4de1-9cb0-470d5ecd8b29
4699,adc82d33-2a26-41f3-a0af-c85d486adce3
4700,a1716e0c-62b5-4f1c-ad98-037a54920b62
4701,1a146da9-b76e-43fe-b838-712f1c8ea59f
4702,87ce212d-703f-40a0-ab10-d50c9ceb3fab
4703,856e5cf4-68a4-46d9-934e-e20de4472c77
4704,449687af-712c-412d-9ba3-bc00a9590e80
4705,b0117d2c-50bf-43b6-a1eb-ef40f3048827
4706,aa820f8a-c428-4bec-8206-017de12351dd
4707,812f511b-ce6c-4dbe-8849-3f8b3b315a46
4708,1756d435-b990-4d79-904d-a36930e406ad
4709,257fe22b-a9b7-41f0-b203-df4d790bd146
4710,c4959b53-826e-478c-baae-edd4d95575d7
4711,7edf931a-a0e9-4a29-aa11-b68d4c6ff411
4712,a0986397-9f3f-4f7c-af85-c70becf8d49c
4713,0bdf1066-db45-4b2f-855c-699be8f05f34
4714,bb1f1cde-8ed1-4cd2-a06e-3b30302fcece
4715,0c424702-1a42-47f9-a3c3-8d79ffdb4be7
4716,5d94d782-d12f-49d9-842e-9c8bd917ac68
4717,ab6b2af2-ba2d-40df-a6db-17998722de20
4718,2bc8dae9-e5ee-4ed0-90ae-bfe1af269826
4719,9da582a5-337e-49a9-9ba9-1140628cd46a
4720,1924929b-8633-4eb4-abb4-b3f77367cd88
4721,8c9383b3-c68b-4130-b5ba-5631e00bcefa
4722,f97e1fe0-e860-4c1b-833d-8bfdbcb548e9
4723,6abc88b7-eb35-412d-bc2f-1b181f694ee5
4724,21c62f28-05b6-4293-adca-3cbeeafb90dd
4725,4726f9d8-6a9a-47a6-9ea4-8bf55a9010ff
4726,4f3138d8-38c4-4629-bf0b-7ba3a640052b
4727,8b2f6523-07a6-46d9-81a9-8d562a22150e
4728,bd80a4be-e706-499e-bc27-98a02bfb0cd3
4729,c86fd848-0af3-4744-ac79-4c4d5afa04a0
4730,5c9171f7-4353-4316-b811-ba314bf5a778
4731,d447ff9a-d95f-4fce-9674-a865ad91d23f
4732,95bdf76e-8948-4f19-b24d-7b3f8e0860f9
4733,8180d9fb-9832-4f44-b41a-11c691cdbad9
4734,fcdc3f40-77df-49c8-844e-7fc756b54ad2
4735,686f2381-02f6-453b-82fb-973a907e1fd2
4736,9d344bb3-82d4-4c68-8277-978300746ebd
4737,7cce9099-fe80-4e12-b7ac-33d5b48cff3d
4738,6eb1122a-a9f0-48b0-b4d0-5fa456676b34
4739,946d2b58-c85c-4e41-a62f-5cb54fc4b47d
4740,f93c0a7c-254b-41f1-a125-db1470c8efe7
4741,0392e77c-0a80-4cab-b155-004e715b8d96
4742,a160d624-409e-4b98-9da6-319d75720257
4743,f01257f2-66bf-44c3-ad86-9edeafd47a48
4744,979901ba-447c-46fa-bf28-2f772ea2c121
4745,bf00ae15-ec05-4350-b91e-7e9c5f29e66d
4746,4a5de73f-58f9-471d-a72e-2e0d8ac49a94
4747,f86e4696-65b6-4c41-9f17-061775fdeac5
4748,84a3cbea-e3d2-45d7-a173-723ebd7171c8
4749,112f717f-86c0-4b90-a1fe-8390021aef62
4750,8a464c4f-e632-41e5-988b-56fd9c02719d
4751,de9dd897-4e9a-4c53-8f70-0b9ad2d4a61b
4752,44af1d13-f1fd-45fb-b860-c7bb528774df
4753,cbdd34c3-3207-4b0d-8238-547e97d3df5c
4754,401e359b-adea-4921-836a-7ce26717d8e8
4755,7688b852-ffe9-463b-96e5-a94c0841e845
4756,b02bc8ad-568c-441c-a58f-8b3b55a6683a
4757,ac49386b-0a6e-459b-a606-0ab456eae702
4758,3100c39f-9e18-4ff3-8aba-696ce291d01f
4759,0de7301e-13f0-4510-a41e-bf7bda44ee11
4760,c79d9357-e998-4a19-95e2-b4dee81177be
4761,d9d47ae1-06f5-4bd7-a4e1-f13797a9c3dd
4762,9b69e173-13c9-4d51-9e06-37f060bd24a1
4763,7e22889a-a648-4aa9-96be-bbbb63c00079
4764,e937711d-8cdf-4828-86f9-20c9d1681bb5
4765,944a4014-c71f-468d-be03-eff5a83d17e1
4766,76ea25ef-446e-4f79-bfad-9bd39d61a4c6
4767,1e80bf86-7970-4e59-8ebb-266bd073a7f2
4768,c049c4b6-e7ae-44ff-9964-0dd2409f785f
4769,504e857c-9598-47d7-9b7a-21b116d76404
4770,8baf44be-826b-4e24-a08a-68d6a3ea624f
4771,57fecf17-4073-4b1d-b9f8-6141dfd14f8e
4772,6e43a830-00e8-4586-abd1-0678138bef5e
4773,b19752a0-0b5f-4d5b-bbcb-74e815983caf
4774,f501c14b-6c01-4244-8a38-6d2b6eb44574
4775,7d548ca1-5428-4409-bfe3-b26fba2c0e0c
4776,dca1c580-c438-45aa-ade6-5e466393c41b
4777,b894fd2d-89b5-4a99-aa84-e51e4b89faaf
4778,8f35f2fb-72c5-49f2-8133-8230eedb5ec5
4779,3471a5ff-016c-417b-bed7-6f8c4ced8de7
4780,bfc75a80-5383-4b91-82cf-3987bd512afc
4781,563d8c7a-8826-4bec-a95e-85d00b9e99e2
4782,b2fe495c-0d71-4405-88c7-685f762393c5
4783,1ea8bc6f-2e72-41ca-b01b-9cabc981659b
4784,cdd2fc7a-84a7-4ff5-8bdc-d4a3ba90e18c
4785,ff64d6b1-88cc-4a78-9dd4-8135217ca0a8
4786,bf1b7981-d541-4b2f-ba16-22989f91db44
4787,92ce77d9-1f02-41c6-83ea-d9b466022fe8
4788,a721e051-c0d7-41ec-884f-8e6f0ec18cf0
4789,31a437c4-6ab0-4e4a-9f51-c4fd062aeda1
4790,114a6210-7fa1-4485-b4e0-5b847a23deb6
4791,726bc4c5-e3f9-43a9-a48e-e3fb3d00c26a
4792,19bc2304-65f7-4b9c-af8f-eb5c5e1e6ca4
4793,ed7ffdd6-dc30-4550-8d7c-2fcaf8b4b4b1
4794,d75fafad-f6cd-40ef-b517-c4d68c7a17cc
4795,2609891c-de63-4c76-9b5f-2eb5d6e35cd9
4796,ae9d9203-d236-4f7e-87ec-e716378ee1e8
4797,a037be52-bb41-478a-a1ee-4f22da47548e
4798,8f084056-cd67-40ec-a2e3-f8ccce495e79
4799,bd02ec5f-a9b2-44fd-8450-4b68f2f2d9d5
4800,bf60c63a-e0fa-4fa9-96a8-9662a0c42bc3
4801,9645d438-03b2-416e-b0f7-98d0b9cac2c3
4802,e4cd540d-a8fc-481c-83e8-69e8dee35b9c
4803,fff12cf9-45c3-480a-a1e7-cac9b944ee63
4804,5aaf03cc-b979-48cf-98c7-9439b68aec81
4805,0142e2a3-d021-4bd8-a469-0fe2fc010d3d
4806,1f00a6e1-d91b-487f-81b3-d6eeef5b12d5
4807,ac304fab-58f1-4362-a562-a37c90eadc8e
4808,834114a6-454b-469b-9995-983ca84610c1
4809,e0415f70-4428-4beb-962a-b422ac13db1b
4810,23469fc8-0561-465c-a4eb-e7048dc2ada4
4811,1815dc6b-544e-4057-88ec-d384201a03a3
4812,951f214e-005f-4c0d-835b-73f9be98084f
4813,931db30c-a082-49a0-8f45-117ae353dd7e
4814,700d34c7-19e3-4a08-8ce2-ad9ecab42550
4815,eec9e8b2-ca3e-4c52-8c8a-6551c3d9cbab
4816,f3e530d0-1bd9-4a4b-95e2-edc4c28dfa24
4817,256db7dd-12cf-4dca-88bf-e480ae57f821
4818,f4ae7c89-11be-420a-9219-1278f59b7736
4819,8b0e4935-e006-4c32-a391-f0e65be4c45b
4820,ef0e28cf-569d-49b2-bcae-95962f3ef150
4821,aaa898f1-2ff5-45fc-b038-efce8e6fb2bd
4822,955a4422-8b83-44f6-965b-8ba2013d989f
4823,b62b5ef2-11c6-439b-b8fc-569d168d75f4
4824,cdfbc0c6-9496-43b0-8d4a-85b16d8aafbb
4825,a3c08ebb-84a5-4ece-a350-adc8dbe57eda
4826,d096c206-fe81-4260-a73f-28183cd577e2
4827,ddc99829-8957-4d13-8bdb-845cd5bd3754
4828,822a2367-19bb-4b7c-bcb1-9b1f1759e6f0
4829,9b33ab6f-ff59-4206-b739-760fc2efb41f
4830,43e545bc-fdfe-4c22-81c2-b4706accfedf
4831,9f7ac888-33ce-41a7-8532-6cef2fd70203
4832,78b5c94b-a3e2-4254-a326-6ae129cc129f
4833,7ffe9d88-26b0-4252-a484-98b9d10cb988
4834,276f588e-8d6e-4419-a188-07e2ce1c2c50
4835,2953d02d-ce3b-43fc-97a6-3dea430780bf
4836,46d784f3-e904-42bf-a2d4-4ab00c8e1789
4837,e54a04ae-38b8-4aba-b9ec-f6aab9c73743
4838,d0bba1e9-8e37-4065-be25-94ddbe9613fc
4839,e55ce33f-e7bc-4f63-becc-1d8480ba15a1
4840,d805e4a9-1399-4f5b-b7f7-c0bb31550846
4841,c5fa9ffa-ed06-4de8-a8c0-e4378ba71d07
4842,66e3bda0-b4ee-4e05-ab1b-18f460d1f0b9
4843,7f934db2-b098-43e6-8224-2914302b049b
4844,68846e3c-f7f5-4a7b-8fc1-cb905aeeab53
4845,442aa348-8b35-46e9-99b2-a556fa090567
4846,09d54957-3df3-44cf-9cf0-544b52e95233
4847,a23572b7-3093-4b04-abac-288adb2d5535
4848,083db552-21be-4a45-bc61-3df5f4331916
4849,7bee910c-4d28-4e44-81ae-ce785a55a583
4850,41088232-7965-4b97-9159-9d933a36adf8
4851,42129a49-349f-465a-87a0-0b921be60f3f
4852,b9627b95-cbc7-4980-8311-ba04583f94b1
4853,a5502f32-f495-4a04-bbbf-4cf5db0af1f0
4854,88ca858b-122b-46f2-8d28-62b10183a5bd
4855,e1564d0c-5ccf-41c7-bc7f-7798fe0005cb
4856,9fc6f77f-9ec6-4c8b-9904-5920d0b383a9
4857,1113ea69-8995-461c-99ab-b2956b7b7c8a
4858,1bd91b80-266d-4cff-ae91-8e72bd7e808b
4859,849fd72a-2c33-4f48-bc76-ff426dd4ad03
4860,439fb45c-6424-4e19-9340-76e9f3474371
4861,88d6f281-2a5f-4f3a-b804-7a70e14192a3
4862,6ea86d72-fd0c-4486-aff4-cc8c4d425bfb
4863,ef0b2f44-2091-4081-a94a-861b799dd9fa
4864,fdda73e2-179d-470a-88ea-2e1b6d308727
4865,d050d841-c285-464f-b6ca-52626b8a3273
4866,2e587701-0d45-41d9-92fe-66d7dcbfca27
4867,8bbea26c-2a95-45be-95ec-15d54ffedfe2
4868,a34ba784-8b77-4065-ab88-372fa2023069
4869,b0d01fce-1e67-43b5-9934-5259d561b9d4
4870,8a7a940d-f846-4305-b7f4-77e1d5e7df95
4871,a6f30267-81dd-4742-afd9-4c71fa9155f5
4872,1f82efe4-ea07-4cd3-ac2e-286fc88a0725
4873,2f91212f-80a2-48a9-a9f5-6f0745fa4645
4874,4aeccb3f-c2f2-4eeb-bdcf-a52d8803a782
4875,35fbdcd2-c1a5-4a4b-9bf5-7131d40d67c2
4876,5d255b51-4da4-40ff-81c1-24621ac89c1b
4877,8dd7fc73-7304-468f-89e8-4346ad276281
4878,5a1bfcd9-f686-45e7-a0a7-315dff654d7f
4879,74050834-5ef2-48c0-aef8-417b7beb1789
4880,a27b5c24-3cb8-4b22-a5fd-002748067deb
4881,6513d017-eaa9-4dd2-852d-1a42f5b9f736
4882,118880bd-bc7a-4bf0-98c2-a431c7003f3a
4883,dca0894e-6800-488a-8d8c-e670d617b71f
4884,85277779-b9b9-47cc-be99-6da75bc0680a
4885,e2f43eff-81c7-4287-a9a0-9aac68aa7687
4886,5c64b6c7-f8f0-4ffe-9b80-5b7d6475dc2d
4887,0dc8db0c-63cd-4e73-a354-e963b3e576b1
4888,4760f021-7524-45ef-8fe0-b89ff6e767fb
4889,bb5b3df9-5d15-415b-b870-7fea54e17e36
4890,eaef2c9a-0884-43b6-9b04-42309c8d58cb
4891,338ce21a-31df-4526-add1-8afb76e86f3d
4892,50958054-ca37-4bbf-9fa8-02f71122d14b
4893,63f875c7-e6e8-4687-95e2-95370333f524
4894,66e22699-1ba8-465c-9c27-960ba8accf3c
4895,713f2f9e-cff7-4a65-a3c9-9cc9e9af12fd
4896,ce485908-064f-4c62-ab08-a508e19751cc
4897,c478ad10-5dc1-429c-a534-c10b96ed502b
4898,2420bb85-ba6b-44b4-a786-088ec240e83e
4899,c8c43b00-47c2-4cef-a106-bd4f1d1896d0
4900,a25c91bf-f503-4256-a4b4-618ee8c5f7fd
4901,77bd69ce-c3ea-44ab-ba32-2839e3f61a98
4902,19ffae97-bc0b-494a-91e0-ab0039e6214a
4903,25756dde-f41c-4f5c-b001-2279c652825a
4904,ce47fa83-a29b-45c5-a530-07eca8b161b4
4905,c56fe413-f571-4062-8119-de703b9f79ac
4906,bcdcd99a-7e95-4754-864b-29f6de140781
4907,139df301-a48a-4323-9055-adf67aa2ea5e
4908,0fd9bc62-a54a-4ed7-a9d9-2c8eb6888c68
4909,34dacefa-b605-44b3-a1ed-98ff192a523b
4910,28bd5916-8cf3-4e5f-b904-dc5dc85964b5
4911,70551f45-5795-479f-b8ef-f1830b92a9c7
4912,2154cc72-d943-4347-a02e-9e77cce18874
4913,cf57145c-b7f2-4e5a-a631-315101e262cc
4914,887ccdd3-05e4-4706-a9a6-215982e50a57
4915,cd7e15ab-948b-4c51-8a59-33663772b0d1
4916,dadaa9b2-f1fe-4774-b29a-ec41427d9363
4917,fefdac39-edc7-4d02-acfa-a07b69be5e8c
4918,f927cb2a-05bc-45f3-8d94-6406e59d9c6c
4919,8e655ca7-be70-4aec-a4a0-b551eab6e799
4920,48d84893-c79d-4063-9cb2-8b2a5bfef6d5
4921,7163f00d-709c-417e-9d4b-cbcc3c61e390
4922,8db4e2e9-b39a-49f6-91f3-1409e47c758c
4923,f746a23a-40a2-417a-bc4d-e1d836517bc0
4924,5cc33214-12dc-43dd-b770-11baef64b8d5
4925,fa6686e4-c2b5-4ebf-a20c-803dbbd307e6
4926,c4b14be7-38ee-42bb-a5cd-136e71d10ae0
4927,8e93c5af-60b3-4aea-bfe7-30f419bfc94f
4928,3a1e6aea-2815-4f54-aed6-7e528e9c0b91
4929,c7ea8c65-c13b-4cdc-b0cb-af0842d0a0c7
4930,6f0b8600-d792-4467-a930-8738ae124b20
4931,d23b08ab-b448-4bc6-bd82-c50f7c7e7fa2
4932,f8d59533-cdff-4da9-b962-659f3e284ea0
4933,07d2811b-6afc-4b92-b60e-6e9430502669
4934,7e08e5d4-2d2b-4721-b4e4-2c7709268f2a
4935,ea803384-aba0-4fa6-8197-ef8128a75760
4936,6cc9e787-14a1-4e6f-811c-2b8df089f31d
4937,27b55521-46a3-4b91-952f-d65d8290a4f5
4938,0cbb6250-319a-4ff9-a4ee-175e5b6a00a6
4939,24802671-9019-412b-92e1-2f64df692b54
4940,f918cc75-34d0-4d95-aa9d-9c6d2a839a70
4941,81946364-99fc-4a7a-8bd5-a6e5ce42b993
4942,63cf0c04-53a9-44ea-ae97-fa31bd537346
4943,f4dd4b70-11f3-42ce-8c1a-85f57d81e8c4
4944,aaae482a-74bd-4e3d-97c3-585360ed7cf1
4945,a090374e-39cb-4219-987a-9241c9a97314
4946,85060a11-3414-42c9-b14c-970eae899ebd
4947,53c91be4-9565-4c99-9dd9-5860727edc33
4948,ede98789-2b3b-4a61-b46a-41f4d1ca9e71
4949,9531ef0e-d618-420d-9789-a2859e4a59cc
4950,85f8e614-4650-45dc-8a27-0148f382f65d
4951,9d77c68c-b007-481e-b9bd-7892307fb94f
4952,d437f325-39c0-4961-9b93-1f4001340681
4953,9a05c72f-f713-4f48-b891-c5195ca7a06b
4954,ac475e0f-c673-42fb-8c5c-7810f14a727c
4955,2e09469f-d384-4339-b77d-7a7cd16a1a19
4956,6a394db0-409c-4fdb-8ea8-9dde67ba900f
4957,d7cbf825-1a73-486d-a37f-b96a0e92b979
4958,ca429785-a609-475d-a0c9-ea57a7f335f6
4959,b2e87d91-2680-4a3c-9ecb-5af355f96853
4960,930bf0f2-a7e4-4ad4-a646-4a89d4788c26
4961,9e55c32b-2cfa-4229-8ad8-2338dd4cc71a
4962,0ef0b6e5-e349-47ec-8e24-f30c08a8af6a
4963,c38a962a-1576-4080-897e-3e23368333da
4964,c48c6a09-e679-42c0-9bbf-787ad1f6e403
4965,25b5277e-e41c-48f0-992b-b80e4e0be078
4966,735a8f31-dd8c-490b-b317-177e8ae831cc
4967,b7592725-bbfa-4e51-a929-dfbaa25a8847
4968,c79a0221-3a6d-42b0-8ab7-4d9c2c417a5e
4969,c4dbfd96-9d8e-431b-bffc-a26a53383a74
4970,e16209a2-8d46-440f-9849-c04c2f2fbf05
4971,475d2031-8c82-4eae-aa4b-9bb7acecd5f8
4972,4cdfefc6-6046-4a0e-af9f-5e8838c705c2
4973,490eeb7e-9795-44f5-8a7a-c55ea7edfcb7
4974,3dc2a115-486c-4190-a766-3e3c0ae169aa
4975,26314fcb-ac0f-416d-94e9-0119589c2940
4976,11f05a27-9f5a-4ef3-8536-51145a3f2ea0
4977,159cae6a-f6bd-46d4-b55f-48d42d2a55b7
4978,a30ca44f-78bc-449e-9671-673708179a4b
4979,c63b744c-1dce-498a-89df-bc5eca1b2cb3
4980,5a4f6b83-e70e-4c9a-806c-38fd6b19700e
4981,49730027-ce8a-476d-815e-09d41c9c8477
4982,0ccf2392-e28e-4231-8842-00e932dc643c
4983,0a01a1d0-d8cb-4983-a52a-a32507f8edd0
4984,211322e6-1eb4-41f5-93af-0e14c66d5bbc
4985,c2b71d87-1508-4079-a657-f803a3300cc6
4986,1cdabcfc-71a3-4885-8b69-05ea74bd526d
4987,862d0b06-ab63-4cb2-9ae9-6a6697083eca
4988,dd5e3274-cb2e-4dda-b949-58589a959994
4989,a87539e7-b5dc-4071-9aa4-5da846515484
4990,dfa3332e-a292-41b5-9e90-da6d25f0d3bc
4991,720a80e1-fe4c-42e2-a749-af30f7e1ba1e
4992,345854eb-19c4-4462-ae51-08067da4cfae
4993,1f232c3e-1965-40b9-a785-8106897151f5
4994,7c63c7c1-502d-44b5-bd00-367c7e26cc95
4995,746c9eb8-863f-4cf1-887d-4e948016aab7
4996,5e3ef9d2-15dd-4492-aac9-cf20a449a180
4997,9b61fafe-58be-4019-a14a-9135ac3a6c13
4998,ba09910c-60f9-4a55-a349-4527b7c5103d
4999,586d0fc0-edd1-4afe-a632-0091c301cb81
5000,c903b7ca-8ef9-4f32-a52d-4e95c349aa2d
5001,25e3ffbc-bf75-4772-8ae9-d44a6ca00b59
5002,bd033089-b403-4788-bc9c-55790b9e1efd
5003,f6926805-8a65-451a-be67-4ca91b28265a
5004,c4c78cee-e7fc-4851-80a9-dd03a135f6b7
5005,81084169-25d3-424a-bde3-5e6239748d12
5006,7618c532-ddfc-4d83-9101-283bb291d2cd
5007,05679588-576b-4a4c-ad72-e79499f478b5
5008,319d2b1c-4651-4c1f-b7af-52d44865e1cf
5009,92ba8424-da97-4f88-9808-0446da063ee0
5010,f2056e27-be5a-4fd1-8876-424edfafa290
5011,5987283a-40f8-4e45-bfa6-f39427560ce8
5012,2c0e5591-b1e0-4d5b-bf81-6258afcb8e96
5013,9f667403-21c7-4986-82f9-4eb87b43e110
5014,18efe3cb-0968-4335-8542-3b08570962f8
5015,1528c3b6-e03a-43f0-bad4-d9652f5e3732
5016,54b7fe99-ba4f-4db8-a05a-5ea6bf4b2cf9
5017,2eab2d6f-2e0b-4d3d-b73a-9ac94fc7fb7e
5018,cc7cafe5-fcc5-4bed-95c2-c027d5f9c00c
5019,85bbed93-b95e-4c7b-a280-ff406d5d67c3
5020,3fc00561-3ef5-46b3-b322-3f660a863e65
5021,f3cb6636-d0e5-4b2f-84a1-1c96b8bb2600
5022,bcbf48ef-659c-483c-ad32-7dad3104d833
5023,64aca02b-9cf0-43ef-bad4-b928a668ca6a
5024,e6d49ea7-96b5-42bc-ae68-28ba33f2d475
5025,a5b40ef0-1c19-4971-91e3-fd4e24511f10
5026,0d256dd2-3289-4407-b11f-080cc0cbb4ec
5027,e8b15af0-b43c-4348-9552-fbc7ad00073c
5028,c44e6295-9931-4901-bfd4-d45c8904fbaf
5029,708a01cb-ca6b-4bc2-acec-fdd09afd23d3
5030,2703475f-4a26-41d4-9942-68c53ddd18d1
5031,3868ee66-a2b2-4b29-90b8-e8a944628055
5032,7e82c371-11b4-45a3-9e7f-9eb95ad99a0e
5033,9113ca2f-4c46-4d6d-b80c-5c55e216b654
5034,9deed1a9-ac2a-460f-86e7-0d75e93e3f84
5035,a3835cc0-819e-443c-af16-665720bfcfbc
5036,8eac0d98-740b-43e1-b90f-37f3798a917b
5037,20d4dd06-2b50-4966-9cf4-809da5cfe087
5038,cca9fb5c-cb07-4d7d-a66c-93271120edb7
5039,27598ab3-6042-4027-9d4a-206dfd048510
5040,d64f54e6-8b96-47ff-89b4-3fa93af81eae
5041,76c9546b-5b37-4594-8577-f7c7d8ac3f90
5042,82983ded-0a02-49a6-ba84-07e7cf897b64
5043,78717432-2327-465a-b0c4-a7e8745412ca
5044,8f4a2241-50d1-4cc0-9915-7d26c19a0218
5045,33ecc82e-0ce2-42d7-a6b4-616f53cdbe20
5046,d1a35d7d-15a0-4702-a1ce-71bb4769e317
5047,321d4b9b-60d7-48cc-a550-c5034d8f428a
5048,21af7784-ca15-4527-bcd9-1707e86f25fb
5049,9562b5e6-d7af-46c2-81f9-3ffc42d9b398
5050,9ed73e0e-1c0f-4ca0-babf-ba7041427527
5051,1006edef-c470-41f8-9929-0e11c2f10b5d
5052,3ef8b98f-1d4b-475b-8be5-c92d07d8d28e
5053,1da7a234-ae73-4964-a282-ceb7918f0add
5054,ce6254fb-c44e-4be8-a98c-0273977f7063
5055,7b09c3b5-b2c0-4d70-9a39-671ebe7cb6fa
5056,6d5d596f-968d-483d-8dd4-b9b329594c35
5057,b09e2ffc-409b-4c5c-8110-51bdb01d1155
5058,6c825e23-83b7-4bb5-8bc0-a44db168d655
5059,52aec360-de34-4bf4-961c-afaf2c7184fd
5060,18d2e3ce-f629-4f3a-987f-ae78e2558677
5061,f98d61c4-62c9-487b-b29f-6acc69577d61
5062,e62c6d21-c349-449c-87ff-e9c8617fd848
5063,5d463911-539d-4b97-95f0-7b49e3d2688f
5064,83e30544-89b3-4d14-872b-4a63867b5d43
5065,05866020-cb6a-4e37-9a7b-3d4afc7ec4bf
5066,aa260f17-71f1-4d8a-bbb8-b40d9538460c
5067,ea51d71a-4467-42ca-a2f4-50d4e54a8bc1
5068,8f06bcf9-5ab5-4e85-9a77-ae7e88bbc75c
5069,03b8bb74-de3d-4b02-b183-cf8c5ac5a6c2
5070,7c222cda-622b-4cd3-9b11-c20b329e08e2
5071,f32aec70-fd49-4aec-b59c-8c3d83a8165e
5072,a8842aa2-69ae-4473-9dc0-892286e86e88
5073,419c3c90-6d20-4989-90dc-8910e5a12ef7
5074,119ebc9c-4e46-4821-8566-7e2f22d134a9
5075,0218e77e-38d1-4dd7-b6f6-5fbc5c1f984a
5076,752bdca0-e09b-4adc-bdb8-10e4cb7d4b32
5077,f273192b-de5d-4f00-ad65-821a0fa50f79
5078,c14c93b8-9b0c-4149-baf9-1e40ea21586b
5079,56daed58-f31f-44b4-8d89-e2dd115b3b18
5080,b008a5d0-e1b1-4efc-afaa-194ac59bf909
5081,174eb4db-2b25-4c14-87b7-d0db7edc95fc
5082,a5619254-91a4-4f46-a15f-4394fabeb60c
5083,3f015fa9-5075-41eb-8a5c-0d7a6d673baa
5084,f5019c6f-9600-43c1-b544-a8876b0d06ff
5085,2bba2546-04f6-47fd-9728-05a205d45558
5086,72ab7eed-63ef-43f9-afcd-baf81544d91d
5087,ab504262-06ba-4e64-98ec-222fd48a5739
5088,6290dd85-c8d8-4ba6-b269-1b7aab6ed874
5089,36841dc1-42df-4eab-b7cd-ce2fe5e2cc24
5090,5475cf3f-194b-4a6d-b4c1-4f2f062d0edc
5091,773d31f2-5a89-41e7-aa87-ea781a314654
5092,d960ab5b-0b00-42f4-853d-5eafe4c67291
5093,120c88b6-9a31-47d0-bc19-69ebaf47d268
5094,795f1771-f743-4c35-b13f-de2794d2939d
5095,d5076f11-1775-46af-9837-da6d6a2e3a6a
5096,4881b26d-fb1a-4982-9a86-add2b86fdfdf
5097,f8711c2a-832d-4b51-b695-256f38f67338
5098,b0636f54-84dc-4af0-b08f-ff343860666c
5099,543404cc-e9ed-49cb-94af-31d24eba1375
5100,1d571bf7-3b06-4f26-b5bd-ee5933a52310
5101,1c61270b-9008-4784-912b-da5ca029efda
5102,9c4c8f45-7402-46ac-b1bd-5191132c33a3
5103,aa205366-e4be-483d-9992-7cb658d06cd9
5104,25b216ab-33ee-491f-9f0c-86d95964bd96
5105,3e24f172-15cb-41b7-8d94-14f23f899300
5106,5b9c1dfb-47fb-4891-9620-43ecf62120d5
5107,cca0eaff-a310-4c42-b4fe-aeda0855402f
5108,97f6cada-b6bf-4e85-9ed7-47a83c21ebd4
5109,afccdb12-6e1e-4890-bde3-9f197df0a3ef
5110,ec99e1a1-648c-4eb9-937e-99c5102a7f11
5111,38588905-6060-4957-976f-a75660f66305
5112,89d0f894-153e-43a8-bf10-dc5d9960995a
5113,bbcbed82-3027-401c-9e47-9b1b0958920a
5114,61c9660b-78eb-4dd3-bb79-946f44b60143
5115,370944bf-6145-4693-bd65-25d1c7680e2f
5116,7a9b24a1-f938-4419-b398-78d5df6ab625
5117,a874c144-c6bb-4328-811f-520affa55e91
5118,849eb06f-fc35-4607-b683-00551a641277
5119,c1b622ee-eeea-488b-b0a1-cb3061f136c4
5120,6284a302-fb4d-4a65-89bd-6e7f201d28c1
5121,5b69817a-2ffa-4d00-8d2d-9d75d34a53b8
5122,53618d03-9403-4b13-8284-067f73740a91
5123,afd306d4-1b8c-4d9e-bf9a-f837a7f5b065
5124,33868ee7-1a31-4467-af59-496000052715
5125,a9dc994c-0290-44da-8dbe-d602454c1acb
5126,208e79ec-195c-44e8-9d29-a75786b93795
5127,4448ef2e-3b93-44a0-ad91-3d9db44e6857
5128,ff4fb68b-86d6-452a-8673-73d9140f4c69
5129,aeba31c3-1794-455e-b14d-d93936a92503
5130,06db759e-6838-4940-8e8d-b21062561118
5131,fde875f3-390e-4e94-a232-e68ca25da8a1
5132,ddaf700c-ae15-4e61-bad5-20508b97145d
5133,312cd80c-3d6c-40a7-a0ff-24b7ab3dbbb0
5134,216ffca6-c105-4a72-be4f-0eb6933aac72
5135,d5311172-062d-4130-bd76-f2b299ca05d3
5136,71a2d5a9-8760-4c9c-9013-9789c7ebd0ba
5137,495fce18-5454-43fc-b955-095a32c49141
5138,6cb793ab-9f8d-4dff-af28-473c4df993ac
5139,0f1db75d-7954-4add-a3b5-992091b86124
5140,0e3cade5-5f8b-494e-b403-ed022159281d
5141,23c6e950-de87-42c9-914c-d66a08e6b67a
5142,41260699-29bc-434a-9a24-b1ea8853582a
5143,5f23d342-d200-4ab5-9c70-7c3f9143d8ca
5144,3642f804-d08b-466a-9e1c-1442cb1d08c4
5145,fa8b8c79-ddce-41d2-ae28-af5c3e1d5695
5146,917f9cf7-fb6f-421f-8e89-e3753a479a99
5147,71bb1a87-7910-4829-85f1-52803f50b93a
5148,14072258-e28c-4c97-ba18-d4730a07dfb6
5149,1ee5bb5a-5500-4f36-bcc9-3bb7267dda0b
5150,ead1afa9-8a2e-4c12-bf35-93d60d1a4d6d
5151,5995214e-6164-4edf-a8b8-48c7a520cd8c
5152,25268326-fc6f-4f3f-8855-8a73681bd365
5153,070f81d4-b6c4-462f-875c-e32203098898
5154,1a87ed94-fa23-47a5-be8b-ecda815cf7e2
5155,50c32bda-ec96-416d-877f-70d3907df3fd
5156,e44f7f77-f0b7-4b7d-bfe3-c6b1b666e360
5157,ae9d0caf-2f52-454e-b3f6-0c3794529111
5158,dc4b819e-dc8d-42e1-8dbf-5a9dedca3212
5159,d2e6de08-66bf-47e3-83cc-980ebde5dcc6
5160,a1bd4ed5-c899-4f88-b780-1b7fbac6ad8a
5161,f33dd2c9-0642-4d21-a7d7-e70ebfafb8f4
5162,078ad377-f86a-4945-bb57-4c80ff6d8f6d
5163,37aaae35-090a-4fc6-a9ce-e23e15bf8a99
5164,eb467988-b206-4a5a-80c5-78e27db198fe
5165,4ca73c90-fdbc-4b1d-9c85-a2264db3bccf
5166,d1abad6a-d363-49a5-8d44-6aa461cd6933
5167,44531756-49b0-409b-8a0f-706952189e81
5168,4369a732-633f-4821-9fa6-8c01acef4f23
5169,7a9dd853-c4db-4675-a407-8b6b1b6d4d3d
5170,5ea396a4-080c-482b-ac17-6387581a3929
5171,d341b8a9-06b5-4ba1-93b7-2176e3256b57
5172,17e70f50-6d78-4b77-b86d-bc71bcdd4db1
5173,a38e98ce-e12e-46c9-9072-ae31ffcb099b
5174,468f4db0-52de-413f-92cd-0c66286b9eb4
5175,97b0d056-e64d-4492-affd-957f6ea68102
5176,26b121ac-2840-4f9e-a309-6a37ed3c5ade
5177,f6bd97b6-b2b5-48cb-bceb-63468a0fd95e
5178,aff90f14-8666-42ae-8f43-f7b1be05d9c3
5179,6c1a3c88-fb40-4078-a7b3-a95ec7f9c589
5180,610ddb4d-1a6e-4363-b939-e2e38187e8d9
5181,1c65d51e-4446-40ed-99d6-178f3c005980
5182,ba65f53d-134c-4e4a-92d5-70f3cc97e9d6
5183,1e6d8b92-d0eb-4749-b5d7-f92f4473213e
5184,7455b105-cff2-45df-a1de-729451417947
5185,3c40aee4-8d32-4b43-90f8-8a273fa8a60b
5186,72c2b4ab-a33a-436a-940e-079ff3eb46b2
5187,79ce4ca5-2dc3-496e-9fe4-507b6d973d6f
5188,dedd3bbe-1593-4f38-8a1c-033afacd6f8e
5189,d9816b8a-c21e-46e5-b870-d8bcc6956415
5190,f3ae4a24-5b73-45e1-9b68-5edb8595c8b7
5191,890f4034-3128-4cc7-94be-18831184a41d
5192,3e6e37b2-7d9a-438e-8322-7347d1df5364
5193,9b2a3ffc-42f8-40f3-bcbe-eb306c0d4dde
5194,57ff5eb1-f43a-4f6b-af04-b44b75181558
5195,94e855dd-704f-4cb0-8895-f02b4854a4d4
5196,5cc5540d-722e-4c65-947c-d21d608764aa
5197,b2bcaeb6-9d11-4cd6-ab02-d70187beb304
5198,7bb820e3-9699-4c51-b3c6-4cac168cf8df
5199,799b3026-3695-4a14-a5d0-06a4a1be1e5f
5200,e655ae32-3c83-4754-87bb-1bf5f72a210b
5201,b968564c-0b88-46b6-806e-2195f9c1ac34
5202,7d2487c2-c05e-475e-9284-0f65413d9315
5203,66a7ae72-5138-4d3c-878d-b90773f642ef
5204,c48ee071-ac5c-431b-91e5-59398104008e
5205,2a59fec6-4045-4ee5-8c7b-fcbb4b99df81
5206,792cbba9-b5ac-4180-9246-e01d1cc12ddd
5207,0f34dd88-ee5b-4b20-8c62-cabd032c3e54
5208,2e5e6cb8-207f-47b0-be4d-d967266d25c7
5209,7575e016-d41e-4421-ae02-8562c2ea12ea
5210,50ac1957-cbee-4ce2-894c-1b3f65cfb21d
5211,1b7a1e9b-5c64-48ef-97b7-59b144fb6690
5212,506c6554-9873-41df-ae75-539c0be7adf3
5213,dd8c55da-b060-4254-b091-0d616d58edbf
5214,b2c82c8c-1bfa-49fb-9451-43448aee98bd
5215,b88f3279-12ce-49d1-adaf-5964a8260d72
5216,c9c7409b-859b-49ce-9877-ccddf1632c0b
5217,acd824da-1af3-4897-adbf-0d386deb2a7b
5218,2c8faa8b-f7ff-440f-acde-aaef7cbb8109
5219,b9bfe43e-2976-459f-9430-e7a94838c7b6
5220,4ce1b9fa-8dc7-4e33-ad5e-0b39fe1ca9a6
5221,27d26bb5-ee2e-47cb-b9e9-de0138fbcde9
5222,2afb3de3-1d43-43c0-b82d-0069584e8ec9
5223,93b23bdd-444c-42d4-96e4-b3e3e9d94ac1
5224,fdb74d03-6f13-482a-b46f-4a72c339fe6c
5225,7bd27d51-c262-443a-92c2-6e8d31033f00
5226,e266c89a-5ac8-4d88-9059-14cf003c9705
5227,7ec08286-e33c-4694-883c-7b4a1c57e56c
5228,eada04cc-b42e-4ac2-8910-ea7ec2bba773
5229,f088930e-56b6-4869-a810-89914f4dee52
5230,d5cd47c7-1cda-44b8-82ab-d2c16ac96897
5231,6dee8445-7191-4458-b85d-d621c18c5930
5232,22311308-0489-4a8d-84cf-f0c127063e50
5233,744abd36-dcc2-4bba-9de8-93d427faf472
5234,6a4a2672-a1c2-493d-bb3d-076ededed1cb
5235,8176f7da-2b22-43cb-90e7-a82d5b19d17e
5236,89db5d5d-ecdd-44e8-8276-a0a80f613a3c
5237,0bcf90e0-3ae3-40ab-90ca-e15cf1276d92
5238,4d74c06a-df9b-4ec1-9368-e257d0c3b0a5
5239,d1dadbf0-d3ed-4bab-83e8-3873e54b8d15
5240,68ab13c5-58a4-41bf-9ae4-26b9cf257faa
5241,6edc48c3-c1b5-4e5f-967a-f84e6887855e
5242,f59a6122-4b25-467f-8952-a7a3aee79cd2
5243,8af2da14-fa26-49ed-a6bd-db93cb46b435
5244,d0544936-4ab9-47e6-87fb-5953ae9165d9
5245,226a85fc-4101-4e94-a027-c49b83cf0a37
5246,5d449619-761d-4ebb-b48f-c0d294039abe
5247,0ac89154-d392-45ce-8609-431a0a65aff3
5248,c330b9b5-0d68-4400-a935-b99abaf2ec34
5249,560dc6ec-0573-41da-84bc-8f855771ae3b
5250,01046b8f-99a6-414e-9139-5eaef1b21aa3
5251,4fd81b6b-8cab-4863-ae4e-72ebd7f02947
5252,9c8e5119-d829-42ff-add9-5469e7ec3524
5253,c0627461-216e-4d2a-9311-aca998ed2237
5254,52d381bc-2cd3-4a5a-ad6e-79e799c9fc60
5255,8b07d294-e0d4-413c-b184-66ba05694008
5256,d8f89620-3fb2-4fa0-abd2-98360452a4b7
5257,c1503b99-e4a9-4fc0-8b2f-0827f10342fe
5258,32e2a3f1-3e03-4677-a56a-560d438da496
5259,20a34e4e-f068-4b05-a746-4f0fc52d89a5
5260,32fdc64e-7878-446c-b1bb-8822ed0eefac
5261,fd27886e-c7ab-4809-af9a-abe1ca53a889
5262,78e2822f-2522-4802-9315-e7b4533894fb
5263,9dc43da4-839d-4e2f-9a93-30986380aed5
5264,6689b629-6582-4699-9d09-a0aa07ac5cab
5265,648aead2-5e5e-4717-abbe-d3e0427f34f6
5266,aa712408-750e-4cd5-b5ef-1998014518ca
5267,594fa70c-ba2a-4a2e-9bae-cf24b35e7450
5268,441429f6-ae1a-4649-b142-a0b23a46cfdb
5269,895c5d78-40e1-406f-a155-41bea8f28a82
5270,12e41692-06df-4242-aef2-62308dff85da
5271,3fdc7058-3988-4e76-b2f6-5f23c73222f7
5272,2a56c8aa-90a4-493b-bc29-c81f6dee7156
5273,b62ad336-9ab9-44c3-85eb-9d8dee4087a2
5274,2eb606b8-8248-41da-9cbe-73345dfa7085
5275,56e80e39-83b4-45b4-92c9-281aa14ffe95
5276,fa4b7887-f1cc-4528-bd2f-20d90b4e0416
5277,ce43084f-8129-43bc-a782-0860f2639dba
5278,87caa184-24c1-4b14-9deb-b2be615cc0a5
5279,a072a97f-4eaa-4bff-88fc-3f19a8f1a8c1
5280,32b291eb-218e-464b-a637-15def744e1ea
5281,1623eb25-d7ad-4e23-a266-15497ce6b9fd
5282,b6c0e09b-f9ab-4880-9b66-e05e82d3d623
5283,9664ab7f-b881-4aab-8db1-5e8cd26ecc0f
5284,91eae566-44df-43eb-bfe6-c4f09e610560
5285,9bf3ddb5-ade1-4c0b-a2bd-f7b97516a314
5286,8e82e926-5ab5-4c46-9f37-8eb47899a1ac
5287,f77a12f6-ce05-488f-849c-226212b66c86
5288,34c11593-a7d2-4e7c-9f47-cf85ef2ae846
5289,b8378c06-f7a5-4e9e-8227-e92ab4b1ffa8
5290,713e872d-8661-4b01-89e6-814b6f8c9641
5291,b2fbb167-5d79-4d92-a65a-1bfff08a0a47
5292,41fa2f73-6c91-41b9-8afe-e8016dd4d771
5293,0d3c95f6-4f90-4ea3-a246-4df708b969e1
5294,316dcd3d-fdee-4cba-b57d-951a40449064
5295,81286df2-bafb-46ad-917a-66e8f1647eb2
5296,4bb7c1e4-740e-468b-b6d8-6ea81887ffac
5297,1dc4afad-885f-4685-848b-0a745b982cae
5298,e4dda7ec-a096-452c-8561-c9c5e717b64a
5299,54d2d87f-2707-49bb-9bd8-71c8e96f4ed9
5300,866c759c-cb15-4099-9c8d-872d0c134bde
5301,0ec7c90d-283f-4a6c-9c78-3b22d2ef00cd
5302,ec385340-5938-40ef-8bb9-77297cbfcb2f
5303,57081cbf-2f29-4fd8-bef0-656eaa8b739b
5304,0c67b8f2-759d-4d53-94e4-b185ae4f436c
5305,905be513-5d2b-440a-9e96-765e30a943ae
5306,a6431226-67cb-4b2b-821a-cea8373106d0
5307,128cfcd0-5794-4131-83d9-800c6ef21c56
5308,db9a538e-f039-4a1b-b387-a2381a76d01e
5309,37946fc7-5509-46c1-853f-08749067b19b
5310,feae05a6-6fa8-4d8a-bd5c-fdaf4d733694
5311,7a204dbb-fa8b-4ffc-aa27-4b7554c0e0ca
5312,fe9d9682-87e0-463d-80a8-097da668e44c
5313,09ad2ae0-fa4f-440b-8a98-0596de084398
5314,3c063ff6-9209-43e4-a8dd-3ef7bbb649e3
5315,f2af6452-e0ad-42f2-8aee-ff0c00056ee2
5316,11f9a192-d7ca-4386-8aaa-04f5f02f91ef
5317,ae9c525f-9d2f-4382-99df-069b58423d5e
5318,6f6a7f78-cb23-46fe-b0c7-c5b1ebe3e85a
5319,6a1fdc42-d2d6-4cd6-b566-6c0b6bc9f196
5320,20315c8b-843b-4259-b0f2-8c23e19de535
5321,b6691a81-952a-467b-9f71-98bba92a586d
5322,8e050e86-5bfb-4ed3-9b7e-e81e5cdd020f
5323,b1cd0178-5ce8-4a28-8771-a1e115fba314
5324,e4e927e6-a975-41b9-a958-75ae2657d01f
5325,6f60fb99-4dc9-48f5-aa0f-63069ef2dacd
5326,d80f7a33-7c5c-44c7-a32b-f5636230b05b
5327,8a954ea9-194b-48bb-8843-a83ed212f9aa
5328,081f23ec-3d97-41cb-8307-3999bef2e461
5329,511f8a99-a12b-4275-b514-0e07e656ccf4
5330,82084510-2e8f-44ec-9b5a-3cc61b74107a
5331,07cdcb43-31ae-49be-acc8-61a528f36a7b
5332,e8d55a5d-502e-446d-b0fa-013ad09721aa
5333,67f2e8d7-4a93-4100-b926-b222010dc724
5334,c36585fe-7324-4e7d-b150-c8c7f007561d
5335,67bda5d4-0a44-454a-9a44-904b1a6dfbbe
5336,3c357133-2232-49c4-845f-1bc9834f8a3b
5337,b0118db4-c3d3-4ec9-a34e-1a01a7a735b3
5338,a28d2481-1674-40e0-8399-5d1ff8767a20
5339,5e011ae4-25c1-4866-b76c-e4077d6fd5b1
5340,5bef7841-17ab-4a58-9352-5c8818db9123
5341,a01a11ad-b2c4-4934-b866-8c6dfea30f55
5342,4666da42-b3a2-4c9c-a0dc-961ad77d87aa
5343,a4921f30-4e38-41fb-a0c2-4fa0c5fe1436
5344,8d8b1368-6c3b-4332-bab4-e6b876c1bcb8
5345,cf174c81-80b2-4e7c-9af1-96b43e90b9a4
5346,85ffc294-e964-4434-a1ee-f17af3205e28
5347,9957a880-b208-4771-baf9-f59b6ee24cc1
5348,df1a6d45-f060-48b2-b83d-34bf497af3cb
5349,17299391-e7d3-45a9-9381-9e39b1cbd187
5350,80f5bb3d-334e-4594-96eb-f2d532568e46
5351,b2de5088-5361-4c74-a268-fda946fb083c
5352,8572bee6-f829-4961-81a1-e2f53bd81715
5353,797572c2-5376-43a7-a7e2-0ac00bae6fb8
5354,0b346eed-9e6c-4331-9266-65c99ef0dd13
5355,90fdcb4f-0148-40c1-8675-69bc6c7dbeeb
5356,4ecbe419-f37f-4455-8ea1-988d931b12c7
5357,8c452e73-e938-4f8f-8f3d-71ed1993024c
5358,cc23434b-0f74-4204-aa0b-8ac267ff92df
5359,e6312b3b-4bab-466c-882d-2bf9508531a9
5360,fdae2c9f-3785-4929-af8c-e4f49169b7f7
5361,081cf9a0-800f-445f-a654-daaac83b6e96
5362,54ff3bc6-ae4c-45e7-934e-e1ddc255f5ce
5363,32b6ceb1-655f-4ca3-b249-e2097ecce07a
5364,98ed8767-72fc-488f-8893-73c9e8a90b5f
5365,cc02770b-55a5-46b5-8101-d640f11902d4
5366,073410f1-915a-4af7-a61f-9f2caffd65ac
5367,2fb05583-539c-4299-9e28-058c8fb88515
5368,c8b7e285-1f3b-4df7-a82b-51b996e6de5a
5369,ce0a2ce3-a63a-4e73-8fd1-f8607acc8273
5370,c84f95ab-35d5-410c-9496-6352cdc78560
5371,de50f9cf-9d7a-4a56-8958-d8863ae5642e
5372,6c145925-7669-422c-ad24-b6c90c8387f7
5373,519118f3-f371-4424-9cf3-5a3b63909302
5374,4d726131-b584-48fb-9c62-fed32253e6f7
5375,3355689d-72ef-40f4-9a59-6e7725761987
5376,c0f22881-f4bc-4dc6-8968-614684f01608
5377,9c874b37-2441-4f4c-b7d3-ec6e0835ea13
5378,77dbbebb-736b-4ee5-bfd9-7ba76e6b9ba9
5379,cebc2329-ba8c-4bc2-be08-9b99e417c9b1
5380,388f7c8a-b216-4f24-b8a0-cfbb0824bcdb
5381,017837c2-7338-405d-b0f1-113820e489f7
5382,d43cbfcb-8db4-4ed2-bfd7-e223fd1300e7
5383,c6d2d6ac-628b-480d-b190-42ea3262ae16
5384,7f7e5487-b1a5-407a-905b-05b0a16d4bd4
5385,0fcd66b0-fc5f-445e-876b-bc7759cf3370
5386,375d89a3-5e04-4c9d-b4e5-4259c3738cd4
5387,ee46ed89-1296-490a-846a-cdd4936cb00b
5388,9a7b6e8b-f7fe-4fc5-93f9-9dd8403b68ae
5389,2a29ce6b-7e27-43a4-b054-46df4cef5fdd
5390,ad43f3fc-d30d-4a4a-b715-8e55aa92bb81
5391,4e82a4e3-0bc3-49af-a390-dd5a32041747
5392,fa0a6ac0-3a97-4eeb-83b1-1f1e4127795d
5393,2e580370-f5d3-43bc-88dd-c7a76589eda9
5394,ddabc8de-f2dc-4d8a-83f6-667912370dfe
5395,79768201-c8bc-4810-a885-b33eb804f099
5396,5794488a-b1da-4163-90e0-c0dc5fefa933
5397,cc8e0b12-3ef7-483c-878b-2e340a99a717
5398,54bbb987-657c-4f70-af7a-e36ee9341cd7
5399,af5a1822-0b63-4c74-a031-c46775260a32
5400,c2583684-f76d-46e3-a1e0-b14fd2d08e7c
5401,85699f65-2a87-4631-af18-b89f4f99839e
5402,0b34bcbe-4343-4edd-a12b-c4eba9570884
5403,06569fb5-67f4-4576-b958-cfceb13b7b20
5404,16c85c45-e5af-44ec-b669-68610845e20f
5405,d1804b23-15d6-4447-b427-b281010ccfe5
5406,513cb255-325c-4af0-9853-b2def81aeee3
5407,293e6f55-5a55-4b33-8ec7-195a3d85f12d
5408,1c709812-119d-41b0-b9d2-e82052871256
5409,56d55231-1e2b-4bf0-a33c-2fe90f38ac81
5410,3278f0fa-cc14-4777-b0f0-38f4f2abbd32
5411,b21a9486-4f35-4132-ae3b-5fed0b61ef1d
5412,092a0609-a38d-4f67-8b02-46c8c07a1ba4
5413,8c90f1ff-bbf5-481b-886e-31de60c480dc
5414,511197ca-10ab-47e9-8cc1-0c15c7f26a79
5415,27aa7f37-4528-4125-9ba4-477c4e270d34
5416,0ca30de7-b080-4fcb-941b-50a497f71961
5417,d1e81cb0-a79a-40e4-8704-fa4a2cfced00
5418,8e3a8cb4-d2c1-4164-b3da-e07b9a99eb74
5419,734e3f31-f718-418b-954d-c9db272754ee
5420,fca4a5a7-8b96-42ce-8a68-bac985e6f753
5421,fbf67ade-d933-4db6-89cf-ad4ecb61d29a
5422,6ce77618-11cb-407f-9904-be89a9c1ed45
5423,9b66627c-1dba-431f-88f7-f760283ec925
5424,420708b7-6ce4-497e-a3fc-8a425ccda8e8
5425,d4329e5e-37e3-4ad3-9af4-1d2aa402b2ab
5426,41c8ffa4-33cd-478e-9cc0-22ea6f92aa08
5427,af74bb7d-7511-486b-ae7a-026a443160d1
5428,5063af76-3700-47f7-8598-9c9fdda70eca
5429,4027fcc7-caf9-41e6-b6ae-73efb3c59520
5430,7c217fc4-6f0a-4bde-b9b9-92d11688b976
5431,2e2472bb-ca85-47cc-8c28-a5d13d58af7f
5432,89f59dd3-cb5c-4f16-b606-dccb8beeda3e
5433,722b95dc-a7cb-4dab-abe7-6c3b79c4fb1e
5434,8058b289-b489-4e30-89b6-7f666546bf97
5435,89ca6140-8402-4f4c-a40e-5d3efba245e7
5436,1517a758-4aa2-4f07-9ae5-7c13f30db240
5437,3dde46ff-a11a-4a6d-9828-0454ebdc983e
5438,12b8004d-fa0b-41ce-87ae-d7f1f56d6d60
5439,7980496b-7df4-4cc8-9284-45cfe601b753
5440,6186dfe5-4679-4047-883b-26046263df52
5441,bc18b2b5-3b31-469e-a7f3-d558f631ed5f
5442,31a54a47-7b5f-426f-8b7e-42056bba3d1c
5443,b9acb66d-d4bd-4a4b-86df-19bd9f43c017
5444,8aad75a0-6d52-48e3-ad28-948462933961
5445,c337604c-2233-4da2-a741-08cedc20e84a
5446,a927f833-3f1c-492f-805c-e8a5048a64e9
5447,80dc07d4-9513-4813-a2fd-0920a73fa126
5448,45662c02-3284-49e7-9ac6-05b29e357b78
5449,0fab678c-c87d-44af-903d-679546f4b75e
5450,1b8f10e6-0b0a-4a2a-a71f-dff378fae7d2
5451,c9c0e271-74d0-4421-9129-f740788dd479
5452,fdcae412-a01f-4b74-980f-97b10eeacd03
5453,151f3db6-c7dd-4d74-95b7-4dd54d46952b
5454,065ccb77-1255-482b-b69d-37624da97aae
5455,f2485961-1992-4600-ab8a-f451a1500b88
5456,51a358aa-4952-4d6e-9f33-d1cdb6bac59d
5457,501e5e25-4e6c-4514-8fa1-fc6ab7abd41d
5458,bef18aa4-ca1c-4f4f-911c-072e0665b40f
5459,4762bb9a-a80c-479e-9056-6c763916b20b
5460,fda0eef7-4f25-4cf8-88f3-c50785c590c0
5461,2c5cb85f-544d-405e-9312-da6339b3dccb
5462,7a4b6227-1528-43db-9cf9-1d41b852e498
5463,71f65024-dba5-4541-86e0-e6a3c144fd78
5464,9461130a-5a0d-47c3-ad28-08775290f564
5465,1bc70c13-1c47-4a2c-94d0-cdfb21b01acf
5466,09540bc0-b455-471d-8ec2-fe75c7305133
5467,7766807d-6049-4d83-a45d-4486d04b8112
5468,7092411f-8857-491e-bbf4-e9ee0d44ab8c
5469,4d157fab-6493-4263-a2f0-3d7c8145a593
5470,30eb58dd-5b1c-4a20-a98c-f9b8cfa2fc17
5471,d0dff4f3-dd98-46bb-86d5-1bc01d6222cf
5472,6b0b62bc-0069-4fba-b171-35cee5768e20
5473,aca44f92-a891-4ecc-9e90-6c9b99d5404c
5474,acdce359-cf9d-4cb2-9e3a-0270471073f6
5475,2bf81266-3a10-4a64-aa4b-1ec767c41f3d
5476,15528e3c-0742-44d6-8fef-23dcf53ef37d
5477,6204e498-aba9-49e5-842d-4ad23ddf2b4c
5478,664d9c54-001f-474a-9f11-9c42ab2e18f7
5479,6f5779dc-d542-4b4b-9749-1f3421b10bca
5480,e8f76bdc-dbfd-4757-ac04-e9c92d2dfbf2
5481,6757e415-1e7e-4137-adbd-1876dc1db6c8
5482,f90d2a64-361d-4f0e-8b9d-7d48abb29c3d
5483,634f0501-5344-435b-8326-4a96f4f18a34
5484,adb0fe9a-c826-49b6-950b-ce78cc49eb38
5485,8f65df1a-946b-4a44-9e10-4174589efb92
5486,40e602d7-a478-463b-992d-11506b861ae9
5487,ed9e2801-cebf-4951-8df3-3081caf29f5c
5488,f614ea72-9abb-4cd8-bf95-d942a3a5aa9f
5489,f7f3c430-b96a-41b7-9158-77b84774f259
5490,95ad00c1-931d-4fcf-90aa-423b7400e538
5491,b7bb965a-5a13-4ccd-a0c8-fdd338f6e854
5492,6bd4b76f-bacd-4f11-9349-42d4a36c787f
5493,a5d58ec1-3a15-485a-a7dd-d72ef48ffa01
5494,4cb590cd-0c37-48ad-9ae0-633f0aebff0d
5495,a3d63436-0ed9-4487-812a-3ece104c54c1
5496,5d81e301-78f8-4ec8-9a45-cc8215f60b37
5497,2a3c3261-41bb-47b2-a3f7-1009a9ee6dbb
5498,796785bf-6c7e-4971-802d-ed48cc7f9f10
5499,ca3d91b5-20e8-4030-98b7-aa8202c527a8
5500,c835b809-5a16-4871-9414-ef24cfa4cd65
5501,2a112b9f-d8c8-46a6-90cf-eeacc6b1e26b
5502,2938dede-1e13-4750-855f-2dc9c7714ebd
5503,0ad64b11-e7d3-461a-a7ac-30189afff054
5504,8371fb23-120b-4780-a716-920527a1ad2f
5505,b7b8f36c-0664-4ea9-afe6-7d70a9532b50
5506,9b4bc0da-e778-4b3a-b95a-f14cdd966657
5507,02f1dedb-527b-444b-991e-4f01e99a51fa
5508,989a6774-3417-4e35-be11-f92e29833447
5509,fb5ad64f-f18d-4b7e-8f30-04cf34fd94f6
5510,a4745867-a879-4e70-a32a-d8d5d5f9302b
5511,2a439ac5-eeb1-4b63-83b5-f00ed8f7a6c4
5512,1d347f1c-75f5-4298-b789-aad208c43ac6
5513,d605991f-365c-4738-a913-2a084fedab97
5514,bd58df55-380f-408d-b52c-b475f4c4ed91
5515,a41c9899-ff2e-4c68-9a5c-f4a1e86ef493
5516,117e1e18-aeb6-4f82-ad7c-21b2e69f2627
5517,ea82c167-4d54-4522-a8d6-6752bcd1edea
5518,a75fdbc5-a411-4a97-bacf-dc1dad198f0a
5519,d9ba51aa-9556-440f-9dcb-1786688cc892
5520,6e6b5004-81ca-4f45-954f-174ee648529e
5521,35c107dc-27bf-40c3-894f-c892e6dc589a
5522,7fc0c743-32a3-473f-8d18-9beea83c54ef
5523,f01c9f37-f2a8-41c7-8497-3011c466a092
5524,9997f8b7-76c4-411b-81e2-db9f124eb0d5
5525,b658e4c3-cbe8-45b1-bb0a-91caa8cf5330
5526,208621cb-e848-4ce8-9729-8618131ba550
5527,0034f2a1-d4a8-4481-9cb2-528f034f6049
5528,ed6e4b55-5b28-4a10-8121-4b254dacae08
5529,d1ae368a-7721-45ee-92f3-23236f562f5b
5530,3ec2aedf-ed67-4330-a831-99a4414eeb34
5531,5d2fbaef-5fcf-4f72-bc69-b6b0a678226c
5532,fe627b3a-000d-4e65-b768-e58f559b6b06
5533,8c6fc318-2bb0-4cef-9cf8-3fc20e96059c
5534,94ee9dee-d07b-4250-a76f-a3a7b4a221ca
5535,75f135c8-cdd7-4630-8416-a15bade1de6e
5536,4030fd7f-fa7d-47cd-9dc1-5cda1ee6336a
5537,9ec87dd3-6d65-4efe-8236-629c574c99b9
5538,3caa7846-d348-4d16-a767-9d0480430d66
5539,1cf8a040-c8b3-48d3-8d0d-c61fdea3821e
5540,05b04239-9008-4328-81fe-0cdae3237cb1
5541,a7b622d2-b868-4487-a470-4308a352b6ad
5542,7413a034-aede-44b8-953f-61885bd60a9d
5543,d2c8d898-6ddd-4d68-894d-f2a7bbc4ef22
5544,61992717-ca06-49b0-a2e5-d7980dc1440e
5545,2af88c8b-0275-467a-84fe-7a1d01b38346
5546,089bea3b-5f72-4a88-9fb3-d9f6a953f4d5
5547,470ad069-933e-4c4c-8eef-3b8a344a14da
5548,0e0199bb-45ff-427f-802a-78c4bc5bafa4
5549,b2200da1-686c-4e2f-bf4b-f095c7af2239
5550,40f4ffc5-c29c-4ad8-9ed6-643ea648a047
5551,312dba9b-6b5c-4626-b2d6-80b5d295feef
5552,f2b0c0a0-9ccd-4415-a7d1-17028e5012d5
5553,7883ff99-2654-43fe-b443-16409e175208
5554,99082fb6-f9b7-4876-93ea-c3da38ed003f
5555,c32d5420-3a85-47ae-8a0b-ebcbb5fe603f
5556,113150ff-db8a-4dfa-82a2-178d17c389f1
5557,8879fe43-b78e-4acf-857d-066d516005e6
5558,fad576de-e4c7-4a78-9b8a-50b4307cae10
5559,01131570-7c97-418e-867a-c21b6b8687ff
5560,b4a60e82-24ca-427e-a3bb-c86339e7429f
5561,e67c4cb3-fe8d-4d08-b78f-ad970d1e5eb5
5562,b0b51e77-fb23-452e-8367-b3d6cbc23cd7
5563,612d1082-22ee-463a-8b1b-c192f2662402
5564,ca61920f-2212-41d8-a1f4-fa9f6a7a86b9
5565,9640576e-8b4d-430a-a0b6-3bab2db86ba6
5566,989b879a-2919-43d4-91e9-5cf03368f43e
5567,b644792e-d514-4027-886e-ee93a497e764
5568,6fcb493e-ef10-4b85-9337-b908af5919b7
5569,8588c55b-df11-4262-a0f4-bc5c4e871345
5570,aa1b3def-e922-4708-9ba0-58b8b05b8237
5571,39346fc6-c2bf-42b5-b123-c9fbad480269
5572,cd7cb7e1-9cbb-4ef3-a8cc-bfc64e287e1e
5573,6174f518-38da-4f16-954c-d157f1520fad
5574,55b21eb5-9431-42e6-903a-bc0f02e50098
5575,e1449604-9ea4-4b40-b9f7-aa750fe252a1
5576,a9fb9087-a397-49a2-be2c-8521c66d4010
5577,fc97959a-dfb8-446d-a3ba-e9fe89dc213b
5578,6bbe1cce-9881-404b-9eb5-587e534cd20e
5579,2bd46600-f3a2-4b88-99f9-9f2847d3406b
5580,7e70a3ff-0120-4ec6-bcee-25de2b5fb0e4
5581,3db96cbd-4613-4006-b8c9-0c99c035a08d
5582,e80d4517-9e23-4ac5-8412-e70555b6b138
5583,47032cc7-c62a-4b8c-acb7-f8c688d0ed0e
5584,fdd6152f-1368-4401-a4c3-7c32acc54879
5585,6699d2f1-251d-4407-abfe-52e69b8bdbba
5586,4aaa3ce6-8823-4c9d-a21f-6e10d47d2c9d
5587,d541be51-a8d8-4d0b-945c-2faa85ee78a9
5588,0ee707a8-e071-42cf-8972-b738134cfa55
5589,8ef3ef1a-ea14-4161-a05d-fcb1c17b7b70
5590,17787f4f-6178-455b-903e-5c1a947f8225
5591,9636bf62-f5a6-4a55-b731-599691a7ba16
5592,3b8a36a3-ada7-4008-aef8-4152dc50901b
5593,44aba1cc-fe11-4dd1-8ad5-0678c48768e4
5594,fb7272c9-e219-4614-8beb-d1d2b8a06c74
5595,a867cb65-7c2f-4716-8b54-ba8d90b7ece4
5596,b81cb784-9de8-4896-98e6-16ee0c75e63e
5597,bd810e12-69de-4ffd-bf95-eaa8a79d9bfc
5598,8dac0ded-21aa-4843-b704-3e9974f09e25
5599,bcb2efdd-ef0e-40af-afea-5a4baf1820a4
5600,5496b610-4811-46b1-9652-e2800ab0e919
5601,946087a5-9ead-4dbe-8a7f-66701bc6d8dc
5602,13a80bd4-5d58-4976-8265-0c6046ee770b
5603,c0c7dff1-3ee7-4549-a74f-286890e1f47d
5604,6379e9dd-e3de-4176-bbd7-64251db29717
5605,868ab354-7328-47fd-b051-2458a1ab08c6
5606,63610732-ef6e-4a41-b880-b58d39e954a9
5607,30cee5b5-79c2-4663-b8cc-63e106984e6f
5608,952bb827-bdfe-4982-830c-74917062e779
5609,c2789d7d-88ec-4b2b-8eab-c4a16190acdf
5610,4fca0ad0-6612-4c66-908e-c6496487fa65
5611,fc5cdb37-9711-47ed-86c6-b4dd1636dcf1
5612,97a95059-9f9f-49e3-afb9-c342d4f4c018
5613,52507742-d707-4c44-8ddc-2552bd865f7e
5614,370cbdc2-165c-4e1a-a07d-1c42b75c8f9b
5615,9d3b056e-7e5c-4fd8-8b99-822984289021
5616,544b47d8-4ab4-4e08-9ad6-74bead1bdb5e
5617,3c691093-381c-4292-b909-f4bbc1156c81
5618,d3baa400-0b12-4402-9ee5-ef9e8146a554
5619,897904fe-15e3-4b42-8307-b930aa428cdb
5620,5136a379-a1cc-4703-b5c5-c1eada7409c6
5621,2ebae3f0-d4a1-4920-875b-47b88462d9c7
5622,c7809667-b96d-45cc-be22-86c372de2c4d
5623,cef0f230-0aff-4b56-addc-94c4ebfa0b0e
5624,7ea14ce2-493b-4047-ad22-1aafb266cb56
5625,73e1a31f-2bb2-4703-9845-65131a6d9555
5626,5fc8fc81-ebb3-41ae-9c47-1153bec6f2c1
5627,5be3ec71-5b61-4658-8dfe-9dc82173c81e
5628,f7f7dea8-33e2-4842-920b-79961ee5757d
5629,c24e3fd5-e77e-45b1-93de-425f705d4a00
5630,f1577fbf-96aa-49f4-bf6f-cfda24746301
5631,b2847dcc-a15a-4798-9772-d43cb36fa30b
5632,0e298c0d-7e03-46ee-8b5a-9e6f378e4d01
5633,d6b22600-0728-4fe0-8e27-063568b753d9
5634,5bfd662f-2de1-4eb2-b63c-f5fdaeccc00f
5635,c6d5232e-ce76-4451-8a4f-952ba4f850a8
5636,a90abdf1-837c-4abb-b634-6050257034b6
5637,f3cd0451-c576-43da-aab6-355cc0c4c448
5638,c07ece43-f81f-4f08-b15d-b7ddc9091f08
5639,e7079e09-20b1-40a1-8f95-fb6ae52b645c
5640,24dece83-bd7f-4f8f-ae42-57e0f5d85c01
5641,a7f92fc0-a2f6-4f63-84f4-c48ba73a4b9e
5642,899a29ed-8013-4784-b98d-b1d7fa8ec968
5643,f40ff44a-717f-4e77-b030-035f7768889e
5644,7c8e43bd-a583-4485-9e84-612aab075520
5645,df696176-2bae-4e66-946f-72f18aa8f6f1
5646,e981b705-91f1-4f7d-8557-7664cb3490f6
5647,caa83934-9e58-41b6-aec0-890af9c11481
5648,62edc986-56b0-4a06-afde-01b036392396
5649,4b7a10de-ffaa-45ca-8cba-e10402fa7b78
5650,05c7b254-23c5-444f-a43c-b296a5a42d34
5651,f9013986-57b9-473e-96c3-74ad1548c7d9
5652,9987ed6c-e3e0-4359-9ffe-861c8b1af162
5653,034ee7fa-0e75-4cfc-9571-511821728307
5654,3f98fb69-0933-4fb9-a091-0144284ebb9d
5655,5e555741-7134-4818-9fe8-a03b27d57345
5656,04490a34-b0a8-4cde-bcf7-a838561f972e
5657,7cdd3aff-18eb-4c87-b3cf-aaa9d1c695fb
5658,24ddfbf2-381c-4fcb-8b25-28f791eab381
5659,5d635987-4294-4576-a987-eb3a75c0716d
5660,d960c8a0-efb8-49a3-882e-5d29ed4d6d2c
5661,0d3fc54e-9a07-496b-a72c-282a429ade88
5662,bf620d13-a2d6-4086-a746-2bed1c207eab
5663,88137889-5116-42bd-84ea-29c27214b527
5664,e3b9bae2-a138-4569-8508-4e6eb6c27533
5665,f5c04443-6f91-46a0-a348-bed6dae745a8
5666,8c810ba2-3096-4dd4-bb31-51d3d6d7d3b7
5667,3e5d4f48-0500-40f8-913e-cc8df63052e1
5668,47f435d5-4554-4625-b98a-2fcdb48d89c2
5669,1c0635a1-3be3-423f-8d3c-fc6287006f13
5670,a11caac3-5714-48f0-b869-5e25a32e2aa0
5671,bf324448-257b-43c0-b074-8c6c7ea92de9
5672,67722501-d671-4ca4-a547-4750167eb6df
5673,5b12900a-cc95-4aaf-be66-cb42d090c4bf
5674,6b3f2868-a9ab-4b00-ac43-b12c160cf65e
5675,06e35191-bbfd-4e33-a00a-69196ae1825d
5676,53c6efda-90f5-43cc-8176-e53c58442fd9
5677,ccf07b1b-574c-41f6-854f-b674b3cf4af2
5678,125ce8fa-87a1-4b92-8f30-b1c52a9c49f5
5679,7aa31a4c-05bb-45fd-943b-d789911d607f
5680,08dd6d55-c946-45e8-9b36-5278996d7392
5681,ee4d1338-189c-4eb1-a1d9-c8277886872c
5682,0ac531ad-e228-4a39-9fe6-392caff252b0
5683,3d1ef6fd-f0a5-4de6-97bd-62efa80275e3
5684,fb6c74be-af61-4447-abb1-a9f17d7d965c
5685,e7d4fef3-df70-4583-8d3c-f99da3c51790
5686,47ec87d2-393a-4126-98f2-3859ae7aeb75
5687,3533ce9c-f58f-4bc9-bf27-343b9c9b0653
5688,86295e03-7b39-4795-b483-71556fb26db8
5689,87f3697a-0b52-4037-9105-88c8bcba23e5
5690,a15391a2-8328-4240-af92-0c482cd8339d
5691,7d5451d4-e40b-4103-840f-22efeb911364
5692,82960542-8a9e-430a-9d22-9b1b1d25f7c8
5693,fa1d795d-09cc-4f65-83c0-1b623aa7e3a0
5694,fa8085db-5acd-490a-b992-b4a15088b2e3
5695,1c540ba8-7b03-4cb9-97e8-a1f690f9045a
5696,3ed2b4d3-8b0a-4a4a-9f41-dc48ddfff4dd
5697,b57288ed-3e4b-4a99-a578-7a2cdbbc9aa7
5698,7d821bd2-2419-40cc-8c17-0d351656a0da
5699,65bd2e9c-3c68-4d37-b579-524d2177a48a
5700,5e83195b-275b-480f-84cc-f9556efdf8f4
5701,f1481bed-0db8-42aa-b904-d7d4c5f2c2b3
5702,6c35a2e0-44f1-451d-b7e3-2dd7a453ef8f
5703,f94c04b1-b460-4e23-826e-e8368896f859
5704,4da98462-bff5-4977-8076-d0c0dc0f856b
5705,f1f83f14-c4cb-4c38-8e4f-97a2f5727cf4
5706,402edcff-0cad-479c-ad51-4e0716740163
5707,b98ca080-7cf7-4729-8e26-5fda1fcfb419
5708,09ca8401-20a1-43ee-8c30-16971463d560
5709,cdaea552-2a22-4528-94c7-6e214abb4619
5710,484b6f22-1aa9-4ad6-a02c-6411660efca9
5711,6f20441e-9d0d-42ee-aa86-26a13cc378ce
5712,849264e9-41e4-47f2-aece-fd180d22436b
5713,32a3fdf3-da7d-4805-bb6f-13717bc72df7
5714,85c5a807-79bf-4900-998e-116a7e2a6274
5715,d86b4a73-6715-4cac-9988-8ac9c6e82fd1
5716,f1be2df8-89b5-4ada-89a4-7f82ab1c08d7
5717,e3aa478e-e0a1-4612-940b-bd023cd2a9a6
5718,c43f794a-057b-43d2-bd66-c372defc63e6
5719,101ac6b6-6603-40e0-9ac2-8a08d7d7c3a1
5720,e79a7ff4-cd43-4394-8fc3-a404367f0efb
5721,8dd74b39-592f-41fc-a47c-7bf73d38e0c4
5722,be44bdd1-43f1-4cbf-b8d8-30dfda6331ef
5723,c0deade9-b31e-4812-9cb7-c03e6f9c7e07
5724,f4e9dcd3-a6b5-4a88-8699-a1623bf0ae70
5725,9526018c-04b8-44c7-838e-930699def13d
5726,3eb135a2-15f2-447f-8a82-87b8957d3676
5727,67f11487-f721-41a3-93e9-2f9f751c574f
5728,0aa4a3bf-a508-461d-8078-55b295f4ed3e
5729,894d2720-c1af-4353-a118-30c769f4dc4d
5730,e6c4d140-12d3-46ae-a50a-1e2e6f322a46
5731,104d4ba4-dabd-4d47-b056-36b97d4bdb53
5732,491c88fe-d87a-48d2-8fc8-21141235b4d7
5733,b766bff3-a552-43fe-8f8e-ff230f3b9dd1
5734,3361f9b5-a7cf-47ac-8e02-f00702da9803
5735,44da9679-190c-408a-8275-2327b52554c7
5736,fb4da6bf-033a-4e77-ae57-2b474f6eecc1
5737,8e30558a-08f4-4147-9a2f-8e7cc52360b3
5738,5f86b883-8c86-4075-a7cd-dc28454f8be9
5739,34444f40-97f0-45fa-bcda-272e1e79c91c
5740,494f5f38-f8cc-48b3-8a5d-c8e5aeea0a3e
5741,afb86eb1-3f1e-40ba-8d5a-9a99d05da8d2
5742,2bd730b0-2e73-422b-acd2-c0530004d218
5743,2ce9f285-3b86-4e5c-b353-02157a8a36f4
5744,63dfccd7-f2df-4c9a-a82f-1b6793a1073e
5745,339637c9-70bb-439b-9a99-8e23888f1991
5746,db5d4094-b2c5-4402-a84c-b5a840caf13d
5747,8a3a3783-008a-4e15-ac35-1909c78f62fa
5748,81cb260a-3db3-4a37-9d8c-bb96810d539f
5749,21144c23-2b80-48b9-9e4c-44be268eaf54
5750,b4ab81b4-fe3e-4ee8-a9e7-9be437366e19
5751,33dfaaf3-6f4b-49ae-ad28-1b42d20c9bf6
5752,c072ee88-f71a-4f8d-9a11-422010a7ed48
5753,b7fa5f64-1a38-4d23-a45c-1df64ca951b6
5754,d05a3965-3ea2-4695-9d7d-1920c60952b4
5755,b4fb3308-080f-40ff-875c-72d8cc942a19
5756,82bdf464-3f8c-4b02-bde7-029292143d17
5757,b4b4ad07-fb3b-4e48-8c60-8af67354fa27
5758,11dd7022-0272-4b52-b1f6-e4c2ecf287f6
5759,b7b7ab05-9ee1-4c9b-945e-f22a97ecbc07
5760,bdb8e098-2894-4145-a037-74c0db3f4b05
5761,fd50f355-ac96-449c-a8b6-07e2195f497b
5762,ac5d13f1-c12a-4aa4-85ea-d1dbee122055
5763,be70d188-c111-4ac9-a799-cc87f137cedd
5764,634a7ce2-36f7-4975-b874-753848e57450
5765,6117c4a6-ad1b-4f4f-b75c-8b3964e5ef9c
5766,c3da24d3-c139-4245-a4be-6f44ad4d9a6d
5767,93a9b335-1bd0-4db6-bcb2-f4844eb1adb6
5768,dca486df-a333-4ce0-a9ff-cee25df52c82
5769,612cccc7-e1ff-4087-be64-738f4b1ae402
5770,a66d8acf-2c93-4f55-ad3b-7ff87c2b6a7c
5771,e60ca34f-aa92-4fc7-9ef4-baf7e694b365
5772,2871a3be-5785-4aa7-ac71-3817311b56a0
5773,3c5adec6-3067-4a30-8ac7-eff0fe10eea5
5774,04b1c05e-9a72-48a5-8b25-e3b04ff995ea
5775,b2d4eb00-4af5-4b4d-9221-14a5e9dacf1a
5776,e87e19d1-26a6-4dac-b749-82dfca1afb4e
5777,98335976-81f6-438c-856b-2bf35d0f938f
5778,bb396df6-fba1-46cb-918a-137ca5c5640d
5779,a16c2258-a3b1-4e45-96c7-2a2f305f597d
5780,3fb60afc-472c-42ef-b1f8-5d6e2fb821ab
5781,b1778ce1-4bbc-4d2c-89f1-83335deb047a
5782,35606403-caa1-46b7-91fd-ed01854fa344
5783,dec94159-a0c9-4e64-a745-2b6c4b199078
5784,087dcfe4-67d9-42ac-853e-c7a8c811e66d
5785,c962a1fe-52f2-465c-8ce2-a903560051ed
5786,9fe67f35-14ff-4f5f-8c37-4114f9c1b1cc
5787,aebbe38f-76c7-4ede-a6a0-66b9a89aada3
5788,4bcaa728-aba4-4242-9554-a5e75f0cd23d
5789,799499b1-59fe-454d-94ae-abf62afcb08a
5790,901316a1-f67b-4e1c-896d-4cdbc5d8cbf2
5791,5de8d9b4-dc99-470d-8126-38e337f74c82
5792,ca85067a-458b-4843-a6d9-6c096903da17
5793,e2c76899-0f39-4d82-954b-1c78d0e90bc8
5794,b28db138-f0e0-45ec-b897-7a7176c660ad
5795,598c2c93-f419-40c3-9cfe-cd6d5f0c00f1
5796,8cb82ee2-1dc5-4d23-99d3-0e8fdd5eb9c4
5797,71fab164-a6c2-448b-9a11-34af09297b81
5798,353abdd9-11e8-4375-b3a9-23459cb0103e
5799,7d69d0ef-35fa-45e3-93d0-67b3fb6cbfc1
5800,614fbcfb-af61-48ee-935a-46761f6a17fd
5801,e9bf67ae-6b36-4c17-b475-58cdcab9b77f
5802,7cb2dba2-483a-4abf-afeb-6af91ca02404
5803,dbb4a38d-e5c0-4dc0-a9c3-8d0f2ac2a5a9
5804,d6a97e6e-06c1-46db-9670-59fa48fc2350
5805,1eb107a1-18cf-415f-bf48-f2916eeaa395
5806,87b106c6-f224-4924-864f-de12214b2c05
5807,60ea8e50-db3f-4fe3-b3bb-1180b7fb0e30
5808,1d8a5aa5-3863-4006-aab7-3eeb1c3c57a8
5809,b8beff9e-4f21-4f37-9c43-e3c72bc07ccc
5810,5ed5f9b6-f052-4fd8-830f-efa704fae2d8
5811,ed75ab06-647a-47d9-9ea7-63bcd88eff0a
5812,28aaef5a-d246-4153-b99a-3ed7836759b7
5813,c44fae5b-4d22-45d8-be1f-063337098850
5814,56e4c011-0042-477c-8f7b-dc6d90fa5569
5815,e5805067-5927-43f6-a60a-8e3ce90170f0
5816,13bdf5c6-bec9-44ed-a00b-896c8b0428b3
5817,6764a41c-8b76-4515-886a-d4e1024b18f6
5818,e0fcec3c-2bb9-4f67-a4de-4ebd8e06f56d
5819,7766f330-8be5-4e19-921f-6bbcb23c1ee6
5820,6bfdd005-d21c-4cc4-b17e-f9c0c5be1b84
5821,c5680786-f00d-41f1-a05b-0d7974601f3d
5822,4a1c5fae-0da5-4139-b5e8-e56e45cba94b
5823,4d3ea8d2-6d1d-416e-8183-0ec36904aa92
5824,34788cad-a390-40c1-b8bb-b02682057484
5825,47695029-bf7f-482b-8891-57a25d6f7b65
5826,695b4aca-e78e-4dce-acba-193493c008dd
5827,5ee72391-f97f-48ec-861c-66aca3c032fd
5828,d38db786-36f3-4c3a-b918-79428c4db104
5829,9f46b23c-f804-4bf3-aee5-3bffa802cc0b
5830,95574666-08db-4a9a-8b4e-5f0e645a6553
5831,d37fc8df-b71c-4a6e-b3d0-6d82ba0b12aa
5832,36a6c289-81a4-45bf-a714-200800d8e8dc
5833,db61e939-231e-4073-8785-6c8402efe7ca
5834,cbb3fa7f-baea-4759-a5aa-8c4ba0fa58bf
5835,bb492971-466f-4c1e-8616-0f1607faa303
5836,424b2d67-3317-4dca-be90-2fb5bc445495
5837,9aad01d8-d9c1-4612-80ff-a456d70c65ad
5838,bc090a19-70e8-4532-8152-99c29c674e56
5839,f2993ec5-6b24-41d7-b2bc-1ae4aa993e94
5840,42326b82-8795-4954-b0a8-73c456308e15
5841,b4e3748d-51b0-400b-a261-fa656be507c1
5842,3bee615c-e63a-4d48-9efa-8691692f05ff
5843,c2915ef3-ac60-4679-9627-8ffb53cec3dc
5844,0b4023a9-41e7-4650-96df-563fb9fdcc72
5845,f9cfda65-bafb-4cc9-8bee-7050b4cd08fe
5846,02965083-233b-4aea-8b60-01c3c21d8c21
5847,2ac631d6-2724-41ec-b3ab-9c7d2074f257
5848,3e248ce7-956f-4fb1-8d0a-b56cc4b64b19
5849,baad1dc4-11e9-41fd-affb-c8a86b8169f4
5850,202045c2-7748-4250-87e2-938055096ed7
5851,0d455544-c2dc-4f5e-a604-2819e349ad87
5852,cfc0cd86-80bd-4088-903e-32ff8a6dc3a5
5853,25b5285e-260f-4223-95c9-2a740c16c20f
5854,1863724e-4493-4be5-9c41-8657e3a6a031
5855,7e8e485a-5d12-4f42-b560-14cae0ef0206
5856,890b55a8-6c67-4667-8157-053ff76ad8da
5857,f568b238-386f-4b0d-b27b-779428ca58d3
5858,399c633c-a770-43d5-9430-47ebbb1fddfd
5859,d81b1a22-8ccd-412f-9b2c-390e7b9dcc6d
5860,03dd28e8-fb8f-46e8-abb7-433f9dcccd9c
5861,c2946906-a85f-4577-ab33-db01f05ad721
5862,ebf23490-fb94-4af8-92a3-8fcd26beaa76
5863,b7b1b22c-825f-4eba-8cd1-06d4e4c59189
5864,9f34424e-d479-422e-8587-9d1e48ebb53c
5865,29a80dc1-46be-4d22-b9b5-f549cd7da25a
5866,b86809a4-62a0-4ab3-8088-b7fa6ed92838
5867,e8117d4d-b42a-43c9-9532-9362b047d0af
5868,93561e74-c82a-4d88-a6f6-92fc69b8d061
5869,6be07518-2eff-4e21-b755-6ae60210bc64
5870,7ea789a5-5f5c-41d5-b750-9fd741d76294
5871,627fbcf6-0798-4b3f-af0b-69cde5f3c150
5872,201536aa-a7c0-42e7-9e75-cd908522a2f5
5873,34bcc40b-19ff-487b-bcd3-e3e071370334
5874,9e3d7000-b8ac-476c-9527-46f1035c2aff
5875,425f115a-660d-40a3-ad3b-652ce085fe2b
5876,7f01543f-4f93-4888-92a7-103704da048a
5877,bdcea45d-0a18-445a-95a2-edb0659cb4ff
5878,c7b88779-a351-47a3-9a3b-d0e037d319bd
5879,4e9a3c28-9bcd-48b0-8f63-73ab026bc423
5880,4aa971c0-ff59-4d37-88d6-677492dfd22c
5881,f98d7e60-a55e-40ea-b94b-ced35cc2b760
5882,e03a0bca-0d2e-47a2-81c0-948f2bcb00c3
5883,c6146c0c-e5ba-4933-92f3-9a32f2ae0b90
5884,8d6e4442-3e0e-4905-bb8d-c282b478b4bd
5885,3e64724f-2d7e-4531-8b91-75c95022f8ff
5886,1e0b99f9-6b6c-4bb4-a2f4-26cad256a8cb
5887,531469d7-0a51-481f-b829-4b45d240fbb6
5888,52f701cb-4d5d-495d-86b0-ddba24862265
5889,6acbcbf0-f4a9-4685-8add-46707a2de38c
5890,4d5e7088-4f35-4a06-916b-ea8eb11f3b4b
5891,f8fd79a9-4f5d-4f8d-8e5f-500432779ba3
5892,93fb465d-c3bc-492c-b44b-a7de1a1605f9
5893,958080b0-2676-484f-bfc8-2be731b5a5ee
5894,469a9621-051c-4f6e-ae26-19b24d46d12a
5895,a7746dcb-a563-43d5-8063-9217f2ebeb20
5896,59791d19-d463-41a5-99dc-56276d72efa8
5897,2895d206-2d10-4a6f-b9b5-fd7db849eeab
5898,d40c288d-847a-4142-8da9-c84bad9d76f6
5899,61430f32-41d0-4a10-9a17-f91e5ceb9da2
5900,981c1680-f1a4-406c-9597-86c943b16fd6
5901,f8b41af5-f3db-4cc4-a46e-5fc3839e4ae5
5902,d98cdc6e-7fb6-40e4-ad6c-8a4e7b27ec2b
5903,6d9de0a0-6ec2-4ca5-8c13-fdd0fa9ab462
5904,cda763c5-edaf-41f7-8ce9-0311f6f20115
5905,89cc1bb7-6843-469a-9eeb-33b54bd5db45
5906,f1a8ec23-ab24-4c0f-abd4-425dd2091335
5907,19fd3b58-5fb6-4a38-a15a-7f5fbec1e625
5908,50fc004e-f824-4ae1-b4c2-3c99fe04c150
5909,f3f8d798-4531-4187-b518-a9376b758442
5910,8539b499-2356-440f-862b-a05abcfd2f84
5911,de8a2c4b-58fb-410a-bbb2-f7a21431d1a6
5912,c302ee81-b392-4887-b154-e537fc727c5e
5913,dadf53d3-190c-4d65-b3b2-4887d6614355
5914,d266fa66-aade-4e4e-8698-4c1be95dc420
5915,2d93d2ec-be75-4b8f-a2eb-f9bc90291359
5916,2c56d659-a3c0-43d0-9e6e-c47e8a573948
5917,31ebd7fa-83e0-4381-88d0-74b88b340827
5918,8185a19f-77df-43cd-abdd-9dd6b9bd2f73
5919,9d39b6ba-a216-4712-8d07-078ffa6319ac
5920,bdabea81-2e77-41c1-8775-a73ab3f9d974
5921,52514419-6a0b-4db3-907d-8be08bd3f02e
5922,c3d372a3-63e7-498e-916e-7b496e9b85ce
5923,fc558f6c-d634-4311-bd05-47185df6c36e
5924,c5e0384d-f55d-48e2-8032-49f86246e0a3
5925,1d0dba59-926f-402b-a8f6-f6ea6e59d6f9
5926,3b29a3ad-ae0c-41e9-af09-fd22e64b3e64
5927,ea8c2b7a-d4a1-4cbb-86c4-206003aada5d
5928,14fbd716-68f4-4b70-9fe4-f3dafa0840b7
5929,4339ba28-163a-425f-9fa3-d099361c5e76
5930,7378106c-46c6-4fef-a040-e8aa11d08617
5931,3f43ba54-42b5-4222-b275-6ce9d6ee4dab
5932,15158ff8-8659-4d0b-9714-651204cb5c42
5933,e08d510e-2bdb-4e3e-a594-5a1f2f3db2e6
5934,dac00b40-495f-4c47-87bb-ffa766918b75
5935,4815d465-1a35-40d2-9370-5197576e6c90
5936,22f2365e-e8a2-433a-8d97-e5bb125b0753
5937,5a199c19-16c5-49bd-ba75-14cd6f92d5df
5938,0af483db-2f42-4fce-85c2-53fa7d3b6181
5939,585a1580-de97-41ce-850f-bd1a60468119
5940,76fcfb7f-c7cb-42e9-aa8f-d20b126abf77
5941,720486c0-a565-4c81-b78a-b8f0bccd59a6
5942,48e483c0-ba40-4268-90f8-6d1fecfa665b
5943,5691c828-8af9-4de1-b6fd-9b9ae71889e0
5944,c178e758-3489-4c57-8459-2e621bcbeba8
5945,7a1185e1-b261-4579-ab2b-4e8e1dbb6d07
5946,26319269-5e60-4f86-9209-3fe44ed77ea4
5947,3624f9ac-ed88-4d19-b483-e56d1571c3e4
5948,395fbe5e-0acb-4f45-9c95-1563aaae56f6
5949,6119fa1d-3f7f-4985-b650-19cc37e924a0
5950,fb058555-2349-4a88-a830-ec9e00200b8c
5951,dcd69356-e7df-4ae2-9144-ae7ec40118a4
5952,6cf093d0-d739-4404-9c99-c5a0e07d5c50
5953,136ed927-1b82-4c12-ab1b-5206b950c2fa
5954,ebb201b7-9bfd-41b0-ac76-84cb0c6e840b
5955,0f9352bc-901b-48b1-b145-d349a0aad93a
5956,2904b323-6f70-4482-b686-ee329a3c6e23
5957,d42f9cb5-5fbc-4f47-9699-05ec3f405a60
5958,6c98205b-ceb0-41ad-a934-13352fce666b
5959,25ecb9b4-3d60-4ecb-a177-f2d21a0dcc10
5960,c8a588cc-79a1-4d6f-b83f-aaa56f318afd
5961,09bfc6b4-4621-4377-a9be-3ef23710f6d0
5962,c2835791-0a33-4f51-ad52-b8e4ebb4847a
5963,58ceac51-8e86-4da6-826a-fd86d9b5c34e
5964,307815eb-5e53-488f-9060-5395aeffefa5
5965,6d7c97ee-592f-47ae-a6db-8c5e6e25a3cc
5966,05510399-ecae-4248-94c6-007d35e81cb8
5967,d9b871b7-941c-4563-a26c-74eae55e12b0
5968,ca40154b-a3d5-456e-a14a-62e8fa4dc73b
5969,bfc39d95-cca0-46d3-816c-b5962b10e9d4
5970,b42b9d90-2812-4efb-9fe0-7e0ce0f7d8e7
5971,4971f00f-78ab-4d51-b7a9-d95886f90c27
5972,d9b65f92-9fbb-44cf-bf37-86833bc86b9f
5973,263af78a-69d3-4bda-9a9e-6ac1efd1bf59
5974,5d76ebad-819e-4aa6-a521-6deae2df0480
5975,3c4bc1e0-ae67-4954-8777-6195b48639b5
5976,42f5cb0c-b2a6-4a47-96b1-61ea53e58714
5977,2d3b20da-d82a-4665-be68-86155dd6d2dd
5978,70d57032-6652-443b-b096-eebc3766da8b
5979,064a3ef4-fa8d-4257-abfd-d9c6fa1070b1
5980,03579410-30b4-40e9-88e0-0622cf9d50e8
5981,6c3293d4-329b-4a84-8514-99629c82e0d8
5982,909ed4c4-ea94-4f33-a19a-980d5e28ced6
5983,f9c89138-999b-4fed-a8bb-75e0bb89d5ea
5984,6badc3c5-3b0e-4ba8-9061-99d7ba8ceb11
5985,c688dca8-49f9-4a49-8263-9182883ba8cf
5986,0870dc5a-8570-4fe8-976e-74f46923d4ef
5987,bcfd7d2d-2de7-4e95-9024-64f9921a1fd2
5988,302580cc-a250-440c-8d9a-f1eb34aef739
5989,1e986e2c-0696-4851-86f7-a180156ce3b0
5990,cf696a70-6536-4c14-867a-58c47a9892ef
5991,c0ed14f9-bb6a-402c-804a-e6388bb242ec
5992,9fa6f9d5-c314-469a-905f-96f70fe06962
5993,b943274f-d20e-41a7-a6da-26d5fb984385
5994,5c99ab32-16c8-4f67-ab59-58dca7ff4e74
5995,f6413980-0596-45de-a1fd-341ab05d994d
5996,30c0efeb-f5cb-41f9-9645-60786e72ac67
5997,6d98c413-dead-4807-9a91-edd780263750
5998,d4fc15e9-0a1f-4d30-ad6e-a6a618e2112b
5999,3e5a0698-1f62-43a0-af4f-bf6d908075a4
6000,540713b1-8c21-475f-9c1b-3f122eb5b19a
6001,31594bcd-90ed-40c4-b119-a9df44ea10ce
6002,8892ce55-5070-4cf7-b39f-8cd1f4594124
6003,823ffb6a-94a0-4866-9069-36dc73d5d50d
6004,e2793662-85c3-421f-bd3e-7b47816f3162
6005,541a40c3-4582-4ecc-8b53-2e92000ce24c
6006,292bcf3a-3c78-4fbe-ac6f-b1c631d774e3
6007,a21bbab0-5400-4a54-9250-5df190289270
6008,1db4228a-7649-4dfc-bd2c-f51af1d1db4d
6009,fb2c12f1-0bf5-407d-b01c-2bfe9e9a78e6
6010,bee01bec-c633-4639-a71d-d7dab8b62519
6011,b2aa8f93-8ce6-4853-84e0-9674f692ed5e
6012,0ba8234a-a67c-4e63-8065-4071dd2a736f
6013,ba7fbd23-2275-4806-93a5-262642e76abe
6014,171af3b8-1249-4c0d-928c-2147b19ef6f1
6015,0e3a5e48-b0aa-4c74-a63a-fc6c3427d1fb
6016,d099632b-539e-4f70-b963-3562273c1441
6017,dd238a2a-4905-47f2-b943-d27997e18575
6018,b682ad44-a98d-4af3-8f25-983e76e71f49
6019,d2d54e27-9837-4f4d-8622-2bef3347ed7c
6020,d8cf06d8-7b13-47e6-89d2-5cd54440f508
6021,d20d235e-a719-4ed0-97d6-bb8b216bf6d0
6022,34522961-e2c8-48b2-9bc3-73545e9d18f3
6023,767f46fe-c7e5-439a-806e-13b5fc95b6e5
6024,d899dafc-3bba-454d-8647-9bbaa898a016
6025,21f9c115-7894-4754-abad-a9ebc91f8400
6026,9b375c72-d83b-4767-a010-89a194140bac
6027,ae5423c6-8213-47a9-80f8-9be46b68b6df
6028,856aa847-ab03-412e-81b4-940545326f07
6029,5957ee94-1593-4f24-9851-7851c0a71b69
6030,872ae98f-bca5-48c4-9182-d61b0b0f55b8
6031,b29c3a08-04c8-4aed-beba-ca332605ae17
6032,46a12506-0ba4-4ef0-a621-e2d530b383f3
6033,52aeb088-e517-4f28-b562-2d01c36d9c82
6034,9c21b56f-cf94-4abc-908f-151a49e1d6b8
6035,65ad2279-fc51-4f3e-83f7-52e097ce5d06
6036,8493b64d-e399-4da8-81e4-0c55d6b59ddf
6037,bd12b273-a250-43d1-9b2e-a33eeb86b304
6038,3afd8a98-43c5-4c41-bae0-af15470ffffd
6039,5c627ee3-c5c5-4b0a-a22d-cbac6e3762d4
6040,7655bff8-c781-47e5-b1f7-02cd8cb80528
6041,84d1b307-7a78-417b-b87d-8cc04c8655b1
6042,a084d685-d614-4ab2-b88d-02f1bf149dc2
6043,7dd21f33-a7fc-4c2d-b5d0-2257acf9d467
6044,9f22a7c3-94a4-4457-8e0d-592829fe1e79
6045,e78ae010-8f3b-4f8e-aae5-0de71a9b7437
6046,81a4919b-c2e6-494e-b269-6172cc4a4400
6047,554e89a4-48ae-4a7a-8783-2a3428805a22
6048,b71e6aca-8266-4e6f-88e3-da36856a9b59
6049,6aa481a0-b360-4149-8d13-9875b6dea021
6050,46347fba-abb8-4053-bdbc-d41ae57da15b
6051,b7cda45e-228f-4be0-bcbd-92fb25f8b0f3
6052,e9e5ed6e-c064-48f2-a774-15ed1a038341
6053,13861370-ab33-4a7d-8d13-d2aa7f61c742
6054,1010d3c3-be91-4baa-a053-81129ac33923
6055,b6484bf0-7995-4c57-91fb-11477cdb769d
6056,dac4920f-7e16-4b37-a7fd-b21f82d38cd7
6057,33e3bd96-39cc-4900-9dad-16a9849bb545
6058,8a934d0e-576b-4946-9305-f9054a21eb80
6059,01f12f61-3333-43b2-969b-fda14556dcb9
6060,e9b05852-c83a-4d5f-b091-43c3fd2a6b10
6061,fff34305-18b9-4ca0-9c83-6b0814fff773
6062,51e4d831-9d68-47f9-a894-96699a71efe7
6063,90da99b6-cb65-4658-b27c-713f047af462
6064,546bcd6c-1a1c-453c-9ba2-29540af091e4
6065,759aa0c7-515d-4d59-8d9b-f724b20edeeb
6066,8f342179-5d94-4f86-a602-208110908390
6067,0cd16993-494a-41a2-bdd1-c3bbe5b85cee
6068,6e7ddf87-368a-4080-8e1e-72285b823ae2
6069,2c364a01-5f3e-43f8-9db8-1826eb267f09
6070,45a441c0-a42c-48c1-9c13-b9e80ef62c71
6071,ebadb101-bcd9-48dc-a688-0ec56cf03cbb
6072,4432e135-4ce0-4581-ac43-4f07d8fdc877
6073,9037aa1e-8c56-4299-9e3c-3762079ec601
6074,660cdc0b-1046-44a3-9352-ace7038f6792
6075,6728b335-36f3-4432-8553-d99445f01967
6076,c2d22b4f-f962-4f0a-ab3e-f5f2bfdbe61c
6077,95bf3441-aa9e-41bf-beeb-404be4c7eabb
6078,c613125d-8c2c-45dd-bcf3-64e2bc304efb
6079,8dfedc1f-3448-423f-be54-ff81a58e1069
6080,c2db7458-6a20-4ad3-93ca-695c568da13d
6081,06c43576-6043-4826-b527-e85294b95abc
6082,c064c9b2-cfb2-4185-8350-b4de0aec0ba7
6083,96ddf495-0426-49bf-85df-80d9df7c6576
6084,fe99e6eb-e14a-4013-8964-af09e93e6ae9
6085,996a4335-a526-4136-98ec-da468e42b862
6086,4448cb4a-9e40-48a6-ac7b-25752570fafb
6087,c7b3a5ee-93af-4aa7-86e1-ea51aeabb5f5
6088,7a96b0eb-6df9-47b6-b7aa-da4bbfaacbe4
6089,1d419a77-e80f-41f8-9257-6ea38b7eb836
6090,e44ef1ee-a980-47f3-bc80-e2049fd0d59f
6091,1ab1d894-363e-40c9-b33f-e12a3d32dc80
6092,cf86d07d-1e93-4a86-b8a8-c338f1516add
6093,2b6e5e08-7c8c-44b9-80d2-344ebad869c1
6094,6fca117c-db4b-40d7-a7dd-d7dd75a51a57
6095,7271a84e-068b-4f50-b067-ec688b53cead
6096,9193aa20-4646-411a-91d9-a180fc96daba
6097,2234644e-9d12-4b0d-b6da-e4412b0181b4
6098,209dddf4-6923-4529-b603-00977d22e93b
6099,20338e6a-9c08-4298-ab6a-7f750582e1e7
6100,daafbb41-b71e-4469-ad4a-65e196436cf7
6101,4ffec106-7a23-4ea0-8ccd-71c236f48501
6102,089b5a7f-4f4a-4982-bf0c-2f3b06500641
6103,ae5b9a24-967b-4176-8e7c-ef1b8b126676
6104,e0afa5f4-089f-41be-bd8f-0b89f7f4fdd0
6105,7fafb6c0-cc44-4050-8016-60eadf49d9d7
6106,330ffedc-0563-4f0f-947d-a3273deacde1
6107,ebce5639-4b4c-4e0c-89bd-2d3a1b5a2d98
6108,63ebc9f4-c6d7-4516-8a7d-f0ba9715b1ee
6109,88820686-c278-408b-97b6-69a1882882e8
6110,e2c7f132-e07b-4703-b65b-efce690c6dee
6111,8226f68d-dd02-4a6c-beff-85d69e40b5d6
6112,07c60b46-efcc-4a7d-9bf9-c6df597cd981
6113,57b49d3d-2af5-4927-9c97-f654a00b7812
6114,76557f2d-20d5-4d11-8d23-d4ec810c5fb3
6115,9f8ece3a-fc8f-405f-853d-ffcbe9cbe74d
6116,97707df7-d6e1-43ae-ac8d-17059d6c05e7
6117,920d8b3e-23a4-4d9c-8da4-0b372391e683
6118,771215ee-7c42-471d-a1df-afe78b13de37
6119,ac1059f4-728c-415f-b3eb-80b27133f861
6120,51ecd7c1-7131-4d40-ae80-743ab20c6d4a
6121,c12fa196-fea5-4b63-bab7-eaf280ca39ff
6122,eb5ab026-2be0-44dc-8870-29b2b76a6305
6123,3e499c44-214e-4e32-9137-c4d3bb339e55
6124,544fcaac-d697-4f5f-97c4-5edb52885e43
6125,3a295110-ba33-4085-87b0-6a19c2aaff29
6126,bfc6ca96-f44f-422a-b212-1fb4f9dbd1db
6127,2def1c42-2e19-4988-a12d-0161c7125c2f
6128,c077290d-5c01-401c-9757-c9fbf1613677
6129,319dac93-b562-412d-8a7e-a427169d1b31
6130,747f9a5e-3f72-4b01-ae55-72c73a204432
6131,4f77aec2-480e-4249-ba27-a51db48300ea
6132,30803f17-4554-411c-a572-56e3f6723fb7
6133,5622a88a-4aa0-4199-a04d-1d8d1ee663f9
6134,4db685c6-8c4e-4943-b1e6-d32fc834f27e
6135,72187f28-dd1a-4bf5-aa45-6c9c773526ee
6136,b202b21a-df4a-4d0d-8df1-be01ea802364
6137,05eca392-c114-483b-bc32-5da734daeec6
6138,5c28de47-6f10-466d-9a4b-d4f50e1934c4
6139,0c780c62-5917-48bc-8e20-250eb08617d0
6140,a23198eb-303a-4684-9455-bf9a82338439
6141,d6ecf229-380e-4f29-b6f9-7b800816981f
6142,a7a918ff-8a5f-46e6-aaf9-982d4e941163
6143,e6a74bde-75be-4f47-b47e-955ab0481ff3
6144,d7801081-df14-4f9f-a3ff-d03c2e8f88e0
6145,8656f7e5-9062-4a85-b25d-aac8ed737fdf
6146,4270411c-7c2b-4d26-8374-573e6be349c4
6147,24312fde-c69c-48c7-884b-02edf22fde91
6148,0c89266a-ce83-4bcf-99c5-72c882d3b703
6149,5a15d1f0-5e34-4cca-a75d-2b50357c0485
6150,ec031348-dec6-44bb-bd3b-4add2cdb1612
6151,9a0cd071-6da9-4488-8c55-2dea6d7e115a
6152,40e022b7-cb9e-4508-949a-4fdef6dc90b1
6153,30f12294-7d39-4eef-a2b3-19d4036f0cde
6154,394d905e-3783-4942-8fb2-915a9aa3cf22
6155,8bc62ef2-9674-4d18-983c-fbb663788d60
6156,1cb90a79-800d-4a91-97ac-fe69b2133af3
6157,c461b00f-2599-4f51-960d-a085bf40a1b7
6158,9aac04a1-210c-4463-85a4-feaf4bc393f3
6159,6ef87533-49f7-42cd-863c-fcb3403d10c6
6160,9dc2f6c5-6835-4c0a-b8fe-8b325c1e6d34
6161,bb3ace3d-6365-487e-85aa-f3c9c0c0bae9
6162,d9f980f4-c0d4-439e-9b5b-6f8933df8e1a
6163,5acf81b8-b147-437c-8ee6-4910d3747080
6164,3578d7c9-be22-4506-9ffe-4448fdca5814
6165,03c4bdca-9548-4c38-ae8a-60c63e3317fe
6166,57af1f61-fa28-4dd0-89a0-fa736e9556cf
6167,b58d2f42-88de-4fcd-a09d-e03053f2656c
6168,8f29eca2-e135-46ea-84db-4b58e1479e4c
6169,6686bc30-2746-485e-86a2-48ec5ede706d
6170,134ffb31-cca0-4f6d-bc7d-2336b48bbd18
6171,7e311abd-9141-41b7-9589-27a95e55aa31
6172,75282ea0-0e9e-4876-bc7f-c47c54826668
6173,5519e582-6b08-4046-b2ac-009bdeb3f01c
6174,08e65e41-ae8b-4177-a6bd-08a5a3a0357f
6175,42b860ad-5bc7-42df-8d1d-79b5c3f5fa07
6176,deed7256-e8b4-4f81-a979-77cf9102e83d
6177,846dcab2-5b04-4e36-8d77-9132bc24299f
6178,44a23cbb-a67a-4873-b85d-6ea99e1de85b
6179,2c8c2010-7db1-407d-9015-afa75efb9770
6180,356c3667-7f48-43fd-9e59-24aff717aa2f
6181,78f1f8d5-5830-4641-9158-bd8f77cf1f3e
6182,1860e50c-12b4-4edd-8ab1-94d73e0d5544
6183,ca3cd991-5d4a-4a75-ba09-55ad3e071882
6184,41ca6c4b-1ed8-4ad8-bb89-2953784769af
6185,a6b66382-6d9c-44c9-b136-9c702dd32876
6186,7e73a3f7-3a07-4a94-9dea-aea0ac9191c3
6187,8f6da963-e8d8-44c9-8298-fd36b404a61b
6188,0e289625-f937-4346-8522-bd478c42a398
6189,8b48b820-26dd-47fa-8b65-a758976f3ff5
6190,56fc689e-d0a7-4f4d-b75c-57f9bae1f14d
6191,670c35c8-211b-487f-a409-4dbd203ed604
6192,d6e8fc5b-829d-40f5-a37c-892555b9e9fb
6193,e09df2b1-03a1-4a77-addf-75ffdf268e48
6194,809b5c64-3937-4a83-a6cc-985a865f0fe7
6195,b6187b9b-0297-4744-a54a-17baff0e96db
6196,73c5027e-0f67-444b-9828-d3721c573313
6197,4b0cecde-1568-4cc9-951e-35c63fb8692e
6198,c373eeb4-a865-4626-baa5-af2176aa1cb8
6199,137aef8c-ff42-4826-bef9-f0d14e263c03
6200,377df321-1f73-4657-942b-d9d0a1156e87
6201,463f9106-cab7-43f6-900d-be8c6bd26c57
6202,a01fa880-4d4b-4133-8846-dced75731f90
6203,e59701d6-360c-4887-ac97-ab8f408cb532
6204,ce23a393-6f57-4ea9-81b0-0fb59c4202c9
6205,835cb63e-0e1e-4e74-9c1a-1d0efc57546c
6206,d6550c4c-0ffb-4031-8783-38add93d3e5a
6207,1709dc14-e4b4-4519-b589-8d6a978fda6e
6208,3738d4ff-3588-4e30-b2a1-88d2f6771f26
6209,e534da29-c0a8-4f30-83d0-2477a1294163
6210,a3dc398c-ad6b-4c40-84cc-0842e0786dfa
6211,d8664ebf-001a-4690-9e5c-4ef74217dd85
6212,3d5356cb-da60-40ba-9728-573c83fbb25c
6213,5b5b6977-48e5-40c7-8939-fd68856bfa3b
6214,cb215c24-0fa2-42b7-8a74-adcb873bdf5b
6215,4e4b8ecc-ccf8-4fd7-b1e9-e57ab1a3c5ef
6216,754315e4-7562-4dd1-86bd-24e2e95f8440
6217,bebe5b0f-a518-43cb-a5a4-6c4eada9a295
6218,78951d63-0c27-4bf8-8a69-5551fa7d3f04
6219,8a60f15b-dccf-44bf-853b-375c8ea440ab
6220,bbd3a00d-a2be-4316-87f8-947e63757546
6221,76701c44-6ebd-4e36-abaa-f403cd6d40ba
6222,6e8639f1-1224-49e1-8485-74c102eb1a50
6223,16cd0bb3-56c4-42bc-9851-931c2a5949b0
6224,0f5a43a9-fdfd-46c8-8dc8-eff6af6dc0a1
6225,35422c94-8511-4aab-a0ea-9d518ec1f7af
6226,40be8ed2-32dd-4e8d-b3b8-6d203894ea67
6227,a9b80401-086b-47d7-9918-71d293ae4d81
6228,f47e70b1-0ce8-4290-bb3a-6872337cde0f
6229,aa80f42a-f8c9-44e2-a65e-70232f48d246
6230,4c764057-4edc-4d6e-8a60-80ceb4651c19
6231,5ca82938-a109-4c1b-9ace-9a55efcccf41
6232,dd0ce6e5-57d3-4b7e-960a-8a54a372ce21
6233,285d8c4c-1320-4052-9d2d-87cf8845650b
6234,60ce913d-d342-4933-a3b5-2eba59b4a1dc
6235,44cae119-a9c0-492e-9ce1-3aef102f90c1
6236,e8cd037d-a124-4d6a-b0d1-8c47a08a7d35
6237,21f73c64-9158-4865-9511-da11c61764c2
6238,569ae59c-be4a-4ca3-91af-42e08981d7b7
6239,1bab83de-95f5-4472-961c-fbf595f6085c
6240,20007ed3-351e-4197-8102-851eaa02cd94
6241,1e9ecf5a-672e-4ca6-95d3-77205edcc26a
6242,28c96107-fa08-4997-a7a5-93ba87d879fc
6243,6341ffd8-7200-40a1-b2b4-58d94488ebd4
6244,d2b95830-8797-4318-b4c5-d5559621d723
6245,4d9d9c2f-cf90-4c0a-a290-4340b328c3aa
6246,1d983a00-065b-45f6-8cf0-7cc0e46e9442
6247,f8821c50-c41a-4e7c-aa71-4e903eaa9296
6248,ad0a7d42-759f-4de2-8e59-aa9bf8cc150c
6249,b55db376-c2ce-440e-9594-42e875b11bfc
6250,ebc14e2f-7951-4fb2-a972-78cec5a5bccc
6251,985a51dc-8874-4c4d-b1e8-2b3ba54fb906
6252,b3269220-2cf0-476d-80ad-85c7da2655d9
6253,6569f39d-7a5e-4e26-bd1f-e042936baf56
6254,799940c3-87cd-45a3-be99-79f4a006771b
6255,b897208d-5439-4bc9-a5ad-331cb21bc741
6256,290c1808-3dc1-426f-b821-845f759e9541
6257,3b1154c3-25f0-4182-ac2f-4c38e5779c79
6258,b0ed9cc9-c352-412c-ad8d-8c3db58d5897
6259,8be74be4-58fe-436a-84bf-871cb7b13264
6260,7e987531-5201-4932-8d0e-e980e0d0e2e5
6261,77e61324-7515-415b-a390-8a3d72d4ab8c
6262,6d2bb5ac-6e5b-4262-b054-c4252256d7d5
6263,81b0fca6-b93a-4e7f-b009-e31b1ec718db
6264,d49d68c0-ff25-49bc-bc04-bd7e8a7e7f90
6265,3fe8b723-b143-44be-b41b-d566cae2db57
6266,b2acab2c-358a-4d0f-af70-74b76809a0d6
6267,4703654a-45c1-494d-b84a-a78435a569dc
6268,431a5fa2-f2c7-46d5-9af1-21a0a198831c
6269,a81fb201-ebde-4130-9190-0adc6469c4c6
6270,8fc01a44-9ee7-48b4-9241-e86fd126d179
6271,7509160c-e5f7-4b92-9395-5eacf53b84a4
6272,bb117185-4f6a-43b3-99e4-dd043dc969d8
6273,ed58a71e-ffca-4ce1-8052-cba5b63dd97e
6274,2cd8ac9f-888c-4319-8005-d4735ddcf797
6275,a7520f89-a0f7-45dc-812d-e44cab8a4374
6276,f27a251d-cc93-4c43-a593-f811a7840b86
6277,70b7a57d-f886-4daa-a5af-87b957d68c25
6278,bc0d1db6-825e-4ef3-bbae-260271e797b9
6279,b4ff3743-bd2f-4862-89c5-454e9a887e84
6280,0baf420f-a8e6-4b72-854b-b58f65f37455
6281,c7769947-6771-4080-886b-26f7b9d44eba
6282,4a03a8f4-7986-44c5-bec6-d3b377438d4c
6283,207e5c1b-55eb-4517-ac1d-0130c8945d61
6284,9f4cc765-32d8-4d49-b272-4e5f7466bce0
6285,04b0b74c-d47e-48ca-b2f0-57a6c49ea386
6286,819d13a4-3247-4d1a-ba5a-4741ebbbc018
6287,51ec84c2-6c5a-452a-864c-ae4eaaca3c40
6288,e271a057-8cf2-472e-a3c6-ec812e07588c
6289,13c9b5b3-a18e-461a-8cf6-bf833525a26e
6290,9e52ec75-5138-46e8-8045-839e0bbaca94
6291,63049027-0145-408d-86b3-668625fe8b03
6292,e0daefc2-d9ea-4d6d-bf9f-7af4d113c2f7
6293,0d7b0a69-4b33-4a18-a29e-8af4967a3c09
6294,54a9013b-9a26-4b07-8601-847f2e0fb0d8
6295,20360bfa-3af6-48d2-8420-792d01e07729
6296,303eb5e7-78e2-43a6-a18a-4a93016dd004
6297,f4758296-d2ca-4d24-96e6-a4e2cad1e76c
6298,7d33dcdd-d402-42ff-b682-fa0f4c0c5253
6299,ce1609cd-ecf8-4827-b447-f3265375bb59
6300,af148010-25ad-4613-b265-2a30cee5f2bc
6301,05b1e4fa-e85d-4bac-9c22-da24447abbac
6302,e5659194-c541-49e5-b6d9-6296b4087eff
6303,dd74d9f9-8886-4309-a9e7-0a3451da15f0
6304,c3cbca6a-03b5-471a-bb0e-849c1d3d7f73
6305,cf652fb9-d282-443c-80bb-f8e0d0fc97aa
6306,1c926010-dbac-4735-8b61-2a3e803c47cf
6307,81e8e066-53aa-452b-a7e2-6b3b9d7da746
6308,da675d29-845b-4a3e-8fc9-55737b0c68d0
6309,3651ace6-329b-4963-a945-66f557ff9e6a
6310,8fbe30a3-65b5-4aa0-a4aa-838f12faf34c
6311,17ace9d0-69b1-4c5a-9e87-99cd9de42051
6312,43733934-3d29-40ad-b7a5-016296d6c929
6313,dd698d6c-5d0d-44bc-8ed4-fd26d7b0d3a2
6314,bb3f5aea-663a-4aca-990a-cdb525079110
6315,27cdfe3c-0642-4c6a-9ae1-c365e4b41ea7
6316,9a0caa4f-0718-4eb4-b2a1-0c0cd8849b8e
6317,5f6464e2-60b9-4e11-b92a-03cbb8e8d1e4
6318,342535e1-66ab-40ea-8942-1b9c7d3c712b
6319,00b39461-4edf-4f9d-9896-9a92a1708bcd
6320,e77ed356-5d0b-45bc-930f-0820c635b3a0
6321,eb0496fe-bd37-4e03-a9b6-8517ebf0b228
6322,c53a810d-aacb-419c-a329-22891f6926d5
6323,ea30635d-95a3-4b58-9a4d-5dff5903f59c
6324,ba3e35ac-babe-4350-9882-d6f043a505eb
6325,d7a92696-7e20-4a2c-8205-98380bac33de
6326,2ccec5bc-2547-403e-bbcc-79d3e10e6143
6327,7a465425-df99-4a72-8ec1-7713ca7435e9
6328,d3a516a5-c9d6-4ca4-ac03-2e11f9ee004f
6329,5152bd06-904b-4786-acf0-5d787b59783d
6330,21eedd11-7e74-45b9-81fe-4625669c3f61
6331,dde29249-0eb9-417f-87db-84b1a20fc8d5
6332,4d73de56-d51b-472a-a8ff-cf1755df029d
6333,2fe9b83a-4897-4b00-a1d6-8106d6f0974f
6334,02e49367-191a-4507-88fd-a9f3e48b646d
6335,5e08db0d-1e6c-4db0-9471-fdf0de18f7cc
6336,325942ed-9111-4491-a0d6-e101053eb17b
6337,8dc2f726-c12f-4088-9f40-0e5df2650cdd
6338,1cdd3831-198e-4f5f-a845-c1571afbfe23
6339,d7a7f3ea-95f1-487a-ab19-2c799ad291b8
6340,5b4adbe4-15da-4ad1-a078-7e8abefdca19
6341,40e9bbc7-2221-48a5-bd5e-bc839e57c026
6342,cc85ef58-542e-45bd-a156-f3f48f3b9e8e
6343,da7c01de-f755-4886-9e5e-a40045346ce1
6344,23c07541-a092-4103-8939-2b819a54b8c4
6345,3c6d3d81-f27a-409a-8668-1ffe540e9b06
6346,bac44ab1-8c75-4dfb-8a2f-53ec3d0ef945
6347,42a33186-7734-4818-994e-71b25292d02b
6348,b6c04853-3dd1-4774-8079-eaa38a110cb5
6349,70cb3dd0-938e-47ff-b012-d3aa9460f4d6
6350,8e6faddd-ba8f-44f8-9924-f33747b5fe4b
6351,dbbcd175-4f7c-4bd7-a9b2-ba1a6a0110be
6352,0130f290-3404-4b74-9e9c-528ca40c0679
6353,0f154a7b-5f22-4f15-994a-f546da4fe0a5
6354,7a6b028d-2a6f-4e29-bd78-fd594c2a4b7e
6355,e722a6b2-bd7a-44d7-abde-a64136d12abc
6356,46ced90b-bac4-425b-b7e5-4541985c7d8a
6357,d191eac9-71a5-4442-b58c-1f29e8d1919e
6358,fb2fdc22-cc5f-4ee1-bde4-459c52b6424b
6359,78e5a090-45a7-43f9-8314-0a54db7fb26d
6360,e277fc33-689e-4d5f-8a08-c94f32b491db
6361,7c8ebadd-d615-4ede-9c35-865d290f6105
6362,8b83b775-2c5e-4035-9536-0478c19c1cb6
6363,61be9a4b-4ca7-4a31-b045-c699bcf36825
6364,187ecc1f-f7c0-470e-8252-f712312976f3
6365,a6bb992f-4570-4fcf-963d-72f944e88cf4
6366,db54bb88-b569-48bb-8e30-8a0a97b9d919
6367,43d0cddc-b038-4b7d-b50a-8225ed8b930b
6368,1431b751-f7f9-4551-9f5a-7e87bb38a10e
6369,42d372f2-ea27-4977-b1c2-265436430836
6370,4a37af88-16ed-4cbc-b800-028e005d682e
6371,6262e060-c7c3-4073-9aa9-ba163c9833b3
6372,9157cd14-2a00-49a3-aefe-7bdd5519dda3
6373,4e99500b-272e-4752-83b0-3830fc467d13
6374,e38cd26d-a502-4d97-ab2e-7434f900efd5
6375,a6a92997-19fd-43b3-beb7-df0550d36823
6376,b4e51adf-6031-4fc1-ac59-07de83e56db1
6377,aef96081-429b-49bb-8eb2-1a30621e349d
6378,21f66825-9af9-4e82-af3c-156a7b09a968
6379,fc26cb65-fcc1-4487-9598-1f55d7bf8066
6380,90319fad-59cd-4096-ae05-fcd8ee048df0
6381,dd3bd350-cea3-4f52-a00f-4006a164b9a6
6382,cdc44c49-b15f-47a1-83c4-77351509b3b3
6383,5a75040f-e062-49e2-a619-d31a5b42fe7d
6384,72d88034-3373-4748-84f1-9825665c7ed2
6385,8533c070-42ee-4453-ae81-7dfd5d3e17af
6386,d240c219-758d-44cc-b21c-e5be58da69e3
6387,98a2873e-c54e-420a-bd9d-d8b578d20c09
6388,4f7642c7-3159-4e80-8d70-c3bec645b819
6389,e752d833-dcd0-43d6-81aa-d1b574af708b
6390,8670ed1b-9b29-42d5-9df7-28d1bd1b554e
6391,7abf294b-4985-4aa4-af5c-de9610b1c589
6392,3e69cf54-fe5b-424c-acea-b43352c5fd10
6393,cb3cd301-1067-490c-80f9-0fe93a146bbd
6394,d9803d8f-b411-4709-8b67-b758e6482a69
6395,77a86c4b-5bf7-45c1-8481-b6438bf798ef
6396,4387e6f5-8266-4d0d-93be-e2b19a243cba
6397,de9601e9-8fec-415c-8d26-733127dd8baf
6398,2fb7e85c-2aff-4ae9-82f7-8f500ccb7b86
6399,1229c68c-4b9b-42c9-b0d2-759c428f9e7f
6400,723744bd-e0cf-4802-93fb-c88876da351b
6401,545b1353-1854-41aa-96b8-011d2374bc5f
6402,6a1ebbef-7b75-4eb5-b03f-efab0b4c99e4
6403,76f9a416-bfb6-4358-bd47-57d58cdad274
6404,b76220b7-a8cc-45fd-9b84-cfa01318bdf3
6405,25d6268f-6d9b-4334-8816-9e3f170595ea
6406,9d8fc3a3-051e-4ca7-bfd1-6ea1580b390b
6407,596b4939-d2ec-4031-9769-b6155d2b0670
6408,6f7ab84b-fe28-4c59-a492-4c8d2347769d
6409,9d50d5c4-8d37-4e65-b753-4a48e39d5c9f
6410,1410375a-3e04-4a89-9731-88572bdfeb9a
6411,c27c928e-cb52-409e-9ac1-dd69bfd4dda0
6412,2589f258-cb94-4a92-b02c-1a709c913f6b
6413,e7527c06-f462-4890-8f61-8bf417776840
6414,ec191685-01b4-480e-b9d0-8e9c8a7fdfad
6415,907afe7f-b2db-47ba-b89a-76e2ee4a6dd7
6416,7fc57313-26cc-4831-aaf3-6aeead649504
6417,adbfdcba-69a8-43b9-85d8-2a97b8610718
6418,f579ed12-22cb-4c93-a04b-a7e9b4fe60ec
6419,568d8507-4b3e-4033-9bb2-22045e321389
6420,207ba7a4-747d-467b-954e-230f15aad0ee
6421,8387485d-d6a0-48b6-8af4-6b3911261f6b
6422,ab179ee8-dbaf-4130-aa6c-53a31d87f8fb
6423,c7b28613-9323-46d4-9579-aa84f2f79e80
6424,4ae9fee9-e363-4c20-b7ee-ef8c43ee8dd1
6425,7b6673fa-6304-4551-82cf-f207d0478a20
6426,c9ec86d1-1c62-4eec-aa4a-45d6a68c153d
6427,72483156-4186-4f9b-9d64-394f01bd64ea
6428,f2014baa-cad8-4aed-b901-b1838b278f18
6429,c07ca18d-3ce7-4905-a96d-d01f9291928d
6430,51c17283-1172-444f-9929-627413b1168f
6431,040845a4-36f1-48a8-8423-febe99a1f059
6432,59990907-b8d5-4522-942d-479a17a9f140
6433,d0837d54-67a2-40f1-8523-6f1e4e32b725
6434,05f3b1e7-a0f2-4430-9008-73f27983c12f
6435,8190ccfa-e971-4efd-ab5c-daf5529954f5
6436,cb19650b-ca79-4ad6-a42d-542ae839051d
6437,c46e6e06-f076-478e-a823-0ff2043907ad
6438,d9e17fb8-7ff1-443e-9c6c-242b96c4b7b4
6439,4205de95-b7c0-4c02-a90c-89f2f8cf98e8
6440,26fae1f0-9f17-4309-9ae4-b4f51a09fbe7
6441,0ae2582f-e4dd-4b63-83aa-77d7173b1970
6442,f5095636-2d5b-4e12-906d-12e7c738c7d3
6443,009fd44e-dae1-4bca-8b9c-f1d6ecc95e3b
6444,f2514fc8-b8c8-41a4-b838-7ab76cb7fdc8
6445,6b7c5c75-b234-4f44-8aff-127c57c1dfdf
6446,f8334b2c-1e83-4d34-b934-bed6146126c1
6447,c6ea9cc4-7e19-441f-aea1-21855dc60b40
6448,414c5c92-288c-47bc-bbd9-29f3f6aa71dd
6449,bec036ec-7c64-4961-b836-2df66bd7773a
6450,86b2ed7a-bd4c-422b-b3da-38f60677061d
6451,ed77abd5-7601-405d-ae5e-ec6340fbb4e1
6452,496e02bb-f612-4d64-86d6-73c9be7687b2
6453,ba2c7a16-3baf-43ea-88a1-47ff5efe525d
6454,50fa2a85-dbdf-44a0-8868-0bede61f7263
6455,da7c8d9d-f0d4-4516-9002-136dbaf80580
6456,9bdd1198-5570-46ea-84e0-c9639888064c
6457,5758a52c-a7fc-4771-95d5-6c1a79dae464
6458,8ee79b19-9382-439e-b37f-3dfa105d2a34
6459,94fd509d-90d1-4a2f-9a29-6bd765bd7736
6460,a8d440f6-dc84-4e0a-b93c-b82180efc840
6461,4f523074-af38-4ec9-9937-da10215c34ed
6462,d4f39812-d691-4bd5-bfd7-7e7a3cb011e0
6463,2cfa48ec-310c-4303-8384-26a196148aba
6464,38196a23-722e-4569-a94d-bdab5195ca98
6465,70d8d5c9-9c55-4a0c-b791-b972263dff74
6466,abf3e537-d785-452e-94ba-1f60ba686216
6467,5dad06f3-7fa1-46a5-bf48-3d9dd5d73d04
6468,33663194-7e73-4a55-b3c8-18ef5c26e318
6469,adf28969-b734-4989-b23d-605e79e85c96
6470,06f3077d-fa7c-462e-ba17-b11c635b4b5d
6471,147ce0e5-9e85-47e1-b076-7f5608af1c97
6472,96142f1f-c2b0-48eb-aaf8-eefd1c26e6e9
6473,28ca9fda-b672-4ca4-80dc-67ef55416dbf
6474,7fed2386-3e65-4343-8814-d4c31f365d22
6475,db65967f-c059-4294-b230-28c6ba220667
6476,0a75c4e7-516d-4c17-9001-0f741c2060c2
6477,876d9bc8-9406-45cd-bc3c-37cea845a099
6478,25380d78-0292-4b50-82ef-0f98ee29838c
6479,217d1cc8-c616-48b1-843c-baea2bc068eb
6480,5dc16f2f-f369-4f4e-a73f-bd4b6a019c5b
6481,751cad70-292d-4ecd-91bc-57d44040b276
6482,e8891eba-0f8a-4d8e-8243-5520ec33bd29
6483,a020208b-ce88-4bd7-a5f6-009a9cd6531f
6484,5d98c38e-846e-403a-acc5-d75cc0192b34
6485,9d00f798-47ca-4927-ac7c-aceaf0b056d2
6486,ae96fafa-b2d0-47ca-990f-4f990a7d936c
6487,386b3e62-f984-4cd6-b998-d0d5ed78012f
6488,c0e62452-735f-420b-b82c-d202ab1fbdf2
6489,b32890da-8db4-4f61-9ca0-23639492b0cb
6490,f09a2bdb-9035-4164-8169-93e804ef83bc
6491,1344085a-877e-4944-a497-a31df0cfe2e9
6492,3f0b1fc7-9aab-4b4a-8434-9bc2396e8952
6493,93988390-893a-4aa2-ae9a-b0d4424c5070
6494,8da0cdea-37a8-4ed4-82f2-5ac1844815ca
6495,411f8fa5-2605-4094-8721-e9acf5b57c91
6496,1e629221-652b-4adb-ac3d-6fb6b094bdab
6497,0f749797-b37e-4f94-a4dc-8443d02b1f08
6498,4f7ad260-2cea-4614-81de-9eebc25c1357
6499,b06afd28-6b0b-47e0-bb19-9358523343d5
6500,d9b231d4-dcb2-4f71-8b72-fb7547223d3d
6501,125988b8-d896-4509-bad5-37ba62e46bca
6502,5596c7de-dc87-4094-a9ce-8c4862f23582
6503,c161c55e-7aa7-4b2d-b588-e5a947b405df
6504,0c1da168-094f-4cf4-905f-41acc72a4ee6
6505,a634c501-379d-4f25-aa94-14bd16cf0aa8
6506,a755916e-934d-4272-9d2f-9114b0295624
6507,179767ba-c3e0-41e6-b2ef-9083b264bc68
6508,de9e7a08-d4b6-4acc-b77a-be13d8d3f977
6509,16d3ed39-c760-4f8c-a022-e67fe5f7f310
6510,4553ca50-2a1a-4299-aae9-1e170bed1c7c
6511,3985b714-c14c-4a48-91eb-e53ff5f35de6
6512,1446f264-e4e3-4a36-9a99-005ff9bcfbfa
6513,eca6150f-8a4f-4adc-8210-b0ec5e1d4bb6
6514,e29873ca-165b-472d-8dbd-c75cd898ea11
6515,3531d1da-fdc2-4aa4-a07c-bd3540f63539
6516,91519d52-6ab2-46a5-8a93-061a2eabd776
6517,fa634387-7ee6-45c8-9f7e-0dcd431ff464
6518,35e4e0bd-7be0-4235-8b70-7c61ad95e2a9
6519,02a4d474-7bea-4227-93e1-704b747dc68e
6520,6202f5ea-5ab6-4f94-9759-714d3ceaf614
6521,56534265-4cf5-4005-b682-2d59e59f4014
6522,2763069c-dce6-46b2-a7f6-a8296d337db7
6523,ab7f2934-b3ca-48c2-8aaf-427bb57b8da6
6524,5f548de1-0b78-4b8f-adef-c6c645115b0c
6525,092fa772-7c72-4227-9433-24c1ec76a54f
6526,397a43fd-8168-43ff-85ce-35b8fe058baa
6527,aa1c3e63-a729-4721-ab0e-1ae384985572
6528,c1d3de5b-30d1-48f1-8c8f-ba8302d26d07
6529,7b1d7a6c-2f3f-4707-8510-b496fe1c6cf8
6530,ccf5e0ce-ec18-4a82-8b2d-9f27a8d39c19
6531,4135508e-b6e5-4113-9374-560755f91e85
6532,3705794b-8d64-487a-9b46-1745cc2af45f
6533,9053ec3f-04e3-49f5-b504-e1805bd40e7c
6534,1c4bef6a-4139-41b8-9408-f2af36fed776
6535,bd0dd374-b1a2-4a17-88c9-26f0455fe622
6536,05d87d06-c991-4e54-92ca-458ae7fd784d
6537,41044247-5234-4126-8b91-3ea35ebbbda2
6538,05ec6dc9-2746-4d5f-bbd5-1e03d4fab3b2
6539,ba017020-c93c-4643-941f-bcd896e4004c
6540,11186768-6d33-4f7d-8db0-cbd88d391712
6541,828ac760-1056-4fef-92ba-1ca409eb472a
6542,e9cf1466-ebfc-4875-b584-00565eb24d13
6543,844df306-60d4-4d58-88f1-00b934e7a2e8
6544,9a7329fe-faeb-4d0a-ae0c-14b8e6639a31
6545,a2898fcd-0c7d-4513-9dcc-10007a935795
6546,3971fc04-1b0a-45f6-8bfa-6d9ade1ce873
6547,f074abb6-908d-4f6c-9890-b9431b6e6e10
6548,a0e111bf-5c03-443d-8fb2-6411cfc1e55f
6549,0a454683-2ec0-46c2-b674-b54cbcaaf1a8
6550,52a36189-993e-43b4-af86-083a075082c0
6551,c39aac0f-7450-48ca-9fc5-7d3559abc961
6552,6a67734f-0a40-44e4-a2da-cb575b1a0d6c
6553,22496474-4226-46a5-ba84-bf587f921cef
6554,10326d34-8abb-4b93-9365-e25d90aec3d0
6555,e27961ff-99f0-4011-8fa9-4da7971aaea7
6556,df7e2397-3209-4f93-b05e-78bdb6a9d451
6557,bf9645ac-fc81-449e-bb25-a78681c9a87a
6558,5a38cd54-4f0f-404e-b3a2-43da4b63c7c0
6559,e8bd35e7-48ec-49dd-9125-153daaa72faa
6560,af0a6f75-9cc8-42ee-b46b-3e8e274db3ff
6561,8798253c-22ca-446c-8e5d-5546a1ac3b0d
6562,5825d317-405b-4c0f-b483-461746ef27cb
6563,07ac1bf2-1214-481c-8102-c64c4a81fb7a
6564,5e580d70-d064-4572-a5cd-a3c83562dfb4
6565,a4a8e837-14a3-49c2-b07e-6aa869039342
6566,10917694-8588-4f4d-95c3-3ac407c9b384
6567,db979468-c6ca-44b3-b0fb-8b7e9ab9c6ff
6568,49d1d1c4-3deb-4a0f-8571-2aa543fc1dd4
6569,931892f2-df1c-45cc-8b17-e5fae530b2ad
6570,32f154d0-041d-4e6b-bcc8-cf4dae8f70ba
6571,14fc398f-5a79-40bd-a180-4cb65d3bca70
6572,1821fc4d-df40-4376-b91b-79acc243c12f
6573,8301c9fc-021c-4f35-96ed-794add5fa82e
6574,cfb069dc-b9b7-4c90-8d8c-b326e9b2fae2
6575,d18f6a4c-060a-40ef-8cb3-8ad7b8993048
6576,0de3fbe4-f4b4-4870-af91-e03759d1bdf5
6577,90722130-7c7c-4f3b-a877-d41c4938ebd5
6578,7c1babc3-9755-4cb1-8003-a93dac2cb2bd
6579,27dc3d6d-0915-403a-81f9-c7e05cdb6a71
6580,f91ed3bf-bf3f-4e60-8207-fa0682051f7d
6581,ac16e50a-821c-462e-8df6-46250aed809b
6582,d88fd7b9-8948-4e26-93ff-481f35197777
6583,833bc263-f75f-4ef9-a180-43e8873a523b
6584,1116ab8d-932d-45fb-ac53-4bea4b2cc16e
6585,762c5fdb-a092-4136-8cf5-b7d0395d29d3
6586,a7a5f2cb-3e4a-4574-b2fa-53989693bd31
6587,6f76e0dd-14d6-4700-83ac-1fdb5c8606a8
6588,88bb5954-5c4e-4475-b6db-a00bbc56db64
6589,967878c7-0d79-41c3-8c97-ae50889754bf
6590,fa6723ea-5b37-4afe-8f9b-ae63ae107d63
6591,6cede3f7-92a6-4a1c-a7c1-cf067abbce72
6592,87b67017-31a3-4589-ae6e-ff7394593c01
6593,7c489783-5798-4cef-a3d2-8975080ea07f
6594,e38b2069-4d32-4a8d-8546-bfd43a4f1295
6595,94297158-84bc-4fdc-b806-b31c6a5ae700
6596,8f0191bd-ecee-4420-b35e-35eae4a407d5
6597,6597e6f6-732f-433d-82dd-8d923e95818c
6598,e8f4e6a2-8776-4f64-909c-9667552d2d5c
6599,d73aecab-73fa-4a21-9f6c-fe8b9373f836
6600,a518ff71-5848-46d5-afaf-e59a3e19c7a5
6601,eb45938e-c472-4a23-8d48-c02728a5d853
6602,902beb86-f610-4ab0-b664-5c9614f8ac48
6603,39ed277b-837f-4139-b494-1a3daaf38a5a
6604,9a755540-d033-49da-b225-9fa12c5e00e9
6605,5af4e419-bc8f-479c-9d5d-4a7c220c97ea
6606,d7e37597-2580-4aa3-8c4c-a2d6d8c499d2
6607,0f1853e3-6d70-4ff8-a2c8-38acf6126561
6608,487b85f5-6ff6-4172-b03f-4d5c1df50a1b
6609,966c45fd-15d2-4b27-8786-f026abb6fdc5
6610,b304a0b6-05b9-4289-9c32-3aa2551f877b
6611,e5299e05-f925-438d-9063-fc0434f37fe5
6612,760e72bc-03c3-4bfe-be9a-1fb55e6aa631
6613,2c44326a-9cdb-49b0-86d1-0340a94cdfef
6614,8af9a7ed-f939-4370-afa5-7e268e4f67fd
6615,30ce2fb7-709b-4dc5-88e1-de11ad595aa9
6616,4135b070-b9a9-4bf4-a7bb-d05ddeab1405
6617,d883f3ff-b08d-46b5-b0d4-c42c908df8d3
6618,29a2d165-ef00-4de5-b4a0-d215ac4e6c59
6619,cdd83405-3e98-4238-97b2-c6575a475405
6620,8d439f7c-cba8-4891-96d8-759bff61f062
6621,3c88f204-8bc5-43db-be83-a44130ab4719
6622,cb2d87b9-cece-4e70-aa5d-c109e9010644
6623,ac728a55-b374-4186-bd17-eeebfaf3358c
6624,65a0b286-8ad7-4640-b2bd-5ad631f21018
6625,602818c9-bed6-4680-85f7-90da6461bae2
6626,9bbd571b-9250-4e54-aa5e-a00799275c7e
6627,30ab4f55-b464-4ded-9a3d-6a9d001e47eb
6628,81c8733e-6d22-4627-87b4-32920134ed12
6629,a7f5e4a8-c6e7-4aa5-bff6-4af072a36333
6630,23eda859-4320-4041-a7f6-fee3abd868ba
6631,0cde6920-5e9f-4ef7-98b4-23dfa649c036
6632,7418671b-2c74-4120-8d35-b0b5e2b550f6
6633,3c13061f-abc7-432d-8c5b-c4e53829da39
6634,af3d9d9c-d648-480b-8b52-7ad58b07b516
6635,563211ec-4106-415e-bd8f-198435525e46
6636,f24abe2e-7760-4964-aab3-c709052b2d2f
6637,cbda66ba-ce22-4bc7-831e-f60b5265d09c
6638,18cf6367-60a5-45cf-a836-a42fcb61fa89
6639,24bff5c4-b40d-432b-8a17-ae5cf5952e97
6640,21a7c8a1-9a55-4697-8fc4-bc8ac1a27f78
6641,52fffec6-90c2-42b1-84fb-aa9db53e3ffa
6642,3f80af1d-7966-46af-9e6f-260f4ff8d834
6643,2a5428dc-ea50-4514-acf0-82072fe87de0
6644,9d88a9f8-ffbf-4235-83ec-0b8db7c511ee
6645,734d7201-2aeb-4f8b-9e0d-4c8888624b14
6646,d199c21d-e80f-473b-b59b-1e93d852fc67
6647,82df481f-8b56-4387-afd5-c24427167dfe
6648,31da0739-c045-45a4-bc7b-0389567bea13
6649,a1061cbd-d99e-471a-8ac2-b277c7421432
6650,804eeac6-b27d-4794-8840-e2f3b5b245ce
6651,26a039ba-334b-4404-a364-55cabc658920
6652,d5edad8b-2038-4e07-8985-b5ceec16b132
6653,df4076f5-67d7-4227-9281-568ea6bd6b7a
6654,21c9e549-7a49-46eb-87c7-296107f5b33b
6655,c282aa34-cded-4888-8435-c8d0201d1e23
6656,0146a8b5-5253-4b51-b6a1-48bca08e0a4a
6657,ad3b1dfb-4a97-418c-b332-42b753e7926a
6658,9f08ad0c-66b3-4a93-af3c-3f205bdc298b
6659,94bee6db-db1d-416b-b791-1cd49ba7ae32
6660,1dae8b22-4e32-400b-9d87-9693822c1d15
6661,ce697438-73f2-4d8b-ad7c-4dc6eb7bfa6f
6662,bdde03f7-a94b-456e-af8d-bfaa39c35a67
6663,680e5a6b-f40b-472a-907b-638882fc2481
6664,ea31be6f-103a-43ed-b69a-b4ee818db503
6665,65044e6a-9d4a-4abc-a4a0-bab2fc66be7a
6666,4095fe88-de3b-40ba-a43b-4ef4f780112c
6667,fd426a20-ccc9-446a-8444-132e2253d372
6668,4ba2997d-5c2e-472b-b8e0-7f5f8a26615b
6669,078488f9-1c58-42ff-a327-d1fc7b0afbe1
6670,eba497fd-0e09-464e-ad61-077efee6f07c
6671,4be929c8-9491-4708-92fc-35326e609f31
6672,a2fb0a60-3fd2-454d-bc20-067618487e02
6673,37c091a7-e72c-4b63-9661-07dbc6c235fa
6674,3fad5db6-a5fc-41b1-a1f2-b5681b055ed2
6675,b994a820-bbec-4513-8e4c-a4553284d4b4
6676,d007da31-6282-4fac-9ac6-65b8e5181a96
6677,c0a3abfc-ca0a-49d0-9021-ca64ebdf6d89
6678,21ff3af6-560f-43c2-bcb9-7e87ecf7ac09
6679,f2982443-6cd8-4192-b9d9-bd7ba595207f
6680,8007b44f-bb3b-430b-a4a6-47b5e0366e79
6681,113e9df3-9242-4d0c-9832-19c2572cafc0
6682,3d98c9e2-d18c-41a4-b450-c8660d04fd36
6683,148896bd-06f5-472c-96f4-5ce20b42aa8f
6684,3db54fdd-3f0a-4e57-b6a2-b44090505ffe
6685,60fae624-f38a-4b84-bb65-7ee2bebb7f4b
6686,ddf83fb0-5c06-4213-9d62-539ac453be46
6687,1a7f428d-e197-42d3-ab37-71ecf43a7055
6688,b8c0b256-03d6-487f-a89a-969be96b609d
6689,5b1c38d1-3594-40a9-9158-6a537c0ccfc9
6690,6b37a3e4-b2f9-4773-aa8e-61780a2ab8c1
6691,896e757c-1f94-4481-9082-efd1e3e6701c
6692,afc6ea67-8b00-4d96-87b4-93c784937ede
6693,5aa3232e-22c8-41ad-91b2-f773e7b91095
6694,426ae5d5-0684-43c6-ae6a-5ee9136a6730
6695,565ed855-d9fe-4736-9843-223fb2b59ce9
6696,8e49fc1f-99c4-40ac-ad87-faeeadac908f
6697,1a04d87c-07f5-477c-8958-d60e988182da
6698,c6c5fcbf-2176-48bb-87b2-63a345ada053
6699,3335c05e-17c5-481c-8997-c84f8a369477
6700,a93691d9-fa6d-4a4c-96ab-760bb5ea5720
6701,a1dd41b5-b815-486a-8958-d83eab262d97
6702,ba1a4eb2-f431-4cb2-a07d-b1927baeab61
6703,5cfbf19e-3849-4d8b-a7bc-614f3ce617d5
6704,51d73446-34dd-474c-8306-94385a1f33d7
6705,abc82c82-e310-44f4-8712-c5eaf5ed4d25
6706,83006aa8-5fa2-4ebc-8bb7-2dafe2507aa3
6707,939b6ce9-b261-4bf5-bdd5-632b0b7f755a
6708,97b55027-6ffb-48a2-91a8-a060e64e05bb
6709,480e5582-7561-40c3-8171-00838e244992
6710,78f60b0c-cf3e-42e8-a00d-ccaf338edd15
6711,7cea3510-81c5-4105-9c2d-70a39c256ca6
6712,6baf178d-fe2e-4938-8469-774e878f2442
6713,0d5e6936-ee43-4ee2-b7bb-d03b1d980d01
6714,d9b3b713-29ef-4ad7-94e8-81915cd1db8e
6715,a19a2764-d502-45df-b524-b8d3267ef159
6716,94ef06cf-9977-43b3-910b-6bcf70030ff4
6717,f353bbf8-b763-46c8-bc24-9de9ea02253b
6718,7fb0bffc-607a-4b31-841d-feec75f5fc76
6719,888d62c0-5235-4ba7-befb-50ae310b6d63
6720,09d5e9e4-551b-4f60-ba02-039dd34feae6
6721,cff85d83-c830-4879-826f-13ae89098c69
6722,2bd4fdf5-edfd-4615-8d95-06469806974b
6723,86493fdb-421a-465c-bc70-b51d858c0703
6724,02ee4b7c-837f-4459-955a-4437ba3ebfb1
6725,619ba3ab-ff54-4bc0-9767-f7b701ee5930
6726,f9d290d4-3df7-4131-bc8c-e62cd2cd9ee9
6727,dc74f018-c6d0-47ae-abb1-56a2640e5d42
6728,725025c2-b0d8-4f0e-9990-0171a4d18e0b
6729,0bd92165-2739-45e7-8d80-b8a7a0513433
6730,cd9d811e-b6a3-4c68-85ce-37ac499447bd
6731,79a4eb74-46a1-46f7-bbf7-df1ddff76727
6732,607ca20b-989e-448b-9118-19c32fc4fc1f
6733,c8868a25-3bd9-408a-ae9a-ebef3d23a46b
6734,e3c7b78e-de42-4ea4-a02c-6635756341d3
6735,1b7e5c6f-5440-4fb3-9ddc-71b74291a948
6736,7233938b-646f-4b10-a1db-f9696205a20b
6737,3b6d8e91-9eec-4cca-88c6-b1d0e8905193
6738,3351149a-f30b-46ac-a2dd-408e07fafd0a
6739,f03cd6f6-ec9a-4267-8ca5-4084be02a97f
6740,eba236de-1861-4287-9639-3c3bbda16870
6741,9a1bdb87-202d-4ae5-a913-a02ae9d18183
6742,8d509f2a-fa2e-45c1-91ee-182fb3a0b1d2
6743,150bb853-1d79-4ae0-b237-0e167addac69
6744,47a26706-4ba5-4008-b257-f5af198b5adf
6745,afb4c04f-d084-440b-9596-ea2072623bbe
6746,a6c32268-7285-48b1-969a-753c9c5b4997
6747,e192242e-4970-4d3c-bacd-1b3fbeeb0f26
6748,2875ff7c-aad3-4ba5-9c49-feeb2be447b5
6749,7afb9478-df29-4d0a-889e-8f7e597e5308
6750,e8846685-0a42-4f5e-a014-91fdf794cd29
6751,f1247d74-015d-4373-b7f9-c0b08fd621ec
6752,5cddf890-9659-4e8f-971e-c27518110513
6753,2364238e-7134-4f78-8f30-69d93f69db62
6754,5705f724-df65-462b-9a69-95054fb9b20f
6755,510e4ce5-71d3-44ea-a32b-9b0f9fac3676
6756,b32cf297-a040-47e1-8cdd-64c039747343
6757,5b6716e0-897f-4287-96fb-45d49a9203fe
6758,c09cd569-6f4c-47dc-8573-26a76020c68f
6759,d1af9433-bd73-4bf4-9142-b8706f8681b6
6760,b94e5047-ec15-440a-855e-7bc348a7f240
6761,b864f1ae-54de-4ce4-a2ef-e792d9f67ff0
6762,41472c82-afba-4a51-83cb-1ddf4901edd5
6763,cd28b05e-3930-4d62-a003-f58af1c5e52f
6764,caa33287-9de4-42da-bb64-9282bbc22881
6765,83ff7068-3cbe-4ade-bb7b-6d9aee05cc02
6766,e3f9df90-9179-47f5-bab8-a53acb13b017
6767,36e0e6fd-71d2-4bc5-bafb-9cfbe0dbade5
6768,c852b4c0-18c5-4a23-9484-7d51be237904
6769,ef8b9c9f-08b0-41da-bd89-75f02e19ba2f
6770,299c40dc-7264-49bc-9d70-3357013822cb
6771,44569189-d73f-46f7-a02c-47a910bef87c
6772,12ec53b1-54c2-45f0-babc-bbea21696765
6773,c1988416-7e4b-47f0-b928-ad6f0a5e6a5e
6774,29d70a3e-dea3-40de-be8c-23a85893ee3f
6775,7a0da1a2-0e39-40f6-b637-d660415e219a
6776,ea4f3ec7-097f-4b5d-b9cc-d8e210ee829d
6777,0f62861d-ce20-4d95-8d3e-d64bc763cf8c
6778,a60ece22-75e8-47ee-b844-0bf8a49c3c87
6779,21fd976d-b43e-496a-a41e-f96a3e59181c
6780,9c97983b-acd0-4bca-b24f-dcb2aa45d0dc
6781,13d71b6e-4316-48af-9c1c-f0b577513624
6782,de0979a3-1cf7-4599-9c25-10d192ad5c2a
6783,2be1dc2e-b9de-4f1c-8fb7-682a4b9b2e9f
6784,6418c8cf-acfa-4859-8e97-9e6ced09a87a
6785,15f21546-2a54-472b-9c65-ad70caff5dec
6786,2646cac4-4ae2-403d-9784-0d191ec0f9cc
6787,628d966e-53c9-4886-ae31-266d65d7912f
6788,82024d05-c963-4bdf-ba25-de5519559729
6789,6e4479a8-f486-440a-9d4d-052b5270775f
6790,628b7208-8a5c-412b-a481-1decd763fb8c
6791,f1135d51-6f5c-46f5-beaa-515965853525
6792,1ebf96fb-fbd4-4e38-baa2-4562b3cc3203
6793,ac4eede9-bc30-494c-b4d9-8e417bf780e8
6794,6498ce92-1797-4cad-98d7-418df116c6e3
6795,12aad11c-7f22-43df-a183-b5ba4baabba4
6796,75f081aa-ec8a-430e-9757-80ea38f42eda
6797,777d41e5-0588-4ac5-841f-bf3a7871f956
6798,dee49863-a254-4d10-aaf4-7e902ceeccde
6799,8c96d0e4-95ee-4f5b-aa86-5c5256225cf5
6800,f9ccaf55-d150-44a7-ac00-e11893b60428
6801,f1a45a30-c846-4a18-ad55-d8ac67042631
6802,98d529ef-cde3-4004-8ae1-a8dba6d9b624
6803,c742a87e-9f23-4d2f-9d48-ac8abbfa96cd
6804,71d04aa6-9ffb-4f7f-8a47-1c74c75fa5ca
6805,7d7f372c-573c-45c9-b13e-3427212712a6
6806,28cd4937-d91a-4c67-9d01-49c79ca00e39
6807,e993f8e5-5172-440c-9861-1df5098f6436
6808,c30178ed-0509-4563-806a-0d2dfecee771
6809,72045dfb-73fa-4263-b883-613be43fc289
6810,8cbcac69-95f7-4a96-815f-7d02981bbec9
6811,c04f7fd5-ed25-4db4-9bec-76cd589c8755
6812,7ff782ec-e762-457d-8e33-f0b5a004e55f
6813,75b082db-f1f6-49e6-8711-1cafd05774bf
6814,5d67a050-bb2f-440e-8f7a-7fbc240fc373
6815,6603ee82-750a-4814-941d-dcf0d3f407cb
6816,a88d4312-9787-46cb-929b-fd1ff2719853
6817,3c0cfaa1-a332-4ecd-91f9-5bd8ed7cedea
6818,7b978253-9931-4d6c-8d1e-3aabf0f32b20
6819,97c170e5-1a73-410b-83ff-3759779d8cc3
6820,a869a210-7129-4186-953e-8bfb3b49b1f2
6821,609e4580-636b-419c-8b35-ad1e4820a5b8
6822,7894b9ad-56f3-4ab9-817d-fdcaf091b274
6823,a18389bc-3bd1-4911-9473-f09d8120cfe4
6824,22df2b2f-6a06-4098-933d-61597910a024
6825,9b349b55-12e3-402e-9037-ab6f85cdf44c
6826,dabaa882-41ff-4776-ab62-7b1efa6c5024
6827,6d550e14-d186-4f78-9d69-4e59b4717961
6828,fa39dd9c-f585-44c8-81bf-e05116fdc78c
6829,2d61d3f5-9cad-42f5-85c7-20ae3b484462
6830,6bfb9b52-1162-44cb-bf19-4c5779f2caf8
6831,33990b4c-f239-4f6b-bd51-b59f85ccc5fd
6832,05ed075a-b708-4b8e-ad75-c4e50b6871e4
6833,0bae6a3c-05ef-45fc-bb33-d375a248b53d
6834,da92e195-549c-422f-9e3b-ff096722ef5d
6835,37f84a88-eb88-4438-bb78-a446ee98db50
6836,b398186f-ae82-4f8a-9533-6cc3c983ad60
6837,b4377d30-8123-4456-b199-1ee43208781c
6838,64a28e14-c8fb-44ec-9e1a-6ebbd8a86064
6839,2598d5c4-d005-424b-bb90-0360d6c8bbe8
6840,63e00433-d767-47e9-a6e6-05dea7127c0e
6841,f902e4a1-2f51-471c-9c71-9857cb13d161
6842,ab30ee84-3670-4264-b338-119e0f788f53
6843,b2b104f8-10c1-4749-820c-1e9d0efbe250
6844,d9ce2c2b-91c2-463f-bb54-c412d8778396
6845,09b49358-d09d-4661-bebb-60cd07de69fc
6846,83bbeeed-6d22-4dfd-aa1c-1e3c00de44d7
6847,6a651008-7e8d-4149-a265-ec8b091c9326
6848,57150eff-3646-44e4-a3bc-fcbe410f9866
6849,836d2a34-8d2c-4788-b744-0b8f167dcad1
6850,bfcc6824-50c3-4b0e-b728-3b7d89dc7caa
6851,3c0c28f0-0672-4fed-92ee-38f3f9f23b4a
6852,0fd94b63-1df4-46c8-b1db-cfbc2b25d2da
6853,86709164-7295-4406-a107-f6417ff183b0
6854,b23c266e-9511-471b-a676-c2bf029632f2
6855,dfbd2fb5-25a0-4d36-9a80-6a5250f300a7
6856,1e9a1b15-9544-4a10-ba8a-3d3be6a21607
6857,ad36b90d-009e-4e87-a4dc-993f51adf147
6858,b030e1ce-7722-430e-8e5d-a927cac4dc64
6859,ef861b42-132b-41c4-b492-fe9cbf698384
6860,bc1729d1-11d2-400b-b866-4c3cef90627b
6861,b9830b36-4b34-49e6-9f53-e4576135f2e9
6862,afd9ceac-6d32-4f2b-8c39-d06c04a3c4fe
6863,e52abd28-f3a6-4faa-90cd-6933fa4188a1
6864,2f31d83b-7fdd-40b1-83d4-b0fce3919c8c
6865,2b832417-a322-4d06-8ec3-c1d548464cfc
6866,709603d0-f7c9-47d1-a9d6-a73684ccbbcb
6867,4d5baed3-880c-4cf3-a817-8e2626b44ea1
6868,75748395-49d5-4bfc-a0e6-fd62d6f0d0ad
6869,5c3d8457-ef4d-4b60-9eba-045689425a29
6870,dcb5b7ce-577b-45e5-bb9d-3e6b8f51d65a
6871,b4109f39-e755-4c76-b917-046db4e6a407
6872,2a4acf98-b576-48db-af19-3a2d2453a7f0
6873,3d177050-05c9-4a43-9a5b-36a9e035847f
6874,393fb904-332c-480b-9001-9b3298de5949
6875,e70e5c94-135d-4dce-ba62-3db331160bab
6876,7d61d353-91a6-4d57-ac93-cc5f2267fc61
6877,166bc4ed-b4c6-4e01-8e37-3830d9f6e66a
6878,66df3685-d713-41e4-a9d7-358a5c04f5c6
6879,6ee5e4c8-29c7-406c-8c71-65ddabf4e821
6880,e001b2e1-417d-4bcb-811a-66bb35521e00
6881,6d4b7097-f80e-4905-888d-ffc4f31880c6
6882,6800c376-c683-4a88-b98d-a0cbb711a95e
6883,14f4097f-514d-4904-be64-fe9a13447105
6884,37085d49-2ad8-42e3-a3f3-3b53ee1ad2a3
6885,88c8ff53-5819-4683-b42f-ba0e6f58f206
6886,214ad417-0a4b-4901-9eb8-0176dcdcc64c
6887,65240b71-4329-460f-95ce-499875706828
6888,6286b346-c6c0-4bf7-a1c0-ae81b4bd7c3e
6889,c910ea8e-34fe-4c8d-92e7-1772d9f96d5b
6890,11d2212a-033b-4f27-b926-667158c0618e
6891,60e79408-9a6d-469b-8d5e-23d3ae51cfbe
6892,fdb02240-6343-404d-8b4d-5e4762a39f75
6893,839f2724-338c-4814-a04e-ef0dcc3ef780
6894,c556f3b6-858c-4456-b87a-504cd916801f
6895,a5aabbe0-5ccc-4bd8-917c-d3a471296a1f
6896,347e6b57-f10f-482c-930b-efa254b97ae4
6897,b2fc4b9a-a542-4d78-8ce6-19f5d07cebee
6898,de041915-0928-4333-9d1c-aa821916ec38
6899,6b025b87-cb34-47ab-a7a5-01cb569a1f19
6900,f187ac5d-d31a-4c9d-8bb9-93c7f55b9b15
6901,d02cfaff-b45d-48bc-ae6a-4efc01b0c3bf
6902,3067833c-04c2-4436-a3c6-bb0cb7cef1a7
6903,fbc5508a-1ea9-4650-8bd0-ed850ec8d551
6904,9bc1827e-2268-48e0-b6a7-04d87af4fb05
6905,256ae8e6-7c1f-4a6d-957d-f41a1880848a
6906,5f27db02-1dac-4964-8c60-5bddf67a2130
6907,7194b087-b100-43bc-a95e-4bdf327748e5
6908,1f721db5-fad7-4421-acc7-5563dd09a9dd
6909,f6842e03-0e3a-464a-a8e5-2c7544be9f52
6910,ecfc5740-d11d-4aa5-8ff6-a5a69225e155
6911,13c789f5-1e61-4142-a087-2ae0e1b21256
6912,49f0749c-1597-4dc9-959a-cbf1a887900f
6913,ad5941eb-3761-4fbe-9cd6-2fb9cdc5fb2a
6914,96e926a4-4be4-437b-ba3c-3dd1832399b0
6915,f66f542e-50fd-4ef6-a3e0-4de989489315
6916,f6a64aea-ff99-46fd-8847-9a1b688f39ba
6917,2a809b1e-8158-42e6-85dd-33c6cb0d5414
6918,1fb23e39-34c5-4809-9c00-f9509b89746e
6919,bc3af76b-3869-446d-a126-7631c944d87e
6920,7868d111-f3f4-4ab4-937c-a58b7f070bff
6921,875dff29-0c49-45b8-8375-b193f390ceeb
6922,30d4762f-ad8c-492a-b2d2-d46ac048a6ad
6923,98614aea-0357-455a-88a3-a153d4bf5853
6924,24a1a977-619a-4d82-b7a9-abd7a6391b67
6925,51f0dafa-6d16-4a27-a87d-c61705fe92c9
6926,bcbbfddd-5248-4746-9b9e-73d5bb4f54e0
6927,3d6d9cf7-06f0-4662-9df0-b25c05fa2e1d
6928,382bea63-812c-452e-9b9d-f7c62a172b5a
6929,12915c9a-4693-4153-858f-b751f7287cff
6930,099ee3a2-126b-476b-9fa7-813a912df4a9
6931,36c47a11-789f-49bb-8b5f-73d9c314f7b7
6932,508a23db-8cae-445b-bd15-64794a09771f
6933,a7214abd-85b3-4c46-a897-1706296f5136
6934,fa602c0c-ccad-4ded-b87b-d1ecc08c9666
6935,ac8347ba-027e-4c3f-bf4a-51deae5d1042
6936,268f53e0-a559-403f-b612-23077a8af61c
6937,0560b7ff-7724-4331-b2d2-e52fbf0d896d
6938,cb97bedb-c76c-4fee-9463-b3d97688d50d
6939,a8c447af-1259-4b00-8e01-200be930a046
6940,f67e6066-4c80-4297-b40b-331cb956d2d3
6941,1d1ac237-c3d5-4247-ad07-1139de36f0dc
6942,2a80c840-ba8b-45de-90ec-6ea6070b2d47
6943,31195342-d0d2-424c-82ad-3dec3586bdb0
6944,1276ca88-f674-46e9-a92f-6d3ea494e45a
6945,c4558074-a418-4bb3-88ab-aea8ab17d09d
6946,76e0d42c-192b-4868-ab9c-9f333bfaaf59
6947,8581da39-6aea-494f-8d8a-3c0b91be53c3
6948,c3b45923-c647-4073-bd44-a734f3b86349
6949,dd98084a-076e-4f22-897c-3a5170a0182d
6950,0cd8f8ce-976b-419e-905d-1b75021bd5f0
6951,456021ea-c465-490e-9c6a-60129ccfb95c
6952,da7b5d22-5a70-49bc-8edd-bc6f0236fbda
6953,1c2d4e0a-dc48-42da-a4b4-6b494d270b8d
6954,bdba7acb-7d96-43f9-aa67-d6ef3e455696
6955,11e7afd2-c75a-40d2-a36c-b3563a648303
6956,aa70acdb-dd5f-4452-b2b4-ab647517b95d
6957,e468903e-5e2e-44ca-9850-a1f191fd9204
6958,6582d8d0-2a51-4921-b689-55c40e47f485
6959,618d62aa-cf96-4381-b9b0-01520a86d826
6960,e951221b-cb89-4ce6-9bd1-97d61aef8f81
6961,76b18aa1-63c1-4d49-b90f-6a4fc3cb6f50
6962,2b99adc9-9c20-4846-9501-80abf48a6266
6963,54ac851a-8178-4455-91b7-7984432035c2
6964,f806acb3-191b-40ec-a11f-69fdb82a404a
6965,dc3525fd-ad47-4d4b-bd6d-09f9b97d5fe6
6966,8bace78c-6933-4804-a182-b51a48f3ae50
6967,73172cd5-7a4b-4236-84e3-2d4de8699a8e
6968,2294554a-4e8d-464b-93da-ba695483b630
6969,0d882022-1fc3-4bf4-90aa-f567620125cc
6970,89da9ff6-3c3d-4357-b8a6-40e1ba6a0431
6971,5d164022-134f-4758-bac6-42fa1ec2b7aa
6972,37498c5d-8b08-4e48-a582-53c63a096b2a
6973,e052674d-677e-49ab-84d7-e1ea73af378f
6974,08248e63-2f16-40af-a486-c6d50ba17825
6975,4a552859-81f8-44df-970d-8f39631b282c
6976,475d5926-d84a-42b0-9159-2d46da177b5e
6977,42ce0137-a511-46dc-9102-37df3ee7d630
6978,4d8423a3-21db-4322-bd38-1b406242988d
6979,b5207cd7-7acc-4a9e-b143-0b793d3bf512
6980,418a34de-3f20-46a0-b7da-cd8df8c9f05e
6981,5ac71288-8972-4cde-b2ae-4d6c23bc4510
6982,f5efdf86-86ed-49bb-9ea0-7bf83bf617d6
6983,5b446a94-756b-48cd-921a-ce07a6e114f2
6984,d1e84a57-ab59-4dc4-bac7-ee020461458f
6985,55305ea9-ca44-443a-8d23-7988d08520fd
6986,f55e6049-befd-40d7-9a9d-ce73118a47fd
6987,bb05291b-188d-42d6-9c22-00296b110963
6988,9bccb16d-9258-4648-b2c1-a369fd2422f8
6989,87685e80-7ae3-4440-ae44-94a49ea66e8c
6990,e9091aaf-8e93-4803-9079-c101412d6197
6991,d8292947-2874-4cae-9107-e079156efff6
6992,c81fe0ce-a2d2-4401-863e-1125e91d505e
6993,6a082def-1431-40bd-95a7-ddda3122ca60
6994,a0d8dc6f-2fef-4b00-8b28-03fe518d3c31
6995,16174d23-a22a-4505-be97-108b8b1d7441
6996,1ed960e9-0bb7-4886-8a76-69e96a2199c7
6997,5b93c78b-8ad7-43b0-ac65-b40acd69e9cb
6998,e39bb107-6591-4182-8559-d76ed9a2299d
6999,3f997fdf-3c14-4034-b47d-934aaa3cf148
7000,b2a1d820-948b-4ad8-87b1-46ba99d2683e
7001,ffae4e1e-2031-4c23-8c55-fabc9e0f0753
7002,48b04fde-0e26-4e15-9181-f91a35d3331a
7003,6a153b33-a663-42da-882e-9c4c0206745e
7004,a29a4955-9dd7-4934-ab33-a62cab741c94
7005,8c691931-f6b9-4e60-b001-dbb4bb0989c2
7006,99f622ad-045d-429d-9bda-75d266e3597b
7007,01fc5488-af49-472d-8647-125f138b0fe9
7008,459718b2-bc79-412d-9544-868ad79e1eae
7009,e197478a-b0d2-4adf-840f-b29ee99fc6d5
7010,17037bb7-072d-46f2-8d00-7e6b9eff016f
7011,79486139-85dc-43d9-be30-318899d58c79
7012,a096e497-da8c-4347-b49b-796d669b36fb
7013,b44fa9d4-222f-497b-9228-15186fdd4605
7014,bd5a1d6e-23bb-4537-a1db-88b98895a285
7015,39ccfae3-7343-4676-a506-a29615db89d4
7016,84ae1677-517f-449d-b892-8632e9e47c7e
7017,72b90319-ccc8-43c4-8670-26bf07d677a3
7018,2d4d4b5d-9a6a-4384-a64a-a951fc352e05
7019,89bed4f5-bdf8-4b2b-aacb-04ce8ae79135
7020,6124f9f8-cfb6-46ff-80bc-2fb9c8424fcb
7021,66e7ad5a-c748-4d4b-8761-266715a0c7b7
7022,0f683b36-d84b-4569-b59f-85efc230fbcd
7023,13a7df4f-eb3e-47f5-8f10-675cf94337a6
7024,c10ca77b-8865-4f2d-9b5b-defc1de8e7a6
7025,3d31e7c8-5110-4383-9a42-e8990525ce1c
7026,c34c8ec4-9d6c-4d60-9da5-23518eedc647
7027,1d8fab4c-d3e8-4013-b996-1758b8bcf152
7028,448b25df-b7d4-40b8-a590-8b7dc1b4b900
7029,d4bae3b6-fc5b-4dc3-9300-b05c468b6ba7
7030,bc4be000-2f43-4d35-8063-5c378b1f174a
7031,35e7f2e4-5575-4007-be67-0dd99ec1478a
7032,ce12c257-aeff-47b9-b723-32c3dd49f56f
7033,69125245-202f-4c7a-8159-6f2d306fc5fc
7034,ee2bdd45-9228-4caa-9487-2635c100bf87
7035,f76a1479-16b2-462c-b7fe-75af5b7fd6f1
7036,60aa7a21-f590-4f59-bced-81c3f5d7ba86
7037,64669795-7150-4f31-849e-3a28ae033337
7038,4f83b78a-9365-4836-8d50-adf45c1e5938
7039,eb6e6363-68ce-4ba3-b484-59f629097f85
7040,248baeb3-cb4b-4706-a88e-7bf56fef9c6c
7041,04548053-6787-4a4e-a7f9-179ce18228d1
7042,343094d7-032a-4c27-acbf-c84e7616ab04
7043,ea3e5a48-61b0-46b9-869b-3e8f6a5c3439
7044,42d8fb0e-647b-424a-805b-a95d0c4516d4
7045,f912829c-d489-46aa-ae3a-5b29241deebc
7046,e698c879-6aaf-425b-90c6-066dccbd6c53
7047,e3891364-1042-449e-9c3a-3e71ff264d0c
7048,44cc2c1a-4a68-41f7-8996-2f0684115130
7049,3fd02b92-462d-4532-a81e-8f2c35335b98
7050,fa21d272-d7fd-469d-acf0-5a11cc8de7d8
7051,86c87f2a-b3f9-434a-b32e-33c74df84f92
7052,e048f4a6-7a7c-45a7-80a3-9bb9f6799ab6
7053,2fc9e367-fdf7-4c8e-9ce6-281ad1689788
7054,4cbaba88-467f-4bc7-8bd8-af497485cd0c
7055,a8543a57-92d2-44ce-89d7-4f231bbbc5a5
7056,09c412bf-1d79-4d26-a7d8-3f620d667fe8
7057,98527ae4-c2ff-456e-adae-6938f424b79d
7058,e4ad36c1-030d-4987-a867-5f9955d845b4
7059,cdfc2e88-f6d2-4e90-900d-fe7615b9595d
7060,5fb6636b-db87-4130-a4d7-6f88e7d21458
7061,11c96ac0-95d2-46b4-8368-4814a81459d1
7062,a52fa0c5-29e8-42e6-8da5-d64f22f99c0b
7063,efcd1154-55c8-44fc-846a-382f97307d0a
7064,c4fb60d4-3548-4f9e-809e-f6f5265efa9f
7065,182083b8-41f1-4a78-94db-ba9b28447969
7066,fdbebad3-fad7-4e6d-be7a-66ba09499cc5
7067,c76edc73-4f39-42ff-acff-2c3ecf0e53bd
7068,0a424a47-f4a7-4fff-8434-1efa2cd1d3c6
7069,c9801511-00c7-40e7-995a-471e6303b2e6
7070,e62343a9-b2a1-4e2c-9073-f05452ffe081
7071,03ce588a-a7de-4cb4-bf3b-d97ce2f7bd94
7072,438e2d14-cc57-44c7-98ea-5e050d7e4500
7073,f1481e76-f18d-4deb-90ce-4b04a739f8aa
7074,07d4934e-d7a8-4bff-b119-8372d1231c43
7075,61589424-b62c-4423-ae69-495892cca27c
7076,bb80efae-26ad-401e-972e-7e7cc05b6e27
7077,7f9693c5-dab5-4f79-8111-1c09142307bf
7078,7ed56166-28a6-4d2d-b962-8625fddac4de
7079,34ca403d-35bd-4cdc-8f71-b3e74ae7aba8
7080,0ee58760-8cd9-4415-8ece-6ad3a60425c4
7081,9425ef8d-fe9f-4bac-b633-fcc0a0e22bf4
7082,90e7c80e-c648-4303-8b02-2330468ad14c
7083,b4c3788e-5c0e-42df-b0be-b09fffd177c9
7084,9ce04620-20c7-457a-81fd-2f3405cea51a
7085,93b2e75c-f5f8-485c-8fd6-3b8e89d544e5
7086,a567e9bc-60de-4fa7-880c-3674948a34e6
7087,ee90f7f7-2d17-4d9e-8636-e60007a93caa
7088,4b9e0fa9-a789-49d7-b335-d94b9d71ab6b
7089,fe56b7c4-6ae0-42b1-a581-b85f388b6bc5
7090,6822623c-05d2-4516-94c1-cf15e9eb487d
7091,03b7877d-3a44-4251-a9b8-5db25bcf7608
7092,80698e02-a0d7-42d9-b3cb-a1997ba19787
7093,d9d53c81-4c10-4937-a983-e82fc3804d53
7094,5247b52a-cad7-41a8-a811-6d0df6556784
7095,d3fbf623-bb68-4255-ae20-ba423d75f148
7096,6b1fd36d-788d-4a31-a7bc-d8a6f2919ca5
7097,be2564c7-5957-4afb-9dc4-58a04c32729e
7098,49fd9d40-d501-4c80-9df6-6a7ccf2dc9ff
7099,cb81ccce-b020-478f-ac81-61ef9a414d39
7100,c176d6d3-db26-43a6-9edf-674622fc5bbd
7101,71dc1b28-2224-402f-a8b2-d6b82592b79c
7102,dee99bfd-d247-4ac7-a8e5-defe52834329
7103,15ebf13d-3649-4af5-ac8d-89771a9febc2
7104,46e53e76-652c-4e8f-aa95-91d0b30f0458
7105,6b65b4ae-92e1-427c-a617-4003a58c3e92
7106,4c083856-94a0-44b2-b3bb-52a0ace741e3
7107,cae30d6b-810c-4c23-8b4d-26b5b318f5f2
7108,96b390f5-7d51-4cc2-8015-7d5beb037b4e
7109,de773691-69ff-431b-b276-e8debe22dcf3
7110,1712fe9b-589a-4b5d-ad25-44e4eac4fefe
7111,d6c929b7-00d7-4ba3-af96-4c13281e2329
7112,0a5d90b5-bc5b-43cf-87f3-62d1f43147ca
7113,af39b0dc-320a-46d0-a4b9-6993e7a6167c
7114,3323263e-10d5-4fc4-b2f8-8ba964092c4a
7115,16cb2ebf-fefe-4fe9-b751-7f784b9dc08d
7116,47736b86-c864-40ae-a340-111dea31b6f9
7117,b1140436-4269-43d0-8d04-084cc49a7635
7118,e1933434-5029-4fc3-bdef-491f33b39766
7119,9197431c-928b-4d36-89b6-cd8940a51844
7120,af0494bf-7252-4da1-bbd2-bd81dfcf1bf3
7121,797d4b1e-2278-4742-867a-a19e24c9ee65
7122,298470f1-4d80-440f-aca2-ecc80653b0bc
7123,956b94a2-ea94-4230-b884-6e157446f4ce
7124,45434cd9-5c99-4d3b-9d43-32546d1c31fb
7125,a7738ae6-cbaf-4028-9945-de493c4be3cf
7126,3afd7ef5-b708-4d64-a7e2-1bb8d1448672
7127,f7860ec8-5853-4a6e-95ec-49d3759a45a0
7128,ff10238f-0f4d-4f13-b6db-8a9f38f132ab
7129,345e9be3-7327-4371-b33b-cecc0316b417
7130,98162960-01e9-4af2-8d6c-d7ef3df460a4
7131,c2e36ad7-989a-44fb-85c7-133a0989b78e
7132,356f6d18-eda5-44ce-a4b7-29f7018e707d
7133,bdf482d1-0eeb-484e-9d84-91fffa79946e
7134,fd8c1f44-f173-44c4-b9ac-351b29222ff7
7135,85e71c87-7d92-4bfb-b237-81359436bbe3
7136,345ebba5-185a-4415-9bf2-62846545edd0
7137,191839d4-bf52-4c6f-8bfa-c2a83aefaddb
7138,7b042619-2156-46af-bde5-dbcc515a6731
7139,7dc2a7ce-024b-43b8-8e1b-68fb10d798d2
7140,464f1ce4-cb40-43e5-b28e-b994f9a0338b
7141,fee38d87-6bd8-4245-99e4-34cd3a804619
7142,1324cf98-d8bc-4861-84ae-179ffcd88ecd
7143,f56ad390-815e-45dd-9f04-13c96dc39413
7144,fdc872ef-4c22-4177-940a-2c54741103dc
7145,2012e8a3-c4c9-49e3-9098-12888e4f5a0e
7146,c927a627-4791-418e-81fa-15d53919c85a
7147,2c10af87-5093-458e-b81e-826d7c23e54c
7148,6d529225-5d25-4e64-9aac-6d41f6adcad1
7149,92bb5095-6211-43c5-8f97-8c46e7e97465
7150,3e413814-a2d7-41db-a755-3c1503bd3cf4
7151,8ae2303f-882b-45f8-8ad4-c8b772e9c754
7152,9e948e8c-1ef3-4e19-8561-45183c64d268
7153,c0c1ad36-bc8e-43ed-9a3b-50b73cf5a71f
7154,8cc03d61-da1a-464d-bdd9-43b6074bba75
7155,e1524ff6-b60c-4c8a-9403-fbfb62e9fb07
7156,98da89df-a66d-4853-b50a-1258a0d2522b
7157,0008e737-88d0-411a-8f24-fa5bf70ff5e5
7158,52737415-60d6-426e-8460-7a1bb9b3d3af
7159,a2e68fe5-2223-4d29-82e8-d0130082ecc3
7160,74627edc-8396-4876-a94b-f78128abad30
7161,74483169-9090-4de4-bf14-584aaf9aae7c
7162,7562e1d3-6f01-41ab-8b5e-3872d44a1fc2
7163,e5100b0f-4b93-4991-83bb-63f2e011f42f
7164,ab1c7a69-b50a-4901-a9b6-588055fe9d18
7165,d0a3086f-fd72-41d8-9a83-462b851a16cf
7166,761d8c99-69db-4d7f-9f62-8343fc49aec6
7167,58e1264c-185e-4b84-ae9e-44ddb6002b92
7168,cd582059-55b5-47f2-807b-235817271a74
7169,6fd26ac6-a7d4-4fa4-a813-97b2c35aba2c
7170,2636e99e-fde6-47de-8a74-231654bcb913
7171,cb413ecc-7a7a-4213-8522-e5f3de5c4386
7172,42541b14-189a-43b9-a646-941af02872df
7173,e3314136-a2ae-4be1-8b9f-86b6eb56ec06
7174,6160a167-0af4-4792-a8a4-535e2a1c0e75
7175,833c8a66-4415-4cf5-a09f-2d97b063ea6b
7176,d23c1ab6-6218-4c24-bd75-d21103c1e4fc
7177,fd50f393-9f3e-48aa-8dbd-e66e232a85bc
7178,b280f1b9-a590-4131-9d6d-280b4564c585
7179,d842cf55-afe3-46b0-bc8a-3962e297c4bf
7180,56688408-1af7-4be9-8f20-64a9649eedf2
7181,54eee0b8-c535-414e-a024-7341ecb1b77a
7182,d6ffa879-d2c6-4683-ba68-97437bf16459
7183,9d76e77d-33ff-4f7f-93a6-d0f7bee85111
7184,6f8c1983-f08c-4f38-ab3c-ef6c50aff882
7185,6f4e9d50-2540-4466-b7ae-57c12fdfe328
7186,7a46bd0e-07b8-4eec-9a13-31ff879af510
7187,22826b1f-4802-408e-b9b3-a3f8b9d217ad
7188,7958de30-cd07-4b08-bdec-c1efec17e3fb
7189,25fa5eb5-13a9-452a-b0f2-74c0cb6c7c7a
7190,bcffc934-90b8-43f1-a5cc-f4d746386524
7191,24a1ef61-ab43-416f-8c71-c79f4cf4cbf1
7192,7e1db876-3358-429f-b7f3-690a3c48c36b
7193,7ca5f61d-1131-435e-814a-c2372a26ccf9
7194,3466083d-a929-4a3d-8916-a0b39a3fdbd4
7195,de640854-a503-4007-aa51-0a7dae3a085a
7196,69a276ca-b269-4631-8421-1ec390e8ecd9
7197,75caef0e-6d74-45e0-a0c6-382fff44221c
7198,3448058c-0c8d-4fa6-97a0-c7027f014da7
7199,129d6105-e625-4630-9c47-a0caf350c355
7200,41a439b2-dc7f-42c9-81d5-1acea7dc1fd7
7201,eb9feb70-aace-4f11-919d-c2b0e294a91b
7202,23094dab-a5eb-4ad9-b4cf-dcf9c7f4b6ef
7203,bdf6b58a-9961-4503-96b0-c980702c5135
7204,79ceac7d-e3a3-4539-981e-a20b8f684733
7205,2a75ae2a-8c8a-45da-b153-e2561341fd61
7206,024a6e01-01aa-4663-ae10-41710a0455cf
7207,fa802280-4843-46cd-9dac-b0c1a9c6392d
7208,95e1fd83-f16a-4cb0-b05a-c7c2325af934
7209,09a124bd-9a4c-4dde-a79f-296e7426e685
7210,e1819ed6-5af7-44a5-aed7-f59600f70fea
7211,feb37a01-0741-48c5-8851-f7b50b64abc7
7212,4e177e16-4b99-4491-ae60-345508a017f9
7213,ea1b92c0-312e-44ee-ac11-4dea87c7e2fa
7214,505ac337-9d93-408d-bf12-3b1858eb2427
7215,50fc1980-1834-43b4-ad8d-7a7d2c1e818c
7216,56edb4c3-c687-40e9-91e3-c4e702586902
7217,e9041963-61b0-4690-897f-18b46fde4617
7218,4422cb92-5276-4b43-884f-e701927ed58c
7219,f2f47ca5-9f68-43d4-8618-1f25e593c4f9
7220,075bdfcc-15f9-40da-affa-778271ad01d5
7221,84cbb906-1df7-4b3c-8b23-e26eb90bc3ab
7222,e6b74a8a-b347-4b74-af9e-43d93a8a436c
7223,74032434-8a6a-4a14-a60a-d56f44046f07
7224,19595248-9b34-46ce-8c28-7b4d13041d47
7225,55096cc3-4330-46fc-a518-421b043e7f76
7226,6e951972-bdbc-4466-8cad-5108a812836f
7227,84b66c79-0b4f-40e0-adf7-1df7d392dfd9
7228,66e4a65a-c54c-4401-b955-70c6ecc9cc0f
7229,26f95b27-2486-4bcb-a6cb-b5db4a1fab4a
7230,b3ae7cbe-080e-45c4-8f9b-8adae3faad83
7231,9df32fbb-b8f7-4cfb-977f-1c2151395a14
7232,1bfb0fef-c6d6-4604-9fb6-6274f3d9547d
7233,6c65a935-3056-4bdf-92ea-5520f42c6755
7234,8e3603ff-430b-44b2-a7aa-33d7706cce20
7235,617cf3eb-a43f-4e07-b20f-303c7edf4790
7236,78248187-7844-45ff-9eb3-1607a0ec43d7
7237,7a5bbb8a-32cd-4bde-886b-c1a774aa89e1
7238,265a714b-6445-42a0-90e5-cb4dbb4d11e8
7239,07225cb7-0fb5-4120-81e6-ea741a0acac1
7240,ed234229-1a10-4783-9047-c10a0eb1672d
7241,6691face-474b-48b3-88b5-3435fdfe5c22
7242,54e838c5-2261-4972-bf61-5c58e8adc5ce
7243,1779c64e-1201-4175-9bbe-bd4f96b9d577
7244,3d26ea27-ee91-4473-a609-db8cda7ca17d
7245,812bda5a-781d-42c1-9423-d1c4826d9172
7246,e375d611-bf81-41a0-a9c8-3fcea1db95b9
7247,ffa25350-2c3b-460e-b048-e4d2164546f9
7248,dababb05-fef8-455b-969a-34b031165c39
7249,e43b498b-60e0-44b8-ae63-3713256df8e8
7250,cb508704-e3d8-4534-b99b-f6deec5eca8d
7251,87b95ea7-928c-4dc5-9ac8-338656296b9f
7252,563e53b8-d1dd-4adb-9a8e-5bea90316fe2
7253,24fdf210-0c14-4dea-9a07-38171f168aca
7254,c06231ec-1030-4bb4-90d6-2589ef6197bc
7255,5e7e0db7-9b4e-438c-aca0-78913b560e1d
7256,990bb2cb-eda0-48ed-abdf-0762d69d7705
7257,f86bc566-2c42-4c6d-b1c0-f4451dba24fa
7258,a58a22b0-681d-45d1-8d15-d8bf5f96b572
7259,62ced53c-a4d4-4e75-91ee-4def3772b4c3
7260,aae841bd-67ee-44d9-87e4-2bf54562e58d
7261,4ced577d-5cbb-453d-940f-9bc661860de9
7262,277c8ea5-8954-4463-8033-94224c359f3b
7263,13f33d22-adfa-468c-bbc1-4df9b6c73c22
7264,f4a33b75-25a7-40a2-975b-4e92fa267a3e
7265,97f6ace7-a513-42f2-b097-6264c94dcb5b
7266,b31ffaeb-15f5-452d-8432-1d4dcaeca7ea
7267,a009851f-45ee-4345-a375-2e327ffeb379
7268,ea58388d-024c-4739-8bda-6bbe2b8849a9
7269,e5c72f48-2a4d-4d36-aeeb-7e881919a8ea
7270,dfe69f7e-af71-439a-8927-bcd20118b62d
7271,67038d80-42b3-4f6a-a762-e40ac194fadf
7272,6d1c287f-873a-4b25-9959-f175527dd602
7273,e1b7b758-b5c9-4c97-b2ad-1bdfc1f0b2c2
7274,c2fa2f10-699b-4179-883f-add099539e13
7275,9a7ef098-f63a-4139-9e22-2d26e657f405
7276,cbcd392c-8e2c-4ac4-a67f-335742212b2c
7277,053d4508-f115-45e3-8b9b-287c5b3fadd0
7278,b7ffd4b3-b81a-40d3-96b5-abc64f293a7d
7279,cc5708bf-853a-467f-87dd-a4b5ed499b45
7280,d8558f9c-7146-409a-b977-1f1022e5be1b
7281,ce68ed52-7981-4384-8584-c2a61d9b64f6
7282,f8bf28b9-a3b3-4790-a332-ae687cd9cb2a
7283,a1695790-4fbf-4f88-8876-8040083f47ea
7284,4bae319e-0358-4628-91aa-c93fbbc6163f
7285,a5f15cdb-bf88-43b8-99a6-90fe34b743f4
7286,bfcd0263-0f78-492a-a9ba-0ae39478dcd1
7287,95fec359-3992-4b10-baed-bd1afc2ba91e
7288,861a904c-3c9d-41e5-a06b-f7425a96a01c
7289,718185d8-c695-496d-8d55-48fbdd9c7d65
7290,3d573171-3e17-4b35-9a6b-1ec8ddae9cc5
7291,360e98fa-89be-4c60-acbe-6ead9a8830c8
7292,b6504363-e2e9-42f6-afc9-1ffc99b98b50
7293,f8fd4c81-e5dd-4275-9cbc-154f5cc9f207
7294,6723d1ea-01f5-42d6-b347-b3b8931cdd17
7295,2d4ea08a-c6e5-4eab-ba52-fdbc84cea4f3
7296,f4fc1e91-f8a7-4815-96c6-bbe37d7ed899
7297,d1d2de41-9548-48ba-a8df-c7dc670edd58
7298,8166f605-639f-4c2c-94a1-4e8f2d567b56
7299,e566062a-df88-4f54-adf3-628f8d4c011c
7300,f27a2cbb-4ba1-4d4c-a7aa-49e411474786
7301,f8b17444-a05d-49dd-8645-8de61d8d400c
7302,54c29094-a814-425d-a27d-b6276e627e2a
7303,f1a3521f-54a7-41f5-ad2a-84fb19360688
7304,3a1f69a7-7ec4-42ef-9f8d-0dc0daa615fb
7305,97c87aad-fd6f-41ef-9279-c7657d8071f7
7306,1f94871f-6605-487c-bf86-4d61050a104d
7307,0da5f426-1764-4adf-936e-aec587acef0c
7308,54e52372-4419-4b76-adac-9b86fea67a66
7309,6873aea3-495d-422c-9c31-b10467fa0441
7310,611acd3d-b055-4dae-afbb-ef8a29bf6351
7311,e3c6b9a1-013c-4abb-8593-a5779c2d2375
7312,32baed58-55dd-4557-bddd-9f8391165914
7313,e0b7bf83-5f38-443b-b636-6955b4cd4666
7314,bccf1469-4c82-4171-93ad-3dba84301543
7315,7911f4df-d423-41a3-8aeb-f1256f98be6f
7316,f3c451fa-cf73-4896-8835-bb7643518205
7317,59b5ec92-2d6c-4c0c-91aa-701112501a32
7318,ebb5272a-830e-41e6-b60c-4484591d1981
7319,ab5cb05d-a326-4727-9202-fd2c7e992968
7320,36b0d109-8bbd-42bd-8147-bb4f9b91d88e
7321,a574f9bf-d19a-4ad3-a560-b24a558eea6c
7322,8f97f4a3-1d71-4535-9316-98cc557871b6
7323,10028b29-ab82-47ee-839e-a9c58e07e951
7324,13a14ff3-72f4-46d7-99c3-27885ff5c082
7325,442e10f2-842b-4856-a99b-9a0f2ec83d11
7326,1966550b-5eee-4848-b8ff-10b7aa7a63e9
7327,a4639f0e-be58-433c-92a1-5d4dc655f2f5
7328,465d5c8b-74d4-414a-b00f-f4521b333db4
7329,a58e1834-7455-42f7-bea0-8599c66b84fe
7330,8b431720-99d9-4859-b76b-1b1ada755534
7331,dfa5eb10-654b-4564-bb40-d94f1a9bebc0
7332,e70ce36b-71ba-4814-8985-72a7cad80ccd
7333,703c3037-55c7-4932-ba27-4ac78d2120e3
7334,09d26c24-0f4f-4128-a51a-64b17a9c48b1
7335,ab02f433-88b5-4559-b815-03f56950c8cb
7336,2c031a98-6244-4339-9d40-a5c062c34c2c
7337,439e03ad-8fc8-4778-bf98-4824c93001a0
7338,d2668d44-d3c8-4720-96bb-817c2e0f8a00
7339,a9ffe17b-ae6e-48fa-afa3-6b7eae40fb59
7340,a45b1660-12cc-440b-b076-570f0d33a457
7341,40b421ba-0b3d-4f81-9c17-a81ddfad6b67
7342,29e7aed8-126f-4035-9cc3-425b7fb831e5
7343,57734ca3-42b1-4836-a9f3-1b97880df8a5
7344,5f91999c-8b0c-400e-a17f-7b9187b918d6
7345,cdd74e5e-74c2-46a8-a0f0-79b73f5979c1
7346,48afa04c-212a-48d7-a491-f694c1e9ddd5
7347,a170431e-6a28-4565-b6e3-6dc07f340160
7348,c757e2e0-9593-491e-9b3d-800f11a082ef
7349,9b865c61-f6ad-460d-ac69-0a1d63e36336
7350,cdb7bdc7-ecbc-4724-8f0d-d0dd3194d809
7351,24df5e73-1d23-4e80-bebb-49297e0b23b0
7352,5e8a3a83-79d0-4c11-b7d1-4b1c79924d5f
7353,3c58621b-2137-44d7-bd55-51420a53293f
7354,c5c2cb30-8952-492e-9abc-10a7355dff02
7355,f686e1aa-e5d6-4cdf-b9bf-eb184928b060
7356,add39b80-7b9c-4dda-beb6-b0c20f5697a9
7357,a0dc9479-7021-4c0c-8af6-e49443c367f7
7358,e1a42a0d-e999-475d-a6a6-0fc6c5b4fc94
7359,dff903d4-17b4-47c8-938c-a81dfa9f0785
7360,746b5071-3e5d-456f-8d98-d0bbbe5677e5
7361,b614c3ad-2713-480c-8530-55cd545aed20
7362,c0514194-d690-4e96-b81a-4e60a2c81f28
7363,f0af06fa-b0e3-48c6-a70c-906c24253092
7364,be111297-c61d-4f95-9368-fda32c6b2ef0
7365,d92c206b-b3ab-4182-ae88-55fd7ef9adc0
7366,b20d2669-caf2-443e-b61e-83fca97e7a19
7367,207ef259-2f24-4cdf-9aec-a43e407d218b
7368,82b79710-2207-443c-b338-73dc28354bac
7369,26363005-abaf-4322-a48a-61c0c0fd136c
7370,b4404e6d-6d64-455a-bb5e-0403defb52b1
7371,2c1e24ea-66d8-4925-b01a-0d2ad3930fda
7372,f1fa8324-272d-4e62-8f62-537a4000cca1
7373,3b474d10-4046-48af-8d53-4da0d8ee83c3
7374,39817dc3-d0ce-464f-a946-427bde8ed961
7375,62281bb4-40dd-4e58-8693-c0eefe0d0057
7376,3bb84ef8-9637-46af-82f4-ed1bde7589a6
7377,f13a8b4d-cc6d-46ba-89cd-693ec4fb6f27
7378,5224b0c5-5068-47cb-8b35-daf03dddd837
7379,565ea97b-efff-4751-bd5d-f31f8420ccaa
7380,97216e54-4a1d-4db8-ab4a-bc5937ac0c0a
7381,be58cec1-7cf7-4d19-9a7b-4ead4e142da3
7382,bee37a63-f613-47a2-9d46-4a3fbbddf01b
7383,e929cc47-901d-439c-a8ba-d28a9204d651
7384,2b5d7d76-1cf5-42ec-bb71-2d5846ee3758
7385,416a486f-95da-4bd3-9906-61f4872a36d0
7386,9a36e4cf-f098-4e54-bfaa-afd2b5dc046d
7387,2bd5b6bf-63da-4008-befa-1676cee2a4db
7388,c323575d-7897-4fdf-a85a-fd3ee129b0cc
7389,e0cd71f1-dd42-410a-bbc2-a8360d4d2835
7390,4d7f99af-1288-4d58-95d8-fe415759795a
7391,5c138862-7b53-42d8-8c5f-e44b49ff7754
7392,31e89f87-cb76-4c3f-8031-d0aac7f1ef34
7393,f6ba12cb-3580-4bdd-bbff-2e0ad3ed130d
7394,f4a13d68-21e2-4e97-ab4d-437c97ccfe33
7395,5b412d93-d8ec-405f-aca2-199fc0148d5e
7396,6ca3e7d5-01be-428d-9f89-eb4e61ad641e
7397,46091004-f6cf-4ffc-98c6-20ea263c3608
7398,6c27b4f6-f8ca-4ba3-a4bb-bb9274517b09
7399,d2226beb-4b33-487c-b92a-7697cd227633
7400,cbe6364b-a649-4ac4-beae-559f1d93791d
7401,8ab92801-e6f4-40e1-ad24-c84d0b862989
7402,5327ed28-4e18-41af-920f-c24a6578a252
7403,5358f8b1-336c-4239-b49b-977a653f3bbf
7404,90fba264-d4bf-4ece-b9ca-8860581ca872
7405,71cabebf-8964-4b91-8a0a-dc54c3a6a54a
7406,64a0f425-ed7e-4d5e-82ec-b39c2f6b4a0c
7407,b4d91cc7-9bf8-402d-abe1-127e6d9251e2
7408,a83c025a-5d7f-49ae-98da-04e023a6f146
7409,802f6923-f311-400a-a027-96334ec1ac9f
7410,5ea0f7f5-7a89-4def-8fcf-e28760899752
7411,fe018f68-665d-49b1-9b78-dea8b7a3a45c
7412,5b0d3cf1-a403-4aeb-98ea-e86fdff6adac
7413,862ea931-e521-4ab2-9b3e-d26ab6c18d22
7414,7aa3b8e8-b268-4f4e-a883-dcf12ced3d1b
7415,37ba5940-9d60-4b9e-a3d6-86f54c0f35ae
7416,0758a7c2-d5b1-411a-8ae9-d4147b21ff83
7417,bb8e7198-ce72-410a-b101-273bcea465de
7418,5f168a7b-fb84-4c69-b6bd-59da1ce4b0ab
7419,00d126ec-a5bf-49df-80bd-4181fcd67d7b
7420,4e4188db-9703-40d4-ab3b-3c0154e5ebfa
7421,012fc4a1-b441-4178-b78c-220ef171bc5d
7422,98f3dfe6-902d-4850-95b3-89dcf9c3d80f
7423,2c5f3f3c-db01-472a-b6bf-9c8c6b3d85c3
7424,c183d1ed-8207-4794-be8f-3d17d37a3150
7425,84b599a0-2802-4622-9af3-99047a5f84df
7426,f472adb2-237c-43d8-ae9c-86903d956e80
7427,8c49d024-f9d1-47ee-a64f-5344efa33c1b
7428,ca0b4151-2a94-460e-acf6-f75e1cb62d46
7429,8df1e519-8e30-4a19-af28-a6abdf4c314a
7430,136181a6-5cfc-4460-9a41-201b6e12d1db
7431,4c58674a-f753-45fc-8b15-4026322783d9
7432,ddd8baca-4334-49ee-bb4e-9dfe7ee82e25
7433,3344813e-a2f6-4330-b644-b91629ba711f
7434,3731c2e3-4f6a-40c2-8e8f-98586526bc5f
7435,9c9fcc3a-11c6-4e6b-b7c9-defb59936656
7436,2a692490-116c-4ab2-8758-93db68db67c8
7437,44c66756-ade1-4e17-9427-6382718d3a41
7438,8237341d-d9ab-4e8e-9c03-dd6e809b7fb6
7439,94af493e-2698-4708-821a-e44007268776
7440,8664dc53-3737-415e-b1d5-00c9425abc22
7441,bbd25aa5-9eee-4a9e-be03-cc19943f37d9
7442,60871761-cf69-46eb-94e5-04084213a14c
7443,ee377986-e1ee-4428-9921-4ad7657e75e8
7444,7db02380-f8a6-43ec-a7d5-1216b5b14db1
7445,a5262bec-fc81-43fb-b847-2fda0aafbc6d
7446,0398f10e-8f52-4177-9004-078bca0a53dc
7447,df833aa4-a5d8-4b93-8e85-9f10cd825082
7448,8ce69e7d-0318-4488-9f8d-f6276d8d1ef7
7449,8b6518e4-9211-4d30-be15-de2a090bda18
7450,a3da3335-ca96-429d-8cbc-0cca4a49c660
7451,9752d482-b984-4667-a919-88ab0b7c686b
7452,76c4fbc2-4ecf-41d8-88f5-c3b830079219
7453,56ec88af-839b-4ed1-bd0a-dbaf23db93ec
7454,14757db9-3bba-43aa-b2f5-3c4c64dbf368
7455,4c1af3d0-551a-439b-aca4-dea61ed3c6df
7456,f6d47daf-b771-4674-86f3-e46bd6f30b14
7457,557cf1bb-be67-4d35-a9a9-9e98433ef26b
7458,7d70d349-6efd-467d-b282-3c6d3f6585fb
7459,219471c7-bf74-4de3-9afc-0aacf1985d22
7460,8a080c29-2986-40a0-ad3e-09b6156c3877
7461,f1585130-697d-491a-9174-5c9ac7bcfddd
7462,584a195d-3386-4368-9e9f-bd4156f3b097
7463,16b2f3d6-31a8-4c0a-a617-cf92940a3ba4
7464,d8848cbe-f700-4bfd-8f84-675187ef97a4
7465,beb19b75-c4f6-48f5-94da-32fbbe77c388
7466,70d4af32-a315-4f29-8568-2d9b61dfd5e1
7467,d70ed54a-7db6-44d8-b292-235ff5aa675b
7468,51cd4b0c-2b1c-461f-8f98-4a8495fe144d
7469,04d3432e-de38-46f0-afb6-bcde95b12ca5
7470,4cab0143-8f08-41bc-9a11-c10f114d0f4b
7471,096cd88a-7759-49d8-9c54-2ecf01d60a24
7472,3033793d-cfd9-4ac0-abeb-cc60c11ac4eb
7473,de40ed9a-703c-4736-8593-8da254d0fd48
7474,9124b928-bb6f-4292-82ae-9660dd033a4f
7475,3f4503cd-6c64-4baf-813c-7b1769be663c
7476,df6dca77-32fd-44b0-aae6-765373d3c7db
7477,586a511d-27ae-4002-807e-64ba1ca54668
7478,ca01a23c-2588-4134-97a1-512c5446d0f9
7479,a3b5e0fa-2251-40bd-92ac-b98636a4a542
7480,232c0e82-a2b9-4304-b70f-f7708f178eeb
7481,0dba2b82-c1f8-4149-a1fb-01fc14cef077
7482,e5a0da20-ef81-4d4f-9606-b42845e463da
7483,1d5bcb61-a8f5-4ac6-9644-5365bcc3af4a
7484,892d0efd-21b6-4b5a-8f2a-18db33175867
7485,a9ae37d1-75f5-41c1-b70f-b4e99b032742
7486,462a1691-1a9e-4d30-8400-e865c3146160
7487,4068661c-ef50-40b0-a16e-ac7657318fe4
7488,216e5c97-b1db-4da8-97c9-5c5d8e36a9ab
7489,3889c925-f67b-4dd5-84ef-cbdf1b7b35a2
7490,66920d8b-b9cd-4200-8c9f-69d07395d36e
7491,9a4f16e5-c0d7-4c52-9431-b75e1298ede0
7492,863e5362-19d9-4958-8f82-802fa4363200
7493,a855060a-c427-45ee-85bd-c5597b3a9609
7494,9dcf34a5-7019-4fc5-9ee3-547d3dd3fcaa
7495,2e382c54-f04f-4105-bfd7-b63e4c59ad37
7496,e1b8d907-a730-40e1-b789-b45328f5acd3
7497,9dfa5645-6fbc-46ab-8fe6-bdbcac2e583b
7498,09f347ad-cdab-4100-ae52-1b799a10ddbf
7499,6a33e5c3-d42f-4433-8f1f-6da0727ec8a9
7500,e024de92-18d1-44f3-8c76-f6b9182463e3
7501,cd4d1fd6-2f2d-4801-84e3-8a5fced253dc
7502,a186eaae-1ae3-438a-8c29-e9128d1e000f
7503,88bfaa4d-a097-4620-a767-2325d285dad5
7504,10f8e9ad-375f-4639-a315-93ae81f20b96
7505,d240351d-89c9-48f4-a5dd-3bea67898bda
7506,b0c71f84-6476-4102-8dfe-395f61f2ca2c
7507,fc68542a-aee7-4419-be6c-b88577465f58
7508,f46f582d-51fd-4606-86f8-2950e75d6444
7509,194ba025-a713-4d88-99f4-bd0b66d3b77e
7510,65a865a6-43d0-42fa-9d92-26137b0f72cc
7511,08a68a46-4b29-4b73-83ca-53a1f3c66ddf
7512,26d33ba2-f0ff-4405-9749-7fc629a3d8d1
7513,974edec8-de68-4bb9-992e-d46c472876ef
7514,a14b5d54-1d2d-4f86-abbe-17f9f75ccd55
7515,b248b095-a999-40d1-afc2-041a7d1c8a0a
7516,cfd79f73-858c-44e0-ba52-612a9545dd6a
7517,b03fc8f3-d312-4384-8903-53671512530b
7518,a02ae1cc-af5c-4708-a427-93aff921dc33
7519,2388e881-1359-4374-bc35-abe2f48d85c9
7520,336bdb6e-7ec9-4ada-9ca4-5bc29e8750c7
7521,545a8486-afb7-4e59-aeee-bf2904bf6ae0
7522,9186c1af-2a19-4e99-9cee-fe722283a043
7523,ae0714ad-cc43-4081-9e0c-795416f92b28
7524,3f3822dd-35b3-4afa-807d-22ccf4e94c06
7525,f50bb707-e633-4cfc-94ee-90314d2c99ce
7526,0b163a35-1112-42ce-a929-7fb0c6294545
7527,4046a790-0051-48e0-a121-618a2cc37d55
7528,aee7360d-04ea-4732-b792-c8e77320e23d
7529,7e2e74b4-ccf0-4a31-b2b9-5b9315457bc0
7530,661a0209-02ed-47ca-aed8-d696064b3b6a
7531,d64191ba-6722-421c-8c23-3677e879c16c
7532,557f7305-6bc5-4349-9883-700220619142
7533,e5ac8c91-7998-4e04-8ac7-6cb74eaea9cd
7534,acdcb2e0-22e5-45e8-87d8-a93a1811fc25
7535,00521e3f-60a4-4a16-ac6f-8f75b6627880
7536,72ddef44-fa25-4dd0-8f94-e9106f1925ca
7537,91ccf4e6-7827-4fb8-bf30-24295dbcd3dc
7538,2672b374-90f3-42d8-8f65-19d3c42b72c2
7539,e75e2c7a-cb90-47a9-a610-c9c399bd2321
7540,9c26202e-e33e-420d-bf1b-8abccb3c35eb
7541,600f42fa-abe0-4771-8709-848a0f540616
7542,da484c75-72e5-4761-a842-b6c985395dca
7543,57970821-cd0e-4c01-86a6-e505102b421e
7544,9c98a42f-1118-4e77-b635-d53a24c09ed0
7545,ae266580-5b5f-4e75-93e2-7b18e3684c10
7546,9dfe6598-4050-4495-b906-75c941d07698
7547,43dcfdc4-3b39-42e6-9a8a-f3ed85178a73
7548,3c910c9e-bf80-45e1-b94a-9190827297bb
7549,91733a19-e488-4a21-935c-d71cd781628d
7550,95b5bc3a-2ba1-407e-907e-b6fdef50d0aa
7551,e51db3b4-f94e-4585-a8e2-2aacd3d7eb93
7552,0aced165-9deb-4185-800e-26e3d98ee566
7553,851300ef-b850-4a5e-be95-83b5dda16a4b
7554,d2c93a3f-84e8-4fe6-99aa-e9001f182554
7555,22ed459c-7d04-4945-be46-ca1a1e0014c5
7556,f8a507d7-c31a-4a3f-aca9-1cc0f81e607c
7557,08c34be9-ce5f-4d45-9cb3-67531d796a8f
7558,3286c805-743b-4726-8188-ff0caaf8f22a
7559,4be20ad8-b108-404c-bc90-5fa8d64549f5
7560,bf47284d-35b9-431d-97af-3d1a866fe81b
7561,e13c1e62-7c23-4364-b999-2f858e69f545
7562,50272abf-bbdb-49fe-a285-25752b31e0e1
7563,a6d603e5-fcca-4484-aba7-97b1acfec0e6
7564,95acdda2-2c5b-4841-aa37-b6233343423b
7565,79e8eab8-379b-4b7e-bb3e-d84014cbd1c1
7566,5b42f03a-9692-435d-ab97-4ebee5564bd4
7567,3d2910ef-8a28-4e66-a64e-23e9ec72c7c9
7568,c1c6ee87-5541-40af-9ae3-4437a51850cd
7569,d6e9264a-90b0-4dda-9068-45472aa5e99a
7570,a3b2bfda-fb99-439e-836e-2f8cd2e7d211
7571,b7b70705-4891-48bb-92b8-f4ca89eb3e54
7572,888a5ffd-cc0a-4385-9ece-2571f717f7ab
7573,61ba428d-9c32-4904-aa46-aa04b173324d
7574,a04549a9-324f-4f8c-8bb1-b23002fa36c9
7575,ff7b82d5-a6cc-4cd5-b25a-f5ed94debc9c
7576,3a38c568-2963-4b28-8066-dccd0b7b3ba9
7577,8b7cd0f2-1902-44a7-8500-4b1a9b47f86c
7578,09020963-083a-4afb-a0de-4335e16c2ee3
7579,5c3858b6-db36-4ebd-89b4-9f9d52e3b964
7580,162a29a0-ccb9-41e8-933f-c879d2c04597
7581,edcd0ccf-ada9-4d5b-a6dd-f477902035b1
7582,517f27ef-1fd0-458c-bd08-da2606db53f7
7583,6dd81df0-733b-4ef4-94e9-0983d6a1900c
7584,a4b9fbb2-8708-4697-ae49-6594c7875443
7585,297b9c47-999b-451b-9f67-667b968f7322
7586,a37c028a-3988-4fe7-885b-921d96e69257
7587,435820bd-47da-4ff7-9556-5999d8004e24
7588,e5c5329f-4172-4af0-83d0-a366fb7cdb2e
7589,f42d1419-bb3a-4e31-93c7-e17d9d15e6b7
7590,332a5b87-5077-4aa0-99a0-365aacab458c
7591,ea2ebfd3-2ec5-416d-9b09-d6a0467cfbdb
7592,7e833f77-3062-4946-bea7-b23c2252ec28
7593,7378abb2-3c35-43e6-ac5d-1aea32f83640
7594,199b32f1-b00f-46d3-8078-e5802e6be469
7595,065cd7d3-dde5-44bd-89ab-3e82feb74b66
7596,e4cea2ad-c9b9-413b-b83f-395adf9f9278
7597,685bcc42-d1c3-4346-bdce-067625562d99
7598,e193fd5c-98f7-444e-b943-32ae1951894d
7599,0aa186c8-5c8a-4407-bebf-15b4aa48fe0b
7600,285dcd4a-e1eb-4d43-abab-6bd22225367f
7601,29d35010-9b80-4945-a350-2a6fe597d7b9
7602,726de5ba-7633-4bb5-a70b-971a220c03e3
7603,ae07ea11-9276-48d6-af24-75b75905d809
7604,d1725fa7-970d-486f-b32b-a845f6506afe
7605,90f191a4-9057-4f80-b285-87e77473082c
7606,7240f525-6628-47c3-8fed-021237a24040
7607,bea514e4-0ffb-4ad8-ab92-e3425a75edb2
7608,2e80db40-1a20-46e5-83ef-0784af3bb492
7609,ea349fae-58f6-44d7-a574-9767ddc42c93
7610,31add384-0060-4fe4-a274-99343bb7cdfd
7611,ef4d6093-354a-48ea-a206-fbf9ccae64a0
7612,b70353df-0bb2-41e0-9546-cdbbfde38da1
7613,efc33994-f7f7-4cbc-9777-3eefc2496b43
7614,196ff487-c43f-4d14-9deb-597791006e38
7615,396e5cee-4b1f-4058-bafc-7411a9aa3641
7616,06275c5b-2555-44f0-8663-e8910f9ca088
7617,b91923f2-2a44-4b86-95e6-c9829f70d003
7618,a6cdbe1f-40ed-403b-911b-27b57c1482ac
7619,cb387240-fcfb-4f07-a85d-6285667609d3
7620,a89d4b34-cbe4-4615-b2df-500df24fa705
7621,9303a2f5-032c-4ad0-bea6-76c21efac61c
7622,3711b369-a78b-4e79-bd41-d8da27040fa9
7623,0f72778a-6b42-47fb-97aa-b1b97f9973e2
7624,0609c63b-863d-4ef5-8342-9da9b1899c6e
7625,d6da2965-4f50-43aa-887c-41ba482e5baf
7626,37754821-895f-4720-a815-0a5faf2daca9
7627,ea005bfb-f0b8-4e8f-924a-b76f8d63a9ca
7628,2d8bab18-306b-443e-a7ce-2a89715ce9a7
7629,dc63ec15-1e78-4ab7-81bd-19e65ab35614
7630,1dba8105-1abf-454f-8b92-008dafdbbdce
7631,342c1f28-ff8b-41c1-989d-88f5a3af25db
7632,88a78900-e63d-49b5-89f5-d04f4bde2b62
7633,3ea30c16-c653-47b7-bdfb-103c0fdd3053
7634,66d54177-9a0f-4a2c-95a6-c994decd90b2
7635,8db1d883-3e27-46e8-bd03-d5da7ed0fc61
7636,1796febb-737f-4e0b-b06a-d30081a0da27
7637,4d7839a8-f71f-47b9-b17a-45880759cf8e
7638,b6a82bbd-3425-4098-a759-68605641dac9
7639,e4a5265d-4a9b-4bd6-a895-29c444d15941
7640,86e519e6-f8ce-4b74-acc6-619f51a5c984
7641,c44415a7-a440-4f6f-8a1e-b7fb4bddf8d5
7642,bd823959-24e5-4db2-92c6-fa933d764a95
7643,db892520-8f86-4996-b03e-ae302194e1bf
7644,1e81f14f-c868-42fc-a37d-ffff2d3310fd
7645,87f24c96-0cab-4c4b-aae8-a4c1728e4174
7646,75fb9337-2fd8-435a-beca-a781c3d84ae6
7647,4b36c348-7fd1-4842-81c4-19da70344a67
7648,6519967e-1355-4659-b4d5-c47084a61394
7649,ab4c64f7-2c16-41ff-a352-58e37dbf1d01
7650,cf67ea60-f07c-4ab4-8890-7401a1051b36
7651,24325684-99e6-47fd-ae2f-d8c664bb7c27
7652,28f10cb0-78bb-42cf-9d5d-e9ff24f7ff98
7653,af6dcd2e-c19d-4bd8-909e-a8e64bedd3f4
7654,d98e38d9-1217-49d0-ba62-056c3aabfef5
7655,188e7747-5a7b-4cdd-884a-a846e5d3a583
7656,4acdb55f-55ac-4448-9edb-a65dedd350d4
7657,dba99439-f372-42a6-9afb-6d6aa811cb4a
7658,bd866ef8-f5b2-4903-9770-edefa2f6534e
7659,3e9e72bd-8585-4b53-bd9f-775c41fe86af
7660,040ae49b-a8f3-45c9-bb7c-c609493157d4
7661,dc65f982-d713-4a3c-a860-3fc8728af3bc
7662,b5b7d384-ec41-44b6-a082-c4b384c202f3
7663,947cba03-397f-430d-a259-94085e6eb5a1
7664,ad44ebec-6ec9-4e83-be5e-60544114dfa7
7665,a47500dd-383a-4ec9-977e-94244d80c640
7666,62f05d5e-a50e-4a7f-8577-9ce26859ad97
7667,77824554-c0bb-4d41-8e53-c00e5113bba3
7668,e60ec7f6-8eae-4733-94e0-1c82732766ec
7669,7218d9d8-1b9b-4b6a-a11d-21369f628773
7670,5708ed14-58c7-47b6-944b-d9054687665e
7671,219c1f5f-11a2-4948-8a8a-268bbe72010e
7672,de57af68-a516-4db0-8362-b5ed2b4d3dd7
7673,3b9b4434-2d3a-4bcc-88c7-00d704de13d5
7674,344bd469-dd53-46d0-a70f-66e51f39b852
7675,bbdaa207-9986-49ca-9263-51d6f1d75f20
7676,ab9670a3-52e9-4af4-ba96-20f795e141cb
7677,b6940b60-cb22-43f5-847a-f3ebea301317
7678,02f57d29-34ce-4196-9098-3cb09ea932f5
7679,007b77c8-3c6e-4a3b-b05b-bf748d1a5289
7680,d07c6f3f-4341-4155-af75-258d36a78df7
7681,84c54572-08f4-4a85-84e1-14bf29909cf1
7682,26b38f20-7304-4ca3-ad28-5b4a00d99e76
7683,bcefcfa1-0507-4b6c-993e-b94fa678861d
7684,bc3a5c3d-bdf4-4672-bf4e-88a11d11f7cd
7685,48c79bbc-4db3-4be5-9242-6025a441dbf2
7686,1c24fbf0-eb6b-4062-b0e9-26371feeeba8
7687,094120df-bf06-4ed4-9b6d-0af22a683511
7688,08412c4f-9c77-4f7e-a156-351f49fad0c2
7689,138e1bf3-c855-40c3-b6e6-9cc079eb9654
7690,12a9709b-cd68-443c-9c60-6eaaf820f406
7691,2921443f-e349-46b6-83db-bf987a74a275
7692,229cdbef-c476-4bf8-9420-22fc61d1d7e2
7693,26fbfc09-c849-4c8a-aaaf-aa4018a3a034
7694,92dac78d-d9af-4973-8971-e897ed98fd40
7695,075671e8-662a-4690-95a2-adabcf16a8a5
7696,97194bfb-33a7-4ed9-9b32-26d07f9c7f1a
7697,3d7e9c2b-3968-4de3-bc77-557ab372694c
7698,eaf8afbb-0f76-498a-befa-809153a5579e
7699,562bf157-7dec-4d54-9b2e-70bf9cfcc92c
7700,5f55a1f8-8c4d-439f-9de9-82b7caa2a13c
7701,85e8db44-0e96-4fa3-a463-213d22f9d33a
7702,44308323-944f-4f73-be3d-7f745d193194
7703,ccc14bfd-dda5-4354-b949-7d3c11bc2a0f
7704,8e12dbad-1049-4adb-aa2b-babaa3baf110
7705,22b5e652-94ff-4a69-9fd2-b29506c275bc
7706,2ed8f678-54c9-4337-a881-86685cacdbe0
7707,5e9d7943-f944-41cb-a269-d4b4651e41e4
7708,b9efeb1c-ee3d-4f11-a051-7a0114f1532f
7709,b4f2e80f-ffdc-46a4-b10b-19a3d9e156bb
7710,b536d5c6-99f4-41c9-96dc-f38e153f9b58
7711,ec872118-7fe8-44b7-baf6-dca990224f5c
7712,e3fd6443-5285-4018-a649-610b4b575d80
7713,95fea0d6-f1bb-4fb4-855b-7b8e47241bdf
7714,a8ef1589-fd2b-464c-84fa-b663e061e692
7715,6baa377c-1d58-4d60-91d1-587f0d4127cc
7716,c5c70933-7fd2-4af9-841f-fbd579f96a38
7717,2681f759-1665-4087-9140-81ddd040f150
7718,3fad718e-31b5-4745-93fc-e41776fbc538
7719,23c27ca9-ecc3-4e30-a2a1-a73799f8f896
7720,a38fd491-e1ce-4bf8-87d2-094146f05370
7721,77caf48b-85a8-44e3-94f8-300e1ccc8a21
7722,6135eafd-a809-49c1-b5df-b55f7691b05b
7723,d6bf3076-f183-499f-8386-458aee3a81c3
7724,f657f22b-5656-472b-9289-c05098899030
7725,c9493932-ebf4-4384-8e52-4e00b5fdc6e1
7726,bc35f95c-5007-4545-900a-cd50e661bf99
7727,1c13ef6c-12ee-46ac-8d7d-f60df43ad1fc
7728,152c48c4-85d6-4f10-8f32-099001dcc928
7729,fa3d2a14-2ee4-4967-9379-7bfe939fbd2f
7730,ece04cef-72bd-4381-a5e7-3ad27f0ba1bb
7731,7f3fa6ef-df78-4992-89d4-586cb2835ba7
7732,72f0ac16-dcd8-49d6-8df2-5b3ae0b9babc
7733,9800721c-ddbe-4679-817a-5eb18832695f
7734,b375953e-591b-4628-a01d-c7f58c92983b
7735,312bff7a-e054-4022-ba93-0e905d195c25
7736,030cb480-651c-4b6b-80ba-3809f6bfe2af
7737,80d98c07-1892-4694-88ee-35b2fa59e42e
7738,732ecad4-85e5-4731-b8b6-32aeccfa8aae
7739,034599da-5b44-4962-adf2-f9be10ecdc93
7740,b53e23c4-c4c7-4cec-8f27-3c491371abe4
7741,f8cb2b6b-418a-4670-a1ff-79cce10457fd
7742,bef03e8a-172e-47bb-9719-2211b3704865
7743,a7ad6fc6-631e-4e44-8f96-74707360c13b
7744,bae9231e-9da8-40f7-b8f6-63c812fef343
7745,cbe701aa-14bf-4b51-9692-d38129206e29
7746,c441ddd4-9ee4-421a-b12d-82c4ecdd4089
7747,f8e993a9-fb91-4704-8b6c-dcbcdb2790ed
7748,29bbd1e4-0a3a-4147-9248-29d9c647e4c3
7749,bc7d6c36-3c08-4f19-9825-4cd1e5be4524
7750,7bbaae3d-14d0-492c-af9a-5043f12ea02b
7751,ffaa74da-91d9-4d65-a3fe-2469576695fc
7752,9e956555-33db-45d1-9f01-d5cb022a1198
7753,21b17872-ac03-497a-b434-57cb7dda520b
7754,c685a7b1-c3ca-4927-9d21-0e8a29966530
7755,fd664c5e-6b2e-4cbb-811c-e5e637e4e275
7756,ebcaf5d5-02fd-4b04-a2f3-ab4d4e8179b2
7757,e23af981-1f5a-48e2-9d5d-5fb75458eef0
7758,396afe9b-1359-46d6-bc6c-91a66ae2a451
7759,d8b5f59b-86d4-495f-98c0-ebf12a2ea423
7760,9c5f6b28-a857-4014-927b-3c029ad86d50
7761,f079cc00-4bf2-4f2c-9485-eae92995755b
7762,4fc6195a-52e2-4ba4-aea0-a6545c28e244
7763,bd5662e6-d40c-4a31-adce-84b616f77d19
7764,2e709f08-beca-4d90-9f0f-85cb4c04d12a
7765,048cf842-e3f1-4be3-b3c3-3741ebccb133
7766,14fdbed6-a4b4-411d-b7e3-becfce430f51
7767,104c7060-9007-4deb-834c-b872afb3f9d4
7768,75d93a3b-8a1f-43a7-8eb9-c0847fb5214a
7769,f2abaa26-bbe3-4601-b647-72d824ed7013
7770,cbc85f4d-3300-4069-a913-c721e54ddb5e
7771,ef728d12-c403-45c0-9769-fad7bf2c8b97
7772,a3a94ed6-dcd7-4a86-a675-7919f5176866
7773,4d305728-9cf0-4fd2-8633-2fe82f3d047d
7774,c06316d2-4ce2-4805-b9d9-7506d2a03704
7775,5d4096b6-ab54-4190-bd89-dd99fef18e2c
7776,283c8c88-f774-4681-80b7-b4d651867ccc
7777,77ca4127-f8fa-4e91-bcec-a03fc949697e
7778,9e0d3156-25c1-425c-8f42-40738b255176
7779,90af3a6e-7f54-4755-bb75-f12bd39520dc
7780,5c539baa-1fee-4594-9a81-ab6eabe85ee1
7781,bf684da0-9b7d-460d-b314-babf09d47367
7782,1ff3b001-be8e-4626-8e82-c7d9b9d240fd
7783,c5748d98-7aec-4904-8433-878f270cc851
7784,408cd2f9-640c-491e-80b5-c6f17372ba4c
7785,53e4690d-ef5f-4b29-b5a7-55f1f97b9399
7786,c60a143d-d5c3-4000-a48b-629a0b486a06
7787,ed8a4a8d-333d-4d9b-b59b-23cddaa5aefb
7788,4d287bb8-f8c1-472e-b2eb-ab9e2a1e6b9f
7789,29518188-6da9-4351-95f7-c2ee6157d59d
7790,cd9dcb76-4136-45e9-8bc6-a122b8d1994e
7791,41078296-8527-4def-824b-18bd5c6b42c8
7792,59c44809-0e0d-4c19-b4cf-73b0f0e5a64e
7793,8e1517d2-ca80-47dd-a275-89d4ea218c66
7794,14a99797-17b9-486f-b7db-005f3f79b65c
7795,19027575-edd2-4ca3-be66-bf043bd8d572
7796,85aabd8d-2c94-4cb0-8ea9-e29d137afd8f
7797,77b37c7e-6c53-4442-b01b-6405404f4369
7798,463205b9-1d4d-425e-81b6-8e835c403d24
7799,5f8cc2be-6ab7-4eaf-b997-ba86528ecd22
7800,80923c15-042c-4ccd-8c10-c46b8faf9f38
7801,2ef66d91-01ce-4cf8-8187-6d20c126eccb
7802,87298dd1-76d5-4c5e-8134-ae1ab88dc1cd
7803,16c231eb-aa25-494c-a901-0c2fc5d82ea7
7804,32ad09dc-a35b-4fbb-a933-eba46fc43a37
7805,d30f1ecf-f9bb-406b-8b38-006f9281cd9e
7806,cb8809c9-531b-4dc4-9e76-d84bdfd91d13
7807,4d486028-d96d-463a-b26b-726e138d7fde
7808,2190642c-cec7-46de-8409-6f5c74a31869
7809,c2ea0eaf-c476-46cc-aa5f-e55b3ce541c7
7810,173b3fc0-fca2-40c6-b35f-821b91929697
7811,5c203624-6d51-4c44-8316-64b17c90cce7
7812,f6f5d103-e34f-4c7d-b0ab-a34e1d5b955c
7813,d31f8818-a70a-49ab-861e-d806343fb54e
7814,2bfdc8f5-9481-4776-ae22-d2a86be231b0
7815,d4b54376-644c-4cb1-a9b8-d00f32d74af8
7816,8835acd2-4c93-473d-9fcf-e2eb8ec4d729
7817,0e4ad5a7-2e5f-49d5-a36c-d3ef039ed22b
7818,890d6dbe-4c74-40e2-b742-71b58f563aed
7819,bce13b6b-acc0-4c39-a38d-2c2d60cd63c4
7820,a46c7e9c-8ccc-44e4-9dee-32a525472e41
7821,97f5fcd5-ad82-4257-95f8-3d82a18d8358
7822,877ad05b-65e3-46b8-878d-e51e3478c912
7823,fa14371e-03f0-486f-99b5-d955e5b1bd97
7824,8e2dec64-4f3c-4ab5-8d47-4debf0288356
7825,4ce2b6c4-34e7-4cec-b9c3-51ce0f5e524f
7826,3cf4d04a-bc28-4fbb-9ef5-887e48f10e36
7827,92f9d6fa-a127-4e71-b0cd-bda67f2ab88c
7828,f4a846a0-b8ab-4df6-87d3-8eaa8c0b1671
7829,44ae4c49-83ac-438b-bba5-7b132087b8e4
7830,b635bfb4-68c5-4663-a715-69a6c890f4fc
7831,395fd42a-0a2d-4d7e-948e-e3ddb37565a3
7832,dda9c6a9-716c-4ffd-b9db-efad48b8defc
7833,e93fabbf-63a2-475a-9421-6333653e80bd
7834,c8ce3489-b8ed-4017-a2ad-53ea23c7b084
7835,2a24d878-33b6-4a03-8567-ee5d5faa32b6
7836,af84a175-a231-4af5-bf22-337a6272515f
7837,09c430b5-553a-4222-8539-01ddea1ba8cf
7838,755e0bb7-1aba-485f-b792-ca417bb52557
7839,2e8d1ae6-600b-400b-819a-de5c4c1cb2c9
7840,06a17dd4-e62e-4e88-a8ad-b8c9502764f9
7841,b80d7fbb-da36-43ab-8bab-c0051441552c
7842,71d82a3d-bd39-4548-8ff2-42aa9977a82e
7843,af147b1f-65f5-4f5f-be10-a64aabd15dc5
7844,2fc0271c-7220-4d37-b1be-3659adc11c51
7845,4e279ca0-6c97-421d-87bd-e7587ce5beb8
7846,dbf1f593-2c48-43f8-8785-ac9fae9eeaa6
7847,34c5cbe5-6a68-404c-b880-7ff234656803
7848,3a338e5e-6a4e-4430-9103-1ab77106c24f
7849,24e8647b-187b-449e-bd83-ae787b814748
7850,75548cd2-43a4-4b75-ab1b-57a0d096b531
7851,ac018664-e544-4f87-8049-808c6344d217
7852,2ff58d5e-570e-4b32-ab43-9222a1f7220d
7853,8267cc30-3cb7-4c30-af20-6e38cca26497
7854,46d15d63-4b25-4535-b006-4407b1c38428
7855,969193c6-73f7-4d23-b7f4-9fcab80bf30e
7856,320af5e9-c688-49c8-93e6-d1013c1e9a1a
7857,25ddf997-01ab-469c-8aca-9639dc6a8eca
7858,a42517fd-e82d-475c-b1c5-a565ae6b2f52
7859,3bca5fab-ef13-4a2d-8978-d49c59237f6b
7860,692f457c-a542-4e9f-a46f-e41e037c4797
7861,126451f8-60dd-42f7-9108-c0c2837d1939
7862,5e9c12a6-18e9-4faa-bc09-6d2c38d88033
7863,6ca622d1-3b2e-4ce0-a83b-12ca071e0350
7864,5915a0aa-0510-4f5d-b25e-488402e2d7e4
7865,b3e5e7f2-3fee-451b-ac70-2fa80803e860
7866,bc38e104-877b-40c9-b044-36c1c4317163
7867,73914160-71fc-4a93-a7f9-2fb24365606d
7868,cc4e4898-e93c-48d1-bb9b-4a0f176a2f5a
7869,143d58a2-fc09-45bf-b35c-db8b74abaf9f
7870,d0f6dd9f-4267-4c94-9ce4-964ff32d11bf
7871,6a23c78c-fa0b-4c56-8365-7be85d328456
7872,047ef92a-b0f6-4367-9442-7415a3652c4a
7873,9df65c58-417c-4e04-8833-318b46388cd9
7874,dd4640ef-a843-4f4a-bb48-9c534f26eef6
7875,d8eed044-7b0b-47c6-b4d3-9c858b94158d
7876,ba970a43-0776-4823-8fb4-b4370119406c
7877,d29d6a3c-9dea-47b5-9d2e-4ef21700fa96
7878,57483ff4-7bec-46cb-a315-94264c1409e7
7879,a56037e3-6674-47f3-a07d-e6c86749dfe3
7880,694ee736-ec64-46dc-a918-c4975e8d45a9
7881,29f94a9b-217c-445a-8f29-b048935bf279
7882,a4d5cd0d-6598-44e2-a24a-99275a444d21
7883,6617e15b-d66c-46a9-8c83-66ff3c9371c9
7884,47205c1e-10c9-4169-a617-ac9d4ff67f7a
7885,2c26824f-27d7-4a31-bc3e-5fceb6459a9f
7886,8d4b9b91-3aee-4aa9-8c1d-3f8186b129d1
7887,60e6e1c7-24f9-4c07-93fd-bbf1c7fc0f02
7888,882d03b9-afcd-44c4-a843-fe53603f8e5f
7889,18c52181-8153-49c1-aac5-1769927e0422
7890,0e653a0a-c3c9-4bd6-985f-283dabf5b3c8
7891,d900c76f-d40a-4610-b0f6-4b0677e166a1
7892,847d3606-a519-45d5-89e7-c2153c602c7c
7893,ac5529b5-7ab8-43d5-a9d3-5d93fb6b9150
7894,f055410e-02b8-4da8-8733-07ef140f5cd1
7895,a35d3adb-5906-4ae4-af12-9cbdbc0dfed4
7896,14cbcc8f-d8a9-47ee-a889-ed5654db21dd
7897,24a199a0-8182-436e-86de-751fbc236e02
7898,b5fae50e-2be9-45e4-bae8-395d54a3212b
7899,007e8b6e-4fb3-4bbc-9e4f-177f275b0892
7900,67b2ceb8-1afa-4bef-8ebb-86a5ebee997c
7901,83fec49c-b791-41ad-9727-f151070ac15e
7902,87190f95-b927-4f01-9eda-25628b8b4456
7903,93890812-c590-49f7-ba92-dee8c3b55cdd
7904,8d4d451c-90b5-41c8-a070-51bc26d87f01
7905,8e360dd6-510d-4f20-8f40-34024b8400b7
7906,84fa837a-5768-4e4e-9c9a-318166d058c0
7907,ead606d2-da22-48e6-ae40-61ab108f50d2
7908,d7e0739d-2810-425f-9d8a-c71fd8175d23
7909,f43379d3-fa35-4127-99d2-f9e515337865
7910,8fc72b31-87bc-4741-827f-8e3e95789d66
7911,af8af511-d67b-43b2-a9b4-5245aa59403a
7912,91bb8bfc-7137-453d-99b3-d0737bf012e5
7913,9809f226-38ab-4564-99f2-d4f420717dce
7914,68f54da8-2743-4e2f-8b8b-308d6e283e60
7915,44eded49-f38c-4a06-9562-866f5ec906a7
7916,94dca4ea-8d9a-4517-851e-0026dc5bbdb0
7917,ba562934-64da-4bbf-b41b-ac6fe9f8b743
7918,5a4754b6-e96d-42be-897e-4cf9a95648ac
7919,d6935db6-f31f-4241-915c-9404bb78891a
7920,2db2b681-83e1-4b55-8e6e-d7a618f1493e
7921,800a1c01-7da0-4fe6-8791-f5e9fc4fbf40
7922,e2100920-84ae-4a00-a636-c1aa6035f49f
7923,0aa6ab73-29ef-4f5f-80f7-71e3178e0cd0
7924,6436f214-870a-4c7b-a8e4-9186128e525f
7925,392e3256-ad0d-457c-95ea-e717004f7f31
7926,d625843f-1319-43e9-85c4-298ee480770a
7927,0bd643a4-6093-4f83-b536-44726446d921
7928,d2d3cce2-971d-4ed2-9ee6-9f0edaa6b87f
7929,9fc5699b-c860-41d4-9345-9ae5869e0a5b
7930,aed4cc5d-c7b0-402b-a816-bfb173473b23
7931,0389c57b-e37c-4afc-af3a-1d7323b9b1e1
7932,1ffc4937-f03e-4c56-a245-c3ec6c40f262
7933,d90976da-08a1-41b2-9293-1c90c703cf00
7934,3d31609e-4c1c-406f-ae4c-3d8b62ea4dbb
7935,5b636d39-0012-4b5e-93a9-0e2aff7780be
7936,0e01d7f0-5f7d-4576-bdb2-97b362470f3b
7937,d3c5c381-5a8a-4e91-a45f-7534ab8f398e
7938,4aec4380-8b36-44c0-9890-a7c793f0c881
7939,0d4785fc-1a20-4c6b-9d6b-4612af50731f
7940,e29e7586-040b-428b-93a0-9e2d0807870e
7941,17c80af9-2e33-4bb8-aeac-2042b83d52f5
7942,ccaf2fa0-6133-43c1-ac1d-a32c4cdbaeed
7943,74f05607-52a1-49b8-bd54-0c11cccea26b
7944,56508239-7d98-4e38-a601-517703cbb402
7945,8722d08e-de68-41b0-b3ca-51ff34143f19
7946,cf02b93e-4110-46ed-8533-b310fb2dc32b
7947,568e378b-5ee6-42b3-9055-5a72a9a44b7f
7948,5e73ce70-bef8-46bd-a9d1-bc2644d4e8af
7949,d011e2a1-6155-46fe-b0bb-405d21321f0e
7950,5effab78-6e6e-4141-90ba-000cd719e12a
7951,e317176d-8f75-4ae6-8748-ce78764d8922
7952,730387f1-bda0-4036-a0e0-868d2b673cf1
7953,e704ab16-4b6c-4ecd-8027-02510b29dc0c
7954,49a216f0-27a0-4fee-b542-8e67fb552a6d
7955,0d391bc0-661f-4ef1-a15f-73618ad71160
7956,62ffd426-deb0-49c8-ba86-f21347b28e1a
7957,8b6c13a9-fd3e-43bb-bb01-de582300ffe2
7958,d3d4c9a5-cc04-4434-92d2-4e5edca9ec79
7959,731807f6-4376-48e4-ae4d-668ba71ecb5a
7960,3b3afd59-9fbb-4c85-99e0-83706244359b
7961,ff2192ac-08c4-4903-83b5-b53cfe80b142
7962,0da33059-b4b6-4701-b81f-38ff2663d58d
7963,21829b71-2df7-4b31-9c68-d8b27d0b47f9
7964,b7746bcc-a144-4787-b4f9-7212ed6be4c3
7965,d7f22fbd-e7b4-46c4-a449-28faa756e830
7966,be15abeb-11c3-4bda-9107-8470f2521874
7967,60702da1-1e7a-4493-8fbc-0be60a8c96f3
7968,016c8bb4-6f70-4f28-9cc9-6fe52d8a65d1
7969,446f3fdf-0493-4dee-80bc-70a1cb6e838e
7970,4198bcdd-70d8-482f-9241-8860c629d836
7971,de9f8b61-bfcc-42d2-9d7c-e85db94cf9ef
7972,35cbc4ab-d7b8-411e-86c4-3a9e7860693c
7973,fa39825b-8276-4c3a-bd7c-5b3d587b3cb3
7974,d350cbd9-15ed-4120-9b9d-0d23d17e6d2f
7975,f675fb01-8226-434d-b027-c8b1a5ffe984
7976,59f71510-a47e-4d99-843d-e2d58d9fd4d5
7977,3850fff5-09e6-4183-af18-6bc3aa065add
7978,6aef1a53-bf6e-45af-ba8a-aa58442099a0
7979,e9748d2e-9d40-4609-b4de-5be10a892500
7980,9ecccb2e-f60b-4a02-9f66-c33624b8fa13
7981,1e6ac446-f919-4e5b-adce-10933b46559b
7982,1fb421a9-84ea-4662-a939-8443bbc3c4a7
7983,a723d50b-d697-4ff9-8373-469cd6932aa2
7984,10e38bd1-4e5f-4648-8fce-6848115a2268
7985,d4c1b4c8-0dfd-417b-8859-20e942e09255
7986,18cf22c9-41bd-4bc3-9aa1-18b5586c97eb
7987,86bf63d8-d2ee-4085-8ad4-be4a499c6518
7988,c2855de7-4435-4b2a-be73-dd4c0a6b7e9f
7989,521a2c34-ff4a-4ae0-9515-4758ce757af9
7990,31b1fa4f-4ede-4666-a693-24ce50862047
7991,6a66f667-5b3c-45f1-9693-04fa5be44eb7
7992,9a322a3d-304e-4faa-b0ac-02f7a96f488f
7993,63f75d6d-cdc2-4d6c-949a-4d708e468450
7994,fefd623c-dba1-43d6-b337-30c75c3f948d
7995,5095b07a-6ccc-4849-b981-6824b97a1e09
7996,235e0288-e8c9-4216-9086-3fce4f7396bd
7997,802f7a26-b115-4a6b-b754-02c111cdf18b
7998,359c587e-a9aa-4be0-ac49-3a5c38355fbe
7999,528f02a0-ff9e-4ee6-aef6-797bc4699ae4
8000,3b5a2523-a268-41e9-aa56-a7834b9a8e7f
8001,279f8401-4515-46d5-b7e2-6b2f21aad753
8002,3db0bb36-f4dc-4eec-b23c-1de4a36c6db1
8003,791a1fe9-7546-45f8-b36e-b93aba8684b6
8004,2965e09e-c286-4a04-9ede-d1c70d341b49
8005,b468e57d-f1ef-4d26-ace9-771d74e0d6f6
8006,0e3b17a0-f58a-4778-a4a5-56930a67ed91
8007,7c8139eb-35cc-4f17-b34a-59b1c1b5d4e2
8008,09376077-dbe7-4ab0-8bce-99b5668a9961
8009,7fda142b-278a-4c83-8947-2c70d506b517
8010,77d5aebd-0944-40af-ba5a-e7a47a4324a6
8011,6ee9a0ee-179b-44b7-b5ad-ee009fd67ccb
8012,8ae6b52b-bd58-44e6-85ce-837f20104c87
8013,97fda5a0-e78c-4845-ae4d-5f04a46febad
8014,fe47ae0e-8ba3-4d8c-af54-8b38c20f8f2e
8015,95efb189-d6fe-4f51-b24e-72b7da4a5aa1
8016,e46c1489-f1d3-46bc-a731-8f025685b75f
8017,9fe324e9-0e67-4e28-b1d0-16b063d3e506
8018,c1420b6b-8d9c-49b4-8f6c-6272c3d65786
8019,b7bdfcf0-6741-4252-9152-ba51799bc320
8020,061117de-4b0c-45e3-9a07-0a7d39e686c5
8021,55bf4925-3402-4134-8b84-b94612986e31
8022,05df5159-0312-41d6-a7c5-dbca2e424199
8023,8cfc7aea-e5e6-48db-abc6-f321d0a2e37c
8024,72228072-0181-4e92-9fcf-502f472bfc40
8025,8df63eaf-974a-45c7-829b-45b391d879db
8026,0affd1d5-6725-4d17-b84a-7c43687c5a58
8027,605a1368-f583-45de-9d30-ac34a9af4dd6
8028,b6946bb1-fad9-4163-97cb-fd9cfb56402d
8029,123c5fc3-00fd-493d-9cd5-bd47b55d30b5
8030,4fda348f-dd7b-4bf1-a6ff-f8fab6c93b7c
8031,c94a107b-737a-4d1c-ac50-c0a3d0d40244
8032,0161719a-9dc4-4a9f-895d-fe9f4c488721
8033,2853eb2d-f5ed-48bf-b027-875bb823abc0
8034,4faa7052-f8ee-40bf-95a9-63d7d875ebc6
8035,cc3a1d59-7764-4c01-a1c3-72b885b0f27e
8036,22512620-f479-4bfb-b8a1-829e319cbef0
8037,7d0ed975-7fb5-4313-a4fa-30bcc087513d
8038,e01b73b9-588e-47ae-a6c4-4165e0012a3e
8039,5a30228d-279e-4c99-9fec-5d22d2f70990
8040,4d1fffb9-82ab-4506-a672-26fd981c1813
8041,55195664-f1ff-4041-93f3-174ca6fea6be
8042,c08db15e-d7f9-4cfa-b573-49752a5191bd
8043,4f8bf0a5-ca1f-44ce-b6d5-d552a3a73344
8044,1fbe6be5-314d-4ffd-a996-5e9c030e6569
8045,6bcdacca-dae9-4ac0-8272-6af1a3ce79bb
8046,aea1e775-aafb-4c72-bbe4-369518c5c430
8047,cf3c62a0-5529-4182-8170-81224ffdfbf4
8048,3c3bab8b-da67-4c9c-b1d5-e49b12932924
8049,02304f28-f717-4191-bda3-7c9c45bbcadf
8050,871f795d-2266-4675-b0ee-e4111d20596b
8051,5795acd8-f552-4c8a-892e-29422e4dc3d8
8052,83a4f1bc-04d0-482b-9149-cc6d06dc2aec
8053,46edf05b-658f-4772-b14e-79dc88478ac7
8054,51e23e87-a066-420b-927e-32a610155174
8055,f25336cb-91c0-4943-9915-b54574380570
8056,0ed669df-5dbb-4c73-8ca2-235e66142e69
8057,0758ac8d-c381-47fa-aad8-014c81d52ffc
8058,9a064d72-a52b-4c83-a88a-02557d751e05
8059,b4ef06a4-5d0a-4c61-a0b5-5613c86f4bef
8060,f35907a7-4799-4e25-a479-affec40866a4
8061,7cc44e22-87c7-459e-941e-52c8595b3261
8062,09a7065b-e8bb-453b-b1e5-895313b98768
8063,06df0d8c-b60b-4f97-b661-4a7dc9516818
8064,7d626560-ea10-409d-a357-dfb8d5cff1b9
8065,ecd1932e-be48-4886-b6c1-8bf3de402d57
8066,2989cee1-9e6a-428e-bbf3-85c0f385585f
8067,d267cf83-df8b-4bd9-87e5-f76941f1dbed
8068,e69e547d-256a-4ae7-9455-040bf13175e9
8069,3500147d-9c2d-48fc-b206-1b5d566917b8
8070,2e10210c-ef14-44a4-9b0a-76d7fc5d2afd
8071,c44c705e-d833-4722-a1ff-14bb5e44617f
8072,ae6a953c-fcca-4afd-b79b-44bca489d0af
8073,f3c460ee-1504-49c4-b735-dd540cd69663
8074,fd7bc31c-c316-4688-b00a-eafd132a7629
8075,13fe2105-49f1-4a3c-94fa-3de0f283b557
8076,311e9500-3246-442f-bee7-d7bf5eddd5ad
8077,bde6dac7-6441-4f79-bfe5-860dc87e9217
8078,5946a4ef-dd29-4a6c-90e3-3868c9e8e438
8079,2f13766d-7bdc-4ca4-80a4-73d398878dd8
8080,65f56743-5fab-4fe6-aa3c-d275b651d705
8081,3cccb6ee-a02d-4216-9159-63cb319659eb
8082,a38ae492-18e4-46ef-a7b3-8ac6c878ae9f
8083,21e6ea0b-8267-43dd-8ba4-66b4232fd2fb
8084,fa93c23a-2580-4924-a0f1-86cc00d2aeb9
8085,d13af55a-a180-4e05-a74c-8235948966c3
8086,20eb727d-7b46-4c3a-8ed8-ae349c3f999c
8087,eabd9daa-493b-4b93-9301-233886e433d1
8088,cdacec06-4779-4a60-a2f6-a9631b3163f7
8089,044d2a62-75cc-4dcb-adf2-e1405f968a53
8090,4c61b0ea-40ff-4e4a-8ef4-1738c0bab981
8091,29a21421-b104-4fb6-867a-a01339143096
8092,b3900421-3ed8-4d2f-8958-f613608a53d5
8093,4c2c3643-ef73-4c17-a89b-3c840555883c
8094,89c041d0-ba76-47b7-8b8b-b362c7a4f571
8095,590bf422-6bde-4604-8822-9d6492e1bcb1
8096,25cd3ff6-521a-428c-bd55-92ae3507805e
8097,5e3094fa-c2da-4b2d-b680-97aa79ad0b24
8098,7fd5093c-94c0-469f-aeb1-274c6b70ad2b
8099,e46289dc-0061-4602-863f-0e36912197cf
8100,d9f45582-2361-4179-a24b-a5e7b0c619dc
8101,45ef6306-dfb8-4df3-aa99-0676519e9bbd
8102,a06d85cf-72c0-4bb9-93cc-22f8c692e402
8103,5180f029-5f3d-41d4-b817-247736fb8b43
8104,803512a8-7237-4362-b868-0578e6dc2865
8105,0ca1dcab-9fd9-437f-92da-3dc1b4768e1f
8106,471ad364-39ef-45cb-8b58-59320bedc6c3
8107,f17c38e3-bc7c-47f1-979b-2a60b4bfb0ce
8108,30740c6b-ef46-4654-b1ff-cdd6f3e20e19
8109,45551eac-c16a-47aa-a81f-4708314935bb
8110,4d2a0292-8c46-4dc5-9de2-d92d94dbd8c9
8111,797ec956-4a83-4bfc-94cc-73fb6ed192ac
8112,e806d118-9b23-4a46-a62a-925555dce4c8
8113,dd17338f-21e2-401d-946b-433149ab625a
8114,fa6ec586-8944-465d-adfe-25fbe4fd2ad1
8115,5b348dc5-5099-4f1c-ab86-c33a9fb00dc0
8116,9d44ca31-7a26-4adf-9b1f-548f7a855b7b
8117,9d418915-db07-4d2c-9ef7-c0dab8456905
8118,98daa62a-1be8-4302-af40-10709a5a9007
8119,641be695-843f-4bb7-a8d2-1badd47eb3cb
8120,7b6f9bf5-ec42-4ff5-820b-0f6b051060bb
8121,5e2580c3-aebb-4ed9-b0d7-19f1009f7ca6
8122,50df5fa3-e53e-4525-ba5b-7e495f12325e
8123,1e9a4d33-7526-4fb1-a56b-58ebc8552d3c
8124,71456a99-1ae4-4d1d-87c0-7502e95c0d71
8125,cdffc27b-4602-4fa0-9e22-8ec882342ad6
8126,e228f972-d281-468c-9048-1e337a2de444
8127,40471b21-4b00-4a8f-b87e-32723fdcfa01
8128,600598ed-f35b-4df7-b1f2-2f9b643a8c83
8129,ec8eb955-627c-4c84-8ffe-812788b48f90
8130,1dd03bd4-eea0-480c-8de1-df0124581998
8131,bdd6a760-c652-44c2-90bf-76bf44b1ab7f
8132,c420fbe9-eb85-49d0-9172-cfd64f21fce5
8133,db6d0734-25e4-4818-b423-141075713a23
8134,2099656e-5964-410f-8b9e-422f70e156fb
8135,95eaeaa9-ca29-4c7c-9b8b-c43e8b5a96a0
8136,23add357-65d3-483b-8fe8-d9e65e82246a
8137,e7796048-3905-48d0-89b0-c72f9194c65f
8138,bd9bd890-c690-4bfd-84b2-e41d12c9ffcf
8139,46c82ce3-3d34-4c69-b5c8-3e703eb15f13
8140,5850689d-95ef-45ee-a6bd-fecf0cf3e941
8141,04863537-0d43-4648-960a-8323cce8812b
8142,d4ed830a-a6cc-4c54-afd5-72574fd831d4
8143,9c4504e1-ea71-4c21-9777-b8eedd251f89
8144,4ec1acc1-2b26-4a6c-afb5-e5f26ea78289
8145,b304fe5a-1bf4-4d04-918d-d94431292ce5
8146,52af6509-5982-4721-82af-2f6d89c6f125
8147,3f29715e-008c-4751-b58d-b960cdcaa27b
8148,3e9e4df9-5d75-41d3-935a-6aef5ae3988f
8149,2c22d9f3-a264-48cb-bed3-4a81ba57ffe2
8150,f0128a07-0a9f-4a66-bb47-675050b631fc
8151,ca057943-b91d-46a3-8fe1-99a3a8d957fe
8152,70319fca-893c-48a0-95c9-c85e49a1a797
8153,a55141df-81cb-4256-92f0-eadd06ed526c
8154,226eaabb-05ed-4757-a486-3ab36205d5ae
8155,c38ed8ca-c61d-476d-bddc-3d2df04ee8a4
8156,7a2b2b71-2080-4371-934b-1354ab58f8e7
8157,7cf39a81-88fb-4a68-9003-29f67a0a4ad4
8158,de077f9b-555c-4d12-9ba2-b9b0a4233dc9
8159,6fed8022-76fd-4455-a8f6-02e876b4ec31
8160,b2fbe8b1-ad53-4c47-bec4-788d91b7dd31
8161,f355a672-2ee0-4522-95fe-603f497b283f
8162,e9e6792f-89ee-43e3-b2cf-8b2a41c4c48f
8163,25b7ed19-f1ea-4a8b-ae4e-b6edf33ca3b3
8164,9c709a4a-bf54-4a59-9d8d-b999fe0dbf5e
8165,98055c93-1192-4c19-80fa-63f13ecdb948
8166,11ce77e8-6fbe-4949-a281-7763d0f0daec
8167,1992d2c8-4b91-4b2f-b07e-3a49924af316
8168,891b7fc0-0674-4ad4-ab38-df133e2979f4
8169,d7dd9748-9059-47ef-9566-ab72e40816d7
8170,98982cd5-36b2-47cb-9982-6ed5eda541ae
8171,3091780e-d47a-4eb5-9369-873a333e3f4b
8172,395e0e77-c60c-436a-a23b-235427030949
8173,3b85d3d0-5be4-4241-976c-0fcc9ebdada0
8174,accdbc93-cee5-4ca6-9793-27e300bc28d1
8175,0be6f66b-ee4e-4c1f-8721-dc54b31f2594
8176,242de3ba-4305-421e-bb3b-8faac32e7e65
8177,d7b3dc95-8866-40f4-a382-2b4f3ca37d77
8178,91d58548-cde4-4862-a868-437f3eb32e7c
8179,c6fc6089-8b8b-4fb8-90b0-0e1fe6074e43
8180,ad689083-ba1e-4285-ab23-baa05dd29011
8181,78994550-9498-4927-93e0-ae819c73bcd8
8182,da1cca1a-d8f7-4667-8f70-54a8d7ba6950
8183,44b2a2a1-7dfd-493a-95f4-5dba1a83a6c8
8184,91a194f1-df2a-4693-812b-53a6c2e3006a
8185,d6205ed0-65d5-4cd5-a1f2-7fdf189a8cab
8186,105283bf-8923-47bf-aa54-2b385cabd66c
8187,1e438827-bcd1-4675-888b-a49c57fb0ae9
8188,36ca2cc3-71df-4014-b2cb-f82e46c17913
8189,564b7201-0958-477f-9481-74abf6a9134f
8190,25535d53-690c-4bec-9726-54abd1388357
8191,611db53e-654a-489d-ad6a-54eeb9ec6a3e
8192,1093b6f7-7181-46f4-9bb9-68772ca09798
8193,15b7178b-a53a-4b8a-9849-a75fdf06f425
8194,f94224b5-b2d5-44d1-861e-b605b5ca58aa
8195,03abab5c-04a8-4852-a3da-5b5a1d0c2aa9
8196,742b4c74-3c5c-4939-a600-bf94529ce5ca
8197,a514bc3a-5b9d-479f-b9bd-d63131cf6672
8198,082dd06d-3dac-48ab-9f0d-f29d67f19b5e
8199,5ca99a70-850b-45d6-aae3-147642e59caf
8200,0001b12b-1e6e-44ad-b2dc-0330f8c05c7d
8201,3609e06e-cfdf-494e-a510-dbea0b1ea8bd
8202,1d849910-4976-4edb-9cda-d26158d89a5c
8203,1b513b68-c8c7-4a2e-9457-eb0d1ed8c1ce
8204,cb8ca2ef-ab8d-4fa0-9fcb-08af3c2e4942
8205,e0c23cbe-7f04-4c88-8053-a065f41672be
8206,9b1f90c0-ac50-4ad7-ac15-728fbfc7a976
8207,6e51db07-e5cb-4bfa-aef8-2fa421681bf3
8208,8fe8891e-491f-4fb7-8cae-bcd63bc53c19
8209,847b7c04-bf44-49d0-8aa8-4b3ff6bc4be8
8210,ca6a98ec-765a-4118-8dd1-e1278aae0a72
8211,80060adc-7e3e-4d39-89ed-fd70c66b8339
8212,d7b9ce2c-7265-4c75-88b8-32dda510b3c5
8213,61b3b135-e84d-4452-b82c-5e41a6d49719
8214,9ec1b63e-f26d-4308-a47b-457e9ecb63f7
8215,d95510c5-f570-41b3-99c6-fd11a8cee6ec
8216,b0a40558-f4cf-4ec6-8aa2-8875ec604701
8217,5f7c261a-ca8e-4e9b-bcd6-24ef6c212ced
8218,198ac2ee-16c1-4f10-8126-42d5d80f7e82
8219,8b66ae93-0372-4d1f-bda0-a2102bb55b22
8220,82eb89ea-6d2c-4156-9b61-4f6545ea1655
8221,d6c7ba85-d4af-4a77-9c1a-63e44abc8d7e
8222,178c8351-3e18-4ad3-8762-63693c0f627d
8223,101baac1-3d02-4a20-a448-f2bdb9ebb1ee
8224,cf73c510-3da2-4260-b047-6622a2664730
8225,bd274286-9fa0-47ca-a148-2e645eba4baf
8226,89990cfb-8ccf-421b-a946-c3c292c46a9e
8227,a852a659-d386-48b6-b5c1-fd3cad4df881
8228,26af3bca-3c85-4a9c-9a14-6f228248318d
8229,4c62b04b-ee06-4f37-bb2b-7abc2a193921
8230,23872a77-9526-4e2b-a1db-17a7ec641d9f
8231,f8192cf0-8ffd-4780-b963-8b8769e79beb
8232,d95d8be6-3181-4885-8398-44340f812dcd
8233,70bcaa32-ef7e-40cc-9d33-69d4827348d0
8234,4e21a88f-eb54-4ed7-874f-1adf001182fe
8235,d0c66d93-1e4d-46d7-a1d6-8b1737d57920
8236,94c3ac65-e780-4d4d-8197-10b5783edcc5
8237,35507323-df4b-4e1f-9f5b-ed4e86eb6b1e
8238,90cb12a0-79dd-47c7-a85a-21568d36e8b4
8239,8d147084-9370-40f6-928d-5dd4b1a7dffa
8240,a06c4ee1-9991-474c-8d7e-4b51687ea53f
8241,6a14e4b6-dc0a-4837-9999-60684b16e90f
8242,e96e9f84-9a90-4876-83db-48f90cb6cc73
8243,ebfd36b2-8519-4060-ab2c-a2fcf56bc89b
8244,703f8572-7bd2-424e-a485-b04370510810
8245,759ff302-ee97-4ca7-a18b-41dcf3e88de2
8246,11c2c943-2896-42f8-acdd-a38546506846
8247,975b1159-c6a6-4c01-8445-7f02a9c2925a
8248,fe74c1d9-7bc8-457c-8e1a-aae63f200009
8249,7794557b-a28d-424d-b51e-71ed63a60bbb
8250,66eb85a8-c0fa-4510-a6fa-36445039b33e
8251,f9c093c7-6e22-4475-8c5a-1774f387c338
8252,c0613e2e-1460-47cc-ad63-1e476958ce02
8253,0bce643e-3f6e-4126-9f79-b5f9ecb02e89
8254,041f545e-5b2d-4186-9127-2c48a75e726f
8255,366207db-9bb0-41f4-8a52-870e02415ff4
8256,5b3944b2-7bea-432d-8504-5d53b4a1f479
8257,dd94c80b-5496-49f8-b222-3c725a8af698
8258,d1abb903-eb18-4b62-8e4a-f8acef1bd7d7
8259,0622df16-5ecc-47b2-8684-3455458faa3d
8260,e0406730-78a9-4fb9-ba92-3f6140418352
8261,c4879bc4-8b53-4b40-b64a-d01ed15d772b
8262,edc07034-1595-4782-aa30-8ef3746e55c4
8263,62f6838b-db1f-4757-bf89-5c8f2f47ca3e
8264,83b9596a-0cdf-4b39-a4e5-3ad5c263b0a3
8265,6f0536b9-fa65-4a77-b114-d190eb7fc5a6
8266,ca6928db-7e9d-434e-8515-30282895c40c
8267,b8d82752-ae54-4d4c-a7ec-3b9e7f8c5218
8268,b86d7dfa-1797-48c9-931a-9d6c5984cc36
8269,50ed0741-3af1-44d5-b850-ad6960625418
8270,e15963ee-bec6-4a5c-a426-55b0a7c43932
8271,c86516ea-7c82-4d1e-9a3a-ce40c696cdcf
8272,f6d30b07-84d9-4595-89d8-db3e04e2027b
8273,964de1d8-e3be-42a0-a17b-d365c8dfb89c
8274,09743387-05cc-4d87-83f8-bd5c9101d4ab
8275,22845083-d152-436d-90d3-cf081341823e
8276,f6da612b-05ff-410b-bc01-5a46f208cd7e
8277,ac327ecc-d877-45fe-9ce6-bb9d58c19616
8278,d0fba9c7-1408-4bd1-be30-f1b4fae84359
8279,eac1309f-853c-46d9-a725-d71efa3b128d
8280,2a8312c0-1f77-4534-8347-8904514ccdef
8281,97eb3939-d351-4949-b0f8-a92023d4341b
8282,848b9ac2-8c44-4940-aa0b-56bf41c1b9ff
8283,9348dcd3-b8cd-4f61-bc36-3b0e53031344
8284,0c1e007c-d21a-4b5b-8b56-54a74b7f81c2
8285,3fc771a7-b456-4ee7-af7b-929cfc35ef54
8286,1489561f-3359-43d1-95e3-58367a84b053
8287,248e0900-22d6-42a8-8076-5987120bcbcf
8288,feaef80d-8057-4877-b717-15936a9e25e8
8289,9b12c839-438e-4d54-9479-da2e0bb648e8
8290,4e068893-9a1d-4881-8944-04588b7e61a8
8291,7a634c3a-a149-4e0e-a1dc-d6cc2b897127
8292,23a5df13-1509-4853-a12f-aed96b0d6692
8293,f06542bd-7115-41e7-8a3d-8e9f26ee14db
8294,34be1324-4608-4aa3-9f74-ea4de0113872
8295,91901535-c6de-4b46-9435-1106cee32f71
8296,842f9012-ab25-457c-b0df-c1198f3e0422
8297,d8a6ba9b-c984-4130-b701-d5f7be0ee953
8298,8399e054-13cc-4690-85c5-9c27fef1ce73
8299,7053d93e-ed71-42e8-8762-319a00dacd83
8300,3e7191ca-d680-4506-a516-a020057e991f
8301,859b5b44-9b41-4498-8f5a-b41253046088
8302,0ca292b0-579a-4e0a-b784-ef96cf8f306e
8303,9c0b2187-5428-48b9-8e93-7240d60eccef
8304,7d781aa0-aa7a-466d-a902-e416a198c305
8305,ab5523b6-747b-4d3f-ad84-e149af45c7ff
8306,6eb1b01c-ef9c-439b-ab77-21c906aca712
8307,b2b88a7c-1f4d-45bd-a0dc-095645341378
8308,254d0671-d4e5-4ee4-b30e-bfc97db17503
8309,5677002d-3368-41c0-bf73-acebc2089d3e
8310,5d811f7f-3c7b-4246-aa30-383faff0765d
8311,2de9f949-b2ff-470e-a06f-4f34706e1fd0
8312,6097ea15-3dcf-46de-a602-2519e8306c5b
8313,4b49ac0f-8683-4669-9a38-7a9032e5e57d
8314,517accec-6068-4b3e-a43f-ef8e9bae39eb
8315,d03908dd-147d-42c9-b0f4-d30a9b3e03a1
8316,64e2a809-c4d1-4714-94ca-f929ccee9477
8317,f9c70018-a466-4be7-86df-393531cda89f
8318,dfd28d65-fff7-4178-8878-588d5c1fe1d8
8319,4ad49250-9394-4c88-bbd3-0f690d9129c5
8320,f94d96c6-5e03-40ea-90b4-ab4bb9cb6c1d
8321,243e3de1-3176-4ca7-bfd1-9df667a11047
8322,9b267e4f-0d23-4e27-930d-e9bb23581863
8323,3a5772b8-f6fb-47cb-87e3-1d16cddca776
8324,821ac4f1-946e-4775-82ad-e10da80f9ae0
8325,9326792c-207a-4f04-9d16-777f02f53532
8326,af764b0a-8db3-4bac-acd6-a75e05c76e96
8327,6680d8af-6d3e-4a1d-891d-6e74faa084b7
8328,a2295729-4b02-4c97-a882-f7ab8086aea5
8329,213a713a-3e2e-4fb5-a236-0b3933c06711
8330,68774bd9-c2aa-4f95-8feb-53f038e82073
8331,adc5d8e9-73d7-4951-8910-8fbfe97c8b17
8332,d880bd54-b302-43e2-917d-2c9b33d0c190
8333,65f6365b-525c-4f86-8332-3994ffb3a66e
8334,b462e121-72f6-4a6d-a448-d4120fbe66b3
8335,fbf445ba-04f7-43b0-be10-abc6ab54c9cd
8336,1032eac1-0c80-412d-a6a8-d7c35d4852be
8337,a4a1a96d-91b2-459e-9358-fd6155c4a018
8338,d1145351-76d6-4f63-a220-da840e65e2fe
8339,390bc880-f946-4748-8883-54feea9129c3
8340,6423cffa-9bab-4ef1-a82d-85c585cc3c19
8341,0f8ca778-e327-47cc-a144-5ce136e5472d
8342,8e9c03f7-1760-4ae1-8911-7c6cf5ff872c
8343,5eaa635c-bf25-43c8-920f-97400c2b818d
8344,0339063b-971d-4b0f-90db-d40420723ffe
8345,45156c45-f401-4913-a6d7-2492f1506754
8346,1bc36da7-763a-43eb-872f-5f640afe7c7d
8347,1c3637ca-44fa-45ff-a396-962e2799917a
8348,3a2ac208-111e-4843-8466-fc7c688cc6b1
8349,6e3f39a8-9654-4f3c-bdd5-0450a795b714
8350,9421fead-3774-4935-9923-a077c87e617d
8351,cecc6b5f-5569-4df5-9667-ad3e03c88bfa
8352,540601f7-84f0-435e-948b-1604b24121c7
8353,43d4dc9b-9876-4ab8-bb4a-46f21bad00b8
8354,da1cc7d6-5fda-4d36-8152-c10d8d269966
8355,b3ea4092-e2c9-4984-b71d-cf0a78efccdc
8356,007060c7-eba1-4251-8fba-f77cd4047f9c
8357,ad15e423-19a0-4e5d-993e-872d4f42d7cd
8358,dd25784f-33d2-41d4-8aec-4dcc01820c86
8359,d10824f8-67a3-452d-b216-dc343bf67c34
8360,c538a418-69f3-4d8d-8fb3-8e09ae0604d4
8361,d1069190-0f32-4bb5-8656-9ce42dd8f2a9
8362,a9169cd6-fd63-4d0f-9f5d-d927935c5697
8363,ad372970-42d4-433d-80fe-cdc2a0b5e84a
8364,841e2682-adab-47d3-94ec-d4343cdc581b
8365,b6259cdf-b9ca-459c-ab96-46d58afceb90
8366,0bd5bb85-a99c-4aeb-9c0b-af675d550bc3
8367,f0195f20-09f6-4478-89f3-5ef2b9c7a80a
8368,40d8a774-7a0a-4216-9dff-5a9036f1d2f2
8369,942a5f45-40ad-48d7-8786-dc79c7e8cac7
8370,8b10702e-4f72-4c34-b6a4-eb42a85aa1ed
8371,64af2f00-7756-4188-bbf4-61e7b060f46d
8372,bf433dc8-2bbd-463e-be66-44c405735f33
8373,3a6f595c-baa0-45a8-bc7c-ec1bf9d49d8e
8374,a3db1644-23f4-4434-a8ac-6f6c33f257e0
8375,ed9ce19c-1942-453c-8ce4-ce4248ea2468
8376,2b3e80b5-38ac-4e1a-9681-5ee72beddc6e
8377,0fd66b1c-7d1c-44de-aee5-d551b8911245
8378,5576038a-7f40-490f-846e-35cc071bc173
8379,7a251e7a-f4d6-49df-8835-0d34a0f0eb11
8380,963cca92-8fea-4927-98aa-2b98033f6990
8381,80c88ca8-dda8-42f5-bed3-9921ced238fd
8382,92826bd6-5849-4e39-858b-73bdcd94b710
8383,15fc6eed-e0c9-489d-a762-e39dc42198cf
8384,69e80120-e31d-4036-b10f-76887e08e5f9
8385,a07d879b-ab08-435a-859d-68839e2f11b2
8386,160afc4a-f10e-4dc4-a1ad-ecfd9f11f6d6
8387,631d5408-516e-4a29-8e79-8d5b32ee3a19
8388,c7e9aaad-cf75-4d8f-a3d9-f708aebab2f6
8389,b70fdc3a-abec-48ee-8ef1-8c5a24127dc6
8390,f26cc3b0-5d7b-4227-b753-93b30ab6e6b1
8391,092086c6-c4dd-4f7e-827e-589288810087
8392,4c4004b6-24b1-43fe-9461-0649d181de1c
8393,47dd9ad9-cc49-4775-a9aa-a6619ca669f3
8394,da0430cc-8a32-4072-aaeb-b15b7e59f014
8395,3dc2dc2d-bacb-4743-9ec1-1e58bd013b3e
8396,3758de20-8846-4844-a660-e121fbfd5f22
8397,76886e1a-46d2-47e0-9888-a0a6e656239c
8398,610aa6df-723b-4b7c-b4da-e0b742fac8c4
8399,82a4a510-56a1-46de-95f3-b0a9ecb7894f
8400,941a1670-31df-4235-a36d-e15f9e1892c3
8401,58778cbe-e53f-4b66-9cf6-ac1729c8566e
8402,b2e70334-84b0-4956-ba4d-801fe9c2f9c5
8403,bcd2c8ac-e5e7-4150-bd20-8d7a206a33ba
8404,48202817-5614-495c-856d-9b39fc818099
8405,3eed63b7-a837-4155-81b5-956151a35380
8406,112ce8b4-d72e-4210-8285-aec3c1059dbb
8407,528947bf-3640-432f-83eb-0099ec361266
8408,c356f75a-ad55-4bb2-8c7c-1fdc60f3dfa9
8409,272ce9b6-c964-4e30-b72c-7ce9eb0b8431
8410,47862779-01fc-46f0-92c3-b9fc9cb4c66c
8411,4a9e3c92-19fc-49b8-bc56-b1123b1d7b3d
8412,19618230-c429-47f2-adce-2ab9bfa21bd7
8413,b52c39b5-21f8-4cdf-81d8-d74a59567f7c
8414,2a15412a-c25a-4f30-9f96-4db2bbcc1901
8415,ed32b5de-77e9-40ef-8a23-40fe0f7a4e6e
8416,5c9f4fd3-ec25-49bc-a37f-8ca436e594a9
8417,a74d7345-ddba-4ec2-99fd-2c5bb9d5de1f
8418,36a2d9fd-10f3-4c07-b118-7be9f300b70e
8419,ebcce1ff-1cab-4768-9b67-0885367565b1
8420,5feee64a-5192-4f70-842d-1424bc912557
8421,5aeecacd-19ff-47e5-9770-52e0b9ad5443
8422,5e318a60-4ce5-4a62-aa3a-70530af2543f
8423,4c53e2f7-d293-4e8e-b033-2972eb9ec398
8424,e016af6e-a847-42ab-ab0a-f7b70c7cee59
8425,2f76ded7-8fee-455f-a54b-18852c479d2f
8426,ddb98aba-ff33-4daa-ae6d-4cdcd28f7087
8427,b462e385-9dc9-4cf6-9c11-077f04c87404
8428,31950eaf-e0eb-4268-8585-443e3e3a7f13
8429,7c9221b6-3034-46f7-b077-d2facd6935a7
8430,71c392ef-6c62-4ee2-b957-d086c4aac636
8431,234e9222-d979-4347-a8d1-8dfc4ee04ade
8432,ef56b75b-2026-41b8-9d1a-cfa19a1b6d1b
8433,54bf764d-bc27-4a1f-b1bb-9b75b1f29b61
8434,a593e939-d052-4e01-8b72-d623b481e1e3
8435,4e24b5a7-4f3e-44e4-bcf4-709a679a064d
8436,e217c23a-97c5-4890-a09c-d45be85b2b74
8437,49c458c4-dff3-4257-8f65-860322aeab7b
8438,f0b7a096-d4b4-4150-8e14-b4a7c5f00d24
8439,d4fbebee-4b04-4421-9a6e-accf378da2e6
8440,bd3cc781-c0de-4ca2-9987-16611e6597c5
8441,9aa15da5-e3c5-441a-96a0-d5a0a4a4f0be
8442,87bd2c05-be3c-48b9-a86e-bb79cf97b518
8443,359edbcb-b9ae-4d5e-8c72-2cca1bb7d43a
8444,5cce5ef3-1f32-41ec-a4f5-bf288abdb76c
8445,2b99e4dc-7153-4cc1-904a-08d7e95bbce4
8446,55a36fc9-16f9-4165-99ae-bc25cfbdcaf4
8447,d9655ac4-92a1-494c-b98a-dd6c92003f1b
8448,827933cd-e887-4782-b14c-b1a9f5de442a
8449,66bdd41f-57ae-4ab1-9213-114f4bfb21b2
8450,080ed362-9ebc-4eb2-9b3d-585c303ad4a4
8451,45b9771e-570b-4257-8112-d26104c29626
8452,35da525d-2f53-46c9-b427-61e2cd1216ed
8453,bbe2c117-1d27-49b9-ae9e-cac91a33811e
8454,de2a76ac-52fe-4e9a-abd4-f17e2c1be53a
8455,cf379757-476e-458a-9d15-e77ab6cb9cac
8456,491282d4-b61e-47f5-8b8e-b75d07e2df68
8457,e5348a26-d1b3-405d-b301-ccd89de047b1
8458,6b1c967d-6ad4-4cad-b45f-1202b80f681a
8459,1ab74bd8-dbbb-4cc3-8c44-e63c98d6de5f
8460,91f03419-ee54-404b-a94f-02cd714a3484
8461,7f8e7712-a6fc-4c83-9192-ca7a9c4f4003
8462,caa05cd6-b435-493e-b983-4418898e7bcf
8463,27f7fbca-a3e7-447e-bc1c-666a13acfce0
8464,c51b1ce3-8ca5-42de-b6f6-2396b47511dc
8465,0fa74c9e-c7e3-4ec4-b7d7-5db2706bc2f8
8466,ced31598-bd18-47d2-a4ab-3c2475dcb6e7
8467,8c0d828c-9cb6-461c-af92-d1e8889d9231
8468,5c85398f-3f14-4b81-9828-83a0f263bb6b
8469,a00e02af-666c-4c91-8d72-e8350afed454
8470,c56890b0-1150-421f-aba2-f28f2f86774a
8471,f023e68e-7d3f-44ab-9eb6-4a4249d9cca7
8472,81981fe3-7e79-4138-9992-4ba9b946ff41
8473,417d5b54-9b89-4bd3-b4c8-d1835f548c2a
8474,3050c4ce-532b-48d6-90c1-3809a4bb384c
8475,d1187e78-b84e-4852-9192-6492c0bf28e9
8476,0afd81a5-0781-4c96-92e2-097294b5b5d0
8477,9e8e5f08-3c4c-4f8c-9dfc-83ca1fe72990
8478,18d76ccd-425f-4223-aef5-c7dd7e310eb6
8479,a0a32008-958f-464a-a6b7-e6661bd9653d
8480,fca2edf2-2253-4945-a503-b55168c6bb8f
8481,64a4f864-3222-46be-8d5a-fb1474cc435f
8482,3fbace96-d815-4213-bc58-29c250cbf411
8483,6f41eca4-4317-4118-8832-5f32865f12ee
8484,7af95038-6a6a-4b99-99e8-fb23cea6b94c
8485,aa2f8824-0ae7-402b-90c6-7947ad0e86c4
8486,0606b793-7da5-4a3c-bc47-3d7ce6d258ea
8487,c1bc89e5-0601-4cec-83e5-f7332987abc5
8488,f06f21a3-f445-4d93-b718-83abf8888ca2
8489,c41bab3b-6f5e-4f90-953d-a55aa1c7a7ed
8490,a3fb185a-ded2-42e5-8062-b4cda7109ca6
8491,926737d6-79df-4766-b1ac-fa3b5568b74a
8492,730e09ce-4463-466a-aa99-8e7deb73c853
8493,78c57d0e-2c57-424f-a2f3-eadc85af2680
8494,50edb478-ce53-400f-9a8b-4d592b15b642
8495,1e7cbc4c-8170-499a-b0cf-5c34a44c56f1
8496,80fdf72e-9b43-4e77-bc90-c72bf0a5f609
8497,689448c0-30b8-40c2-81c8-3e6b32ac3161
8498,5ebb399b-cab6-4633-9c00-3ce9d118fb7e
8499,ceaadefd-c008-4755-8cce-e39180557dd5
8500,85833ed3-2482-4702-939a-6bfde5022aad
8501,aa1ba2f0-557b-45f5-be61-e7ae383a6904
8502,7c42c9fe-ec21-42b1-8787-1d3985e59aef
8503,33062f01-1d88-4ead-950f-51ac8ea706af
8504,9520d5e8-29bf-4f6b-8291-17c5245791f5
8505,4a21e364-d610-414d-9056-c946959ad9d5
8506,7b8d5266-a195-47b2-9f93-7a4be4e5fa7c
8507,762a52b0-72cb-4743-ab35-ae4a784c0349
8508,4cf89810-8c19-427b-8187-cea94fdc321f
8509,2bba7a11-f0e1-4197-8491-f2b77134f92d
8510,5acc8408-4a97-4187-9c34-fb56f1af9403
8511,9348c902-a6bd-4be7-b9bc-1d92ea865a47
8512,9bd05e46-0f0a-4111-b4cc-cbc37f44367c
8513,9b7c59d5-feaf-4a70-8645-c0860f965239
8514,a655ef3d-60a3-439f-9c11-a6edd6fd5ba6
8515,41bc4d7c-58be-48b1-be96-bb8566643e2e
8516,6ab1dc80-a496-4b07-8b86-f7d206068262
8517,245c72bc-4a5a-49ca-841b-7b8869d52c4c
8518,8a91ea8c-d961-43bf-8c22-8db3a4a4fe48
8519,a50b563d-46d2-4dd5-bea4-86c916ba1841
8520,6af260f6-9648-449a-b6b3-705be896289c
8521,d91bceea-617e-4a5c-b04e-90ace53afc9e
8522,db7b2c8e-0cee-4bf8-af60-f793c5627076
8523,a293fc0f-af01-49db-8bec-5d40fdc4db82
8524,e744de31-9c7b-4dde-b74e-8154662e5cf6
8525,1099be06-b454-42a6-bf13-50b9fe0cd519
8526,338012d4-2f59-4486-9176-84e1321be976
8527,89ae98e4-de9c-49d1-9bac-f0837021e969
8528,bea37f2d-5197-4c39-b79d-51b37613ef74
8529,42ec5817-df01-4e68-b392-9c88275fe1e9
8530,b75cb6ec-de29-40f6-92d3-6546a77d1a59
8531,c3dfb392-54a5-46f4-bafb-9dbf9b34f0d8
8532,f5cb7ec9-6b2a-4bf6-884f-32cb4b8bd0c8
8533,c53701fa-e694-4ce9-8f14-6406288ce60f
8534,0e6f5c65-e3ea-4c15-b93b-051b5cb4370f
8535,4b03ee85-41ce-4ba1-b28e-df7341a22554
8536,77dc53d3-c4ef-4832-bb81-d93aa7577507
8537,5056854f-69e6-4649-a4d8-a0a2901ccf04
8538,5589bfd2-ff99-4e3f-a921-4914c2b88da5
8539,9bde3f3b-dbdf-4e08-91c0-6c17652fef18
8540,fd26646f-ce2e-4d8d-86bf-5a34ee49a542
8541,dd258f2a-d55a-418b-b660-8ce6e8b78617
8542,72895b32-36ac-43c5-984c-8a446af8d89d
8543,cf9a0211-10b7-4b99-a921-20547de1bba7
8544,3a79516c-dd81-46c3-9f62-39ee5d8f163b
8545,b658fb02-293d-48be-8f94-6957225e8545
8546,77fdd8f0-1ef4-4e29-8ab2-3690fb2007b4
8547,4164829a-9e71-44b9-aeff-ceeb96207d01
8548,00724c88-0f7a-40c8-846d-cc9e1776c152
8549,bd2b7ea9-0103-4dda-af63-4efe89ca0f04
8550,5845b5de-f4dd-40bb-abe4-5cdb42a05183
8551,d40a0714-62b5-40a4-ab1a-6752712187be
8552,7a729bc1-97f7-4b11-801a-c35ad1edd849
8553,7a8c2900-27aa-494e-9438-8e39629cc7b5
8554,262c8fc0-c763-443c-b065-316a1fcd168d
8555,8c697814-ef4c-40f3-ae8e-7efcd6f9aa31
8556,163037a6-1acf-46bd-b2b4-8b616dd4738b
8557,828edf12-2397-4fcf-b6fd-f2feb1e5eb7c
8558,44fb8986-8f7e-4cb9-8311-92cfc23792cf
8559,c2a9c566-44a7-4a47-bf21-b0df456b1d2e
8560,5bb0adc6-6b00-4fa7-85f8-2f6a6a754a96
8561,f2c00a59-c998-46cf-b54a-76aea2ebacf8
8562,d3040238-ee82-4b4f-8362-39cd5fa6f4f6
8563,907b0f32-3081-4760-aabe-ef362a2499de
8564,0cbb4670-8ea3-4efe-938d-6fdca2672553
8565,f56c9ecc-9b05-4eb6-9b5d-798380aaef63
8566,c35c62a2-1040-4134-94ba-25ac9dd33d9c
8567,9090c7c7-66f7-4daa-b503-1864cfc2e5ba
8568,70648902-27a5-4f37-bd9a-9d5e4b6c88f4
8569,dd00e1d7-d84b-4c34-ad9b-52649ec3bb68
8570,1d85d91b-c0ae-4da3-9044-83039dc5dc48
8571,8a488ca4-057f-4edf-af0a-28549b7053a7
8572,485808fb-adda-432a-aa20-25b87a176543
8573,010af025-de5a-484a-b7b6-949d35001153
8574,a86a35cf-aef2-4e1f-91c7-1cc60aac8270
8575,6b59850b-6c44-4eb8-91d6-ac10ccfc0d06
8576,b17321aa-25fa-4d73-bde1-820b2cf4f30b
8577,88b9e283-e19c-407e-acd4-cc958493c2a4
8578,b91382f8-d4d4-40b7-9df4-410dfd9fd1a9
8579,f0c2d175-9239-48d3-9073-0d80f2341361
8580,80bf257b-26d8-41dd-a742-5c1ac6f718e7
8581,8cc4a835-c4e0-448f-a144-b0065b4ce623
8582,11ab5ae8-b8cf-4e2f-b033-22a3a5f10a3b
8583,5b9c421c-d5b1-4014-b2de-5834aea98a4a
8584,b2235c7c-b6c1-4047-992b-7f088c112402
8585,6e9fc5ea-d16f-4806-9367-5564674038e0
8586,6316ec82-be61-4984-a7f4-d28a7f801f85
8587,459e774d-5766-45ad-a6f2-6d4119f829b2
8588,2e365e67-d6c5-416b-a567-c7a4c0c45537
8589,93dde93a-0323-437c-8a13-92b1f5ac0aaf
8590,e5bcebb2-e32b-43b1-8b39-a20b201260f7
8591,991c975b-658a-4143-92a0-670b8bd04915
8592,53ef6689-7405-40d5-b4ad-c425a97a4d16
8593,cc8bdd0a-8707-4612-b1fe-a46ca2efc45a
8594,4ee1e26c-3d9f-4660-bef3-566c42442154
8595,f21d411d-f383-41e8-b286-cbc9bb301feb
8596,8c5086d0-8727-4733-ae3e-0f232e38cbf9
8597,5a8f3c21-4014-4a0e-8e8d-c331a4133bff
8598,6f20f3cf-ba53-4062-9a72-5d5f96e07140
8599,45e96768-4e24-44c0-8e10-73973d8f755b
8600,3d998387-b417-40e8-9ba2-71c23f30dcec
8601,46ab2eba-3dbf-4d4b-a0fe-18ef07505d4d
8602,f644ad8d-72db-4833-9a41-a8406f0af447
8603,c7d5868a-810f-4aa1-b633-9677ddeb6260
8604,16089c5e-935c-422d-b4b6-dc0f7e688f87
8605,46d268fd-902e-42f4-a9e4-8d46a3b8c38b
8606,bc0d7304-8b6f-49e8-816d-f91c761be327
8607,45d96077-53f6-450c-90b0-ec15b63a0eda
8608,c95a1849-6541-488f-bdbe-ca2490be9c6e
8609,7d94b734-174a-4f5a-8fe5-86d8bef8ef5f
8610,ef77538c-8f56-4425-840e-2c760270589f
8611,26c428a4-81e6-4a17-9b16-7dd166d87d98
8612,1cb2cc52-aa2a-43d9-89d3-b01caa7c3eef
8613,1858dcd1-075c-41af-9969-5d03b118db4b
8614,adc81e59-39bc-4775-8b3b-c131800a35c1
8615,0ac12628-70b5-4a04-81d8-0363b2b2c4df
8616,4475cec1-56b8-4b29-8598-47ecd7222ef6
8617,d0b16c74-808d-4b97-bc85-284f02560e41
8618,58e2f257-4dae-41eb-80e8-f92ec87ae54c
8619,fe125b6a-7840-436f-b465-c9b735afebe6
8620,8cf4c511-edda-4adc-972c-350575d2fcdb
8621,fb9ebbec-80c9-4825-aabd-ff5bba467bda
8622,7547233a-c2c9-4af1-9d39-f6df08584a67
8623,8c11603a-203d-439e-abc6-83fe33cbe443
8624,4b95c552-2be2-457b-9dc8-296504cd8e0c
8625,82f20a4e-6213-42ed-a164-9abf9fc65be0
8626,fe55177a-bcd8-4e1c-9c8c-f274170fd952
8627,ab57a3ef-4a19-4699-ba1e-b89b8c6f5afa
8628,638638cb-53d9-48e1-8d0e-d38b85aa9f02
8629,d83fb128-fcfd-4f36-ae43-860e8ad45c36
8630,5a7852c3-ed81-4583-b3be-8ac3cb433d32
8631,2ac5d7b0-6c6d-4ff5-8795-e2173ec1f513
8632,221f48fc-c840-4299-8325-63a4e97abc74
8633,955e737a-522b-4dfe-b565-024f073771d3
8634,5f785cc7-06a6-40f4-8558-aef098419f98
8635,4e5d500c-b983-4544-b925-2aff105c0b3a
8636,2a78c224-93a4-4ba7-893f-611843e2e727
8637,89c4ac3c-b3d0-465d-adbf-e9fc1ee2cf18
8638,8fbb824b-5e73-4622-8458-421250591c38
8639,fb787007-1319-4fb1-ae29-22c46e930859
8640,65d59342-dc2f-4e77-b5c8-77ec93ebde2f
8641,d6ca5564-8310-448a-a713-6fdfb3d6073b
8642,d381ca7e-974e-4190-b135-dc71d42e599f
8643,f85a8ad9-d251-4a6b-bae9-ace98f7738b2
8644,106d313d-d7e5-431b-9efb-f70961faadff
8645,e75f366d-a6e0-4908-bd88-d1ac17e56e8b
8646,14a7dccc-60d0-4abc-9f9d-553de3172674
8647,413bb139-a81b-4433-8a59-cef389f37344
8648,48872124-9771-424c-952b-e9b03fab9eca
8649,8f54afae-1596-4bcf-a0e2-ec36572b6d7b
8650,df37b3c3-8cd8-4ea6-903d-30162069b574
8651,034831f4-6af7-4f77-ae20-4f61ffe1ed7b
8652,e2cf9223-9f75-42ca-8eb1-823a900eca89
8653,170e5180-7ad1-4fbe-b6ed-1f105fe7fd39
8654,ea1e496d-f70c-4afe-b74e-05c92f65666f
8655,4eaa5aeb-72cd-42d8-95b2-ecec1fd45dec
8656,0a528e51-aa74-4bcd-8cf4-676c0b35baa5
8657,60aee965-bfaf-4768-b746-76a3c2c89a7f
8658,d71bf1a2-729b-4da6-8764-cb2455248c8f
8659,a918e251-5e7a-4077-80a7-6d13ca0b1b25
8660,de29558a-96a8-4e3c-941f-8ae860cea997
8661,956ba247-d94c-4d3c-9b6e-947ca9441fca
8662,0c79fb92-1519-4bef-81d6-b9922ee38508
8663,47bf2ae6-3839-408b-a8fe-a17bb133b0a0
8664,6d845c98-a560-48de-ba0e-b319b6e2490d
8665,559cada7-6833-4751-ac32-c3645ea4c2ce
8666,035dcbdb-9a82-4be2-83d2-3ce51b7a51f7
8667,bc516104-6f8e-4c58-9c93-e5a933db7b9d
8668,7148718e-1004-4f27-8414-3551821a1988
8669,cded3aff-fca4-41c4-b71c-9a759a679c80
8670,14168203-24b6-4ec1-b926-723e1bcddc1d
8671,1290615b-f2a9-4649-8160-eb4c150a1c24
8672,b10b8e2d-20fd-4de9-a767-3131c4f83f9f
8673,a03787ff-ae25-4ff7-bbc8-57961cc317da
8674,cbf6b902-5073-4604-a31c-3cfe5f2eec6b
8675,2ea6e578-2667-4c1d-bc34-1e6d5d1d2f2d
8676,f6022ae5-d58b-4e99-9256-c183bf3b829e
8677,98d93d40-0063-4ffe-a792-4bbc0616f695
8678,6ae9400d-53c6-46b3-8fff-2e3e1a1ec6e9
8679,ca3aa692-06a2-4ce2-b124-96b098e2da3f
8680,0af77fc3-562d-418e-95b2-ec32f93e6ba2
8681,a17af8fb-89e2-44c5-aeb7-51223c934b7a
8682,4cf0e142-e58f-4a9e-addc-cacd79fba1f9
8683,c72ca92a-f5d4-4995-bf5b-be05f0abfe85
8684,65576e8b-6553-46da-932e-43ac893af62f
8685,358529d1-0ba1-4624-ac72-15de463832ed
8686,9c68703c-3dad-4430-81b4-bf39f2d4f64a
8687,67ddd422-264a-46ac-a97f-552057a4751f
8688,3d35b49f-07ee-4713-8453-1d313a1db49d
8689,f21a9a66-9498-4b83-b2d5-b12acad53340
8690,c149a025-3498-4eb0-86af-6936a5100477
8691,37939b6a-3bbd-44ba-8ba7-ce78edf4c10b
8692,1d0bf082-7273-4a10-b948-1e4115964e46
8693,4f2981e1-db41-4365-87b9-c2c43e4e7fda
8694,045d3a9a-ffe9-401b-901c-69dffdc368f7
8695,f204fcc7-9a16-4cff-a393-8692f4ab57c2
8696,70aed37f-ffc9-4fba-bc22-c7fd62a8f91f
8697,54f1626c-10c1-4ad7-b115-51d9359fda3f
8698,726d9c3d-0a7d-44f3-9818-b43fbf09da56
8699,3aa6dcda-b023-42ac-a0bd-4891616fc2c9
8700,a3c926d2-543f-4d1f-aed7-e5ffdfd38d76
8701,e68f7174-39c2-4359-a3a5-fe4b82bb1a29
8702,36617231-bd3d-4c64-85fb-1c801d22336b
8703,eaaf9902-d9d4-47a7-906e-21fe231ac4b5
8704,52967c04-8103-4988-a02a-012a1cc2309d
8705,69a3a6e5-c5e0-40e2-8ca3-851ad653da69
8706,9d9ab008-758a-4d73-a255-89b605105104
8707,6501a24a-01d4-41ff-ba84-89ca19c3982b
8708,1dea8156-238f-4183-9ea7-f750cb58d2ba
8709,c164fb07-2a7a-48d9-b2de-7d13cad642b4
8710,7248e44d-27fa-4e15-b18b-36de7f764493
8711,55a3b19b-2ac3-4707-9441-3a4ec166550f
8712,8924f80b-9f54-4cc2-baba-3ce1b604783a
8713,f3efd8c1-3358-4889-961d-7e7666e01e47
8714,bc44178c-9e69-4b89-bd0e-453a6873921b
8715,2bd3c345-0064-4555-825e-f25df90a3da8
8716,46c7e2c0-be33-4a80-b602-725c66395032
8717,655c247f-1b78-4037-8394-43a19af31bbb
8718,dcd2974b-096b-4069-a9dc-6e534a713dcf
8719,924e36b0-fdde-4551-b39c-87a5de0fd9d6
8720,5cc0d5b0-0106-4b79-8eb0-5b0a1c67eda2
8721,ab990fb4-22fc-48fb-8058-5cd55326af8c
8722,c6495351-7fb0-4b10-8f8c-912529fe5e02
8723,b7d4b37c-5a43-493d-a4f4-16896e1e793f
8724,1171f367-e460-4a30-8522-ad309e18efa3
8725,a6db76c7-5d05-4844-bb37-d336d4555a80
8726,11d9108c-1d9f-47d8-a082-f2bca7727bd1
8727,1fc59074-0878-4ee8-8743-8d64d1cd2111
8728,33a25848-f949-440a-9e4f-320f3ba7ea02
8729,80602c7a-2019-40a0-91df-830c43b962d6
8730,029e9fed-2132-4e06-b2a5-54885986400f
8731,238a9265-e92d-4a4d-b430-4ad43fadfe84
8732,a519a5be-45fe-462a-bc54-d31a21ad29f3
8733,5b6f7791-f4a9-490e-b599-b7e8b6dd02d5
8734,9744f290-42e6-4f93-911e-89ead1ae9e8e
8735,51928805-ba55-44aa-8039-0bdbc42c3b9f
8736,3907405a-dbf7-4938-9a26-8044911e55c5
8737,9c81b897-2890-4354-8217-2827e35e1169
8738,9ea5d8d8-9afb-4a94-a82b-dfe44e342fa0
8739,b04c97be-7be7-4a6e-8a0a-a338327eade9
8740,ddae3306-2ebb-4e94-b696-ad48266d286b
8741,6732973a-c8ef-495a-9572-4715b272c23f
8742,6fcf1f62-d1df-444a-873b-c2e31342d776
8743,7c7dfe0c-42c5-48ce-afa4-67fa30025297
8744,97aa677e-4c81-4ef7-a179-e5a96ca2c4a8
8745,7860e969-aa3d-4bbd-89ea-92c6973cba29
8746,e20f7368-e1bc-46cb-8d45-36952ac24c1c
8747,6e121058-5d0d-42b8-95f2-4fefe11407d1
8748,e0d68424-6e7e-440c-9700-cc95b3f0f6f3
8749,a60525ad-2308-46c2-8b26-6f65d76e2e65
8750,63155f64-c90f-4cc6-9183-ecfc81c7ca0d
8751,2e5a0d55-c6dd-4ef5-ad64-82b7d32a3c71
8752,995d8f5e-0357-4998-b01b-eeb9968bdd43
8753,f3219533-d3ec-4036-a793-c259c1ef6e5e
8754,ae0fbfbe-8eb8-4091-b6f5-1113d24fa0ec
8755,df5d02ec-9581-4830-b362-9032bbdbcbd8
8756,d700284a-7cee-48d8-a8a3-f160c68a9768
8757,31f8980c-c74c-4c81-b10b-58a9c8c4d4a3
8758,a013b3c3-fda4-4106-8893-db0b4edd9613
8759,b485ffbd-0aa8-4d42-8dee-dbd0af017d50
8760,c00bf2a5-3cbe-499c-b82b-5150aee09725
8761,bac4cc24-a4db-498f-92ea-b7afa6afe699
8762,8ceee04a-c1b4-4c1c-a4d0-130a6a1e095b
8763,0dde4972-df46-4282-b59c-8127aaf0cc2c
8764,3d71b9a7-1392-4cd2-8ed4-77bfee9a94a3
8765,d605022c-b0e1-464d-888c-14a3390f4cfd
8766,d7c77d21-7514-4312-9287-ea71970704b9
8767,3972d251-25d6-49e3-95b0-af88d13e9d17
8768,2b01a25c-e008-4507-b888-69ef559f993e
8769,53435ce3-cc27-4ee1-b5e6-ffbc550f74ef
8770,14f2b1cf-6b43-4846-832f-22e7ec192dcc
8771,3542068d-1428-4f35-885d-ca82bef2c5b7
8772,ba849fc6-712d-4d8c-81b8-a5c877a424ab
8773,eba97364-f61b-4d13-acb0-05e0dfacdc0c
8774,e0a0fbab-e999-49ed-a171-2249defbb581
8775,bc3dbc17-ae0c-4f87-9615-851aa4dea10a
8776,fb518c62-ad7d-474d-87c0-f829501820bb
8777,07181588-586c-4f74-92d1-fc185da4023b
8778,636538ef-b555-4c40-b0bc-f2c3c73a5e1b
8779,2f5c1be5-6718-49af-b54b-df27ccf826a8
8780,5bb877b0-509b-455b-aa4c-eb99f005bf2b
8781,0fa98f63-27dc-497f-a3f9-1a3d7db542b2
8782,670aec5e-21d7-4e35-8891-d29cf8944096
8783,cad8bb39-f13e-4ae3-86c8-89eeba08c7fe
8784,c6348b68-a441-4e6f-8b56-944f8a01be46
8785,d6882bd8-82ef-4517-96f4-11617c5f99b4
8786,57b09c4c-afd8-4cf9-82af-1e07d5dde37b
8787,496a7654-a629-4fcb-aff2-669b68054064
8788,0efdad78-8994-4125-96ab-b7071a2d6873
8789,a9df0598-4ca4-4b8d-8a64-649c325b5a91
8790,ea1d2f21-a1ec-4172-adc6-4a9794934df6
8791,6c290c49-b93a-4b2d-930a-d70877262803
8792,4e234a03-c47f-45d4-a65c-8f3c02736273
8793,9c0300a2-baff-41eb-9957-12be836e6eef
8794,3b9f8b56-57b3-47e3-928c-ac1e5aa5d165
8795,5032fd0e-0dcb-43bf-98f0-a9e2267a96fd
8796,1f4b3230-5a4b-484e-80e4-f73b399abeef
8797,283de2f3-9218-4634-b30b-e878620e929f
8798,e7ac8faf-ad51-4caf-9199-1fd905b5108f
8799,2a7df80e-3ea0-4136-ab3f-72afee9eef43
8800,835399b8-e778-4383-abc7-b4e72fa11a13
8801,830c7781-e609-410e-bdd8-17145aa8365e
8802,f2eb035f-5420-4450-bde0-5db5fe2c7c7c
8803,cbc0e25f-3754-4b52-9c21-b0be00a07b45
8804,63767de4-4f63-4733-8c6c-9b74ef492013
8805,a6234f12-33bf-4770-8f32-c865c7fc4722
8806,32653958-e66c-4ba1-81ca-c8f4e44882b5
8807,93ae4ec4-130a-49e1-9c9f-fa17307f6edd
8808,4d9c4847-56f8-4978-b3d6-d53a99e2ce2f
8809,8b365996-647b-4f9f-81d5-3786c01622f1
8810,1ebeb8fb-19ca-4e7e-b9a7-37b20fb16e1b
8811,207c5b09-7a05-4ffa-b31e-dd8697344579
8812,7cdb76a0-03d9-4334-906f-2b2ef0ad5554
8813,c8f85ef5-d045-465d-ac0a-4c12c1d287b9
8814,7729312f-1c53-44b5-ab3d-3b28c8c5f899
8815,3b57a33f-a5ff-419b-91f3-75da9e8561cf
8816,3cd9f233-99bc-4b9e-82f9-c506e70c583b
8817,5ef6c2b4-0b37-49a6-8957-6f7a09af3c06
8818,92b39c0f-bfcf-4630-9214-e6b085d8406e
8819,1f4d2345-98a3-4289-b73a-71b2190ba64b
8820,23c7a53d-b04c-4920-af5a-8d5fed9d74a9
8821,6da148e9-c1f9-4cfb-9da1-16efc19442c6
8822,ed82de3f-2b19-41fd-8b21-7c26404d929f
8823,7ecf6022-3a35-4183-9a82-73223dfd1e91
8824,5bb4a01c-3361-4db1-aff2-40c3f73af828
8825,50807293-de6d-4202-b651-d14ffd5e094a
8826,4b05d222-dcb8-419d-83f6-07b29fb781c1
8827,ea41e4b6-068f-4f82-b6ad-f24be95fd536
8828,da81268d-9d93-42da-9fae-421c1ff6b7c6
8829,0365b53c-228f-4f3a-9697-af7acff4de1c
8830,ffd5f4e3-6117-472d-974b-01821d6cab6b
8831,ccf1a613-febe-4888-be21-3d967d980a04
8832,66a56871-0330-4d9c-b697-ce3b323954a5
8833,485c729c-c5bb-4548-bf19-4100ef511d78
8834,9f9877d0-3c26-4aaf-8d76-e0f1fef0f9fc
8835,94a7622d-a35d-49cb-9001-605c3ad4de83
8836,0e06f056-05e7-4588-b161-ebceb2bdc199
8837,8d9c764d-6a73-4362-92af-0a35ebca3b53
8838,5abbb669-6ecf-4193-afa8-fc8cebce9540
8839,4c5e239a-d748-4adc-bfa6-d79422051de1
8840,a8c59462-3634-44eb-961a-d89a15b87506
8841,d2b3a7e8-cb0e-4cd0-b871-f5fc66ffb6c1
8842,a957bc03-d3ba-4ccf-bd91-a270161136b9
8843,30db1969-3fdb-493c-b1ba-6c59219c194a
8844,d9f0839e-8ad6-4136-bcf6-a0a6151b9406
8845,c42850df-1745-49e1-b9bd-df960762fe9c
8846,b521e3dd-1a08-4b84-8d61-3c72bfcd6c22
8847,84ea94d9-15cd-4c1b-9ffa-42bc1ac4cad5
8848,41cd448c-8d58-4d8d-98d6-1ce1b1e1b5af
8849,1fda0c1d-dd01-43b5-b4ba-f3f43a5760b6
8850,c1e39ae7-1307-4791-9870-62433b49cfd7
8851,8f771e5e-d150-49bc-aa5d-eb401d175982
8852,32157e58-d0ac-434d-b2b8-01b162b23515
8853,eb665152-d7f0-4c6e-ac01-25c683c3224a
8854,eb54f4ab-f9ad-44fe-9dd6-4f572307046a
8855,27ccfc3b-799b-4b3b-9ecf-bca9be9f3db4
8856,3d225f10-f13f-4c32-9505-517992d6720b
8857,f0134090-0bde-4144-8ba2-d4551bbaa93b
8858,18338a78-38e4-49c7-9600-c39fa5ba6962
8859,6123ca64-21d2-4b4d-ac2f-80fc00388a60
8860,42021c63-6b9f-434c-a0c9-396b7cd16d41
8861,773232ae-9a4c-4623-a910-1b1dc4b6cf81
8862,db4d6c0f-e596-44c3-a2b9-86d0c0e9ec70
8863,18c5891f-7a25-41f7-b713-d3f89bbbd601
8864,1c8f2073-df75-4661-a5af-4353627fa5ec
8865,e291731f-074e-4c33-b045-bf5337bcbb6c
8866,532ea251-88c6-4659-9e32-da74f2dbc0b2
8867,e895a97e-8d96-4216-9d75-45335ca8f27a
8868,7e056602-d1aa-42b8-be63-b4d242b4081e
8869,d322a3cf-f722-495c-a590-aaf6ef9ef08e
8870,cffd0527-569a-486f-b390-b9f19306afe1
8871,9ed3b484-df0e-4b1f-8550-e691c6b41260
8872,706a197a-382a-471d-b9b5-203a9dc69ca5
8873,0ba6cef6-94f6-4f83-bb09-db14f91c6963
8874,97c5b1fc-b99e-4483-a5c6-29ea70ee4b78
8875,d6d76582-06ae-4e7e-babe-29422dcf1536
8876,74a29f40-1179-4ef9-a0bc-761ba2718b2a
8877,5062eda0-703d-4bff-966a-1e47518f5ba7
8878,89c71978-1256-42fa-8b38-3d699a00704d
8879,56cc9e3a-c9ac-4655-a2d5-4d343567d1d5
8880,22a02589-068b-4015-ad91-1a2af9472283
8881,7954aace-bfa7-4f4e-8461-7b87b5b49b23
8882,987229d5-26e9-4cb7-8588-c336cc0b64fc
8883,6115895e-7df2-4666-b966-0ed78ccb46c5
8884,4d789ad1-7056-406f-be4a-dba4074c456f
8885,765ebdab-c16f-4cf4-8778-4c480048f90c
8886,383a47e6-17b8-4056-93ff-e1f69ba26cfa
8887,d4648cca-77c0-4891-b331-5f1291d7fe3b
8888,e454099e-4ee9-435b-84f6-23a68578dacd
8889,60096dc3-22ff-439b-bbb9-7fa7296e4e7f
8890,496329a1-05f0-431c-a537-25badcff3c40
8891,645301e6-dd74-4d45-bfb3-fa8cfe6ba32b
8892,6e88981b-65e7-41d2-bfaf-ff7438c3c349
8893,626b9a1d-7826-4fd3-8130-af15f6743ced
8894,c3255869-7b48-4982-ba0c-e2d9d2101792
8895,bc39ff0f-006a-448e-a84c-4e548928afb3
8896,464362f1-a32c-4450-8376-07c03917d1a0
8897,eb0169b9-608b-4f2c-9474-3b2db96bdbb3
8898,6e5ad5f1-018d-4892-a70f-6d82fdd643f5
8899,9bb2e24e-833a-4d53-b3e1-a7c163634498
8900,78da2961-db32-4bc6-b4fe-3563dd37be6d
8901,9051175b-7b05-4429-a0ad-af402240f17e
8902,c4cba85e-6485-450d-8e99-9a0fb657f8a5
8903,75989d1e-6cc7-4dba-9335-896b1407ecf3
8904,fec0dd67-0650-4b9e-844a-7d439f930f2c
8905,98847e66-45c5-4acd-974b-cc93a56cabee
8906,6655be9b-b284-4ed4-a046-b2b278f19df1
8907,0bbc0ce6-c6be-485e-bc0a-47e98f52b155
8908,772755a1-0fd6-4229-b068-6683b20c8c87
8909,0444cb6b-b066-4b96-baaf-3e18760e9807
8910,110e4f42-ef2b-4588-a9e6-1453c886ed90
8911,e909d032-558f-4d67-91bc-eae8fea893e6
8912,ceb8d936-a88c-4e2d-b927-54dcb693748e
8913,a689b64e-7ce7-4c52-be8b-be8093ab84e2
8914,b2cb75cb-aa32-47fe-9084-4deae639137c
8915,15a9ef76-9fff-4cb7-b409-4872d9cfa50f
8916,dd3f9c3a-003c-4b98-924f-dc74b3ad3f94
8917,3f1dd45c-7332-4b4d-8f2d-3f614e463a2a
8918,9ea8bac8-69fd-4182-906d-c24f5839fb13
8919,aec06496-5478-435c-bf4c-b887cd3a51d4
8920,224ffb58-6439-4f97-a824-3e93ff05a1f0
8921,7d61a22c-33f0-4614-8644-3b094bae322d
8922,268a2999-6d36-43dd-8107-78d0eb03f4bd
8923,a29e1cd9-3f40-4322-ab7e-3ebf94aa0c61
8924,86b4f907-0e31-4f14-9ab3-acac2c65a82b
8925,789b471d-1863-41dd-9788-91309a818e14
8926,1c12c86b-440f-42f2-8128-139911a8ee2e
8927,06eee64e-e30c-4d02-9afd-bbaa7476aad0
8928,36d00e42-f891-4deb-8745-462aafffbe91
8929,3cb13485-70fc-4cf2-92d8-76aeeb727cdf
8930,8bec478e-d72d-4c0c-8665-99a85f8847f1
8931,9467c181-662e-4d1b-887f-35eb7bc291ce
8932,7bd6c21d-0a25-499c-87b0-ae01b426ff23
8933,29bfec01-d6d1-4890-872e-913a30fb1cff
8934,c21b4cd6-6041-43da-aba5-d8dc4f419324
8935,e37f8ddf-c3df-4a48-aaeb-3bd22d5952d3
8936,7ad58ab3-1df9-402b-8911-82e346b9c47b
8937,2ebf7cf6-f81b-4c80-b97b-335544c6b70a
8938,98e3c7af-70d4-49d6-acbf-68be9ff2ad6c
8939,3e14b82b-8028-4154-9d8a-6e87b2f8f5d8
8940,32173b59-ddb6-4b18-8a01-39e26b6476b8
8941,043b65cf-f9a9-4a11-b962-9e342373891b
8942,b4714786-e141-4c04-bda5-62971e56f771
8943,4163d08f-1009-4a60-8a5b-8a66541532e5
8944,4880f199-b650-4d07-a2ed-86653f31a22a
8945,40e7f260-6193-4944-b20c-2376853a5046
8946,92b349d2-c800-4dcc-93ac-bf26446a348c
8947,2acd1c17-6527-49ff-8dbd-ddcbd827326b
8948,67682cc5-d929-4713-9187-25934eba971c
8949,ece57322-2051-4d73-883f-90f1a2361e5a
8950,27b38610-e427-42c0-85d6-60e6245ffcf3
8951,1f7f07c8-b7b1-4d2f-b0fd-b3ceed6e64a5
8952,d34708fa-71c0-402b-b373-210ba12108ad
8953,38793375-226b-4ace-8e92-131faf50399d
8954,f11ea7df-0ec3-4a1c-8a64-d3681352884e
8955,13b6d935-7ffc-45f9-a2f8-258dcfd40764
8956,883f99d6-a2aa-4aaf-9c73-e20c7e974d9c
8957,ffda1dc6-2858-42fe-8919-a125c60081bb
8958,9e4df48d-ee40-44a7-9d72-653dd0107c11
8959,145319e5-2168-43a1-a15a-cc702e763b83
8960,0e3db75f-5ee5-4a67-8a13-effa7963f9da
8961,d9f58249-1a06-48e5-ab1f-68b5bbce349b
8962,d042518c-38e8-4649-87be-0ad0f6785520
8963,76601001-6f03-4295-8366-11299851396f
8964,2cf1a28f-3109-4174-926f-d90a69b0470e
8965,2be18668-1b87-4f76-ac1d-5cfab56992e9
8966,2902a638-46bc-45f1-aebb-24837ab1a535
8967,0f6c8aec-2cbf-4b3d-8a1b-0227c2daf837
8968,0e96e804-b6a5-4509-9c3f-0e62f986406c
8969,5f5b4839-6609-4e45-a9d1-3458a5138e80
8970,adf5e208-e873-4589-87e4-f691b2b0c939
8971,b136c957-4655-49bc-add8-7e359ff3670e
8972,696b1e70-dec5-4a35-a104-3e6e11e6dd7a
8973,34f734fc-15ae-49c2-82f0-70df4772fbaf
8974,41e8758f-d260-461e-9056-073c757081d5
8975,1c6d3776-af4e-4db6-b3df-5aae9fe4929a
8976,d75c01b4-445a-4f46-adc8-4694175ab89e
8977,369dd746-9e71-4904-b246-0e920265577d
8978,2bb341b6-4bd1-4b4d-9e6d-d5aec7a0fad3
8979,4afaa9e9-aa29-4b93-826a-8c15a4ebb48b
8980,c2117437-44ee-478b-9f10-c09a57675182
8981,8bac80b0-8a2f-4136-b76f-49d126120675
8982,dc012570-475c-446f-8853-3f0ae31271ec
8983,49184a31-69e3-4545-8d68-13cfa39fa5c2
8984,3876ebd0-d8e2-44fc-93be-b10fafe44493
8985,0a7fc85c-8d23-4e9c-84a4-28f13d54e432
8986,5a76ac0b-cc93-4f71-ae05-3c4822688ffd
8987,429960e6-97c5-4605-b54d-1b43670c2811
8988,abc99fa9-1cfa-4abc-91f0-7520afa23775
8989,f8bc8e48-dbb4-409d-ba86-4671dd035c8f
8990,d893cfa1-2baf-4e51-87f6-cfea80f06810
8991,e85437ee-e2c9-4de6-ae5d-c0f43b341aa3
8992,f7fc2bb2-36a2-4c05-8b5b-8ae2662aaaa3
8993,06471abd-db63-468c-b1ad-dd5a2f534595
8994,f8354535-e9bc-41ca-9bd3-712509123843
8995,bf4b87ca-ca14-4639-81a6-625aac577ed3
8996,92e5b189-88f3-49d6-b3af-9da188229689
8997,3b261a16-ea0a-40cb-adec-ab3255059ec2
8998,586c0789-5a56-46b4-b166-f523d8c9d3d7
8999,e8db3c1a-06bd-4513-8121-5299c5baf835
9000,1c3dc996-d513-42f5-86bb-16ba9db6655e
9001,49d70ea1-27c4-44b1-86b0-11056e57cc0a
9002,95e7c476-6680-4cd7-a398-8d84682bf289
9003,a91b3eeb-03f6-42ef-9450-ebf59908609d
9004,24f67d98-5d62-4c5d-b102-73e729a59ee2
9005,f1079d36-ff7c-4efc-a011-8cb761300853
9006,965be092-f900-4737-b390-79e06c863066
9007,8cd8dd99-6a23-4b42-b6f2-61b33c04026e
9008,31febec9-b763-489b-b734-4ce263f44700
9009,2142002f-5b3a-451c-8213-ccd1b92d3d31
9010,e9cf3999-a892-449f-ba39-8805b780868b
9011,43266f3d-b14e-41bc-b080-72a32db01b72
9012,6a668e66-4331-47f3-beb1-f7f46f169f33
9013,3fed9fba-18a9-4084-a294-c688e01cea23
9014,fb48fcc6-c170-4075-be7d-1f7dfb026ded
9015,51ebf1e0-c7ec-45d8-8779-7e0052cbf521
9016,da602fb8-fdb9-4987-8183-ec4df5bea024
9017,bfdd937c-b892-45ee-a10f-af1c75abf316
9018,547d04e3-c93f-40a9-9c51-0688938f6148
9019,5f89816b-37c6-4cfe-9bb9-361b42526468
9020,aca8f90d-b04d-4389-a143-02787e97a261
9021,34f26a0b-428a-48b8-bdd0-b655efbfada9
9022,2de2c9c3-cfc6-483a-8185-b46e27f0390b
9023,d98f9357-4053-44ed-acf1-98d49efd1142
9024,bae3ef36-1c33-4670-9dfb-698f6930e9ec
9025,efcef842-610b-4787-821a-ae5f003bf9a9
9026,5ca4be6a-809f-4ba9-a32a-ed2176beba9c
9027,37261bc8-3e8d-4311-89ac-df2e7c4ca155
9028,9a46c8dd-aa4f-4575-9179-28818b5f4c70
9029,7e3e6b0f-6f49-4aaf-bf49-b9096b155ed2
9030,2c13297a-e41c-4e71-a306-26b1f4e26e10
9031,5dc1fddf-f830-4ee8-83ec-426c6b9881a1
9032,b9933dbb-eed5-418d-83b3-0f4b874ac4ac
9033,6ad804e8-5545-48cb-a172-378946552afe
9034,7d4b463c-2081-454d-b342-1f09580ea685
9035,67ce1266-0be6-4001-95eb-aa2e6ccb0c0d
9036,f5000aea-6341-43fa-8263-90bea36495e8
9037,d3abccce-854d-40c0-88ec-18bc287c7147
9038,2b3e0238-cda9-49c6-83ca-d82dc59a1269
9039,3ab2e0c9-b345-4273-9137-d0e6d201e044
9040,7b653587-d2f0-47cf-be63-481e955dd236
9041,99b02a8a-c201-4c49-99b3-36e4f7170650
9042,98b27d38-84b9-42d6-8517-06b7f76fc69c
9043,2604f264-1f85-48cd-9fe3-49348c429243
9044,7953f242-2c9c-41b5-8ecb-c3866d9b8928
9045,7e1312f4-592e-4d1e-b481-eabc28edcdff
9046,374346c3-8316-4f99-9428-f0d06431c31b
9047,7503c71b-ce45-444e-8170-f1d7014964dc
9048,5a9f9b91-4b5c-4ee8-abe7-29e55a5dff15
9049,31590b1c-d87e-4025-af88-41c65de9bdd7
9050,98af5101-322c-4205-9d8c-6501c644afea
9051,49c396d4-61b5-4e12-b0b0-8736d38ab24d
9052,6974d659-f448-4fa4-ad70-0ab1fcabc40f
9053,7c93dbcd-e168-4967-9f3d-66b0107bf0b9
9054,f316d2c4-5719-4811-8578-491bb1b9456d
9055,8f59275c-cd66-4902-90da-460279ddee32
9056,7d743f58-2c34-4534-ac4f-5abaff36f225
9057,86e2b8dc-c1e1-4073-8794-c7f4b6118635
9058,40103574-d689-461f-8a38-4f3131b12294
9059,35d7c4ea-ff33-4294-a532-f0978a7a1d11
9060,f7fd6620-4138-41de-8a5f-94f5d9699162
9061,f2ffab0a-ab09-4b95-811e-3c632f8d6810
9062,91d9093d-7d2a-434f-81ff-d36451d482c2
9063,d1514ffe-7f15-4baf-8523-ef96d85e9254
9064,a64dfdc5-0d0c-45f2-b2c7-43bdf1d51e7f
9065,8bca6df5-0965-4fd7-a668-e6c0b7771a32
9066,ab6ad252-d399-4529-9f1c-238e38513b92
9067,16629768-61a4-4629-a3f8-ff1af58f280d
9068,2b14dae0-5106-4abf-81fc-8b34fbed4aa0
9069,c08ef34c-49db-4076-9821-3261546b8313
9070,36e645f9-0099-40f8-a5f3-776b1b29d260
9071,e9b2973f-63ff-4b6e-aa57-c251940e3c77
9072,924d7e0d-ecd3-4b6b-8cbf-b5deef7c44a9
9073,cff3b08a-2911-4209-9b92-ff248a65e5f5
9074,3332f432-0318-4710-ae88-2c007d6e8a00
9075,a9004b77-ddde-4d82-aa7a-ac956f0858b3
9076,71a4c1f4-a4ba-48f0-a36e-9ece96f99bee
9077,32b5811b-18a5-4b9b-be58-b8aab3169be9
9078,3b5589af-3ec6-464a-a11e-a3c1d7016652
9079,e3eeafae-30a3-413b-8d70-2ed34bd65d9b
9080,3e99b8d4-5712-44cd-86a2-797e8a147e26
9081,410a90c6-1ab6-40db-a242-4cabfb16dba7
9082,d6739668-e6e2-406d-ab3f-a34122fa3d2a
9083,0becdf16-9a3f-4324-96f2-43d2613f7e02
9084,0ef8a287-f08f-4e8f-bd61-eb3b834c4c87
9085,c11679e9-dab4-4309-962a-c638b85a35a9
9086,658cba2d-a86e-432f-801a-c8ee53e984c0
9087,efad8a45-1e62-47e3-9059-6877dfd4279f
9088,e5edfa5c-5c90-43fd-90b6-0de030ee1e18
9089,0bf0e2a0-f034-4788-bc32-21743d340dac
9090,dce68907-bb2f-4d36-afd8-602af876d114
9091,a139417c-7735-47b5-bb2d-f63b6fde6e91
9092,85684377-474d-445d-b8d6-1d5f24a2bd83
9093,5c8401ad-4ca8-4745-acb3-107e0685764b
9094,83a2727a-692a-4525-aaa8-2b6d06b89a0b
9095,21fe7d93-3950-453a-873b-e4a57fafac59
9096,d5b262a7-ba43-4aa3-b1e3-e8d2285c87ac
9097,ce7a4a52-3667-4cfb-8bea-23b651b2be77
9098,d89f5234-e7ef-4edd-a2fe-f06d50d9e251
9099,4a641c4f-171e-4a7a-9c0e-d1aaa8b94d4f
9100,f9c1bd78-3fa1-4c58-98e6-2ca18647889e
9101,98764bd3-eb5d-41fc-8614-7b09a386414f
9102,e7a0eb80-8edb-48ce-93b6-9636ea198b06
9103,6cfb1b27-0514-4c83-909a-f917bf876824
9104,b649d58a-7be5-44ab-8743-f6242c8f33ff
9105,53631bfe-8861-44d7-a900-79227632b27c
9106,49aff1d1-55c0-459c-b748-c5dca8d83e1f
9107,c14ae9da-8df4-427a-b32f-245b09a3b555
9108,ba472180-8344-4db6-9039-e22f3feeb1c0
9109,02446077-ab4b-450b-904a-d084b00ae78f
9110,cf2cc794-5800-4e63-8ad6-9531e66e6b0c
9111,95bb94f6-ceab-41ea-8481-9adc9871d87e
9112,e4460fa6-f7d1-4625-8f01-757d15cbf4d7
9113,d7b65867-4a2f-4c90-a0b9-2e326c05a4e5
9114,2319060e-1070-4c05-876b-9eb0b9b4bf4a
9115,0d993650-e5f2-4133-8619-a6ae16a4c934
9116,06f76adf-1372-4b30-b72c-9ad72ca145b4
9117,3d1a3f3e-d0fa-4ab0-8993-570b60c4585b
9118,50a3eeee-b6db-49f7-89ed-f579dac53d57
9119,ef05946d-9653-4e4e-b3a4-1c63b8e5e314
9120,db2c448a-a82b-40be-974c-f30a28ebf111
9121,bcf5269f-0630-474a-89ac-7ee000237a04
9122,a53c5be4-2c57-4624-8306-87b2cd15acae
9123,ed4eed32-51f8-4885-83e7-4c26080c73f3
9124,8502c2a2-1d9e-434b-b3f7-bb80c4f84520
9125,e1469ed1-6466-4a7d-85b7-1114ad6f7526
9126,c01c0d91-1135-4d7e-87b7-36906d7f38bd
9127,4b6496e6-9210-4c8f-91d5-3a92c8c65059
9128,4b358de1-72af-4883-b365-e4bb309e9c87
9129,653eb7f2-21e6-4af1-af77-a3f4741259fc
9130,18c0c3a0-569c-45de-bac4-5ee92a8a03bd
9131,b6bb0641-b4f5-4638-92eb-7d9b7e391650
9132,e25ef725-32ad-4c5a-902e-613b4d256570
9133,bba945b0-87b9-4510-b5a9-be0c2bf51ed2
9134,5aed40fa-e9b2-4e28-bfbe-68b36dd7cd0c
9135,796a0b4f-f5d1-4d91-b8d6-7780e6b87583
9136,7ec521ca-dfea-4bb9-9550-009560eca820
9137,16595d6b-f942-4b9f-badb-6cfcc1b2ecb3
9138,bfca3d90-4d12-4525-b8b8-a9ce64bf01ca
9139,aaade769-5bbb-4c5b-8d47-9e7afcbfd721
9140,7450874e-5deb-43b2-bf1f-6dec60624fab
9141,a30c19c4-dcb4-40a9-84f6-85fa1cba94fc
9142,1e5e343a-f4a4-4f55-b827-e362342890ee
9143,f5e68a23-bb4e-40d0-a1e4-37fc760af749
9144,891a849c-a075-4815-8c96-1805428422ae
9145,7afa5844-89e2-4802-9969-204b8aa69a72
9146,6202ca1b-7a6b-4e64-b50f-c4736542dbb9
9147,014fb820-04bf-4d16-ab53-5e8c7d16b222
9148,b494e45b-d507-4cfb-886e-cb164c765331
9149,49fed2d7-93af-45af-8601-d9c298e4ceb7
9150,5cad6f1e-f324-443c-abe4-0ca1f8acbc96
9151,08d2b4b9-54fb-466e-b35a-60705bc8df42
9152,9c8dfb26-c7ec-4fda-a215-324861ec31ef
9153,cfa9ec24-5163-4d79-8e65-91f1f2494008
9154,0c42818a-672e-490b-b406-c756221cf3a8
9155,d4cba361-1808-4895-8ac2-2af076466cd9
9156,5039319c-40ba-4621-bfb6-bf7b0444c610
9157,11e9a611-d6de-4bdf-8f81-7168cc9cbb89
9158,aaffab48-477c-4f69-8112-ed7d2947b3dd
9159,04da92ff-051b-4bcc-9daf-6eff744a0d4c
9160,7627d68f-2df3-4b5a-833c-e97ad8a7d294
9161,4e64b382-1618-4162-b99b-ea17fd4f1f0c
9162,b3924e1c-4894-45d6-ac87-0a94e05fd4c5
9163,09d9ffa4-2245-4350-ace2-2f016d5ca313
9164,cd4a50d9-1c67-45d8-a1b6-c07cd6e45fe6
9165,2893639e-4eb3-41bd-94b8-0e2843b8a325
9166,ec46d3b6-913f-41d4-ba3f-9ef443bfbff9
9167,492d2843-b3e0-4d08-915b-7e085b8eddf3
9168,bbc7665b-0b75-45ac-9667-d69293192a51
9169,c3bda382-dbf0-4c8a-b423-5473fa76aef6
9170,4176de8e-10c4-4d89-98c0-0043d745f444
9171,13b358af-0b31-40a2-bd18-c0f4961033a7
9172,53644ae3-c033-4ff7-a14a-b1fb219afcc2
9173,9d6a49f9-8b9c-4936-83db-dec96597547c
9174,7a1e037a-b53c-42d3-9807-2776b678323c
9175,7c872efa-e28c-4c1e-a902-34dff2f9fcd2
9176,1cb6f774-91d3-471d-bad2-5c0bc6a69bbf
9177,271ce109-c0ec-412f-b3a9-4c19589ebbae
9178,008e61a2-f359-4d3c-a3a7-1557a4a82d18
9179,82ae7156-cbb8-499e-a5d5-4573b3bbdfd5
9180,ecb2b322-2327-427f-83f3-d3adf38df85d
9181,8645f212-1c2f-435c-adaa-2edabc81c887
9182,0b7d9ed7-742c-47f1-a11c-af0b34217050
9183,aba5b44a-debc-4e5e-85e0-6c5bb3cb6de6
9184,ec2d38a1-5869-4414-ba55-15a117544c62
9185,179b9155-1ce7-408a-8354-fd54d3e05629
9186,cffb5f00-df76-415b-bf86-4701c77adc31
9187,c0db3886-d4cf-43d9-8903-747f0cb56acc
9188,00074b6b-1ae2-4107-bfbd-19c9701d68a1
9189,a0cc542c-e2d0-4c55-9240-3a33699d0fbb
9190,67846f5d-494c-4574-88de-a5f5c6e6efec
9191,3b2f08cf-42f0-4330-9f2c-ff7d943b3e1b
9192,fc441446-461b-4407-aca1-85d9ee14c62f
9193,5aa24583-247b-42ef-a389-19ac12442d6e
9194,b13392e1-894d-4d5a-9ee9-8551c7bb2a31
9195,608af268-f6e2-4d30-a2eb-e98b75de03ee
9196,b3e90ff3-f3fa-489a-9a57-11ca7727f87a
9197,e223f5bf-caaf-4e30-89ea-027c8ffb9c30
9198,f9f0fc44-08af-4e63-b75a-d69507582860
9199,f2ff8144-d59a-4b6a-a9f1-8f773b62fb14
9200,a2f90a6e-4547-4599-8000-e851ee07e40a
9201,956eee10-908f-4be7-a600-35bb4e29d3ba
9202,12f05908-61d4-4ffc-945f-4bc9cbd1b6f5
9203,7d270796-903c-4901-a8d8-c60d783c3cf8
9204,4e1dfdf4-19bd-40b0-ae72-2541b26b0666
9205,2e23286d-9a41-4198-a6df-a2a837dce217
9206,22f4c70d-b2de-408e-b433-495799530b1e
9207,eefcd896-2c0b-4e8f-8de2-8284ab7d4d13
9208,e8e52a28-b1f8-4b86-a28b-a82f4d931a4c
9209,5d84ce40-947b-4cd5-9a7f-e9148d372502
9210,5a83e102-7dc0-4ccd-807f-834badaa5818
9211,047077de-7f04-49f2-ae0c-56f061891f8b
9212,91cabc59-6dc5-4848-9cd3-421b60001b83
9213,61d9a303-e70a-4aca-9161-89dd9631a666
9214,72a66258-cda4-41c7-b666-c7c871dbbcab
9215,12a827f1-4e08-410f-ab82-39f587f65d99
9216,609449d0-5c43-485a-95c5-86e3de880636
9217,a7bc3cd6-81f7-43ff-87ff-2ce58d689a03
9218,b0d860e4-cd74-4d79-a6ae-b14dc32f18ef
9219,1228f69a-e533-4e0b-8a24-3d97de58afeb
9220,e880346c-ab36-4869-9004-cdd93c24a4f8
9221,f8ee48d4-1406-4b16-b5c1-4417eafb7a42
9222,e0e4bfc0-ccad-4c1f-b72c-7eba6fa7f643
9223,e7556ff8-2b87-4818-af6b-af5f5e2cdf08
9224,6af0d164-8f15-4166-91b5-47416af15d12
9225,71f579d3-6ee2-4967-a04d-41f0cc088d6c
9226,080dcbf6-721f-4f0a-8adc-d9dcb7a067bb
9227,3c5bfa49-f60c-4a45-a041-9f400f0dc6cf
9228,270fa4cd-a311-4c7d-8417-1f0371ec9fd9
9229,6ac980c2-b7f3-4c44-afb9-500d9c781228
9230,608e4645-6f9d-42b6-9c66-ea4f012e3e3c
9231,857f0fee-eeec-49fb-a0bc-0de0e53f42e9
9232,f647678c-9fdc-4d78-955d-86b3f3fdba07
9233,b1c85f1e-0ef4-47f8-b940-f22cac90fcbc
9234,75657067-1c1e-486e-97f6-fa935cdc3eb8
9235,2a9e016b-1eb9-4738-b554-e2ddcc0a83e1
9236,21788508-9f0b-490f-8efc-c3e1614ca638
9237,1948f572-b7ea-4c7e-bd41-b8b5fe801422
9238,5fb656f8-0cfb-412b-a64e-422e17fbd2e7
9239,0361a846-c054-4d68-9897-7b377fe10b12
9240,6a05a5b4-e654-4bbd-9bfa-66db4092a35f
9241,d3352b27-f21e-4882-8e7c-1d03a2c8d012
9242,6b8e050b-0b1c-438f-b92d-672fe535b5a6
9243,6b734eda-686d-46ee-92af-11d018df274e
9244,c22f34d0-69e9-4787-997b-63bc580fb423
9245,1e2a9209-77b1-44c3-882a-51a550b6698a
9246,8afa6f0c-103a-4e99-895e-f1b3145a3da3
9247,826ecd73-ccf8-49ff-a558-af9351b3f706
9248,0ec2836f-e323-4d8b-bb1f-a480c67630ac
9249,f7a63972-bfef-4f2d-8723-958244863975
9250,eb3244b0-3c05-4d8b-a5cc-089b657289e5
9251,2975cda8-4047-43fd-9419-302add3843db
9252,b9e00165-8a7d-4051-b247-d1b3ec287c7c
9253,00d1ff12-4e4f-44ca-ae74-ba65a00c5e72
9254,d92acbf5-8082-4b1a-a343-2b629fc4f90b
9255,0a0b15ef-8a88-4722-8475-95583af811cb
9256,cc886d8e-5116-4706-95f6-3f16f53fb2af
9257,e227a59a-fdd5-445e-8376-5277d0ad2c3c
9258,1b5833a1-9742-4288-86b9-8a4ab7a5ddd1
9259,ba24c29c-014c-40c0-8b9f-9d65916796b7
9260,dbbc7184-0873-4093-bb47-1db7f3926380
9261,fdb89f01-0a45-4239-9dc6-bbf35f8ba9bc
9262,e2c402e7-0ca0-4a57-98c8-6846ed2947b1
9263,5eb3aaf7-c842-48f8-b5df-3d52deecb9ce
9264,71443170-42ac-49df-8708-d69ac62b9bed
9265,9be3e1a3-3296-4400-bec2-16525fa24a5f
9266,b4554085-5a88-4a41-8b04-07a412d695a1
9267,90589cf1-f992-44cf-bc27-9d787498a644
9268,57afd40b-f922-4402-9594-30d2a58ac1f7
9269,49e23954-3735-481f-9296-61ec152f853c
9270,2c5e4cae-f94a-479b-bf04-c1d3c83e8af2
9271,6ebef6b6-8e32-4483-9c47-3e6537364a6f
9272,b1694de1-7097-4b84-bc47-d938cba2b449
9273,4855fff9-ddc7-4114-b87d-dfefbdbad302
9274,bc99b502-82e5-46e0-bb5a-72e9aaeb91a4
9275,fbfa83d9-f35d-430d-8a34-b9ce464ef547
9276,898f0afc-7aa9-4e93-bc3c-4dcbecd913e7
9277,339ab166-4e7c-4850-be65-4c0ba9b30743
9278,443a832a-6cc7-4668-9445-0c5191b240ee
9279,bdfd1cb7-f6b6-45a2-83db-b7310db9aac9
9280,1628c60e-e2bc-4944-b862-7162c6f35da6
9281,c76658ab-58c9-4acf-91b4-44a91f61dd13
9282,f7117d6c-887b-481d-9dfb-0aae8b9b26dc
9283,3383c787-19f1-4780-b60d-47c5fe80bb9f
9284,58286a90-e7e9-493e-863e-f4ee411fdf7c
9285,6d59c526-05ab-473b-aafc-c3c6bcc2dc65
9286,863bf559-49e6-42a7-bfa7-df3918e49a2d
9287,e0ee26af-ef23-4c6b-861f-9e433d92cc29
9288,3dddde67-c90e-4658-a270-375c89d74a4b
9289,210dc881-cee4-470c-b44a-c28b5efabf5c
9290,38e4c13f-7597-4b77-895b-044f8534ec5f
9291,fc827f4d-c31b-46be-8ec0-d55b6b5fdb7e
9292,c6744951-33c2-4aad-9676-eaf52b55acd4
9293,a6362d79-e33a-4f18-8ecf-57ced9642fbd
9294,ca94c11b-f29a-48bd-a4ff-0e61c747c2b1
9295,ade4f6de-de2b-400f-99a7-12f049f0db77
9296,dd354b57-3a64-42f5-871c-fe61f935c78b
9297,97347e71-8f86-4ead-abb8-26fd07ce4e80
9298,dce0c0ae-a24e-4513-bd22-20a0079ff2ff
9299,56f7d316-2c7d-4350-8081-5b4175f31df3
9300,b766e1a6-dc74-4753-8964-eb5d4cddcb2b
9301,c49b8b39-da32-4e75-8084-f08b644456ad
9302,7116e6ce-f401-4de8-965c-a7c8275ef734
9303,be4177c6-417e-4113-9059-90b70ca298c9
9304,87028f4b-6226-45f0-8b58-e3e85a98349f
9305,a54565db-0512-430c-aaf9-8bc803f18b3f
9306,032c3ece-7adc-43e1-8a98-4ea14de4ef4f
9307,62fd4c34-6558-43e7-8123-96841f87debe
9308,9705cb16-4927-43cd-9fdb-95fcf1e016ce
9309,edc5495d-3fba-498b-904f-7dd90a296789
9310,4ab41e1c-870f-433d-9668-7f945bb9cb42
9311,a3868dc1-bedd-42d2-b823-0ac59241f7ae
9312,3b381916-15ac-4621-8e03-8619199dc2b1
9313,2b4d5876-40bc-4108-b4ee-b40a3e7e2ef1
9314,0d18853b-9ff8-4afb-8f1f-fee8d5b85938
9315,808eb25a-0a0b-48c3-9876-f3eef161bb2f
9316,d0ba0e15-dfda-4581-8c5c-44af05b313ae
9317,3e671337-1df4-40f7-9671-e215d15e5785
9318,6697c726-e5c2-4a2f-bfcb-b3ee34ba950e
9319,cefdf4db-1e00-4afc-944e-f31f3d2606fb
9320,9830bbdb-f10a-4b5a-b111-811f4c30d151
9321,f237e86b-96d5-4f25-aeb0-9a7ddec6b926
9322,aaaf63c4-61fa-478e-a5ba-dbff8c1ac877
9323,d1e3f2ec-3ffe-49c1-a8de-7f912966c943
9324,dafa383f-7023-4597-8b31-ceb75115b2fc
9325,6efaf160-a1c0-4bce-b8e8-c56c2753bd8f
9326,399938f1-1d90-41b0-ad8c-7c250bc62aee
9327,9b4b0af0-24d9-47b4-be1e-57f3e06bc52a
9328,c6a898b4-cabb-4b0e-8b2e-8d8ad47c5737
9329,26d4e225-12bb-415a-aff7-8aaad00eb3bf
9330,f0618b6d-47bc-47b0-b8a4-aafa776eaa1f
9331,0f9924ad-f2f5-46e4-af5f-171c9a9c7828
9332,59c6d308-e8dc-426f-8ca7-223d442a59ae
9333,b6a19e81-4193-4f59-8462-43ef67bc3644
9334,226152f5-0bd4-40b1-9181-6cbe3dfddce1
9335,76d64418-508a-49d7-8639-2fc31fbb3f59
9336,0130dca2-2c78-4c88-b634-01a6e67fa203
9337,ea566a5b-d8fe-4348-a3fc-906f14dfc34a
9338,f1ee4771-50d0-47f5-b92e-09edf10d8aa5
9339,304b044f-92c0-46e4-8151-719d778ebbf1
9340,57c341cc-8461-4b98-8102-44968c4381ae
9341,24c29e6c-dc3d-4542-95bf-866dc4d6e5cf
9342,f08ca9cf-4a13-4041-a6a7-868742edf586
9343,63c4977d-d0ad-4a39-892d-cf0172a5ec6f
9344,bb0500c8-ed41-4e80-9ed0-331cf4f8962a
9345,b751c3ac-ca8f-4405-81ba-dd8043e5f1de
9346,2737d723-d2c3-432f-9f88-b4dfefaed78f
9347,7be19b1e-fce2-4982-b525-c71f24cff3ea
9348,9f78e7a1-334e-4c08-9e2d-2fd06cebf89e
9349,43252350-b49d-43f2-9467-ce1728c29d0e
9350,ced01adf-3a4c-4e96-a146-74b073b9cdc7
9351,3861effb-396f-49ff-ae02-3ebd98837b88
9352,aee0b447-1f9d-4df1-846c-dfce3eec929c
9353,01e9345c-7cd5-4850-ad7a-90d959e8e297
9354,b7253865-5598-4a3a-9479-8886a87a7b5e
9355,babb7133-ace2-4489-9833-04c8920aaa2b
9356,3b0df8e2-a9b4-4fdb-a455-6b426f4298ce
9357,001d3b0d-6a4d-4942-9dd8-ef54708b642b
9358,ada851d8-c352-417e-988f-5a045cad19e0
9359,179425a2-3a04-43ec-a9ce-46cb19926c9c
9360,48d5a37f-713f-4de1-b47f-b626c872cf6b
9361,3fd0d58a-30c3-4a7f-a744-f7f3335e475a
9362,334dcda7-eb22-46ae-8eed-66fb86c40d75
9363,aec6dd4b-67d9-43b1-9c9d-be7ad52f3ee1
9364,f70df0c0-adbd-4d2d-95ba-64be651fe52b
9365,2cb471a7-7c47-4277-bdde-6ef2a67d267b
9366,7f6334d3-4f24-4086-a7b8-cfc2a9998897
9367,4d7add92-e49a-4e04-ab7f-320c74396e37
9368,b5ef421c-5e42-4530-9a08-f9319dcd86f6
9369,429927aa-828c-40f1-8210-3702a675d908
9370,1c5bdd09-dc9d-4da7-a7a5-309f0f0a8f8d
9371,fc261b79-f72f-4f94-adfb-796c2e9919dd
9372,04ee15dd-bc37-4b0c-a4dd-45bdfe164b5e
9373,ab665ada-3b3a-4c28-bc0d-83ecec6be1e0
9374,f94292e5-97f4-4e29-bc10-4044561f1030
9375,dd3e390b-bac2-43e4-a7b3-9eb832495814
9376,6fb72f4b-8a92-4659-9b62-a88cf562115d
9377,336ebb5f-2713-48c9-af8d-4117a323463f
9378,80bb7ed6-70c9-4266-9eca-009e1c35ff83
9379,e944692e-a539-46f0-88b1-f1d33bb7a3e2
9380,c5c8e9e1-bf7e-4f70-8fa7-789e25da1f51
9381,e4cfee5c-9cba-44bb-b3e0-d1186d205f44
9382,8a4363db-4df6-4d61-bb8e-a87837a7e0ff
9383,8a8a6ce8-abcb-434a-8376-f99a2c2dec3b
9384,bc008886-b6f8-42b1-befc-3af7bd8f24c2
9385,b07b6ef9-51bd-4817-bb3e-9b82c5bd8950
9386,3ed46475-8ee0-4ca6-a2f5-c433349d82ab
9387,73f4fb03-8d6b-4e1f-b671-c1acc207713d
9388,b5db6ad2-317e-4c00-8264-9a4b32c8d917
9389,893bf29f-fc47-4ea4-bd5d-e3c659e5a6a1
9390,089ea073-8566-4a94-a833-760eecc83f33
9391,88f31696-d2c2-4577-b7b1-cb4c9f159097
9392,d045a7c4-4368-4dd0-81b3-0c7b1f6cdab4
9393,4ba394a7-5bb3-452e-a662-807bd2614688
9394,390baaa3-0a0c-48bf-8ffc-57794c26324f
9395,9e5fb7e6-bae0-4703-a06b-e575c2fdc597
9396,4677a43b-5f8b-4ab9-8bbb-f565c25f7614
9397,d4109521-2008-4f48-b1dd-bc864ba4c6de
9398,9d258338-3ffa-4bea-b01a-540b9d94886e
9399,02442038-978d-4809-aef8-63eda45339f6
9400,fa744887-a48a-478f-9345-0d46d234bd64
9401,4199f6ba-6de8-4e79-9926-af3d33552d0b
9402,15926cf5-47d7-4442-98e7-d9578038f16b
9403,4917bf6b-89bc-4e4f-9a68-1b76f8cfcee8
9404,4a177577-4a83-4801-a6e9-83473650c5fb
9405,957e16b8-61ca-4a54-bc6a-db1a411f5dcc
9406,978f921d-d6df-4377-87e5-0092d967971c
9407,c3e0ace1-9a79-451e-90fc-3fc5e8e5bd6d
9408,898b41a9-fb00-4e74-8d0f-53341ab1b008
9409,94d12098-8a58-4e9a-8bb0-c063059ddf67
9410,a36e7c4b-6c6a-45c6-92b5-de820aa91e85
9411,fc90f04a-7f78-4a1d-b997-5f1dc7f49688
9412,78281941-3c5f-4771-a369-b5039f5fb9b0
9413,18918b63-b3c7-4378-a3fb-a016d6626d19
9414,46d49fb6-42e7-4d42-b458-afbf75cf569a
9415,1abb9a2d-9e8c-44e8-b120-3a0d87237d3f
9416,88712c92-83d9-4c32-a12e-84559212469d
9417,f26ea0a1-77c5-41d4-aedc-2427a79ee359
9418,28fa4b5b-c877-48ef-a58b-3c2a4c71b153
9419,c6e18a45-c897-42a5-983b-ff31078183d0
9420,73ce925f-1c17-4bbe-b091-c766ce8e937b
9421,17a2d906-4bea-464a-b4fb-ee287ee877e7
9422,6b15057c-e391-4a24-8da7-8f00d4707138
9423,e18ff417-1f23-4454-9f0e-3c4800a2e23f
9424,03c7e19d-7bd9-4284-8624-86e2470ccdad
9425,9d27799e-814d-4b13-a3bb-2f938d14f0cc
9426,deb63743-de12-4544-975f-98538ee130f6
9427,b090d801-80f9-44d9-aef4-aeca7906f833
9428,a2ee0638-d4bc-46a7-abc4-dc685c14a701
9429,7f51b66b-1d4f-4703-a35a-d640ebd30824
9430,adb776cd-db85-4592-9989-e423b134796b
9431,5cdc170a-c3d2-479e-b9ae-82d98d69892a
9432,42c18aef-d995-43df-8575-9c74f327deab
9433,e12fe9df-7f41-48b7-ba02-3b46f42260c4
9434,78f0a0e0-e177-450d-b2a3-746981772a15
9435,9dec1d6b-7fed-43aa-8c43-9d89e183f466
9436,1a3b669a-c6ba-4216-95d8-fe1a5cb5126d
9437,2ff46285-3fe7-4523-94a4-0f1b4e861682
9438,9131d6db-6555-4cf8-9337-efe3461dbb7e
9439,9f3955d6-0e36-4eff-9ab5-1b02ee1c222b
9440,45a54aa2-d232-4fe7-87b6-f9d48299e783
9441,8acc5c4e-76e2-447f-a647-4a4f0aa185d9
9442,32bf5777-980e-4492-b77a-b58c67b9f777
9443,862f57f6-44dd-4da6-9d31-56f6b1fea1cc
9444,8f197100-093e-4656-ae80-1fc63ae924a8
9445,9be1516c-b155-4aad-96cd-810d63949b08
9446,8154276d-dedf-4f02-991e-5f94b5a92085
9447,8ff16c26-f645-4bbf-aae3-7dceb3204b16
9448,cd36a598-8b4b-4ea0-91ec-8aa900760eb5
9449,b038de5e-d914-4457-91a7-9344e137dc24
9450,d58a63f6-c808-4f00-9fc4-78484e81545f
9451,8954eaf9-3acb-4b84-9467-bd10ae5f5dc9
9452,7c5921d6-f01b-47a8-9f64-0a5552210b52
9453,82e157fd-2577-4e2b-9bd1-26317803356d
9454,0eaf2b9d-e1a8-4fb3-ae6f-2bb833fee913
9455,54e75f81-496d-4677-8b0b-621566a088fa
9456,8415932e-034c-4e96-80fb-15347549cd90
9457,636fb895-01f2-4502-b856-0fd2e6d8dcd1
9458,ece85811-fba9-464a-9754-f579fedc4615
9459,ace8e58e-26ae-4ef1-85a4-223ea65e9d27
9460,a8e96e1c-36c6-4099-8a82-e261bb4f9e05
9461,121f3ce0-e691-478d-b6a7-f16566cb84e6
9462,52cc2e8c-2a04-4f6b-9d31-d2254b72302b
9463,32e3fb6f-e71d-490a-9ddf-9d920ad41c4c
9464,1b28788d-825e-4501-92fb-6552d632dda4
9465,9fe7e825-8fe0-404f-a88b-fbc79f2a5eb6
9466,9fdf8fd8-7131-4819-ac31-4f96d3c9c10f
9467,6afc94ec-2644-4e95-b6a5-82d94b67d520
9468,de07c1c2-0274-4971-a7a9-24cfd6749117
9469,7ef82223-1436-4f8f-b460-0a379810949c
9470,16043e95-ce55-48d5-9785-767cde4ec48a
9471,11862a5e-b0b2-45e3-bd04-265a9435b0ef
9472,df2a2e29-e195-45c1-9a77-9707b336323b
9473,c3584f01-954e-47d7-8bea-bc028d710db2
9474,88e9a263-1ce1-4a52-9336-9b66606450b6
9475,5831593f-9e1b-4974-9edf-7d013612fdf0
9476,6418ce0d-0c90-4d6e-891a-5b57e36f4ca8
9477,8d0c7ec8-d64f-465b-9418-ecaef596b687
9478,b1fb108e-a7e0-49c4-b854-107e37a0ea95
9479,1f632c68-39ad-41e0-8d24-a08ee6e807e5
9480,03b7d2ff-bb33-4adc-8afc-c3706ff007cf
9481,76c93d0f-f375-4aa4-99ce-74380f0e4371
9482,1786ff99-081a-4674-a8bb-57e9a5824154
9483,4cb57fed-4b3a-4c59-becd-691e93d1b8da
9484,c7960518-30a1-49dd-98b5-76e57a160fb2
9485,6a9d1d6e-0337-4300-93bc-5cc84ea12faa
9486,0bc52beb-45ba-4402-9034-ec1bf62746a6
9487,37dd29ce-a941-4c1f-8e0b-15477795b687
9488,220df430-a738-4788-b23a-ab32535f7570
9489,54074657-b94e-4fcf-a512-8683b9021dc4
9490,8d8687a7-b1aa-4564-9621-2a42f666c5d8
9491,52e3003d-3262-4931-a573-dea85386c59f
9492,0c0cda58-088e-476b-aa2a-0c00bf1fa1a0
9493,cdfd1b46-20f2-4221-9286-ae61fb910e44
9494,6551ef45-d99f-412b-a43e-93b099e4b157
9495,c0c85837-2307-4e5a-9956-049120fc776b
9496,d49044c9-c4ce-4230-88f2-ec811ff2c08a
9497,6f59b003-e072-41bf-bd96-f6fedf69a72e
9498,74d06061-0e8e-4cc2-ab8d-8326df6f0581
9499,ffed7e5d-a599-4e6d-b9ea-efc136428547
9500,7ace11e2-bfca-40e7-a88a-dc194766a269
9501,8c056a6d-bdb8-44a7-a23f-58549eb45925
9502,3cc8302f-04cd-4bff-abd3-3f98b8461ef7
9503,6acaf4ac-7830-4e96-a343-5d193f2dffd8
9504,d374eaea-75ee-42bf-992d-be28e248c1ed
9505,9407550c-215f-44a2-8ebf-d073518f9adf
9506,c3cc98bd-feac-4d56-a43a-a3cbb7dc4200
9507,cb3205d7-9dcd-4ede-9d6b-b65c3589b8aa
9508,94850699-a90a-4d56-bdc6-a593269e783a
9509,fe4495b9-41b6-4b48-81ff-8c9d985bd247
9510,77cf8ae8-5e95-4808-bc8b-389983adc9b2
9511,74656cb4-0350-4a38-a592-2ef2c0b8f959
9512,0cd1686e-5b5e-4f4d-8bbc-d7554a23d140
9513,7df9c552-e038-45ed-ac15-1f6a891430e6
9514,7d981fd7-6963-421a-8676-5c5788f59f9f
9515,ebc8d280-2ee9-4882-879c-010b913aab1d
9516,ebefa50f-09b9-4608-a80f-320ef6ae0b12
9517,89e9f694-5d88-4b0e-a2af-fc5988e35403
9518,178d9852-7961-45c1-a31a-a866a81b9a3c
9519,48aab84c-94ec-4e82-a015-fa2bd830bede
9520,7c788395-f632-4bd4-b414-2a4070a6093e
9521,5119598e-1bf2-4b10-a912-095f63d79407
9522,77f7baf5-9de8-417f-8ba5-8b0859f03238
9523,6333ce3c-0517-40ae-b100-464f42b5e2f3
9524,0d09a1e2-d61e-48a2-8a51-a32444e690c3
9525,8597901e-9812-4026-b3ef-d0dd38586435
9526,b141f5ae-8b91-424a-98ec-32db45e27c74
9527,29f27a87-9ad5-4bc9-a06c-9bc3a93737ab
9528,997c794f-0475-43f9-a248-6232eb4cc9d8
9529,17fd6009-52a4-473e-8a35-18fff966a65d
9530,80619281-6f27-4985-a418-e8be50ba8ba5
9531,6f030ceb-57d1-4bac-934c-a1c71fda07b0
9532,9482dd7b-9f39-4e6e-a360-586f26926a13
9533,8a8ba511-0a5d-4baa-b1ee-c18b91554f13
9534,7bf53e1f-40a8-4d88-87a9-1fa6bb3c4506
9535,9618d2f0-3043-404a-9b6b-fc6110f3ab5c
9536,4e830d6c-3c46-4826-ab4f-600d94653504
9537,cf1c8d7a-ed9c-4980-a290-ac1c2824479d
9538,1955b152-7994-4e60-9f24-6e067143c3da
9539,4fa526db-7fa4-4364-a933-da645bd70d55
9540,00e0c177-94d8-475f-836d-52337a80b09e
9541,4e1f01e4-fdb8-4062-8756-5a53d997d5d6
9542,73ca13b3-6690-4b1a-81bd-6b14a6e7decd
9543,6ab71590-2e2b-4400-8d65-f6a25b440ba3
9544,6fd8fdbd-4e3e-49b9-b7fa-91168c703776
9545,e02421e6-5383-418d-a73b-f93819377ee6
9546,8f6aa01a-0a0f-4593-a583-a6c2d4287ec0
9547,b153754e-6ac9-4814-8f80-d97a4ee23c07
9548,ae48b6c1-3c7b-42c8-aa76-c715018c214a
9549,5d7eadfd-a065-4fc2-972a-23557821f41d
9550,9f3133ee-05ef-496e-992c-37d395aac571
9551,25dfc374-70cc-49a6-909b-85abb26f0d50
9552,6a5947c6-c409-4915-b4df-cceeedea1ef1
9553,34fa4bb6-6711-46e3-94c5-e7fc2dd43634
9554,470c6c7d-2bab-44a7-96b2-2b3c47190e5e
9555,7109f728-9d7a-4ec2-a4f1-828dfe6364e0
9556,39b10820-8493-41a8-9b88-45f3f5765d5e
9557,679d9499-ad71-4379-b9c7-f9a26e7918ed
9558,596da947-baab-455a-a04d-154f401f39ab
9559,86436ce9-6d86-4a26-9a91-8f1d2c1e8a7f
9560,e1c3a1ae-7b15-4c04-a503-c3781a7e2c57
9561,5acc5ff8-1d21-473a-b860-4b8c4f54790b
9562,d7ae1b07-4abb-4f5c-9b7c-77c564383208
9563,e72fe5b7-0bde-4495-a6f9-9a66ab771fb0
9564,c44ae083-efff-43fa-a4a5-e1b2aa9dcc74
9565,61efbc6c-d53e-467d-88dc-4a39f88ebfa4
9566,d9a7ed2f-e41e-429e-9972-fa1ab1bcc2a1
9567,78bc1f69-230f-49b1-ba16-ec35477e50ea
9568,797dbbb9-d85e-49c0-9a5e-9df465e3d013
9569,faf1aa57-0826-4cc9-8c2a-de9e2275763f
9570,bf0b0e63-5fac-4ff1-88c4-8772cc537415
9571,25cbbfce-e41b-445b-aaf3-b1d2590c8043
9572,a3614d32-167d-4938-bc4a-b0a0ef271fa6
9573,3ad2416d-fb18-47d6-b5ec-38258cc76c41
9574,e9d7da35-8e31-428c-8db3-11499d352957
9575,0379e06a-809d-4a86-b8cc-2a2133638381
9576,4c306bd2-838e-464a-8bcd-9eb4dce04378
9577,677fb997-c42f-4dbd-82e7-7d2a4b3c70ce
9578,1f2bcca5-1a44-4307-9ae9-b541881cb82f
9579,bc8d76ee-a9e6-41ec-a785-2bb6cfa98635
9580,b0e958d1-c933-4049-afc6-7002506da9c6
9581,f2702416-8b96-498f-a143-a8a128168409
9582,5bd3aee6-3004-4e6c-886e-15dfa50c2619
9583,302f3688-fdc7-4f7c-967e-d185a2bfb533
9584,be581994-f788-4101-980e-08ae27a930b9
9585,e07e6525-2a38-49fb-b8ed-d75a31715beb
9586,1868500c-8c21-48ef-98d9-6c2d8e804301
9587,2277bbc1-2040-4ccc-aba3-2c7f1f12c878
9588,9a1635fa-0cef-4f79-86ab-1b29f533e32d
9589,10251ba2-9e55-48aa-945f-a0e798c6c6fc
9590,50e40da7-0b82-465c-ae37-11dd09924039
9591,73b4abc4-548a-4048-97eb-b5adef7ec153
9592,59dfe7d3-1905-49d6-bdc9-4bfbcb8037b5
9593,9161b15a-7bc5-4a80-b744-4835f8366f53
9594,59ec52d4-1155-4fa1-a7e5-5a2d306e85a5
9595,c835cb65-acd5-431a-80d7-26618991b684
9596,f33d2934-791d-4b73-a47e-8c21cc38d545
9597,da7fec0b-8663-4cf7-adff-28d2d1d7c95d
9598,e54b74b3-8454-4d5c-a278-c08c2b917b8e
9599,61514607-9fe9-404b-a79a-d70d291488c7
9600,f68f6b56-1286-4632-8f06-1f540ba27880
9601,1389d5b4-6cb7-42c8-895a-2c9b640b9f57
9602,367788b3-fca9-4303-8837-55d551e6e668
9603,bfa7a4b1-2d65-47da-a125-7ecfc0c8ae28
9604,ca686903-3592-418e-99f5-9d2900a49ed3
9605,cee246f4-2ee6-4f74-b8fc-5b6beff8dc7c
9606,121c99d3-e554-4c74-919e-83350e90897d
9607,bedbdf63-0161-4ff9-8e21-dc41c522246b
9608,14189284-192d-42d2-be81-d860318d750a
9609,af41ec2e-ca28-404d-9c41-b4db9a97352f
9610,36a9a1eb-4c5b-44a9-9782-2d45ad5a2622
9611,128c9b38-323d-4439-96c0-7a6f2ed5cc8e
9612,c8c61ff2-ab48-4edb-906e-1a70c1445d31
9613,1317d578-8ffb-4d68-adf4-9a209af73771
9614,6397a485-37c3-4386-b713-bf31325eb7bb
9615,47a6ced4-19cd-46ec-a015-65284a46a768
9616,4c9f32fe-ffed-4f0f-b4cf-20e0ea72c9ba
9617,1c3269a4-d51b-4cd8-ade9-d6e18a797ef7
9618,efae7b10-d3ce-4534-ad43-0cb67c0b911a
9619,a681b139-fc68-428d-bf9f-e34f80e35ada
9620,88d619b9-26dd-47a0-a0de-0d95f07239b2
9621,fa3c6b70-09a6-45b0-8119-a0e8ea9b7392
9622,0bb9424b-3f17-496e-a5b0-8129faeeac55
9623,f0ea94c5-6312-4927-a39c-f7eb682691ff
9624,ff19a1ff-36ae-4cfb-a4ab-6754991a0cb3
9625,9638e31a-7877-4629-9b60-07cf1af326c2
9626,ddea8428-e231-4659-a6c3-9a746242cd66
9627,23388517-23b4-4d9d-b40f-b62b12f0426c
9628,eae8deb4-33d4-41a0-881e-f0efece6bae5
9629,9680e950-893b-481e-83ce-577f486b571f
9630,ccb7e999-83db-4b7b-bd24-a5ac7d97877c
9631,a84b4724-953e-4da1-a7f2-2b5d3f5734f5
9632,5009a671-cb0f-425a-8f3b-9ab5d517b344
9633,72461499-fab3-4729-830d-59bd7dc0291a
9634,b3573de4-d0c5-4f44-a679-62a1dfbaebfc
9635,099dc0f1-daac-4d98-811e-d76f5531f1db
9636,b2f96aed-b088-4fa0-a70d-3829f00e76aa
9637,9fd03a85-7b94-48e6-9c92-59d71bde45ec
9638,e6a16226-a5d1-4b2b-8e07-f4c311232790
9639,d881ebe7-73b4-4c21-8d46-2a31d9c3d450
9640,e9dd7c9a-0862-462a-adfe-b46bb30f8101
9641,b4d41eef-4d6f-4042-917a-5ee8efd6f8d7
9642,8d4cde9b-cb9e-4a3d-80a4-412dc3906146
9643,6e213c1e-8979-4973-ab1e-4d57b03c9eaa
9644,b5fe7c03-89ea-4d9a-8008-698ea28da806
9645,fc7220b9-8d8d-4dfa-a705-6cc850484e32
9646,65bf6ba4-c942-4577-ad0e-ad284a95de93
9647,f540e9cb-ac07-44d4-9aa1-02fa1db449db
9648,3e00e015-f958-4805-bfd6-aef1f6946a64
9649,83927b37-446e-4148-880c-c221b180173c
9650,5ddf8a56-7a50-4202-aa9a-74b24f7810ab
9651,7f595fda-cfff-484b-a0b8-0fc914ff9dd2
9652,69dc4955-2de3-47ee-97cb-ecfc6f6ee3c5
9653,531f98ea-c2d8-4805-8701-475a8d6f6c7c
9654,9ddb85bb-ddf6-4804-a3f3-b39c39b23b2f
9655,c7b287d7-9c07-43b4-9acf-7ed5a62b1c92
9656,35339a53-6d57-49d1-b327-04e2cbb2d5a2
9657,96c0de94-93de-43b8-a34f-15a807a9a303
9658,e7d71702-2ced-4a7d-afaf-e56a4d98b3b6
9659,e5880f3a-73d3-4c48-b642-8aa3a9375bba
9660,b9407dd7-4537-4f6e-abe7-7058e3057d80
9661,fe5a8e38-6f82-4c12-8f3f-94f7f8564691
9662,3e8c9864-43f8-49ba-bee8-fd9ea95c9110
9663,4f2ded73-c059-4133-a3a3-7f6b5f045441
9664,be0b5261-1dfb-45d6-bdb5-861465f8bc0b
9665,a341c01a-10ea-4e95-83d1-05f754392aa5
9666,c365970e-06f2-4e38-a6cb-7b1dfb064d06
9667,7bafc7fb-5cb1-496d-86b3-62040236ab0e
9668,db1f39b0-9116-4d95-8626-2c6b20451b48
9669,82017e79-f0c5-4aa4-b139-78e4becd1400
9670,601c0422-e744-4f3b-8400-f3c5b0b42521
9671,1aa8a975-75f3-47f2-996e-b56db88afd92
9672,956c283a-c689-4263-bbcb-29b1cef90211
9673,eb907181-8381-42f3-a468-2d0cbadd1fdb
9674,3786256c-6a22-4712-8c41-4e185bfaf0a1
9675,eceb7fd8-5b9a-4a18-9189-6beed01fcef9
9676,e8076003-5b89-49d9-bfd2-19fa465f6b36
9677,c68215bc-28bc-4ed7-a716-789e70ff487c
9678,4569c59e-33af-41df-bdfb-706c5e3d0e0a
9679,6f808ad7-9532-40ac-b7f4-c8127e0f80c3
9680,2e22e106-6787-4b3d-bd23-400afa87ffce
9681,e9fa4f28-13f0-4ac6-9902-621e1a85ec33
9682,1ba747e7-c3d1-4a6b-a482-c9b307277920
9683,785ac125-4880-4cdc-89cb-aa85951c499a
9684,875d4fdf-b0a9-41d3-9c48-32cfdeba87ba
9685,c922d18e-8961-45fb-97c7-b7203a1cfdba
9686,1080e83f-392f-447d-a6ba-0d458f0b511d
9687,69d2b187-7f51-4c18-9b2b-b3e232c6e14e
9688,307a0a60-3961-4628-b978-b04713a3d580
9689,b93db5b8-8386-49fa-bb12-5222c06d3d12
9690,bc9d8fab-9cff-4a31-83cd-ed337ca40935
9691,04022aa4-2d0c-477b-b5a8-21886206e106
9692,3b7535e0-466a-456e-9756-29733bd4cc51
9693,ebf2cd51-d38c-406c-bfd5-8ac30cf3039e
9694,b58ad4ae-f37f-4433-8c3b-e8eacf974a4a
9695,a4463f77-39db-4b4a-b7a1-1c9864553cf2
9696,e74a3130-53f7-46d3-b52c-b1fbe07a38be
9697,c655192c-994d-4be9-877c-75ff25e0ed87
9698,8aded517-f038-4728-88a2-7f5541d47c2c
9699,1b013511-3698-4dd9-a291-2e6231996f2b
9700,c84a06d7-4422-4542-a0a7-59ece5ea7f78
9701,ef51f1ca-e6f7-4ab8-8d5a-dc03c001ffc6
9702,544f5fee-a197-4fca-97b2-0a7a188e79fc
9703,a31fc5af-829e-4486-a9eb-57f40b97f59a
9704,8d7e5ff4-1548-4c3e-9643-acb8a099c808
9705,2e5b3ded-a8f5-4676-93d5-111a8bc8c18a
9706,32cee30f-64f0-4f06-b120-b877d50e89c3
9707,139a4e1d-d489-4139-8601-5d9a4c3c150d
9708,f0d145c7-529c-4a79-9da9-95dffa19ce05
9709,f6f3a981-5b17-4a0c-8065-1b7d95e63e44
9710,17ffb6d6-ecba-4d07-b48f-c32160d26368
9711,97c672c9-8ffa-4d24-8f99-76c6ae42e163
9712,dfe0b65d-b518-4f8b-8723-999cbfe3624d
9713,89bbaa9e-2d53-4e62-b069-e983256e7d8d
9714,c080e7a1-a51e-47bb-af1a-dafd0c7055d7
9715,2ecc9783-1805-4ba5-b5ba-98fbac9c79f7
9716,67105f55-794e-419c-90b4-31629d12e037
9717,6a161b15-4106-459f-a7d6-2e41778207aa
9718,3347915d-4a74-4908-9d4b-a49f9acfacf5
9719,cfc281a2-9eb3-46d2-ab03-1d2e67f2f32e
9720,d286ba25-7063-4150-aeec-a12fb57f91bb
9721,34e02167-e6ce-413f-b0a4-77a246ce7615
9722,4a9e433d-4584-4828-9d48-f838228e56e6
9723,414f5dd4-a313-4a9c-86e7-ea62698e8563
9724,dc5bc4a9-8dde-4af2-a011-e2b62555e915
9725,4e4d371b-a3a6-4936-844f-090441706ace
9726,6ac30885-d135-4638-a942-a40c8d230e0c
9727,a9810864-70d0-4560-93bd-fc0e9eb956f6
9728,b6a145cb-2a1d-4134-9e47-e96da9333cda
9729,7ea4d22f-3471-43a6-946e-d68786c89200
9730,3676c4e4-d25d-462c-bd29-6d456b7a5065
9731,f1f60c90-1806-4918-8f5c-258a120170da
9732,74dca364-f13f-486b-a41c-7d5c382423a9
9733,b84adf31-9096-4572-941d-6f797d448fae
9734,ae99a15a-544d-4d66-b611-08f7e737c89e
9735,d70705f8-7892-4bc2-87b3-8cff211806c4
9736,d84ba09d-6c54-493a-a720-fc6882e151c3
9737,518821b7-4fdb-4046-a082-d99bf6254320
9738,165efe0e-7248-4bd9-a476-b48ef0eb65f3
9739,1bf94d4b-cb93-4e4a-8291-55170971d977
9740,0f480666-a808-4250-b02f-8a7da85b9d20
9741,cc51bb71-a1ac-48b5-a354-5e02276a2be1
9742,2ebdc207-eede-4fa5-9bc7-09793931b701
9743,d1fa4502-0df3-4e2c-9238-ae20f50c9593
9744,7e52e2c9-51ba-46fc-9c18-15ec421ebf8a
9745,acca03ae-aa9e-4aa9-9166-f5870f5f1294
9746,0a69dc1b-eb89-4efd-9932-7fff0008f1c8
9747,bda65f9d-52bf-49f8-964e-50a14a96b89c
9748,7e46555d-2239-4bc9-a9a3-033256d45385
9749,b0464c44-e141-4def-8e1c-46d876e3fcb7
9750,e2af9e4d-f396-44b8-9c22-466f0e9a12c2
9751,0dfd9f3e-6551-4aa5-b6ae-e9d36c846971
9752,1adc38e3-d33f-43fd-a8e3-5f1813c6ae7a
9753,1ced9555-ed62-4e7a-be1c-6d9ea2944778
9754,7e70a46b-fef7-47e3-aa8f-a07a14c109b6
9755,de7896a8-99a7-4ffc-ba0d-44967c9c137e
9756,16921461-2909-4648-8f43-6c96e657311b
9757,043a3a63-00d2-43c5-a8b1-c4ac6a1766b4
9758,d0aa6720-609e-48c1-8ff0-24d90c5fba17
9759,52b9d610-84fb-40aa-93a5-ab20b293662c
9760,c194b6c8-5625-467e-896d-273d0c2edb8b
9761,08c5b414-708a-4a25-9a94-67edeabe07dd
9762,b633a5dd-e923-47b6-a45c-947af38b9ed6
9763,e5a1338d-e3d3-4c90-9a7a-6bf2c897c563
9764,5068543b-6422-4893-94e5-141dd085be27
9765,1243f9a0-04c3-4b3d-855d-825e69b70010
9766,c0b4eff2-696d-40c0-a51f-81385f272e6b
9767,3bda635e-e241-485b-a45a-a5305f13b456
9768,c85a1808-c145-4b55-a3ab-4902f5b2510e
9769,e5adcfdb-ba44-4b64-9879-c2196d3f5ffc
9770,3b85fd0d-408f-4723-b77d-be51b2057593
9771,62d64e60-5a06-4e5d-ba0a-e67f1bbfbf44
9772,72273fbc-6b05-4118-8ec7-32e8e40b16af
9773,767210e5-3ee3-403f-8a15-18889e94f681
9774,bcdfa2c7-5040-4c54-b920-6d55b3816266
9775,3dba261b-a474-4196-9f20-cc01912956e6
9776,2179c2f5-36a6-4cb6-b085-1791fb919171
9777,e8ed45dd-657e-4ea2-94d3-e77a5eb3bc68
9778,474e1664-92e5-4d2c-8277-91fd4af99d25
9779,8b0057a9-d19e-4d86-adb1-213bde74e7b8
9780,429840c1-5a41-42ce-925d-aeb042e0db8a
9781,03dcf96c-dc3d-4c62-8033-a1ba805a699c
9782,3d59cfec-7db4-430e-b4f0-b00dbcabbb41
9783,bdeb267c-176c-469d-a588-06432ab1cc5e
9784,89b0b17b-62e0-4887-ab66-6ae52c561f66
9785,7665443c-bb8e-4783-98f3-8fe4b6f17622
9786,04dca855-a649-4875-b1b2-e1a355019966
9787,68ed1ce7-9ef4-4a26-9ef2-0531ecba24d2
9788,1ce880f0-b3bc-483e-9f07-7174c4e96981
9789,e01e2c71-106f-4bb7-ba51-52e6acea9f50
9790,e20aa01c-87d1-41f8-866f-c3dd62dd8943
9791,3e101491-d9ae-4189-8b22-92d0eea39363
9792,1dbf4e48-62a5-4f4c-9444-c49bf25e5fd2
9793,3380e865-9c4e-430b-a626-80c693dcd8fe
9794,9147867e-6ee1-43bf-988c-adc2d0fb9f82
9795,5e104549-ada1-4d38-8f28-db8280b2c456
9796,c4d17478-4097-4816-9042-dc4db799da26
9797,7b3818b2-d482-480b-97a4-fcdd3c4a22ef
9798,976fa5e1-aaa3-47e1-bd72-055ebf17fdbf
9799,7e88d5fc-b52e-4015-b908-549f480c3788
9800,6e1fad3a-af9c-4994-ba4b-6af169dc6bac
9801,8f3671b2-5340-4625-9c03-30885d20de1b
9802,d29986b5-4d80-4b0a-958e-0f8fb610c40f
9803,22365fc5-10b4-45b0-8b24-2c6cf1a7986f
9804,fd4bf0ac-8ad3-471d-9591-142443a1ab5a
9805,83ec9369-053a-4306-88a8-855517d74193
9806,cb5572e9-e910-4d4c-9471-98eaec1f990d
9807,5920a2cb-c9f6-40d2-9e7d-3aecfe7e841e
9808,9b05d8a3-8bca-4925-a0ad-2c2244336d08
9809,3d5a8f93-d5b9-4fdb-b455-ea2cf2081808
9810,c61cf3df-26f9-450d-b432-47325ef88f05
9811,d464277a-e906-4696-a0d1-4f297b71a3f6
9812,c7ad1d17-ff2d-45cb-89f6-0cd0c20454cb
9813,b02e8415-7f06-4370-8233-d6cb06ef9783
9814,8ff6bde4-f768-475f-b5b2-77cfe9592104
9815,3fdc9e58-2428-4c88-81b3-68dbb5589014
9816,7b2ef94d-6116-4776-9b6a-62b5cc46a881
9817,6a9019ca-2d96-4a64-babd-ef775c042c08
9818,25d029fc-0c81-4bbf-b810-309cff3620c3
9819,c787182c-4221-4026-9e8f-fe9d0f468ff3
9820,1523c548-6aa7-4ea1-a81f-6d5c6837d8e8
9821,cd71794b-928f-4c1e-96ba-5ada6855a5bb
9822,363da09e-64e9-4192-b0ca-42971079d214
9823,8d5cc5fd-11c8-4628-bbe8-6f31971dffc0
9824,07c743d7-8499-49dc-a282-d9123c378ada
9825,a5409f57-6cce-4edc-b9bd-55a83d161f0d
9826,35d294db-e780-4c65-834c-d6dae82b2528
9827,b80da4ef-b3a3-413b-9703-546717736dfb
9828,395d44e6-21b2-48db-aba0-fe9900b650ef
9829,ad406c16-573f-447a-9bc4-9d9b5e16614b
9830,8e9b69aa-db63-49c8-ac95-5a328f17083e
9831,67ed6129-3895-4bb4-aa8a-557e40953805
9832,76cff819-35df-47d5-8e8c-964946643c9d
9833,9e3f8e87-0747-41cd-bba3-aa1b9827df50
9834,d60296d8-4634-44ee-b85a-92d4bd69b759
9835,4f14d6e7-0108-48aa-94ca-c95d913150b4
9836,c7d8e823-f74d-45f3-84ec-0c6fd62d2110
9837,83148441-2623-45a3-8a15-0d603c30a7ca
9838,ceb9c7b1-0bc7-413c-a212-416353560fa2
9839,7cb63aa7-2461-4f00-8600-2cc2a178fd9c
9840,aaf1e53d-0cee-4667-b76e-fa63ce90a003
9841,c90ca320-ba9b-402f-a07c-6e0127604021
9842,419a1271-7a4a-43f4-a51d-81088b47a452
9843,299b9856-6a03-4797-a201-d4a859990346
9844,78efe8cb-f49b-46a5-b2c0-a61df6fbf472
9845,6dbcef72-5ced-43e9-bbaf-73ff94d2717a
9846,d406ee38-cc06-45b3-9bfd-0607343357b4
9847,d93b76cf-5789-4031-b57b-e618396714a4
9848,e0383337-d4b7-4594-b87b-a4bb7f5291de
9849,6d68aad0-1af4-481f-a2fb-391d5f68a2ba
9850,a516936a-231d-4f7c-9016-649ec275e28b
9851,1eaffcd9-7054-43cd-a917-0ba3575bdbe9
9852,440838e2-659a-4ba4-bc61-481a2c110ae3
9853,5947a0cb-083e-4466-b50b-e60550cc1092
9854,b83650b3-9c5b-4903-adf1-5578f847b567
9855,556e5234-cb0d-4015-99d5-23b8e708db5b
9856,d43d232b-ab31-471f-9eee-98e573451f86
9857,c8c258dd-381b-4642-bbd1-03eed1b9990d
9858,06079586-65de-47fa-953d-b163bdf86813
9859,a95abc63-46f2-4254-a748-2d835f7b9a4c
9860,fde33e28-9fc3-4166-be6a-0751956159bd
9861,48402b02-90e9-479a-b42f-33851c095992
9862,e6c4a9aa-002d-464c-bf4e-249706847ff4
9863,ad11f65c-9508-450b-89a4-d652f28ecdf2
9864,cd588493-ff2b-4f12-bcd3-f2ac9676c59a
9865,f34862de-ae9c-483b-a586-c2c8527461c5
9866,d3d3643e-0cea-4f0d-8e2b-3803262acf1b
9867,8d8d8c4c-7f86-421f-b9a1-b511a176a51f
9868,e8fc390c-e325-4dd0-a88d-e76fc5ce0801
9869,c3bf5a8c-2623-4727-8683-3d9eea63a0d7
9870,ac3605b9-76c4-422b-a871-8becb3ab189e
9871,44438f31-c787-4c14-a578-ec135527a56f
9872,989f4c38-9e8c-4d82-8051-ceeec579e2d8
9873,7e4f16f6-d221-4935-b764-f64acb0c2697
9874,15909ac9-29f8-4c07-9a0b-ccef3fc1fbb1
9875,7197e6ac-975c-43f9-b8ff-a6d073f6c64b
9876,65e2036a-e33b-44d1-bfb8-21c8d1d3c9d3
9877,da9e8165-5870-4861-93e5-41345a4fa816
9878,e9573190-19ce-472a-a1e9-41af78a49bff
9879,8714c390-a5bb-4cf6-80c5-9931b39192d5
9880,0a0fde83-ca6b-4b23-a86b-cf7f42d8f06c
9881,ae40ff0c-6c64-45b6-b3ee-0365a92940aa
9882,8327d010-942c-4ce4-b6a5-84a7865f4ec1
9883,51fb8ce6-0098-40ee-94f6-bba77546f2b9
9884,b16a2ec6-1e02-4f83-b598-0f0bdb17e78b
9885,402e85fc-324c-40dd-ba9d-9ed5e2bba445
9886,9fd5d129-2a1e-475b-9037-1aeb12a7bc67
9887,743a2933-6570-4e70-af2b-9dee4e0b2478
9888,beef682c-384e-42ff-95bb-6bee3b2d15eb
9889,7126f569-66dd-4ae1-bb07-2670c5599411
9890,4ce4d865-cfd7-4b4b-bfb9-fbe6ad6f9932
9891,71f32d8f-f22f-41e8-b328-c9603bbd20d2
9892,c9fec3a0-385c-4ba7-b225-cb5e067141a6
9893,69485126-e5ac-4421-bb37-d834b600cea8
9894,fc665bbf-16be-4e55-89f8-3ca9bae1342b
9895,b736352f-7fe0-4c5c-a2e9-73b9ffc2374c
9896,a2028ec6-5b45-4ce9-8244-a60f5c5164d2
9897,f3ff7b67-eac5-497e-97d2-8f3ba8f9a6cc
9898,85495bd7-b512-4496-9ac3-854415a98cf4
9899,9e72167b-6ea7-4b79-a0bb-8092c7c2e922
9900,84657f53-1539-49ce-96e9-628dad088fb9
9901,0f685392-7cf9-433f-8bfa-b4e296314f42
9902,15f2915e-6f8d-4a7b-9df9-d8ac62278441
9903,b61abc31-937e-47af-bf1b-7a7ec6ca8a47
9904,4659a60d-0d5f-4920-b85e-2454c5f1b55d
9905,6295759e-9fa8-414f-880f-73f2c43a03ba
9906,09ee2795-3d42-4257-9d4e-b83820b133b8
9907,7c006efb-707f-481d-918c-cb56622d97d3
9908,dc9c5e61-b8bb-4855-9b92-8b11d2f080ea
9909,8ad2afbf-7b67-4866-97ea-f857ea4f217a
9910,3096c23a-bcfb-4110-818f-6186902ef82d
9911,4feb7ef8-1f00-45ab-adb1-6c18bcf9b7bf
9912,21df4a00-9a88-4c02-bde6-fb2dc7ab5625
9913,c5f65c60-c7ee-463e-8335-d6cd87970aea
9914,8e2dfbeb-41a4-4bb7-92f7-a627b8ae4b15
9915,dc060437-7a6c-40ef-981a-87247397c972
9916,e860629a-79ad-4068-aa75-186c493a102c
9917,4b3d7410-4635-4cd2-8f28-95076dac8b2c
9918,573e659e-ebcb-4835-b3e4-fde8274fa1f3
9919,dd83a091-e798-43bf-a272-476e3ac5e732
9920,a290bcdf-e154-495a-838b-d0fe0f905780
9921,a633cb9e-1494-48ee-b15a-eb8ad540f6d7
9922,cad1dd02-b90d-4382-aaea-b4487759207b
9923,ad31e36f-95d8-4cfb-b6b7-054dfc96420a
9924,505e2af3-ff9e-433a-8b0f-b9e6d479ec25
9925,984c4f9a-0d2e-45ae-a7c4-d62004e8029c
9926,582a115a-c44f-43bd-b626-2a9a3711dfb7
9927,36ad3c68-a8b3-4535-81ff-b84f814ecf0b
9928,1cc34927-323b-40f3-8b88-4a4235f24da5
9929,5fc0805a-ac47-4ba9-af2a-f2b84e511202
9930,6c3b9698-cf7d-481c-885d-dc6163382c55
9931,eaeb8a74-c579-4223-8502-3d33d16481ee
9932,0bb3096a-4675-4a36-9f19-6125870ab1d8
9933,5ecd27b4-63da-4b4d-8f6d-0a4023f39307
9934,4c6843fb-d770-4103-98d0-126c04d81454
9935,43156089-c6c6-402b-afbd-8e7dfb132e43
9936,5ccab82b-a1db-4b13-bd58-1a60fb6a251a
9937,cc836606-c289-4e09-95f9-6aab83fb4467
9938,2ea90ad8-ef85-4a27-9bd7-e01750e484fe
9939,7df8c4dd-e3fe-4845-9571-ed8fa41a5a5e
9940,9f6c5741-15dd-4917-892a-2aa83cbc3f2b
9941,08aee534-2dfe-40cf-89b1-1c09465ffd39
9942,9b2d76f0-1cf9-4e1a-beb4-4f46ce6a90a9
9943,e5fc385a-07f6-4d2f-92a1-2dca7427a7ba
9944,f433905c-a855-4923-84f3-f8d76f1388f3
9945,5736beda-44de-48df-b0e7-610349536990
9946,7eca1388-3137-4ce9-b526-37ff13830eea
9947,ab22fb62-afb8-4d82-bbc5-9b17f37498ec
9948,f5120632-2d16-42b4-ae50-7232c060734e
9949,de7da39b-8b5e-406c-8485-8a7e5ac5a87f
9950,91411e98-3022-40b3-b27d-83a8c3995476
9951,0c9f7da0-0c6f-461a-a5e4-9a16f67168b8
9952,8238b71f-d58c-48dd-a114-726de710854b
9953,10cccd05-5af8-49a1-805b-0c014d6d46fe
9954,5b247ee9-f8f9-48b4-bb9b-d2a76c36e380
9955,c416a413-2516-4486-8c2a-974b97313156
9956,37632d02-8bdf-4846-9199-2c6b926f7b49
9957,61f545a2-e3f8-4c09-8842-d33968e95d2e
9958,12367333-22f5-4700-b2bf-322d164f8c8b
9959,26a732e5-2389-4a66-825c-0b769306a68f
9960,fddc4c7a-914b-4e72-bf98-2dc2b518060a
9961,209014af-3800-4684-b7b9-a01e89450ea7
9962,202537d0-4239-43ff-88f3-2dc5731a2a70
9963,7eab78e9-c6c0-4a3c-8f6d-52850e558c94
9964,b6d27855-a0c2-4e39-9228-48d5439acc15
9965,f70e6a39-4254-4376-a001-390d7d6cffe8
9966,a1f8ae2b-ef0e-4ef9-bccc-c50c180fc92e
9967,e0e70dc0-87be-4750-b131-86023dc40e78
9968,fdb8efaf-be43-4ea5-acee-0a60a6f7388a
9969,d68196f0-9d6c-4515-9f1a-4bd9291ec74a
9970,6aef3296-533a-449c-a5ea-16136bdb574f
9971,69754bcf-73cf-45ca-a5e6-f5517b35070f
9972,3190ef53-d7ab-4b75-a50e-f4861b39a560
9973,87dbd155-a6ea-42ef-b626-6d150a62cc1f
9974,4abd0f44-064f-410c-86fc-963a16525226
9975,0937be7a-7424-4b4a-9d44-7f5727049126
9976,65fdf613-2cd8-448f-80e9-df6e5d3a4ec2
9977,b17fe335-639d-4ced-b7ac-3f6f1fed126c
9978,59fcbda2-d1ef-4ac8-933e-16d0a4965ecc
9979,60b65117-40c8-4920-aa48-4fb526f0d89d
9980,12f9c9a7-22e1-45fb-b14e-61d77895fa7b
9981,6a553a7a-14d0-4c23-a75e-4de2379e3f69
9982,8b1f0cf0-f420-431e-9eb5-b405e1823042
9983,8232e213-48c6-4450-9d5a-4815c8305be4
9984,2176b647-3480-4a2b-abc3-3d43aa7d1a8e
9985,7325f6f8-5bc7-420f-8a6e-5020c7550542
9986,105e4cbe-9d4d-47aa-bf4d-67a56ebaca2c
9987,ab3d729e-4acd-4089-a5da-57df128f5401
9988,a75b2460-38fe-4422-a191-17108206b55f
9989,96e0e72a-7667-4936-9c13-a015163a4bb8
9990,7600662f-f0c5-4cd3-9873-84b74a205d7a
9991,4c4d169b-f7d9-4841-8352-80b8b7fb5067
9992,6073d257-bc57-4528-9d0f-093636061a6a
9993,a5b110cd-9468-4fd5-af00-8aa9cf6f4f2d
9994,f723422f-7ea4-4f7b-bc29-aa74adecd6d4
9995,a97ee605-550a-4c1a-86a9-240139a1ae6f
9996,2a1a1753-47b0-4e8d-856c-7350bb942dc8
9997,0b7d6306-d946-41ea-b08b-922b80aa178b
9998,5d48ab08-ba00-4317-a93c-bb754556434f
9999,64957554-086f-49ee-bf51-290fbe258dc9
10000,ecbd62db-d53b-4955-859e-06505d926559
10001,7b35e569-d13a-42aa-8bda-78a9784058d2
10002,752615d1-fbf0-486a-8505-ffb236c99916
10003,204b55c4-938d-4425-8744-4656a37d41fc
10004,baa06acc-6849-4b54-8f78-56bce546600d
10005,59fac443-6536-42f4-be92-f423df61e0d6
10006,ea98c719-34ed-475b-b4a0-e83c36bc2bd2
10007,00e0f585-dd14-4f3f-b5cf-b36ac4edb112
10008,f229d649-460d-4b33-a64c-138a7ed48735
10009,7989af95-170e-4160-8224-bba713806789
10010,c14260c7-b8ae-4ce0-9480-b23ca9766057
10011,101c1c37-4bdc-4a71-a118-f984be63a37f
10012,45d1c87c-941a-4716-923d-13c1fd044e82
10013,49f2b2b5-7d3e-4384-905a-6b5b69c4f84d
10014,7dfd48e1-3908-4c06-9554-a2ce2484b598
10015,747b113c-fa39-4ce9-8374-f0b34c6d9975
10016,0e82deeb-1f12-4637-99d1-5544055064c5
10017,eddeb678-2875-4855-94e5-33837a71837f
10018,49c8abb4-4738-4edb-8b10-40ad5b6c639b
10019,e752b7c1-3f0d-4947-81a4-3129334aef99
10020,70747582-2703-4434-b746-22f56c5b4d65
10021,5004b5fb-3e50-42d8-a0d3-9cf23642b0f3
10022,14264d54-aae0-45c3-a960-e6158eb2148e
10023,09cd71fb-f3ba-441f-9341-6cf32befdc91
10024,75760648-61e8-4267-ba64-5edef2e71011
10025,c4dd4c9e-b3f1-4709-892a-ba8bb672303b
10026,d8fb58fb-53de-41c1-a31b-b92a44ab2963
10027,082f1f6b-cb8b-464f-ab8d-7ef6e909b5b5
10028,f4ccb245-5d00-422f-8275-e2f45898ea91
10029,d3fdc00c-9db6-42af-bae7-e925c8638c5a
10030,c9fb57a6-2efb-48e3-b6a7-c4bd8a975f99
10031,7efe4cea-3391-4eb1-85dd-f0c4753cd1bb
10032,55e90221-0d20-4276-b172-fe3112ac296d
10033,eb46fc5a-e078-47b3-8c13-6b69b2b94a3c
10034,52dd0322-b4f5-41c8-97cb-2c5657b39485
10035,7274e495-eda1-4c81-9d2a-c8fe3b60ba60
10036,443e18a8-a34c-4f40-a1d6-7ac098b64df4
10037,76e6a36e-1cb9-4692-a16c-c719d7c726bc
10038,c618c570-9c15-416c-bf5a-ee57b634f4e7
10039,b825aded-b5f6-4df9-a6ec-cea6a4e7b284
10040,b33d09d4-0d74-4e34-93b5-94b191622c27
10041,9ab20220-19b4-4ec0-9e99-ff410c8b1688
10042,64c5a62c-cf90-47ad-8fe6-85dec555264e
10043,82006ac3-6d3f-4394-8eaa-a03e0efdd404
10044,6f5e1eb6-3f83-4c72-9b9c-2b9e31e3db19
10045,da94bc3c-f868-4e9d-ac8d-164098168a3d
10046,1584106a-478d-4127-ae1f-71716430c563
10047,fa79c3d4-d89b-4ab2-a093-0d00e3df02e7
10048,48027f9f-ae32-4c12-b4fe-97d8c94a3586
10049,3aa67f41-e945-470b-a8fd-72c6cfccc02b
10050,754c6362-457b-4665-a1dd-7a704219ee17
10051,c1ca8651-7c4e-4410-a05a-5b82ef477974
10052,2474c9e7-baf9-480e-b492-de6f01bc209e
10053,5a1e97e7-5b78-485b-ac75-d3147779229e
10054,2ffa2969-7588-4278-a131-a16a17190648
10055,ef9ac358-0235-49e7-843b-b1ea24da0891
10056,3e6ccf59-549b-4aac-bcea-e0cda5784b2d
10057,349c430e-67e2-47ba-900f-14e9a1438470
10058,e8e7d8d8-1745-4139-9563-51802034e499
10059,24e9ed4b-c04f-4008-85e5-1f2430daf797
10060,51c5eb07-c5b3-47d1-aa7e-af478f81911c
10061,c86c5ac1-2a9d-48e9-ae22-7e29b6ccc589
10062,aa4e518e-0fee-4db2-a674-edb2faff4a30
10063,f5c6b56a-766a-4f0c-ab49-0d8c21cde8af
10064,e67662ef-ea70-49a6-a487-45c0b22bf502
10065,3c8ad6d6-2bdc-4ff3-b0e4-5648698b857c
10066,e11f56b8-5de9-460c-849a-f676f92249b5
10067,edcd26ea-a91c-408f-b945-dba8592a9c42
10068,d51de48d-7079-4f15-bc4f-43dd07c69ab0
10069,94da4531-5b1c-4201-8be8-793721d4dafe
10070,2e89b3ed-0a72-48e1-a6f5-148dfeeebae7
10071,f182e433-c42d-4b67-967d-21403c2f91c7
10072,fa3bb14a-8ba3-4a3f-957d-a13cfba2b836
10073,a1be4e1f-afbc-4f2b-9f07-76c1397dca6a
10074,0da0173e-d1fa-423e-8ad1-91f5fe164683
10075,c6d16814-224d-449c-865f-e0ebe467ab6c
10076,7f1e40be-1c1a-4dd3-8618-2fe6959f78dd
10077,bedb5210-1819-498c-8192-0cdc88dd70dd
10078,c923761c-6c82-4813-a8a7-06c10166821e
10079,63b6235f-e566-4384-ad5a-4fe016a1cd5b
10080,e2b7f110-5ff9-4519-bd1e-5e5751b5dfcb
10081,01af3dfd-244d-4361-a464-729ad3459e02
10082,540cb70a-f58d-426e-aa7a-36e5ce2dcb00
10083,a5886fdb-d634-41ac-8a6d-b8d89713fbb7
10084,9f810cef-7ed6-40ae-a4a7-470d32dbcbf3
10085,af036d9f-8201-4bee-a68b-92d640a51736
10086,70413dfd-b907-41a7-9f20-31dce987097a
10087,c59ddca9-039f-4467-9dbb-61827840f8d3
10088,883c4acc-a6fb-47a1-8214-d5db809e07f3
10089,6ebad3dd-2436-42a8-9377-db55e2a64aea
10090,16affa01-d75f-4da5-a4ea-9b55926ecd48
10091,026ce0ac-c8cc-4962-979c-e699eadd0c82
10092,9a53faaf-80e1-4ab0-93e7-c1eec8a5429a
10093,5ec48559-cd50-4f94-b560-b75d433ddd76
10094,40f1318e-4bb7-478b-b2bd-667ae9692257
10095,27f2f836-a39b-4723-ae97-47bf9f100911
10096,8745b196-af67-455e-87af-2e717bbbb709
10097,f4610687-85eb-45b5-95bf-a5bdc38b4729
10098,b979d44b-145c-490c-9181-f26de2b168a5
10099,ebb00e14-8e8b-411c-841b-3840d0ae0bda
10100,a4118677-c92e-404d-95af-c16ad6ab622c
10101,847f3e69-910a-465b-8d39-8f3e7b877976
10102,3f6e4ca1-b808-4700-a290-a9364d8e697d
10103,60091137-816c-4c00-a7aa-c6949d6e4360
10104,4fd73e57-aad1-434f-bf20-939f08c79c45
10105,31762a9d-23d9-4047-950e-961f783202e1
10106,967c7c70-1c06-45cd-a860-dc1fd8c89a9f
10107,d9eabd8d-4955-4f60-af04-68ad96913e88
10108,5d2dda60-9a2e-4519-afc0-8f1ef3c0b33e
10109,fb661d7a-e19e-449e-9c10-b2fbfc75d812
10110,b83c854f-d42c-42bc-9ce5-24a5ee1ddb49
10111,674e3404-323c-4cfd-a8f6-0ab029d8f34f
10112,92d4f69d-23c1-4efe-baa2-ea2bd6262642
10113,3d8722bf-223e-421d-ac3c-fc887d32cb17
10114,8bb14d0c-40f1-45d5-b55a-0741fce72710
10115,a9d6b323-fef0-4f4a-8a31-30a703ec7205
10116,c0f201ec-c0f3-42dd-8bb3-eaeff998abf0
10117,b2961843-919f-4de7-9dec-eda71c7046bb
10118,f7912e05-fe56-4a45-8d20-7d172ab4331b
10119,e67ac0f4-eff6-4ab5-9458-f2183c1aeb70
10120,acbbeff1-a338-4656-a9dd-61441087b85c
10121,444edc08-55b3-454e-9b62-68baf040efab
10122,40bb5e17-0ae2-4107-ab9c-4357e0578170
10123,eea9203a-d6bd-481e-929b-10ce1bf35b22
10124,aa30be36-f2c0-4c43-8e6d-c063034a68f1
10125,c2d7c282-bbff-4f0e-b016-ba8869cafe65
10126,0c1bbeda-7169-435c-aa83-4cce5a03b362
10127,b6b3ec93-1067-4802-be0b-26943a3d1c5b
10128,16e1c764-4cd9-4fd2-830f-7a3bc5ea8558
10129,3c5d2a92-d0b1-4250-a0fb-505c79cb9b5e
10130,9cc03802-cefa-4470-ba6b-19a885f54d4a
10131,8d42f82b-9e5e-4b1a-890e-f030c811ac02
10132,997d363c-9568-4d78-963a-36de2b594f02
10133,773b6728-3587-4a17-b63f-1bba6441ac33
10134,793d1184-5ced-43bc-9c4d-883d0ad4c2fa
10135,5c256648-482a-49c5-8179-fd4a2ae275c3
10136,6f51fcc7-134e-4423-8987-d57cbba09d87
10137,040cd306-f841-4e6c-8e80-a77a251be09c
10138,e6de7d3e-2833-4d58-bfb9-fc07dfaaa878
10139,bb558e14-b15f-459d-8db5-f4556377a16e
10140,469da85c-f681-423c-a798-5cfec93e6713
10141,b3ae6ffa-8721-44dc-a64e-5ab2289359aa
10142,aa820963-6c8a-4736-a531-4b9dd9714116
10143,d12269a0-c771-4baf-9cf1-f742f839fa74
10144,903c1503-262e-4f83-92b5-99fcc72bbc14
10145,dafc5ff3-baf3-4f44-afaf-9a74adaa82fe
10146,e26c9110-4df4-4457-8410-2d469a39556f
10147,3dd80309-ab82-4af3-af8a-ba857aaad72d
10148,1d5f5e83-e5e1-47cd-9604-4234ca6a54ea
10149,37257dca-1473-40aa-9ab6-dd667a447a88
10150,5213a9b7-0940-4d81-be12-9c125e8ff227
10151,631248e2-e866-4546-b850-59539860fb3d
10152,cf93041f-15d2-4ef7-88ca-c0470443d3b0
10153,cf466a06-77fb-43ce-be6f-7dfb77a4ba90
10154,99ded578-5c8f-4cd1-acaf-d6a915004829
10155,6e35acf9-3719-4280-8eab-a5cf915c5f59
10156,1cef82f1-0308-42fe-82f6-e982b37aaa4d
10157,7ccf3fe8-e9fd-49ca-b33f-309f39304ef3
10158,6b617946-2ca2-4c5a-a567-fb9060f605f7
10159,630ce21f-8d92-4535-8087-0eca811f86bf
10160,a5190377-830c-4e15-ad60-0122dbdcf4d4
10161,0c521165-efea-47f9-bf59-5a8dc9c03a17
10162,7f78357f-8b02-4663-bdab-798a3a56c852
10163,95aa219f-e988-4e59-8301-a6bd3651d5f4
10164,bd29f870-07b9-4688-b2d6-b4f85b0d323f
10165,a7300efe-cb7e-462a-83d9-d66bb46c3ed5
10166,f2338f2c-18b3-4b70-9c30-79b674173530
10167,e198f249-7c0e-4aab-90d8-2a2ab5514114
10168,9b4955b1-a538-4107-82c3-ff13a42e88fe
10169,4702b685-b9ca-445c-829c-f41952013616
10170,05e368e2-6640-49b9-89ad-4937df17af3e
10171,404bec24-3fdd-43fe-8940-14a9485f5ab1
10172,4e6d48de-cfd2-4dbd-8662-62ed5869e3a0
10173,3fff93f2-fc6e-4c16-b314-698e212eec4f
10174,a08c05b8-7f02-4c43-abd4-824e49bad8ff
10175,aeac6bd7-5184-43a9-9e6c-0e71b30f747f
10176,2e151800-8460-4923-be2c-f6b7e70df41e
10177,476d195c-093d-48b1-be0a-dce264d9005e
10178,454fa90d-5369-415b-9533-8b279f82aa08
10179,929df647-ad4c-4d3c-9e75-5688783fbd08
10180,0a2bd715-43de-4819-9ac4-ecc2d7509182
10181,9e63bb0d-f904-4205-9bc9-ff7b7e80b8a0
10182,22efccbb-8925-41e0-a614-b84041a6fa58
10183,4a772ef8-ecf8-4c3a-aa06-90fe0964fe74
10184,4f67404d-1179-41cf-b082-ba6d3ff66446
10185,a32c4ceb-d50c-4b00-9a84-4ddd3209f488
10186,ed51e1a3-2eab-44a6-810c-34d26914ac5c
10187,31700f37-2c4c-4c18-9cc5-a996222d241e
10188,d1012c05-58d5-4b45-be3f-4c272df8a4b6
10189,a1225e04-4c44-4ca8-b24d-8a84f6301943
10190,9aba567c-acaf-425d-94bd-a62ddbc6767e
10191,ad969bb5-de11-4459-bb87-fa004dd7d2d3
10192,fc3a6e5a-ba3c-4152-8e6b-b6bdc2c6c95f
10193,fd0ba096-6ac8-4054-b6a8-3f47ba146c45
10194,8167ebac-857f-4383-b79b-471f2e69b4ef
10195,6060bf89-e93b-4726-a1bb-208b9c902cfd
10196,5fe115ec-a5ff-4824-a8b6-f2493fa82d4c
10197,4ee6fb64-55cf-4d27-a89a-9db046358ed6
10198,0d8e394f-cb8d-4867-852b-bc5f54686bc5
10199,f693db59-3f93-4449-bc3e-a6d0fc21c71c
10200,1aee1c49-eec8-4905-8a84-6ee87b005c01
10201,ffc2b3fe-01b9-41ee-98e7-374f0fb7ed22
10202,aa6baa42-0141-470b-9986-6a4504171a4f
10203,63287af5-62f2-4e12-bec3-f146f6109dc9
10204,bf08cfcf-4c95-4690-9f7b-05e754e2e9c5
10205,679935da-3c53-4b51-a6a4-3e5ec081570b
10206,c414ce9c-462c-4965-9095-83be4d282004
10207,c799fa6e-4320-415a-8236-f7cf76437938
10208,0809263f-2626-4a91-a9b7-29f5cad349a1
10209,40bf6267-ecb6-4bd6-9fac-09051b26d3f7
10210,a01dcf8a-e6c4-482a-b470-149e1eefdfed
10211,45b730c0-8174-40ef-acf2-ffdeae3369d4
10212,5d20f86d-6c2e-4903-aa28-8b6fc7917af9
10213,a542cebe-83bd-479f-b26f-eb76acff31de
10214,c4ba2028-3baf-41f7-a99f-5311525cf82b
10215,fecd5358-918b-4f69-a3a7-51b73213d8f3
10216,98601fb8-c85a-403c-9d0d-0b9812d47591
10217,47cbc1b1-72d9-48fb-b409-71443e7a6562
10218,b1104fdf-5363-447a-bb4a-bbb13ddb1c61
10219,23bac259-73fa-46a0-9ffa-04cfc0a664b4
10220,1124a80f-d642-4cce-b366-9976eb0a34b6
10221,642325dc-d875-4779-95fd-fadcb819131b
10222,7a7c91a8-b2f1-45f0-9297-efe7050a9695
10223,7766932c-5112-4fa5-9b13-88b28c216854
10224,3a9a7951-1e8d-4775-b9f8-d5a612e2dc0a
10225,8f3a05ac-fee0-46a8-90cb-4ec74e280635
10226,8dc71f08-34db-4093-9e38-2cb40e83a0d1
10227,6bcf4ff9-b52d-4e63-859b-fabf3788b2a7
10228,45b7d11c-65c8-4ad4-bf68-6e5acd7c68ae
10229,3610f313-10b5-40b8-8984-b674e62025fb
10230,ee1c1ca5-233f-4f11-be0d-16ec8a69ca79
10231,6fe39588-bd58-413e-9878-507718631baa
10232,8d5cd9e1-a11a-41c7-97da-b38852b9bec2
10233,0a01fb76-c7e3-47d8-a241-8c5bd1b92dac
10234,8171c4a6-821f-43c7-965b-94614b1dd308
10235,17b8abd9-1636-4a00-a0f7-2278ab30b2b8
10236,d00a8480-9e83-447d-84e9-007cc18724bb
10237,6b2bb2af-2e3a-440b-9a8b-d97790aeb4dc
10238,1956714a-f28c-483f-bf38-dce3a613f310
10239,a4b132ac-55d1-4cc3-983c-b10595920cb9
10240,b50488af-10d5-4463-99b7-adbe520c20b3
10241,3fb89596-9f66-4fc9-a502-68756e958186
10242,08b059b5-8f4a-4d93-b06f-e416275e036b
10243,2a7e1bdc-70a5-40d5-b9ee-1226cb5409e2
10244,5d0d1b1a-d79d-416d-b819-4dfaad33549a
10245,dce52d22-2e26-4375-9e61-0b5e50af3a4b
10246,41ad611a-f0bb-41e1-a295-7231ae8650d3
10247,2ff16a76-3246-4229-970e-f9394a1de372
10248,c4e31e7c-1c23-4486-b23d-4116fcb35ffd
10249,d0ccd8f3-32e0-4a25-a0a9-eede5bd80415
10250,41f6bcfa-26ff-4601-89d4-ce719a1bba03
10251,701c50ce-274e-4585-87dd-c99c22eb80bc
10252,d7c76bd0-b461-48e8-b7d2-681b74d388b0
10253,4e31d11a-89f9-4e92-af6a-5c99029172bc
10254,72bae7dd-011c-4185-8720-a71853b9cde9
10255,f6707a3f-b40c-4e7c-bdd3-16f2fbe7a984
10256,3293fc82-b03a-4dc6-85e6-ea9e844d9996
10257,bad805b2-0918-4da6-9fe7-1afddce2d2a1
10258,0f5c5694-4f68-44e6-afa9-62b9e078835b
10259,c0592c83-6d4c-494c-ad31-32142003ddce
10260,6e053f18-8e75-47d3-88dd-202f807cf8e6
10261,df78af17-1d2d-41b5-af55-89eee4ef0993
10262,6a12fd13-e0e9-4727-a9df-3fba0456364c
10263,9087285f-0251-4896-8e37-0bf521c81715
10264,3d8c1d39-5826-48cb-98d2-bd4689225ab9
10265,7771159e-c295-4626-9fd5-d87e79664657
10266,03adb9eb-a878-40cb-9aa3-1f44eccfaa02
10267,020de9e9-ee07-4cdf-aada-002f2c1f497d
10268,cb1e7a41-9ff6-477f-806b-e3cbb60619e4
10269,924494d8-685f-4d0e-9416-f8565b35eee8
10270,5aa2f82b-8c95-43fc-a765-0b804ecbd20a
10271,1d701a4d-498c-452f-a3ce-21cfbd8882ff
10272,92f03264-d9a1-484b-82c0-0899f2dafe21
10273,8b6441f5-32f1-41b9-b17b-74b88af335c9
10274,3f373c3a-1ee7-4d2f-be33-3298e30905bd
10275,426febe3-c1c2-491a-b3b3-886d2172c85f
10276,9594b207-6bcb-45d1-b355-60a468ff2f53
10277,34b4281e-b8a9-4edd-b87e-9d7a76964075
10278,283b519c-373f-4654-be12-798124306a92
10279,4493e97e-3881-4b71-9638-1f78a855fc7b
10280,e0566979-2600-44dc-ae86-13ce8187859a
10281,edd5c0b0-fd5d-4c82-ba1d-ddba5fa8c8a3
10282,08fcf827-db9c-4d58-8c4e-01f9f6539cea
10283,b09c2c72-d784-4806-8c92-b9f16e94ba39
10284,023110c0-2be5-48b3-b76b-96d636278ba8
10285,649bb46d-fe4c-46f0-b725-b9f10f4a2631
10286,68a313a7-8a61-4e4b-86de-a38c57322d74
10287,53c85a88-8516-43ce-8a3d-1ec44a43a0ab
10288,d13d0142-3695-40f8-b2f2-d2550059d025
10289,696cce76-fc37-4279-9a78-dd4b9997bea0
10290,66849460-9a57-481f-85c5-3c15226c0c46
10291,9e6b95d6-ee37-428b-a3f3-ad4c7a5344a3
10292,81283183-a8c4-44aa-9d7b-0fb9bf084ac7
10293,59856d57-acac-4a1c-ba4a-85aee6b063e6
10294,0eeba9e0-b2b3-4ee2-a633-e2eb51ecbac4
10295,5d3abaef-b7af-46ac-b3db-0f5852121b16
10296,fb101931-a110-4d92-8c9a-dcabf2518b91
10297,519d95fd-f4f9-4de3-8ce5-1145b9cfa8a0
10298,6636091c-cac4-42a6-976a-562170aa317e
10299,037e8704-8184-430e-bbb2-fb486033832c
10300,855c7549-d7e0-4603-94f6-d7897527ba11
10301,21b549d9-4897-4a36-a3de-5b1f886aa2fb
10302,64bd0a9a-0ab7-427d-90b2-15ef814dd013
10303,624f1d7c-8fc0-4f59-a06f-0f48ad422d71
10304,5554d6ba-84d4-48f0-9418-fada4d9c3794
10305,4524f914-1e24-4b57-bdca-ea1fcedffa63
10306,43c42c2a-038a-4b40-8849-cf2bf4a3ff01
10307,c28aab08-d49b-47f4-949c-69e6250fe038
10308,518864a5-0d7a-495f-9757-8f58bba8025c
10309,259b2175-e872-48fc-aa60-df4119b71d07
10310,a78d0e27-f56d-4c51-931d-e468037dfbbc
10311,f32b8518-d920-4d0d-b6b0-8643e443edc4
10312,a6a0b7c5-bc2e-4cc9-8adf-66263be5c5fa
10313,a35f6147-0340-480e-966e-c1fa13a71540
10314,b075cc88-3c7b-47dd-9b51-8788dfc47c6c
10315,ba4ce4a6-b4c3-4339-bff0-3f67c27abc1a
10316,5ab65144-cd68-4e25-a84e-3119d572310a
10317,b54f7dae-7534-4cee-aa8f-cc41d9b84648
10318,ac648b27-d685-4fc3-99a7-21e3f95c2f01
10319,19b22072-9a8e-4853-8a86-cdac4b77bdf8
10320,15a0f476-651b-4cba-a96b-1aad9590d2d5
10321,c425b45a-f6e9-456e-8e19-021248ec7c4f
10322,5a13e1ca-bed3-4349-b868-594fbddf6d12
10323,d9765d57-d836-44e6-a16d-4f3e10745041
10324,9517034a-80f0-4ff3-a7ae-4916bc2d4615
10325,3ed9d24f-b613-4ff9-a128-408c138649fc
10326,eaeabec7-dbf1-46a7-87ed-58d52db2ecfa
10327,7a02189c-8458-4112-90f3-2ca4d9d7aa03
10328,7139ef05-be66-48d9-b924-c7e4655d9fbe
10329,7a816c23-102c-4c19-b835-3999255c8a62
10330,7677b1a4-014c-4a1c-a41f-24f8a572893d
10331,d1568a4b-8374-4820-9b83-28ec956de923
10332,10fc3631-1b62-44c2-977c-d7032b369a48
10333,b8c53335-0bd7-4d91-b9b0-c9d20ed49323
10334,e7595e0c-089b-4937-a027-ca634f3dd982
10335,83837439-8a69-4cbc-b8e7-13a194c81da7
10336,d3229904-4b59-4b9c-918e-02d06c35f86e
10337,f869e522-8fd8-4f10-a759-1d3deb1867e0
10338,1526dec5-9a39-4db7-8630-992d7493fe1a
10339,c517a0f2-a459-4fcc-afc9-9734f5694dc7
10340,8dc7c258-7166-4aff-aa6e-e6f1f3534c0e
10341,89aec1bf-10bd-44a4-b707-5cf1a54512d5
10342,e775ac99-62de-4f6b-80c4-91981b7d9be7
10343,e5618b58-f37d-49c2-a93d-f3c2e0947b40
10344,4d4270da-80a9-46b8-86c0-0dd808f6f174
10345,bd8002c9-9020-4898-bc01-67d50a3469d5
10346,9368ea5f-b4e7-4581-bf31-27d73fc5377b
10347,af6de75b-e413-4179-8049-7e0a6f20d971
10348,43c5edf3-87f3-40c1-b8eb-4f54e18ab6c7
10349,243531a3-25ac-4ce2-9384-e299d62ec2c1
10350,9562a97a-a329-439e-8fd8-399266072b0d
10351,c936b2bf-b694-4733-88b4-1b12e604515a
10352,64383e1c-c2e3-4abc-a285-d39fdbfb8772
10353,a840ea11-c78d-411d-8ec9-006d8e771885
10354,43a2473a-640a-4c13-a46b-7d1bc6cbee68
10355,a0667771-dfc8-4ada-84d4-f625245d4171
10356,dbf1e2db-f052-403e-8dd8-8ee09d7898f1
10357,fa8f2d7d-c115-4bf2-bb9f-609fbe43ad3e
10358,ae5e2976-c8c1-4736-a455-2fb19bfe28e9
10359,d5441b8c-8ced-4581-9696-420974e9aeab
10360,1b483fc7-a00d-49ea-9bbc-43b4b6e8bca8
10361,1536994a-a748-4412-973e-6fc37ca55a9c
10362,5c3eba93-d6ab-4825-ad59-9ede6ffffd04
10363,ac560f76-8b44-4c56-9c3b-5043a9ce074c
10364,33adec53-37a8-4121-9121-a7735fb33ca5
10365,c9a5baa5-5b8a-430f-8e8a-9e19d4b364a9
10366,ff24c33a-6784-4f8a-81ae-40c8bf614717
10367,0d8ac93c-2aae-4cd2-a81b-079aabd96ba2
10368,e6149187-3763-42ac-ba3f-b4e24c22cab3
10369,f7a7adb2-6389-4fbb-a458-79b19f31570b
10370,fff8aaaa-e0de-4694-89ac-e9daebce1b0f
10371,71fd7777-723f-4fd4-a7d7-4f988bdc284d
10372,b9f499b7-7ce5-4a10-9568-4fc5e6da8ec9
10373,89e2915f-ac39-4e6e-9405-85388ba19c7d
10374,10081599-40bb-4586-b636-1a6dcab0f38c
10375,769c0e3e-9164-4b27-ae92-c1acca82700b
10376,eb71c6b5-5ee5-4007-95f4-617539787659
10377,9f86e159-aca1-4b8d-8876-c8b56f02aec9
10378,6643bb10-6f6c-4213-869c-4413def3fa7b
10379,13278292-1181-43a4-be89-bec96a9b68c0
10380,cabb8841-69f0-442d-b32a-4a836a7ba3b5
10381,32465c12-8109-4370-95c8-c2e5111b6c93
10382,15bd2c67-445f-4edd-a22b-0e44bdeccd71
10383,5e890c9d-0534-490c-ae32-720efebb28e3
10384,22996b20-5ff7-4783-9f31-5967ee594421
10385,31433787-a80c-4b92-8efe-4e88705d035f
10386,5339f842-9a7b-41b1-8979-0982b575ee01
10387,45fdca20-4f9f-4c7c-87cb-1e7a3f144472
10388,41cf6c94-5770-4ece-9937-1af35d4a1f6c
10389,8df4d13f-f98d-4e5f-a0b1-2de60bc5ca1c
10390,04b595c3-dfdb-43ab-8966-0f5ea23ea3ad
10391,ec5f38d9-9c42-4ce7-bbbb-ffb993df55a1
10392,6e197098-f573-45b1-bf77-52d0a534bc41
10393,1f35515f-a3c5-4174-8ad6-8ca8353ba0aa
10394,066c999c-3216-43ec-80dc-132913de0fa3
10395,94c31fec-b829-4562-890f-154e3bff2fd8
10396,d1fc0dc1-39a8-44ce-a3f7-f4742f8f2590
10397,0a802a33-cc21-4f5c-a4b6-160e1ef510a6
10398,4e6d191f-cb6e-404e-b86f-91eb83daa961
10399,f577e27e-291b-4deb-81f0-1b7fae0f0778
10400,52d88510-52ca-486f-9509-ce0c8165ae18
10401,fd3c58dd-be78-4173-8a8e-f95e024568af
10402,d28053e2-9035-476a-92ba-f117932c79b1
10403,73ddecfe-1724-4b3b-95db-67ee85d44da0
10404,87dd46c1-8682-48da-8c27-004316b207b4
10405,c6605780-a2d9-444b-bcf0-fda2e22151db
10406,0c4940a7-527e-4069-913e-9b4238421c6c
10407,fd301883-fa13-48a1-8547-8b9d8ea36825
10408,2e34bcb5-5e75-4ebc-ae9e-fb8a349dc086
10409,f8bd8769-548b-46c6-a45e-e17aaac53cf1
10410,611add38-7bd2-472f-bc97-f0cf92b2fc13
10411,835b3ed4-d907-4462-bae1-b852e55df33a
10412,b71887fb-7d44-49a5-a997-45fea47086f3
10413,a27dcd15-9895-4eb5-a63e-d7a98fae6ece
10414,8bc4c938-fbcc-4796-bd36-a5efa559bec0
10415,9c8d3110-bd6f-4735-a341-c14dac4cfced
10416,f624e1ba-489a-4a3e-b085-339c4e22fa3b
10417,16ef30cc-fddf-4b9e-a3eb-23cc96ad7972
10418,e335f9b1-d43e-4abf-be14-c125fc7f41ff
10419,e3e6c245-ec6e-4968-8336-1f8e334f645f
10420,8ebe7f99-26ec-45af-bf1f-efb83ac0beaa
10421,c7066940-699b-498d-9dc6-df877ee42fbb
10422,606b7cf2-5f09-4b61-a8c1-cc7113720d46
10423,08dc11d7-3fce-4961-81c2-3bba41b61b05
10424,ac431aa1-9d67-4483-8e93-f0492f9b0a4b
10425,0349465a-e99b-4246-801f-54b0f23bd9eb
10426,7049c104-1791-4b20-9276-6d00d6eea77f
10427,13debfb9-b5fa-4ec6-a1b9-9597a98d50cb
10428,4f110c8b-2c1f-4852-8d9a-f5ea9dc69d96
10429,2a1a80e5-45c1-4ccc-a3b3-fe6df4ca2084
10430,5755a80d-b0bb-4303-9605-6ffbfcf7ee3f
10431,a7c644ab-b6e7-47b3-b12b-b5e401e88e6b
10432,47b530ab-6651-4e07-93e7-e402e24f6fd7
10433,e64af1ad-4b2f-41b0-bd50-06d668363cd8
10434,8b0dc0d5-c30e-427c-95da-d1b19597bbe1
10435,0b637dc8-75b1-4fc1-8f6b-0a9fe752bd34
10436,95aa972f-bced-43c7-b04d-8a9c5a4fec9a
10437,aafe2134-a3ec-4d9a-a1e2-bf9aa32aa7d6
10438,9d0188d3-15a2-4c32-b7e0-067ad7733c70
10439,e11251e5-c29f-4546-8983-2d7698c0368f
10440,53b34d20-bff7-4473-99df-e7634d1ea4de
10441,8f0ad947-5f98-4e48-b966-c920a74ca419
10442,15d002d0-0745-4937-bda2-956353a49549
10443,134a51f7-51b6-408b-b906-3d5cbcbaf951
10444,9075e859-2b33-4fdb-9bb5-8f24963fe09d
10445,c66bf965-6de6-4ddb-b009-4d4219842c8a
10446,ae57ad70-1007-44b2-842d-6f6988ab945d
10447,b658d45d-5e24-45c9-9a98-4ef9756c46d2
10448,18f669bc-ee69-40b1-9cac-2a92f5109ec5
10449,80ca3445-2d42-4f9f-a56c-69d62841f9b0
10450,b1756f43-a043-475c-a0ca-2e270acb3338
10451,4d1a3f41-bff7-4d0c-9c66-d26daa9c3030
10452,09d3fc7f-c013-4849-91f9-d362d5af1435
10453,a4ea8514-2bbf-4fe3-9182-1d59e0cf5c88
10454,4b75589f-052c-4fc2-9bb7-213ad6dffc3a
10455,3b3d015b-eb98-4e49-8eaf-5fff84640f9e
10456,2f85b481-b078-4918-9fdc-965ff20b5a4e
10457,c2d3e078-a38c-4093-b1cc-f7ad9d05714f
10458,f5b720ed-4b7b-4e88-bb04-254b6fc2f83f
10459,6c536d40-694b-4cce-976b-8845eb6af887
10460,f524cfa8-2a6e-4fac-8a4c-0a5bec0582f6
10461,2140c8be-87c6-4c2a-9f85-25b57f65dcab
10462,736ef763-5521-4349-8ba5-350d69d973fd
10463,51813ee8-44f7-4db3-a203-466a388eec3e
10464,13bbdc07-72f7-4a92-ac53-a084b58669b5
10465,24e240e5-aaa2-4320-9d3e-18e62457c939
10466,2793930c-4e1f-4da7-9cd3-4c9f48727752
10467,82a601de-d041-4a25-8580-0815c84146b2
10468,9701d49c-5f6f-4435-876f-0dcbe3d96f6b
10469,3e54de2d-a77e-4655-80bd-0c68f0ef363c
10470,daea2cb2-5fc3-4762-a26c-cf40b7eb5395
10471,dd26df26-3bc1-43df-ad89-5c1541f7b27b
10472,4659a437-d3c0-4536-bafb-1e3606db0129
10473,c0ed1994-bd17-44cb-9a7b-af48d9cc3e8e
10474,baaf6c20-80b2-4e86-9330-77a82d3c97e2
10475,872eba4d-d7b6-489d-a3bb-d5c7ac44a204
10476,1ae3af5f-12ff-48ba-ad2d-ae5d0d9685b8
10477,a53ab058-866e-49dc-ad80-d6a160543be3
10478,d6c04ae8-0e87-489c-9bd4-f7fc3e571bfa
10479,7680be81-968f-4c13-94c4-b22e02231dc3
10480,d8c3500d-6d57-44e1-aaaa-7b52163c530b
10481,85e679f5-4e18-4b41-891c-447a75f53da1
10482,01dd3538-f190-4728-8167-ddde403a2ec8
10483,63c05b0c-94e4-4711-a695-760292b1dc05
10484,f1d445d1-4b29-47f8-81bf-ed03d05afe1a
10485,62d43910-c12b-48a1-9e71-ea1082c96e41
10486,7d163ad8-379d-4742-be2d-f943751176db
10487,09170c75-cfa1-4403-8a15-cc3052fdcf54
10488,dc9ba777-d28e-4a0b-b548-26bee26a4b58
10489,31a5afc4-baeb-4489-b592-969494186c07
10490,7372c6b1-bef9-4b23-a934-65b8ae7352b6
10491,c7f8907d-a99b-488f-a010-0c89020e7d74
10492,e6b8d417-aae6-48d8-a52d-01fee1fa310d
10493,9ee52f20-7f50-4035-a7ca-a1216cd40812
10494,7d2b0db3-d9b7-4cbd-828b-c6e4dc01fd52
10495,7a191488-7c7a-4d50-9e1e-780db17c2d2b
10496,5853bab9-2b92-4a8d-9ac0-4fea338f205d
10497,0cad74c8-9f40-450a-8286-8a043657c563
10498,d256f964-ad87-4e99-a1b7-4fc90f0b567a
10499,756eeab9-b9f6-4dd7-ad15-ea7a3ddaa005
10500,5b0d1461-bae2-4fed-90bb-6b032233ed4b
10501,1b097b25-4bef-4fbd-86a1-cf51ae439776
10502,a57a2a55-0494-4ff3-8b82-5eaa71818103
10503,61237ac5-c94f-4f8b-881c-397b112a5127
10504,3a0e623e-f961-4e14-a258-318508335e01
10505,0eb91944-8451-4a40-b0c8-25bab5ae103c
10506,0b5a7659-b515-4651-809d-04f87cc1f124
10507,361ede06-1cf3-4a61-9a50-0343883a0c2d
10508,2225b8fc-1b06-440b-87c5-5afe6dbcba97
10509,06f34f50-4b93-4d0c-b4d1-4979ca8efb4e
10510,879a8c86-9a16-40c9-971c-2993012e323e
10511,f7955bf1-ff1e-4c6a-b62c-8a9523858512
10512,94347763-3e31-4c77-8de9-01b64bbae34c
10513,98267098-be50-47e2-a431-f3fa11350b6d
10514,5d42237c-d1e3-4737-bd35-070cfedc589b
10515,dedb9226-8c60-4f87-8029-b8a40196d358
10516,3b6cfd40-7feb-48e2-a261-75b64fa1cd4c
10517,01421df2-20e2-42eb-a782-e5d0f595c384
10518,804eb3ba-aafe-44bf-a705-37c5c462cb16
10519,b080e1f9-7f73-4f2f-817c-2eab0648c800
10520,eababc43-0071-4a35-86ae-21358e873c21
10521,98a0627a-18d6-49fa-9d1b-68d85b6fafae
10522,0e317c4d-3c51-4b3d-a615-ece7c674644d
10523,53ed5028-cf38-4ece-92b7-a754bf08382d
10524,9317da4a-e3b0-4d3c-a834-e51102555533
10525,2b5c5d90-fe9e-491a-9ba5-6db60d0522e1
10526,31bc6f64-0b69-4b10-bc98-316ec2ee1bd6
10527,2d799abb-fab1-44b5-9e38-2cd704d2a287
10528,93e4f2e6-8bf0-4355-8e6e-961efba4792c
10529,08837361-cbe7-4aa3-8d7d-c08ae16d7add
10530,8a71ab1c-0013-4037-9f45-a7ef70740252
10531,502a210a-634e-442b-8603-c936f0ea6a0f
10532,e733a89c-48fa-4d04-a1b8-7fe8157383d8
10533,eca1841c-6085-4179-87a3-4669f5629265
10534,c7f569e3-9672-40e2-9f84-4bc32c947c72
10535,1e1e1f6b-c403-4b3a-8841-32aafe7564fd
10536,a1356cef-f843-4b4a-95af-dad9f367a0d7
10537,10ae9624-11a0-40fb-b554-434c91844876
10538,b58fc711-1b6b-45d7-a38c-c6cf83380ffb
10539,bccad4b6-cbfe-4e41-ad68-65e839d27ce7
10540,9efa256a-d4ab-4e12-ab4b-e18eec43866f
10541,677d497f-8e4c-492c-b168-bea017bb0a38
10542,97df8fda-9df7-4d02-bdde-7d7fb20687b3
10543,911e7097-95fe-4725-aeac-3119f37a4ecf
10544,69477cd9-df43-4815-aa10-b56324d00f6a
10545,fe4b7906-556f-4d12-a784-a66328a32708
10546,86aa5554-975d-45bf-80d2-3e0eb991d51a
10547,c724f223-53d9-4f29-a25f-54767629a661
10548,d6601d77-ec93-4467-b156-42e0ed764c04
10549,30a6d1dc-a43b-4397-97cf-71aa185c75f8
10550,f205c4bc-4f1a-4531-9f8b-2643b9b374f2
10551,997b2b61-3a54-48b1-bfc5-9ed89cdc273b
10552,c12f0ddc-449c-4b87-af5d-7bc79040cf0e
10553,5eed26bf-6d4d-486e-9c6d-93bbc433f56c
10554,841d3044-96e1-4ee9-b67b-dcaeb80b73ca
10555,834dba55-5665-425a-806c-6511e7152003
10556,0419362a-a87f-4a9d-a56c-67ad8141d163
10557,607f3eff-fbdd-45bb-9021-843647a6a945
10558,86439036-c9b4-46fb-8aef-bf92665a6477
10559,06252780-dfaa-4e63-ba76-400d694889ac
10560,48267a7d-9515-4b16-9542-5de93c13416c
10561,481755b0-3b38-4fea-872a-a517ec4be063
10562,a6d284ed-5f26-4830-977c-e1599addda09
10563,ea3eabd6-cd63-4319-8c4c-5addd2da9a7a
10564,62b9c1d2-ad96-4fdf-a701-876e586cf05f
10565,fdb4551f-451e-494b-882d-c544e0bbce36
10566,c72d6d8d-ae57-4794-ade4-2cf1bc579ff0
10567,a5723c3f-b66c-47d7-b222-512e2239b94d
10568,dcd29077-8451-4e98-8fd8-1cdb93ec14fa
10569,d2c4d757-ecf1-4860-9bf3-f14e4f4a97cd
10570,795c43a0-76d1-4a81-ba62-ba457296689e
10571,b61e3d77-7fa9-444c-9656-1cc10d42b623
10572,ed18d39f-cdde-4dfa-ad1c-483d8205200e
10573,9ea2b1fe-3537-4c3b-bce2-21c270ecdc92
10574,0ad499cd-0328-4e20-9f67-ce13c4f5da42
10575,b8c562fc-ad5d-45b8-9585-e27b20235d19
10576,2c695362-7c4a-41f3-9bd4-b6f181070f98
10577,96477fba-d14d-43db-bc20-aa35452675b0
10578,5674e9aa-e162-41dc-a042-460d2b5da728
10579,cc4b6d5f-b96c-4c8c-8c97-ffae3b7f4fc7
10580,4fcebf2c-084a-4e39-b19d-86832aad6150
10581,7884f3ef-b6b6-457a-849d-30a20bbb4575
10582,2f60fde0-bfde-4334-b552-f196d0549b5d
10583,7d86c296-77b2-4825-8e2c-d3c10fd3b744
10584,e36ee605-d2d2-4a75-9187-21ee21378203
10585,be17a5cd-949e-4c19-a5cd-72932fe8ee88
10586,2f371734-0eea-4671-b1b2-3741d38b6c43
10587,00d87b43-1565-48ea-ba1e-fccc04fec14b
10588,3dbc3a59-9c07-4257-89df-d399c468a0ee
10589,1e0b286d-97ca-4fd9-a628-be6c817f5d79
10590,d3f15cf5-b2a6-4b8d-b0d0-f11cfffe206a
10591,c07145e7-ea1e-402b-9e44-89e9a00cd6a3
10592,8ab5ff7c-9d8b-4bd6-b4cc-d9c591b70c4d
10593,245eef1d-b293-4145-a5d5-addc0a8643af
10594,cebef7ee-91f3-4eeb-87b8-63d326664f4c
10595,b09cd176-d861-4321-9033-7ed415608d5a
10596,879bb5c3-3908-482b-a0cb-43b093a55003
10597,8e395ddf-c428-4a06-b714-46346975bddc
10598,9bbd7c21-c972-4084-9912-6f78ff8520c6
10599,cd73fb88-e4f9-4102-a1e9-944a77ae8240
10600,36568f93-ca33-4da0-aea9-6f6ce0d65c75
10601,615c20d0-e70b-4365-a247-f05b15eda90e
10602,b71d11a5-9850-4f80-bbb9-661eb5f83991
10603,502ab1d4-e49c-49f3-85fb-6e022d221640
10604,48e9711b-0fb6-482a-814c-f7f71ff88a0a
10605,fa0100c7-fe77-4657-8c1d-021f73ad87a8
10606,1dd1c501-c2c7-4491-aec5-32a777d3fe95
10607,8d806f6c-2882-4e6c-a57a-8cc5a5715aac
10608,41b0689f-2318-42c5-a048-6f9bdd657ad7
10609,848d333e-55bd-417c-bdfb-d81320678581
10610,8e029878-4f8f-4064-8437-dfc6dcf17c5d
10611,aaf6eba0-df3f-4fea-8526-2bd81ff2074e
10612,df378773-311d-40ff-a264-333b1dc9b505
10613,eaad32c0-dc11-4077-a85e-082771dc9d90
10614,5175333e-0bde-4f6e-9e55-d793e7381c39
10615,6a9b4b3b-618a-4462-a7fa-2c1a90e28525
10616,3c283f24-4a79-4ba9-bfd1-f8b50967213a
10617,445c0ff2-de3b-4426-b4cb-914321c80e28
10618,fe7190e1-5a6b-40f8-a0dc-c15278b3896e
10619,9d37a80e-f4c6-4a8e-b7a8-99728cae9d3e
10620,7d797e43-c68a-48b3-9685-f0dc5d15f260
10621,94796e60-3c3f-4bca-b76d-3b0c9ff11a1a
10622,1603ebe3-5806-4b96-93a9-74b96139ac47
10623,f1b06dbf-6bf4-49ae-b106-8d1cca856739
10624,b56a9bb2-3292-4ff0-9d55-142600d8306b
10625,45f17e42-ee24-4a1d-aee9-f8de244523f3
10626,4493b91a-a4e2-4aa6-88af-04b0af62a784
10627,7fd01bfc-6476-4ad5-add2-0cd5e804b8ff
10628,425e60a1-a56a-408b-ad94-2194e8c5130d
10629,8517756f-7f58-40aa-846e-7da8ca8f08f7
10630,e53cf1c9-b642-4d68-bf78-5398424fdd01
10631,dd69c4ad-3df2-4505-8b49-5d0718d213cb
10632,246d5789-8a44-4e95-a956-ac4ff43784a6
10633,1a2b5027-7bc3-4f3b-b241-b733781fb1a9
10634,e563d081-eb0d-4a05-9bed-7b275bcfb868
10635,1d9a1f41-23e5-4906-ae61-59026fe836d0
10636,0fa96c00-f932-4fd8-9872-7df944671aef
10637,218d32ee-88b7-4dee-bb70-b0aaa7aceeef
10638,cc806f7c-3775-4be2-b30c-dc4a1455f318
10639,2c1a88c1-2679-497a-8f51-63f719cad5e4
10640,17f0ce0b-d018-4013-9187-d3adc355c281
10641,167bba17-9da0-409f-abbf-5c24ce589cda
10642,c52dff17-6df1-418e-8d0e-11daace52c6e
10643,90b586c7-082e-4a0d-85d8-749173073ee8
10644,b5b9849d-cacc-4c94-8bf6-222d4bbafa1f
10645,2d4b5216-d312-4b4b-92be-e337458e0cf4
10646,7751c126-64a9-474b-9557-b6c24d30c891
10647,b0d18ac8-b992-4d8f-90e8-0220ac591b88
10648,3b8a901b-7cb8-4fc1-8431-2f8b79b0f50c
10649,5ebb6115-6cf3-42b0-99c8-e7d3624efd02
10650,9c53b040-2a8d-4d56-99a5-7eb25e3b3716
10651,511092fc-3a06-42e0-aad2-cfde716bf9a8
10652,69e13d09-4c3e-4569-aa5e-56da6e44c56e
10653,ca6ac1fa-ccfc-4923-a6a5-5fedaa67cfb0
10654,7415a313-f657-490b-b615-13d97ebb605f
10655,ce22925d-c769-47fd-99bd-8a04a752d7eb
10656,c304a8a5-4966-4922-995f-0f79dc891ea4
10657,7d18b3b0-291d-4c15-b125-d79929a44601
10658,0068d447-1583-46eb-8849-be8daac8734a
10659,de16ff2b-ece4-4d54-8212-ca3860d5b690
10660,72ce5f76-4893-46ee-9357-0376055f897d
10661,ae7f28db-136c-4dc4-97be-4e1d2797972d
10662,7a76861e-ced9-4227-83ae-89faa40e5534
10663,d5ada8f2-18ab-43c7-847d-3021e74054fa
10664,ab4a27b2-e71a-4fbf-8cf4-04f84e230acc
10665,f067d2d0-059c-4eee-aae7-756baa0fce4b
10666,05feec3e-5734-4e6d-bb56-d7d1f9613cc6
10667,9b1c653e-a9db-462c-b83e-58da74698eda
10668,1a0a77ba-b5fa-421d-aa3f-ec8d73c37c53
10669,c4926d1d-7dba-4489-8a9d-0674c45f1223
10670,b048a0d2-be24-4743-904e-33a3f946a471
10671,04f86303-78ba-43da-8aac-38cab2677104
10672,57eb69d4-2fa3-4e69-8ef2-ff842e46fb7a
10673,e0100d95-c42f-4a62-b783-0a4cd2476bc6
10674,4a903e81-1c56-41f6-934b-ce4dd82165ab
10675,86d8be6f-228e-407c-a77c-bff211a0b527
10676,32dd361d-8c17-48dd-8f62-d9b55a68b5b4
10677,8e1058af-74e8-4eee-b267-9eb5881f892c
10678,2ca9cd90-6a8a-4f86-877d-1e4c328e8437
10679,f5f59c44-389a-448f-8112-1efda4aeb7be
10680,93ef4a01-bf41-4ea5-956f-beab1f7476df
10681,5e4c010f-4fab-43e5-a46a-17be445311fa
10682,d7333b2d-ecaf-4a6b-be3b-9708090bc188
10683,5229ed79-f639-42bd-bc7c-6b6f2bef62f4
10684,1ea27bc4-6a18-46ba-8408-3037f008f4b7
10685,72c07e4d-33bd-4b67-ab67-6fe4fec34dc9
10686,e4c4e5d7-3608-4a28-9be9-ef2df49689be
10687,d6138692-f377-437f-9c2f-9d2d3754f9bf
10688,24fae8a2-0666-44f9-a837-04e497049155
10689,bc329c0e-12c7-4cc9-b3d8-6895cdf01471
10690,d5f96a3e-38f7-4912-b95e-84abf038f1e2
10691,5022ba71-b06c-4f34-8e70-912c976bf4cb
10692,2349a816-85cb-474e-826e-ebd2437e91ae
10693,7cdf08d0-3244-4dcf-b627-b1f325413da4
10694,a7fbbcd0-1c70-4a98-abf4-4f33bb238b3d
10695,7a31eeb4-e06a-4a7f-b8a7-e9522e231bcc
10696,a6d99acf-4ac9-4486-a1f0-e8bbe5e743f7
10697,cb28f895-9651-43fd-9d72-0d7a3286d188
10698,64857466-ddb5-4c11-a486-0a3f1ab44f06
10699,65c3b38a-a90e-4d25-9d32-2fc3c390c325
10700,9597c710-4555-4907-bd09-9d38e3b05661
10701,6c725d32-e875-490c-875d-cb89a6bfd627
10702,c354130f-84f0-484c-9b5c-d4a6cfd8ad7e
10703,2add8095-08dd-4dce-8a08-270846ac0581
10704,6e86d8aa-8e96-46f6-bf6e-863cfc11b580
10705,888117ef-51da-45ed-97bd-b0891c043ca2
10706,f64ed819-2124-430b-8294-e99c9f584781
10707,979a7700-07e3-4525-8f23-3da2990ce457
10708,ba7e405f-038f-4f79-9b0b-dff01b1ed2b6
10709,2e76071d-5c88-4136-8f5b-7186a22f4dd3
10710,3b8a391a-54ea-4beb-999e-4336dd5178ac
10711,b12866a2-0730-4dcf-9611-7c7cfd8388e3
10712,2480acf7-48d2-49e0-a651-0c9645fd0ec1
10713,54801ed7-10a6-48da-9427-511ac6b72484
10714,fd457741-3c28-483d-bee7-ac294d7eb522
10715,bdac46e1-1e40-4c54-9bbc-6d4c3127f14c
10716,85801e72-72e8-4200-aa6d-146745488d35
10717,3b170451-d3cf-4f11-bce6-80a6a8364887
10718,3360dcca-d1d5-4314-b435-6187707cfd32
10719,c5d17b0c-4fd8-4adc-8f4a-22d1c8cc8091
10720,39b849a7-fa32-4478-8638-2d53f43f2151
10721,e6915f85-c5fe-4997-a846-61a70247254d
10722,c802504f-6598-4dac-a3cf-07f100d0d1f6
10723,70bee726-67a2-4c46-b171-77b17706a601
10724,b0b6bab7-e422-4d0f-895f-bbee2d6fd690
10725,1945495a-d489-4f3e-bcc9-111f8ddb6924
10726,38358c29-43c2-4c8a-9ab2-5d052caebeec
10727,95270a15-e3d5-4362-a907-8a536171417f
10728,3d2e5499-b3cb-45cc-96cc-739aec95babd
10729,05c4102c-703f-41ad-9c8f-72671cc4cb4e
10730,a7279774-564b-4741-94be-a0e3cbfaca98
10731,2f897b8e-7b06-43eb-9e42-9b2217bce1b4
10732,ac307520-a31d-4a78-9a05-6e1cddbebffc
10733,e4d0561c-993d-462c-887b-16a931810f05
10734,7f09d799-cbdd-482b-95c2-33b621bd3298
10735,8fe30813-7e4e-4aad-8e9d-202307bdb0ef
10736,7bb0bb49-aaff-490e-bc88-475a0044d70e
10737,dbd77a56-656b-4bf1-8ec6-5872e91d2828
10738,eff6130e-84f4-4c21-92ee-dd5248b06c26
10739,168bdb0f-cb84-4ca1-8ca8-f4c0bfc8ff37
10740,fc825d0f-7ca8-45b1-bac6-7732db968fdd
10741,565624c8-fdd3-4002-817b-09429f7969df
10742,9b4f9d07-5011-4ec6-8de2-7b3320119e20
10743,f0b69411-b24f-4524-88da-0c960e9a34a5
10744,5f8245b6-43a8-480a-b506-85382de8c40b
10745,bc4e5bd7-3609-4f19-a985-0907a1d9216c
10746,24143302-67a9-4e20-8fde-7cd8558bea10
10747,48c6444b-4102-452d-be34-f2ab8832f4e7
10748,ab71bf1f-2367-47c4-a645-52da6ab396c0
10749,c4b34deb-87c8-4027-9b67-4146648e59be
10750,84d5d85b-0cec-4599-9ea3-62984e467b0a
10751,305c615b-978e-4785-a3f5-4fa78928e621
10752,72c34b75-ce68-44e9-8002-6182d481af2e
10753,3c795b0f-cae9-4cf5-aa21-757871d4f89a
10754,b76aa887-a3f6-4c5c-aa80-82f773b8df3c
10755,e7fd60bf-465a-4fba-b1be-6ea3729e4682
10756,f91bfb98-5843-4107-97d7-1b1400ca7bce
10757,d927cbbf-5223-45f4-a124-0b5053d58814
10758,bc670d93-1cfd-4411-88a9-8f23487344a0
10759,719ea169-7096-48e1-9cb9-44a45039dbe5
10760,f5ce5b22-c874-4398-a441-b2a28fb29af5
10761,5bfe958a-b516-4fa1-a37b-0e882c95e715
10762,e78d6ee8-ff04-4cb3-b765-53a3db4c17b5
10763,df3d3713-11bf-4e00-8770-0d3a6c1140a6
10764,720338f6-e255-4715-b071-544a4a7dd70b
10765,98e65a9a-0b3d-458c-9742-8be11295fcfe
10766,2103c4e2-8d67-458b-8f42-2e2972494983
10767,16ef3958-0d7d-4ff8-85df-12f736bbc7c2
10768,73096f51-dfdc-4e56-a418-43a508ac306c
10769,c8757109-9c49-4db8-8a4f-106c6299ff5a
10770,fe845566-43a7-4dfa-b236-b0769829ad42
10771,cdf352be-7e3e-4c57-bd55-07f28fca0ec6
10772,aa847a8b-5f70-4e30-b2a0-4e3adc246f91
10773,2f7555fa-d034-4e80-bde8-3e5181abd94b
10774,006a5a98-ff5d-40b0-9f4f-e9cd2c83e6fb
10775,41c9f5b9-fc5f-42be-83ab-224e79cd637f
10776,6a321214-8825-4383-9115-ec25fdd8932c
10777,ea16a610-a228-4a18-a222-0597dbfe3012
10778,a7d82805-71e9-451a-b176-dcd64cf07d78
10779,054b1dd5-d895-4ad0-ba69-bce4628e7837
10780,24990b0e-22bb-4f40-b211-612e4db61d22
10781,d8beb57c-e180-4d9c-a762-4a9cb16ec806
10782,58bd8bc2-4b3f-49a2-8bd7-a78d155110f3
10783,9f90b259-c261-4fad-aa7a-c195ae59c9ae
10784,09c56a3a-b91b-4c40-9fb2-f03e3b245135
10785,a017a5d4-0cb3-4476-9260-4e6da6c516d2
10786,330b0c58-0827-4fe1-9f8a-4e74491a28e5
10787,8dad008c-789b-4fba-8b2f-52486410b3ef
10788,a441eed4-b6fc-405e-b503-6e148ac74e1c
10789,1adaa616-e9ce-43e4-bd5b-8b2c4cd82ddd
10790,d9ab5525-102b-4c13-8a7e-eadae0e3ce94
10791,616ff3ec-7dea-4ebc-b141-b0a9f35cf111
10792,5d839054-ca34-4ff6-8dc0-c5e1d90b919c
10793,8efd3bff-2931-47bc-8396-c4e7a1ad0951
10794,0240a52f-3c60-4f98-8965-de71dc8c0e95
10795,24f9d354-e017-4fcb-999c-8d1c7d5182a7
10796,e83f9dc4-7be4-4d11-9327-6e1cdff0822b
10797,dead554d-33d9-4fc2-8ff2-71c15355d112
10798,9fc7bd96-abd2-488d-ac2a-fbc18aaa1d9e
10799,c3bb0fee-5027-4dc6-9560-f1eaa81c44be
10800,7d230a51-c5f9-49c8-ad93-7e1e4b3a2cda
10801,9b2d8bd3-6c74-434e-8436-da1b3842df57
10802,bee970c2-6b3e-4cfa-a9db-95d770e0e725
10803,7e005443-1daf-494f-804b-42f8a0d2d5a5
10804,fa3a9268-edfc-401f-8299-f8915d1c67a7
10805,1bae9752-fa47-49de-bf07-8f8dcebabbd8
10806,3ebb3f24-e424-4cba-86c1-106ca80be882
10807,496423ca-1bef-4c28-a28f-9d37bde243e8
10808,e713096a-7d2c-44d8-ad73-3ca283f86bb4
10809,06b776df-6cac-4a16-9946-c1917fa1c1bb
10810,62cd9b5c-402f-4ef0-90d6-f88ff2b3acb0
10811,2faf866b-0cde-45c2-871b-5e03adfcc728
10812,20090e42-dbe4-417f-91ee-04b125ce2c4e
10813,8a5b9428-a058-4eb3-8f96-653894dd671f
10814,831c6273-6554-4e15-a08b-8d445ce29307
10815,3abf0fe1-755b-4164-a7f0-926d90fc4f1f
10816,f7bb50af-b5bd-4fa0-b151-fa2773aece55
10817,c933f470-6216-44b9-ba42-d57b20b01d4d
10818,c6aaa916-a720-4fcd-bcda-e5376b5a1044
10819,b4b21b81-d540-4d7c-8bc9-8f3c2cad1140
10820,b93a6fae-62ce-432d-9d65-3dccc3252df5
10821,0fc01ee6-f026-4673-ad08-8792058d12ef
10822,ac0034f5-5db8-4df7-9d0c-b55def3e63c2
10823,94519630-9b50-48b0-8279-c61dca2ddccb
10824,b59427bb-c854-41ce-b5a9-cb1741ca937c
10825,f8c8b3e1-3fc5-4134-a93d-d6e993fb1cba
10826,7f4e43ae-35e9-4a96-8c70-286bdbb5b3f6
10827,9e84e7b3-7c44-4216-881e-708f68f3bf3b
10828,ae7ca742-3f65-41e3-bdf5-8e67490ae497
10829,368580f2-f923-46d4-827f-58594c33fe6d
10830,16e75fbe-df1d-451f-98eb-ab266c34246c
10831,534ca0c4-e748-4680-8798-da939fccb322
10832,f4309e97-f5b8-4e67-8d12-d49da800ef3e
10833,ded716c7-a003-4340-a721-ff67e71bfe6c
10834,1f4f4296-74ff-484c-9274-1d1cc78f0ec6
10835,605b5df6-3818-46c9-8252-f84d3cf4bfe8
10836,b1ed6d6e-6ade-4c7a-8328-b7897ebb304c
10837,30870a9d-8b13-426a-9087-e46ed0d0f7e4
10838,e06c268b-613f-4215-bb23-02ad26b7bb7c
10839,198efd5b-adae-43d1-b434-5ea972aca089
10840,1864ee48-bc44-4f9b-b247-7ed77b548aac
10841,7e1a32b8-ed0a-4357-bb43-3c07818b6613
10842,90e57268-1d16-4057-8c06-b31faa0e0eae
10843,8acd3375-1a43-42bb-9b1d-f15235d0e102
10844,708c24dd-6da8-489d-b6ca-d59147a302f2
10845,dcb97b1b-be23-4af9-b8ba-e888c33c0abb
10846,2fdaa8a3-87d5-4e18-88c1-5be37f8be0a9
10847,3ea4f762-d99d-4b76-813e-b13e0819b0ba
10848,9639e3e0-8564-4fc8-a5b1-69e7794ecda7
10849,73d005ba-b298-4c9b-830e-44b56e00fd07
10850,1fa4d86f-4a90-4c32-88c9-0adcf8decea2
10851,324937a5-cd09-4dce-acb8-d8e0a2e255a5
10852,dd6b0ce1-4321-4853-a135-9cee4179b42a
10853,557d3e68-f630-420d-85cb-418482d0cdfd
10854,0c55b211-f456-4f53-a6e6-b96c5d6a0b95
10855,86645cea-a9c3-4a1b-b043-dfcbc88a02a9
10856,86f28288-6aa3-488c-8ba2-ed188e108a24
10857,b1acdbd5-d2de-4ebe-9631-1cad71519675
10858,093106e1-f60d-43b4-97c0-c6a4eece6f18
10859,b4274464-7570-4cee-9032-73e95c26efae
10860,4584cb23-f798-4fdc-81ef-ae06ed14aad0
10861,a3af2d52-dd30-4b09-84e4-32db3ceded9f
10862,f9b271df-3d20-461f-894a-2240d551b116
10863,74500f2d-d62c-49ae-82a8-dfce034b777d
10864,e3a1b7ed-47ff-4df1-be37-7e9d72c3f0c2
10865,af768a9f-d3e3-4268-a4cf-48ee34e2db42
10866,56fa02d2-e974-45f9-be3c-4c86c08c4e89
10867,cbed3b18-2a97-43cb-b772-493b36ac9e8d
10868,30381f17-4b14-4b79-9ac6-f2a93622776b
10869,bca18da8-16c9-4dde-9a39-ed6dbb3094cd
10870,1afcac59-0d41-4e52-b044-f094cb96cbd3
10871,b8eac975-e6e6-48c5-9ea2-b8281ec1103c
10872,6e1d9e68-f000-41d7-a229-1e8a98332ec3
10873,5bd323fb-64a0-4c71-80b2-cc1d1528ffaa
10874,dcb5f189-deac-467c-a65c-e636c0edc785
10875,0439e7f7-b623-4e99-adfe-074767c8e7fb
10876,fb31eaeb-ec2a-4f68-bd9b-7f869452f55e
10877,587e528f-d163-4186-9f56-6f178dd0a398
10878,0e03d912-9dd9-4f9f-be7c-73b56bccbbd6
10879,5222b2c7-5a73-40d6-98bf-f46d64c599cc
10880,6fc80819-a071-4b41-a84c-7f7f852e8387
10881,0bbaca94-6dfe-485a-8f73-da1653776046
10882,aec3c242-8e33-41e5-b7cf-2563a46d0ad5
10883,4ca01281-a907-414c-9608-73148d67bfbe
10884,723b49a0-968b-43c4-bca8-06b09982af52
10885,66b9cefa-8721-49d2-a1fb-d17f68d26d12
10886,a208a64c-564e-4f34-bc67-ee269e142d7c
10887,7716a06c-d8c4-40b8-ab27-d1a2cb5653ce
10888,96a04fd5-4cd0-49f1-8ebb-86d6fc149617
10889,ba8cbfee-f2ef-4a9d-b9f6-dc4b3ce6f7e2
10890,11ddfed5-fbdd-41cd-85d7-98fe0f1fb944
10891,cc3c0adb-2257-4643-b2a0-2b6c1f374d48
10892,a193b2c3-4393-428b-a372-169fa4577239
10893,04845922-5331-4708-ab81-633d808d6cb8
10894,0cddf71a-e618-41a3-bf5c-c02aa54b7332
10895,0afac047-724b-486d-bf52-b40cc9947e19
10896,e817de85-9fff-4a18-8f3c-6e8405f0aaee
10897,f1d63610-1f49-4090-91b1-c0289aca8ed6
10898,260a7a99-986b-43b1-8aa7-223980bfb9db
10899,bf90e88d-4bcd-4d8e-b41b-93ec5c68d5c5
10900,e1901f8e-005e-4b75-9500-09a57c716973
10901,1e80490d-8bfa-4eff-8ea6-cf3d70a4ab6b
10902,59402cb0-1713-40a8-b086-91c78ddeef7b
10903,a947a9dd-81ef-48eb-ace6-8d01a2795e86
10904,da46072b-487f-4b0e-87c5-ed64fd6caab8
10905,c356bbdf-54fe-4bb1-8ade-a7d043e8476c
10906,5655b7ba-6e44-4915-b773-9c5bcf224c51
10907,3b1e3dd5-4d99-4885-9a1a-1ed7b991b161
10908,1dd7f57f-8a6b-45dc-a949-ace8721b6b02
10909,c27b4a5e-fd9b-48d7-b6f9-1a564818d43c
10910,ec7d981b-3d30-4f57-b5b3-5cba0e4c09d2
10911,01e27536-b41a-4d53-917d-c919491736ed
10912,b0db2bb7-efe1-4953-8c67-1847dc23b6a8
10913,6a19702a-7296-4625-815e-f77a6a153387
10914,4c03a590-6b60-4bb5-8abf-0608f6ff9885
10915,12550523-5d51-407b-b7f6-897c7ac95977
10916,8786112a-e18e-4ae0-822d-9eda25b3a75c
10917,857dbc7b-be83-4a2c-a2f5-9bf0df52e7a0
10918,79b56ecb-8ae3-427c-bf22-828cf321b347
10919,86d97856-ec43-488b-89ca-d337297532bf
10920,ca397dcf-91dd-4d6d-8872-193aaf7444bf
10921,129f4395-6c95-4b03-bdd9-222d63512d04
10922,e1d4f53d-16fd-41bc-a130-4cd13e24ff09
10923,532960e2-9c3d-4331-ae59-74a399cec4cc
10924,1a80fa59-b9b2-4ebc-8b5a-34c7aef83c83
10925,4848080f-f6f7-4346-a6c2-bfb544655414
10926,c618ddd7-fa45-45c5-afe9-d5ec75bae22a
10927,2a7502df-13c0-453e-a6ad-a207714151a7
10928,9325b2e8-f8da-4c42-982c-bd680cdfdaf3
10929,9113b818-44e0-473d-8206-75b29a2283c9
10930,ce65e6b7-7dbb-42ad-a55b-cae5b83c7388
10931,40ee065e-933d-4a8c-aba2-da08cc639366
10932,056acce4-65a7-46de-a307-43e047bc8593
10933,78e009e8-368d-4211-b467-5c757906755d
10934,24f1ac05-4bb0-4f19-9069-c7367c413060
10935,52f2f03f-2106-422e-ae56-3fd8ba2b3dbe
10936,a2e0a051-64c5-42be-a16d-f6589d74b876
10937,ebc7beca-dae2-446d-b59d-bd8c66f63dec
10938,7211f4ec-7f4c-468a-a42f-61c50c23af7e
10939,7fff0751-4995-4d31-b43c-2e768fb2e084
10940,cfcc021c-b938-4a6c-85af-0b1c9ad621e7
10941,2aeb3d76-d527-411d-860d-45ead4956e4b
10942,a612f7ec-6d57-424e-bcc4-403d0afcb17c
10943,70aa7d20-418a-41aa-95a6-b5d0d953b7a7
10944,31f2cb1b-59e9-41c0-906f-fdbff4be4f8f
10945,e3f756f6-4ba2-484a-87f4-f8ebad313921
10946,c8a2b27a-d7c1-431b-820a-9327b9e0e2fe
10947,5eff35f4-8dbc-4c6a-b58b-f646bfb343ce
10948,53149c37-091a-40f4-8a71-eaf36f41c0b7
10949,f867240b-cd3d-4e66-af05-adfd6e09629d
10950,1318fa64-d823-495f-9429-cfafbb52e83b
10951,2fb04581-4b00-4bbf-aa60-1ccc6e52f639
10952,6388616b-e02f-46f6-9088-4c4a78e89ac7
10953,4e73d352-a415-47a9-93c9-043d60badb1d
10954,566184ae-3804-4322-a5a2-e8fb3c6b30ea
10955,09608711-e0ee-4c42-883e-ae9b922459b1
10956,f1cd203c-21a5-4986-987f-56fbb24bf150
10957,dbea84e1-fa9b-47d3-99f9-b06843cc08f7
10958,91130b68-b760-4ef1-b15a-c9943dfa465d
10959,5b1a80a3-73d7-4b0f-8adc-c0315f8f04f1
10960,e2a8dbc1-ff25-45c6-867a-4348fd6f902b
10961,e73fb31a-df26-4909-b6e6-d10ef2d2b69b
10962,0349e060-d5d0-497c-a9b3-ee192b304346
10963,2f5fd5f0-809b-4ac5-a2cf-7d4f1ddfaa46
10964,8e9ec934-ea9c-4289-95fc-6bda8acd8dff
10965,a26ed44b-9e91-481a-b16e-0bcc92202e2c
10966,7cddebaf-d838-4e32-9e87-41aad6054383
10967,59489e1d-a900-43b9-beff-9b6aeb343c38
10968,57d45433-a51c-42e1-8be7-f3629788b22c
10969,58883174-7132-4b29-9450-1da4333300f7
10970,db6e1f47-d17b-4a6b-9f1b-4b051642622e
10971,517c0cfb-3440-4d57-b512-c092db385d29
10972,680d5334-3a53-4493-975c-29934a6e6afc
10973,45a10a28-ddd4-47fd-a224-7f50d0624809
10974,f81360da-1aea-4145-9ffd-5b422244681c
10975,8f448d43-3e35-40eb-8230-2332168d1834
10976,2621d66f-b8e5-4f2c-87ff-441755bc3f9c
10977,b661f6b3-f74b-4adc-b275-31f11b9cc80e
10978,dda1c66c-c1f9-4f41-aabe-8e475141c60b
10979,7f4b157f-f2b5-4bd7-9ebc-20f3bcae261a
10980,1efed002-702c-4c51-9966-2b4f17e3fa5b
10981,490547d6-5c02-4039-a107-a4d2c05403d0
10982,d659d76a-a9b8-443e-9038-e2cce12a8b34
10983,d9eebe2c-a07b-4152-bf29-27c28ddb487c
10984,760ce5bf-ff1a-4113-9bbd-7ccd7097006b
10985,6c66e591-2295-48b6-a6a4-35b7c392a14b
10986,92dba884-cdac-4f9a-849c-d84f50ea9448
10987,7af43e15-715f-43c2-a6b7-1a8ce2e793da
10988,b0ee7c20-4271-4e52-8d9a-8e12dd7e4b18
10989,da703e95-ae15-4ebb-bcf2-578cb09aa596
10990,9d129ed7-cdae-45d6-a2d4-88d8189bee1f
10991,1328cbc5-3864-4faf-8555-7a188e99e615
10992,cda9197d-a02e-4bd5-abe3-2c61fcda946f
10993,11994f39-53b1-40c5-9fab-564de291cba0
10994,72e276e5-a4d6-4f42-bcc4-0adf8f832d03
10995,4ab39055-dd21-4f8b-8f83-fca35104e489
10996,64c75c56-3701-41cf-8be8-eb5902f23daf
10997,0e625bbd-45ec-461c-8e60-9de0a411b7e3
10998,61fa6775-a560-417e-899a-c458d6b927ab
10999,d78414c9-3b3a-47a5-bdc8-387a569c9cdb
11000,638e02db-32f0-442a-8b5c-c8dc74a1e64e
11001,72135a46-6b5c-4430-b8d3-cbfc9da37a26
11002,91f0bc9e-b3d4-479b-8178-3395049693cf
11003,4c7adcfb-6f6c-4ce2-bba8-9e95761440b3
11004,c6f2d541-556a-423e-a6e4-c77df47d93e7
11005,b155ce37-d61b-4c62-9945-0054a2edaa96
11006,53d4db1c-f109-4a87-aba6-ea4a4eecdc9c
11007,fe3f72e6-8a33-455e-a4f7-9e4b7fc1d54d
11008,f78c6ca0-0740-4ac5-89fc-23b955a1e9de
11009,1cf1abb2-877d-4ee8-8dc3-efaa7d956f50
11010,f5d1c291-83b5-4c5d-aa9b-ed7212d05aee
11011,c3d79e95-f55a-4809-9f58-428833018f52
11012,1f7861e3-d267-466d-89bc-443d87fb425e
11013,24d9fc58-e214-4b22-ade0-359b4da01b03
11014,48083b03-ea26-442b-b3d6-c77602a1abbd
11015,ab1fda4a-4163-4e52-8649-e05f4a025e21
11016,de00eddd-489b-4ff7-9d87-246133f7d285
11017,d732a968-f64f-4dc8-999f-fd74a3d2c828
11018,656b7245-b92c-449b-882e-84dbafa7e24f
11019,cb5ab219-cebb-4633-96b0-f8b800eb75e4
11020,aab9a406-a779-43f6-bab5-4c9eae274a24
11021,7d50ff87-5da9-4586-99b8-65571f0d9d21
11022,60bb4703-66e6-469c-b8f8-e26a7a680181
11023,819158ca-c57f-45c2-b4ae-d76ecd340923
11024,97fe876b-2644-4736-ae81-b243143cc56d
11025,8ce87bff-3942-44c7-829f-ed063b3e21b1
11026,e78a02fa-06be-4141-8639-a5bc5f82602d
11027,4efa8e78-d44d-44a6-9b40-a3850e4b18a5
11028,75bd435b-25ec-46b1-9f97-b7f4ec3129a5
11029,f76e2c11-f3fe-4e6c-a3dd-a3c722dd5429
11030,c7f335da-07b1-4cd9-834c-3cfc26eefba2
11031,89e5a9f3-e4f0-48db-b790-89b85d507a20
11032,4a8f1269-22d8-4f23-9c08-fc3af4bc4e79
11033,b98809a1-d38f-401c-ab1f-0a05a3c4288f
11034,c323ae34-e7d5-48d1-9705-66b6a1db6ef2
11035,9fbdfef2-d3b4-4f2c-839d-9722c84713b8
11036,ee0ccf1a-9624-43e1-aabb-4bbfa8d50f8b
11037,83b59c30-62ae-4dba-84f6-a4a55fae9375
11038,6b0e7aac-270c-4d12-b940-581430329ae7
11039,68e0d504-4665-47d6-aa5c-0b2986e6eda4
11040,867e8919-384c-4d23-9995-6ec5bfe338ea
11041,7622c9d2-96c8-41e9-9962-872574f1e285
11042,6017ff4c-2a6e-4324-8bf2-0bcac3d66513
11043,97c8bcf1-09b7-4cdf-9b70-01da795a47b5
11044,0f1c3df6-7d93-4a8e-84bb-9a404b0e4c0a
11045,94937bf0-bba4-4fe2-a98a-0d14eaba001b
11046,c0e1cf53-9ad1-442f-a9e8-fe839c0744c1
11047,2131cb5f-6d95-4f67-990f-9b44dfe03e89
11048,f676428e-ba8b-402a-893d-1f697b807de1
11049,f5537f9f-ccba-4645-8322-55128a3d7802
11050,7ed8c1ed-e1f9-4335-914e-2a058f4b6d9a
11051,d1659f86-ee72-467f-a9b8-97d882bed28a
11052,44af064e-d158-4ae0-8acb-79e06ddfc817
11053,ec37499a-64b7-426e-be1c-3265840e03ce
11054,588f750f-1121-4b67-a297-9277b172f1f8
11055,c940c3f6-3d93-4df1-92dd-e1da58fb4c10
11056,9de35aba-1056-4a10-8a32-3fa231351458
11057,b519607d-46bc-48e1-927d-53d250527dee
11058,9b6b2336-36e9-466a-8526-c6194be0d4a8
11059,9ef020a3-cf27-4c3c-95d9-b595434800de
11060,48d5f64b-6ec2-4d14-9e03-c3c93b43d463
11061,64281341-6a38-467f-8793-80af71522316
11062,564d7fa8-c55d-4348-893c-b3562d0787c9
11063,adf3949c-2037-4037-a9d6-97e45aec07ee
11064,cc820927-aae8-416f-9969-72a5615da57e
11065,b8630961-1f86-4e89-9657-4d056ef0e7c5
11066,1b4ac263-355d-459c-9c70-07ac73f8ebbf
11067,977472e5-2e2e-4156-bd6c-51e526b9fb1d
11068,887294a9-40b2-4241-a658-441b6c087ff9
11069,816f9470-e9c3-4787-859a-4707608c1dff
11070,6eb11ed4-6207-4f93-abd0-feef51ceb6cc
11071,242984ca-83c4-4e78-971a-6a356483035a
11072,f89e5861-c87c-4963-ba21-3b0e764165c0
11073,582d0e12-75d8-491c-81fe-2690a5b8482a
11074,4002968e-903c-4bfc-ba16-a81615082cff
11075,c3d00ba9-194f-4e20-b110-188f8a0ac625
11076,27e1c1b4-bc41-4a7d-a72d-8e1e1c09de68
11077,0f77c25c-2088-4d9d-a9a0-7241065986a1
11078,2abfa15a-d85d-4173-82c6-1e5ff65ef61d
11079,8c28fddb-8429-41df-913b-9e5558448bd9
11080,327b608e-bac4-4162-b19b-e7f1cbfcea46
11081,a9b96a6c-80a8-487f-be03-b1d76151f4bd
11082,5d0d519d-f957-4c7d-b63d-d9d02f84b72e
11083,5ba97a12-13d7-47ab-aa02-af984107a537
11084,cd3802e1-15c0-4c8c-bf03-abc75d12ab65
11085,976998a4-093c-4bac-afd4-a1c1ba441828
11086,b3922212-7dba-4b19-9f78-8a77805788a3
11087,02644cde-d956-4cd2-8910-39fc5a65ef58
11088,d77c538c-fa96-467c-80df-0576272ae796
11089,c0f082f9-e13f-40c4-93e3-dfc766e8a7ba
11090,95576ae1-7ed2-4e27-8f41-9a42e7b0dc80
11091,c78e5d3c-8d3d-40df-884d-f34d0087c4bc
11092,2b5a5906-fdda-4667-94b0-07f8e2cc17c5
11093,5484e100-a0e5-4d61-a811-c8cf224ea752
11094,263cd024-4a4d-4c4c-a8d3-636ca6a397de
11095,8108b07e-884f-4939-b8a6-6eb0e2d825b1
11096,51a0d3cf-0a96-4318-bddf-66bcf3bca2d4
11097,7bf9d1ef-18d3-42cb-9171-393eab2c47e4
11098,26e3946a-01c1-4a2a-9e0d-f164c8491344
11099,4424240d-35ef-4c8c-a2d5-65c5db3f8103
11100,9dcd6fd8-648e-4f9d-8165-d72c4b6d11b9
11101,0c11fd9b-7a25-453b-a644-e60925dde422
11102,d5b99ee8-afb1-4f2c-9fe4-20128f7bbfa2
11103,1ed74de2-8349-4647-9b3a-c60a236d2796
11104,eae52aee-108c-4981-9ce5-e46a622b9fd5
11105,372cb272-4f24-4a0f-a9d8-cc4f611a5b26
11106,173a94a3-82e8-4b32-8351-20e813347a41
11107,6819cfe9-7c3a-4826-85eb-997fd12a59c4
11108,32c8d84c-81cf-4dd5-9dbc-924c9d216cfe
11109,5201e977-3a33-4281-83f4-e7bcf5fd891c
11110,ff7fe8d5-0721-45f7-8d5c-c543df2a1bd7
11111,5d997414-e183-44d1-bec7-47a0c27dbdc7
11112,d41c84aa-b4e7-424a-9b28-cd1b5e241284
11113,7e3b36c4-f6ca-46b9-a1b9-63ef7da30fa3
11114,e46d3235-71ee-46d8-a472-c09b631bbdd6
11115,7df2edc0-960f-4f92-b17b-1b165bd664f6
11116,9a7dd60d-3d3c-4a8b-863b-e28d14af11a0
11117,34ddda0a-55a0-48fb-8f8f-5fde6735cf1f
11118,feb56b65-abb6-4d23-9ee9-d3726bc71bc5
11119,9007b0da-c2bd-487b-9d66-a1cedf0a77d7
11120,0dead1e7-abfb-425c-946f-245ba37783ed
11121,b6a77807-9394-4a7d-b01c-b170d41bb3d8
11122,6a2fc0fd-dedc-44ab-a6f7-7a74986b85ed
11123,778575fd-2180-406e-920f-8c94f7de5b06
11124,57c34b57-70cb-4add-bd1e-6ce0286eb28d
11125,b8bb6298-386e-4d74-b81b-fae358ac2473
11126,b4599563-9544-475c-b993-1651ce923494
11127,5520ce13-a024-4d84-bb89-a8e746b98a64
11128,b1a9aa60-56da-4cea-8688-747051ad9670
11129,68055e29-77a2-4901-b9af-ba1b79412cf2
11130,19d2b779-c08f-48dd-8b5e-3b4338293047
11131,545f20a8-82b8-42a2-8e0d-c6177d1dcc96
11132,d24ff000-7ee5-4a2a-a10e-ea739e1ddce0
11133,3e01c5e3-4c6b-4a33-bf83-ed3666b56919
11134,64119eea-358c-41b1-bddb-a74e5d63877e
11135,e54fe8bb-06d3-4301-aef8-6067201bb5dd
11136,e7ce1222-4670-4297-97d5-0ad486ee9237
11137,89e682bc-4913-4784-80f2-732ecc692130
11138,3861a14f-14ff-4c42-8ddc-c670530a617d
11139,57c88886-999b-4ca0-ae8a-775b6c017a65
11140,bc61410a-af5e-4267-842a-14957e041c2c
11141,4c35d4c2-5bd1-4799-b247-d078c4d1c8a0
11142,ce02816b-016c-423e-a124-1b0b5e3c8993
11143,38bc1183-9b71-42e4-9dd2-28cb2059f41e
11144,3ba2a7d0-2ecb-4d38-bb99-ba1e3f0cff95
11145,877a1ef0-5ebe-4898-8943-31bac004a49d
11146,1b697916-2324-4ac7-b054-94cea565ad16
11147,fccd6260-fe26-4ca8-abe7-5b0126cfa06d
11148,e0b6a71e-1259-4f7c-9a59-81fb7420b3b3
11149,73db2f7c-4216-478a-9e7a-bde098aed14a
11150,e1466a7d-d1d0-4fdb-91f3-643cb27b33bb
11151,92b1acb3-7da8-4b48-9748-f0a8600c0a16
11152,3b5f8de3-42b7-4ff4-a07f-9fe05e6f499c
11153,3609c776-681c-4a5c-b915-cf8a67ad0136
11154,a98bb694-c923-4f65-92e2-97ccc2fd61f9
11155,d8627f01-381c-4ceb-a653-45f28dfa5060
11156,3fcae7ab-c3af-4871-a5c1-99c0477a41a5
11157,fcfb1a62-45a0-4463-97fd-baf4ed819fe7
11158,55f0682f-c37e-421c-af0e-4b2f34ec079d
11159,16e81678-2ba4-43a7-93e0-ceb709012e7c
11160,7723255e-bcfc-4daa-bed8-b8f8ab32a7ab
11161,f4738a6e-5fb1-46bb-9b2f-d5bc0313cdea
11162,b1b473c1-d810-45a3-87c8-063067c521bf
11163,1c7a6591-6b23-4c78-bfe7-ec3763c40732
11164,af138b6a-b05f-4e81-acc0-5668d07bd9a6
11165,0f056382-48c4-40b9-89bd-2897eab035b7
11166,3266d95f-3212-4aed-85f8-a2a07da15e0d
11167,089e318c-711c-43be-8748-99ea1c6d44ab
11168,9006ad80-61d9-4e7d-8ed2-975111b41367
11169,13feb95e-a28e-4e03-a195-4fe0cc19457a
11170,7165db44-001b-40d2-9add-5c25551d686a
11171,0f3121d5-fdbb-4ecc-8d1c-b61d79479f3b
11172,7f054402-0183-4bec-881f-59eec8116f22
11173,5c21862a-df57-4d7f-a7c0-c41cb90801e0
11174,36eef776-8b97-4f3c-b63e-3d046865e60f
11175,69129bf3-7e8e-485e-a762-b492d42688b6
11176,029596c2-9178-49cb-899b-93a87c48b9ec
11177,37f87d72-af6a-4660-bcf0-b80eafa26aa7
11178,52a6a303-0f72-400f-9e0f-cdfd132d52ae
11179,d4893570-e1c3-4777-9e64-ec0d9ac5fb74
11180,ff97e744-b3be-4a5b-a34c-55e5894cfe18
11181,1a09860d-cc18-4abe-afa6-25834a1abe58
11182,5317ab1f-4b8c-47cc-a2b8-0d21142cdb34
11183,eca9968b-50a6-49ce-8c3c-86b62d890706
11184,31384c93-1365-41a1-ba3f-22d5dd1e9432
11185,e6d216cf-35bd-4a1a-8626-9952d25a6b9c
11186,8d563485-3ca2-4eec-ab31-c7e75e9e5f8e
11187,adf1aa23-ad12-4c55-bb14-30b54bf16c9a
11188,1b923318-aa2c-474f-9536-a42d3ee95cb2
11189,dcba724c-0ac3-4ed7-9b15-f6c57f9114c7
11190,36f86efd-808b-44a9-93f6-bc18f7eddf00
11191,b2879712-3669-446f-ad18-d518a6c0f3ce
11192,b8dde566-67d5-4adc-a6c7-89b9b47241a5
11193,d05e39b7-4021-4832-a35f-534e42aeccbf
11194,f371e6f1-5ed4-4c7e-99a6-b1395d4d5871
11195,b2ab7fa8-cf0f-4955-b16c-87214fbdfaf6
11196,9dc501f2-0d72-4886-95cc-1861fc343f6d
11197,c8bb9ac8-3425-4d0c-832d-434fb0f291da
11198,3863c502-2e7e-437f-8bdf-d597446897a7
11199,6c4288e0-795c-4c6c-989c-56f1904384b7
11200,498be717-a42d-409f-b069-c757bf0fccd6
11201,2e4adf43-e1ee-4b9f-8e48-aa4983ed331b
11202,cb7201ef-c453-4a19-a8a6-3736528002f0
11203,5b267cb7-bfa3-4716-a718-b268fca8990d
11204,ee5e6d31-fa88-4d71-b4bf-9553916bc747
11205,9eaee152-b762-4450-8ae9-50ada3b334ef
11206,36a34ddb-5594-4f97-a41a-7b1ae11e6e3c
11207,7f16685b-9148-4112-bb49-87818aaf3fb0
11208,8c8357eb-2c46-4d8b-9169-e48bbc22fb68
11209,db3ca2a1-a3f8-451c-ad6d-2fdacdb4e0a3
11210,a6b58fda-abcb-4dde-8403-10f9a70a1b83
11211,fb713c72-feb7-42a3-8593-c14c7384d1e0
11212,87cc4847-2ac8-4ca9-b5b7-e96899ffc008
11213,d72fc3db-5b03-4b2b-81e0-dd98b7f5ee76
11214,08d62a4a-d296-4506-907f-35945dc27c07
11215,c0c19777-6004-4918-a5f6-c54b1cbc058b
11216,cffbb35e-2c3a-4a2f-800f-9159a3bc758a
11217,9d938d90-28c3-4d70-aa97-94cb338b49d5
11218,b9999843-7bd3-4ee0-bd08-4cd20e6cbe06
11219,1afd83d7-4846-43cb-b705-b6686e0790a9
11220,73dbe341-a792-47f3-9eec-38c1b6f9a228
11221,676c0c5a-f9b7-4643-887c-faddb2ac61ed
11222,5bb602d6-63c6-42eb-b1bf-a0e5034b5390
11223,6c37ff7c-0194-44a0-a163-0e4956f2776f
11224,405a84a0-e9a5-406f-892c-8ba36153f7c8
11225,83217ad7-692f-4f50-b718-2271670859b1
11226,15bbc953-b4d0-48f7-b498-31c3f0013dbd
11227,cf3ecf07-767a-4979-a684-0d14c81a7a88
11228,5e00974f-7cbe-4cbe-9c73-be8917c70b6c
11229,bdbc14fe-5372-40a9-8255-1586bcd574e4
11230,5a900c16-ebfd-4607-83dc-015793bc151b
11231,5384df46-3f76-4891-a797-2f95cbeea93c
11232,d74c27d4-06b8-4599-a8da-630dea444857
11233,9df56872-63f2-4119-91dc-dd9f4adc6a0b
11234,75ab0aac-10d5-48db-998f-5ce14d9ff434
11235,6b0147c2-fc05-454c-bd1b-e52d72ac1995
11236,19514d3a-315e-4a29-b2e7-80cf36039574
11237,c8e2b863-f82a-4e07-be1b-c3628c0a1c53
11238,5503f9b2-24fa-4ec4-b37f-90d883925ad5
11239,02023ff6-031b-44c7-b652-62f9b058af4f
11240,2815a8f0-5cda-4564-964e-551859b365cc
11241,f6de7de2-67d7-4d00-9f3e-3eebe1fb0f71
11242,93fc3696-0b97-4db2-b27e-48818fe080a9
11243,ba2fe67c-f37a-4c27-8b22-eda8b935a3e5
11244,b0bc4e3b-3779-461a-81c7-bdf71a475977
11245,52c7b664-3eef-4b8b-97ee-8d7ae261627f
11246,dc1b5938-4bf8-4fe9-a5bf-6ba2e294c24c
11247,9f84f551-166b-452d-bb06-b036b1a5f383
11248,480d5e9b-1214-49a5-a65b-1b4925a198f5
11249,7aac9b62-99a6-43b6-8f67-706efc39cec6
11250,f6787691-4dac-498d-a8f6-d3100c0215a1
11251,27dd64ee-2acd-42cb-bbc4-88fafdd469f1
11252,2176a11c-2577-4e46-bf87-f0b1c5494bde
11253,57599ad2-a8b1-42c4-8028-0dbb5a0b024d
11254,1c13a6ec-47f8-4156-8a07-1a37477236e3
11255,44b79ae2-ffbd-4012-aa9a-175c9fb2c62a
11256,29d4bdbd-5f0b-4a72-8f5b-84de7e332523
11257,7cbfed91-687e-4bf2-8bd6-7d07c2102adf
11258,32c47c0a-eeb4-488c-bf76-7e26e8e7901e
11259,9d521680-2592-471f-8c7c-de54157fa112
11260,8a9e532d-69f0-492d-8e62-5e7c093e4de9
11261,d7d8af45-290a-40af-b127-67d8ae29537f
11262,87b7de15-0b1f-4d42-9e1b-578485d57de9
11263,d7154fdd-9f64-4d29-ae6d-2cdbbe29968a
11264,0d4ac311-a758-4953-9a46-8310c7d121bb
11265,119d6be1-4235-4998-b1a5-bc4cbdd73645
11266,c6c403a6-8e3f-4b39-8129-ebbccb1a5cc7
11267,4874ac2f-ee04-4936-b92d-30fe8d75e38b
11268,f9db7cf1-6d12-41d9-981c-450be4171223
11269,f913d40c-88c5-4eac-bcde-888325902ad9
11270,d5a45437-741a-495b-b058-7a213bc29bb2
11271,6b4ce191-8ff2-486b-b833-22013649d1ef
11272,f40a8efe-36ce-4bda-8944-e1b5e3545fc7
11273,dc2cc075-71a1-491c-b033-1d2f556838a3
11274,f1ff59e7-3741-434a-967a-a481b741c3b7
11275,e7f5aff0-9d50-4eed-8ad7-83d57f2da8c6
11276,04106063-c63d-4b22-b7f8-ec4bdea4c899
11277,8d08b142-5c08-45ed-ba11-917c676598fd
11278,83cd6db0-9d94-423b-8200-a0f9fe96276c
11279,56ea41ab-8bea-4647-a34c-2ac2200dcc9e
11280,c553908e-ae5e-4524-8b11-f4a018f48259
11281,88637e04-020a-4180-b27b-5d54dd794a05
11282,fb688d6c-363c-4bf8-a2df-b5dbf81b0f12
11283,ba35c0ec-7999-46bd-894f-1da2330c4ffe
11284,ef3f30eb-be89-4890-a8df-b0fb15bd2bc3
11285,c5eedf0c-bb86-4c50-8c56-67d9d9f116f9
11286,955542e4-1177-40e2-852c-e46dd379e520
11287,9a9e3815-53b7-44f0-b6ed-010ba3014ca5
11288,ddd6bd32-ac59-45bf-a3c4-818adb2b3064
11289,6e07e932-af78-45ec-968e-b08fd0713c19
11290,ce255b1a-21ae-43a8-9ed4-e13e7ca5507a
11291,c754a13a-7355-4416-aabf-ccb74ef05427
11292,77f93a43-7e2e-4840-bc8b-1c51b86cbe96
11293,32c405af-c915-48a8-9160-adade501016e
11294,4c57f47c-1685-482d-8e20-eed199e0159d
11295,fc71c64d-0ef9-4c0b-a419-77ef793e8d59
11296,34aa47df-d61a-46fb-a143-ecc591b9c1c2
11297,72d34b89-51c4-42b9-a5ea-363f7b635123
11298,de1525c8-1eaf-4cde-9ea7-347cedd4e223
11299,88fae427-00d1-4e95-a7a2-72d85f1848dd
11300,d4633940-5af2-4b96-864f-ed9b1e8f38af
11301,16b19722-3923-4d26-8822-c5918f874d1f
11302,03d528fc-1bde-48c0-ba6c-786efe15b03b
11303,087643a1-5ee0-4c9d-b7c5-2bd8f0b9bce9
11304,376fcf33-f662-4c10-a16d-1fc5926ff24e
11305,a36ed888-3b67-4bee-b249-3fe254bb583c
11306,aaa0b493-a52b-4251-ac6f-f89a25132d2a
11307,492fae3f-ec3f-4e77-b93f-769863abc4d9
11308,32822eb4-33f8-48ed-8d9d-5d5fa6fe9a90
11309,fbfe3f4c-a4fd-4aaa-8aca-708e4ba4ce83
11310,14bd884d-d0df-4564-a7b2-83de705d2fbf
11311,b56f5193-1f63-4919-aea2-abbc0318cef1
11312,876886e8-0994-445e-b0fe-2900bb27404b
11313,845d1217-849b-427b-814e-7e53837ea7f1
11314,12b87c3b-c21f-4164-8b9f-d465436819a0
11315,710d739a-d75c-4251-918f-52d102a27cba
11316,a8de8030-2191-40e8-8039-33d37c17645e
11317,5301de6a-edd4-43b6-aadb-4addbca53841
11318,87aa50cc-93b7-4cbf-a52a-124e09439c4b
11319,a43cd37b-233d-4774-97b4-1bfbf068ff4f
11320,3dc0a6e2-42f7-4272-8abf-2054e1962a9a
11321,1e7c280f-e2ef-4ae3-af0e-8761cd1d7270
11322,6548cb11-4beb-4a69-9a72-952dc60e67aa
11323,211ad0f7-3e71-4ba5-abb2-162eea69eadb
11324,0b772222-0d74-4508-b0d7-21f8a5ccfc1e
11325,738c3c9b-15dd-4474-858a-daa35e2e8319
11326,0086b97a-5cd4-4183-8a53-b15d87e79624
11327,0cce0c19-8de0-44ed-912d-6de3dbeb5b19
11328,2615d798-c84d-41f1-b122-13426852598f
11329,ff38de4a-208a-4955-b6d3-329f8656cf03
11330,f7104878-8039-4a31-8c2c-50223ab1afc0
11331,fee7d111-5762-4fc6-a6b6-5e9f41a8bca7
11332,48fd6c50-dd4a-42f9-bbea-faf55d8b1f2f
11333,9208d46a-63f8-45fb-b8bb-a726d0c083c4
11334,3e19db7b-7b01-43ab-b336-42980991c05b
11335,3c787d84-2dd8-4c99-a77a-988a585fe917
11336,c903027f-2eb0-4e8c-a411-046591d062d9
11337,25f08ee0-f25b-4c07-8749-f7655f9feb46
11338,eab86289-6e93-458c-8621-90496545f976
11339,095eaa58-6a0f-4260-8ef5-3f45cab5bc3e
11340,3055723d-0abd-465b-b8d4-b56c6bd1c179
11341,a6978054-540d-4dea-98f3-0aa64877d79d
11342,0bb33771-f209-4e9b-9460-23f9f7283d6a
11343,fc404bfc-e3c6-4fb3-b765-6cd5dd4d384e
11344,f39d5d64-5851-4b36-9d1e-623530b582cd
11345,6d8b889d-d335-4f68-b8c6-d056ce55573b
11346,92d891f4-212a-4ddd-9c49-7ebcff65df36
11347,df4d890a-b14e-4c0e-849b-a67fa1a12d41
11348,245e6aed-4452-493f-a9dd-726806e7a388
11349,37df63ba-c234-426e-9af7-d38d2643b17f
11350,f6d2e289-89cc-4c26-b5bc-9c64a7fffa2d
11351,896140b6-fc9b-4808-9932-b083be4a9019
11352,a6ead701-87d0-4475-9c53-a45283f7c986
11353,57ce4915-fa09-46d7-89c5-cd605b8b4318
11354,9eea946c-6cad-41ca-bb2b-3cd4519254d8
11355,029d9404-3955-4ca7-8a27-be835ff67c9f
11356,eb405deb-e773-48dc-8f45-6cdcad1a417c
11357,1b1164f1-df52-4034-bcd0-e64132a99595
11358,a64d7992-3b94-462a-8bfe-133bf96960ec
11359,fa1950cb-a62c-4808-8ac8-3f334ea0ca50
11360,e5a9d981-c832-4820-91e1-ca791e199eb0
11361,d6998b41-b865-4233-aa1d-0aaee6876722
11362,ee6ec4c1-c44d-46f3-bc36-0f4d9f7a591d
11363,26bafa79-6757-4e18-a0a1-8f8d147dabeb
11364,0c835b03-89f7-48a7-972a-eeab92b651a7
11365,b11fe570-e009-43dc-b94b-dfbde5afd2a1
11366,0e84161e-decc-4ff7-8871-754e823a67ab
11367,799d2d22-3e47-42c0-9d14-40eeb54595b2
11368,0b7ba761-66ee-46dd-8e42-fa7164ed4fef
11369,329552f5-cf40-46a2-863d-31e2c87ff82e
11370,a51504fa-8790-4dd4-b0b6-2f8130c309d5
11371,25541264-31e3-4f67-a98e-e867b159a0c3
11372,a125bdc9-1aa3-4395-afc8-f9380ed1d0b7
11373,555ef398-b774-46df-8fc6-2b5013a68fe9
11374,0e994067-3262-462b-aca8-8bc0ed60c55e
11375,3b14e9b2-ad6e-41aa-8d94-4d4e6349279d
11376,368996e7-c1de-452c-b6f6-254cb9fd9956
11377,44e85a85-9e66-4c47-afbf-8a9473696f98
11378,030ba498-4420-4bc3-bf35-359d32f757c4
11379,c5c29489-ab74-4aaf-928c-d42dd60edeb4
11380,d84046c8-19d1-45c1-b822-1b6813110d50
11381,00f2d101-b94d-413d-900b-90ce4d1022cb
11382,ba0bdd34-fc60-4bd3-980a-370223eab982
11383,c20396d8-0310-4bf0-b363-23d7b9b10057
11384,224a0a48-bd98-4ed9-ae12-142d19e2ff8c
11385,75b3c65f-9284-44c0-aa67-9f9ff44d42a9
11386,6862b77d-3881-48b3-b15b-42f1bc05018d
11387,ad876a9f-ac57-4f5c-8767-bd6ce654671d
11388,049c903a-574c-4e49-bbf2-288d367dcc41
11389,f7738ed4-b96e-4d0c-a279-39083783c98d
11390,1fe63068-d3d6-429a-b981-2a48443908db
11391,45b4e301-d136-4ee4-8cb0-5fc46b57e8ec
11392,a8205134-6de0-43ab-83b9-35d490aa020d
11393,c28a375e-999e-4d06-825f-cbd6f17525b2
11394,6b74f911-3d4b-4f8b-a7cc-e9be0c145f61
11395,5b11b240-f1aa-4316-a236-10f3efc672cb
11396,81d86017-7b86-4cc4-bec1-d713b5557931
11397,6e01b734-3bbc-4e00-9d73-1c688021f314
11398,3e16cba2-928a-4be4-b477-1afaf4c82391
11399,05806581-2c0b-42b4-b417-f5c2724f4734
11400,da57ea1f-4676-4da2-a671-0d12c44fd888
11401,8eb245a5-5209-4c40-a65b-018e2b1ad322
11402,97ad5cf7-ace7-4525-bdba-5d947de5d67e
11403,0f85449a-07a4-4e97-9ec8-bf43c8052690
11404,9dbed462-c64e-4c7b-9be1-9f95b5e1025a
11405,5089e7c0-c090-4b0c-9260-32bb3d3e4ddd
11406,5f622539-5740-446f-a2cb-e22449e50893
11407,8e3777ad-9232-4fbc-8128-8641753c968e
11408,975d6ab0-6e16-4b54-86d6-1a0d4a0a1510
11409,1c64dba9-bc0b-4dcb-b6a6-985ab8ed4df3
11410,5dd0bb71-cca7-4f73-803f-5ebf62f88de6
11411,eb9232cd-042d-4e3c-8cf5-7377cb141fa7
11412,48ac1819-79c9-4b70-82e3-8053a4ed7d4a
11413,bda3d775-4083-4285-9118-40f76e8411c3
11414,9a35bb8e-8e17-4a92-a0ea-b46528dcab0f
11415,45031080-6cb7-4274-80aa-a03e5573fb6f
11416,8f0e90df-41a7-45c6-bad4-d5a83cb70239
11417,37a2caf1-3f2d-4e20-a4bf-2613e6496ea0
11418,b7711822-67e3-4c71-808e-b2174187e647
11419,feca603f-9600-401d-9a7e-2cd48b4104dc
11420,1f8317ff-06b6-4727-b708-d93f9b4c4380
11421,d0057a9c-b147-495e-b82a-22972facca81
11422,7ce65c76-8464-499e-a9e4-689c032379db
11423,e087439d-ea3e-47e2-affb-47f8b1dcd72b
11424,3fd89e92-0224-4078-8b3a-863e19c0c8a1
11425,4dd7070d-a380-4e1b-bef8-6c40f82abf6b
11426,f77cf6c7-4c8b-4bdb-8b6e-b0ba18c2ff1c
11427,e48a5d19-5b6c-4d4f-acf1-340c2e62c942
11428,c572674b-4529-477d-8c3f-8a83f91e8fe8
11429,f77ad6fa-d433-4cf9-acec-b6a9a3cba205
11430,19249672-a0bf-4a54-b6c8-dfe62d47f0e6
11431,53207d33-bc3c-4850-abac-0c272101db03
11432,beb917db-a7cf-4baa-ae46-1b9be530a037
11433,ea04e168-58b1-4314-bebb-ea4d1698a84a
11434,a5790ca3-ae16-48d1-9852-722470c9793c
11435,0d43193b-ee5d-4ff9-acd7-0e0996a11d1d
11436,084db1fc-724c-41b9-9a7e-c732b94abc21
11437,1d4a36d3-4e3e-455c-8eee-59113dd23020
11438,90df7e2a-e6b5-4dca-a2a3-70d1a32875f5
11439,9e27231b-8a52-4906-862a-1c6277484590
11440,b23108ae-d367-4e18-8fa6-f7809747a2f8
11441,d2c65e51-e9aa-4554-bfbd-9c50f0e6d383
11442,753715fc-5b59-4e48-bdf6-95e43a04e9b2
11443,339c13e8-f2bb-4474-9b11-1ae291da4f4e
11444,5bb35a33-0116-4d6c-a988-b30896c29e0d
11445,a58cdab9-ca31-408b-ae99-ac8a40039ab9
11446,20432140-14e6-4752-96b1-c011c19f31e8
11447,4ad75aca-8b5e-4922-af11-da876a4243c1
11448,59628866-05c8-46c2-ab16-104e7f2b919c
11449,fe826e32-fdf4-4eb2-8821-56d0b5ee7221
11450,2a14071f-d65b-47ed-96a5-1cdc76434170
11451,53c53685-c979-49c9-8ccb-0ec283b171fb
11452,f6b2f33b-bd0a-43de-8975-0f0ccfa24fa7
11453,b485e68e-f207-4874-978d-1473e6e032d5
11454,b800863a-88c4-4da5-85cc-870f613d657b
11455,d57baedb-da6e-4174-a164-21432c5b6cf1
11456,b7c026c3-5b6d-4452-9a9f-58eadea9d2d8
11457,2cbbc324-db61-458d-8a0c-865b3d27409d
11458,f0f66b36-43dc-4451-b2fa-70108cb86299
11459,c01fd57a-5530-4c97-9530-84ade2027205
11460,df385cae-efff-4f2b-beb3-1d0369e0e799
11461,c6906236-19d9-42f5-a406-ceaa58e72f12
11462,b4a37f8e-eb26-4895-acea-1c8177315cc7
11463,e2571a52-3edf-4bac-aa7b-c99e8169cd76
11464,eb328639-b620-431f-9c40-e4c62d2f2d8a
11465,425fb8a0-7eb3-459b-989d-96e29aca5dbb
11466,e23bd4bb-accb-4963-b581-98cd3d6a7c54
11467,bb9f6655-8450-4a74-aba1-9e0eab67c2c2
11468,9c60cb9c-c150-488a-b64e-38ff269569d1
11469,3508ca44-5c35-42f2-a9f1-a5ad97148f6b
11470,a7818167-01ef-4d16-996c-052c2761d4ab
11471,2a8baef8-a5aa-4993-8ee4-a0094280b4cd
11472,b86da85f-837d-482a-a034-b467b3fe6011
11473,16ca1bda-96cb-4ece-84f2-d975672a812b
11474,d0100de2-bcf6-4a7b-9650-d91208d3d994
11475,a4a8b848-b6a5-4318-80b9-b2417f1e2cb3
11476,4f63ff6f-ce11-45a1-8707-e1dc0997e145
11477,7bf20757-fcbb-4fa5-9b89-c3d907ec98cc
11478,69655914-0d50-408d-ad37-bf10e44a531f
11479,78a482af-bf34-4b62-9c6b-1380ca0084fc
11480,d891bd18-5248-49e3-b345-faf93d286ad5
11481,7aca2d08-31b2-4cb2-b6b3-9783fc9a4856
11482,ffd9c20f-f423-465b-82a4-628e899db09a
11483,19296236-4e8b-4067-aa52-f8b458f7279c
11484,cc749cbe-d600-46bd-8c43-58c9965f306a
11485,24a9fe87-a824-4224-b898-6e814fe748e4
11486,54e3a285-8824-4819-9755-5878d450031a
11487,108bccce-4cd8-4b8a-aa9b-5e75e76710d1
11488,aac651ee-a6c9-475a-a77d-0f6a80b0e20c
11489,ba6900bb-c8bd-43c9-9392-bda01e602340
11490,da542442-d02a-48dd-8bec-b2a4987a554e
11491,d6e18aa4-7f3b-47eb-a9fb-3cf06e96875f
11492,12f4a74d-27c2-4ef0-a5cd-ea9114b6100e
11493,df78cb07-3221-42ef-a65b-e1fa66ba514d
11494,3d1f4056-e5dd-4213-a1f0-1f747e70b0e0
11495,50786c88-0f0a-4f70-bc08-ca397598147b
11496,1c474457-425f-4091-a1a0-272a8d8950d7
11497,f0dc9ebe-0004-42b5-a849-123db5b1a773
11498,056e8441-3d4e-4504-97ba-db3e9b4b8924
11499,214e918c-9301-4fdd-82af-e6f9c48649c2
11500,6447de67-80f4-464e-bf18-71d3a82f561e
11501,295270d1-4cf0-49de-85fc-82dc9d4a3fe3
11502,344c90bf-b4d7-49ad-ac83-32b86d854797
11503,4cbe5d3e-d6f1-474b-b995-61f2fd81af62
11504,3d81aed9-a8b0-47d7-8f0a-e259ae3fd6cf
11505,17c43d9c-e48e-42b8-8d7f-628dd49bb5e1
11506,15969f08-d4d3-46fb-9ea6-a8047bc8b01b
11507,28c04ef2-b95e-4677-8c18-195c292e7d53
11508,9e23a0dd-5472-4bac-844a-1bf12812d775
11509,ab6b8dbb-2e0b-458b-bec0-c5d3016dac44
11510,0fee1a18-d646-4ca2-a23e-2f68bf1a874d
11511,98c9e61d-b6b6-4cd7-8ead-108afe52f078
11512,2704a6c8-86ad-47ee-8393-fec02d3066fa
11513,fd9a9931-e940-4222-993d-58110dbc15ce
11514,b7fae3d6-f0cd-4cd9-b996-d4f276d0c5a6
11515,ef0a4826-1b14-4329-97e4-d3790ab0dcd2
11516,cd9e4483-2666-4dcd-b429-0ab4b38318e4
11517,86881038-7c7d-402d-8657-a69b2e221dd2
11518,230312c7-8962-46fd-97d7-3a0d4fbe14ad
11519,b142538b-de09-4166-b1a2-6d3ace54187e
11520,ba5aa0a1-713a-462a-b9d3-731b48f539fb
11521,8ce18c33-4616-4860-b519-c1b00d944340
11522,51c6dd6d-d7bd-46cc-b32c-8a6d740f1b2d
11523,fd3e332e-ad64-429b-a145-cfcb812feca4
11524,21c47085-8654-4527-9af4-4fdf0c3ed869
11525,2aee142f-0d95-4b4a-83f0-96a443321337
11526,87bfb938-0577-4c08-9edf-5e48a1553e7f
11527,edd59030-1544-439c-b590-f3bf9d3736ec
11528,43925d7d-89f5-432d-81fb-918fe6d8768a
11529,5f8ead03-fc9c-426d-a646-be88910c529a
11530,5f33a4a6-6b10-457f-bd13-b0026aef1a5a
11531,b0c6d229-16cc-41c6-b3b1-610f98f14a2b
11532,0cc834a4-b0a5-4c7a-8827-a4aa6438a951
11533,09953596-c7e5-4d92-8716-2dd45489ece3
11534,0518c901-bc51-4fb2-b10e-7cca14d0b1fa
11535,3f5052fc-ac48-415b-8efc-dc8c87526bf5
11536,1ded08d8-c149-405d-a2e7-f5a8596cbd90
11537,ad461553-bc25-4eb9-8975-f4d4599d7b61
11538,a7ffa5cb-f150-488b-b5c2-b81037103777
11539,f6a523a0-7275-40bb-bda6-bc8f31cd1265
11540,d0846d47-724d-458c-8d03-2234ae362e4d
11541,2305a556-247c-421a-bc07-f0f0603a0a59
11542,b2a7bdd4-65f8-413a-af66-01155babe647
11543,1d40a794-9cdf-4c7d-8845-27276b01263d
11544,ef0475fc-2cdc-42bc-94ee-40d22d023b98
11545,4998d0dc-b36d-4f5a-b36f-17673d720dc3
11546,d8929d24-02b3-49ba-baf6-8c239c5214a5
11547,682bd388-4da2-4ed6-ae88-f59e5c88fc06
11548,b641f857-c1ed-4f62-bf2b-60f894742660
11549,65c79d8e-0c09-4487-8eb8-9dc50d4ef2bb
11550,dec3ab98-ebb0-4676-92fd-64403ca90446
11551,c8c1b711-6426-4fbe-8f15-3809adea3c3b
11552,61f1083f-b352-4fbf-af36-5326b9941461
11553,2aa34559-5e4e-4819-aa1c-a28b89c50c31
11554,47e816e3-8e98-4ed7-898a-99427651da01
11555,cdd1f620-6f4f-45f3-821e-1bfebaadc001
11556,0ff75c7c-fb25-40ef-94b5-df0fe98b180d
11557,9a9850c6-5bd0-431d-9ed1-15905a74342d
11558,da52f5f1-5ee2-4652-acf4-30de56af3013
11559,458e3c7e-3bda-491f-8e5b-4309b4f936e0
11560,d09e11ba-9c0b-47af-a37a-930fd97472db
11561,7aeff377-fa04-498e-86c2-eb6792458619
11562,731d21e1-102e-4cf3-aace-578e7c59b357
11563,391eb3ab-cfa1-4fad-8d16-ba18374888b7
11564,a9a13fc3-8777-42fd-9913-58e6239aa9ea
11565,69695320-2638-478d-9de7-9075b93e1df4
11566,6ae367b7-bd15-49ed-aeef-e07142725158
11567,a6e54032-d1dd-4531-84c5-7fadf285f0d1
11568,70a91888-a6a4-4da7-b68b-7969719ed88b
11569,ed43e1eb-c11f-4ad2-891f-9b315bab6d64
11570,9245fc4c-88d0-4f29-975f-73c98bace14d
11571,07c28820-80b0-4b0e-bc32-dc6b457f30f2
11572,2f7686e6-6f9f-4fe4-906b-0175ead75f20
11573,a0a8acb5-c135-45d2-8dff-4f6955d63113
11574,2ea62068-ec14-4b16-9693-a4edfab6a0a8
11575,37ec32df-4396-4ce0-981f-4354b7cb16b0
11576,298cbaa1-179a-4d56-bffd-9b05b199a95b
11577,28c75c10-a535-4522-a7c0-5159b72bd9c6
11578,985f1b2e-11eb-4b1e-9749-b0a4aedd7f35
11579,8272c234-74a4-473d-bd10-1bfeb07003ff
11580,e19453ee-8939-488b-9246-ff836f777428
11581,b9da7fac-d80e-4cc7-abd1-543dc9c065de
11582,21cd6685-14bc-4f3d-859b-689b1516e538
11583,6e1b5e75-bd37-46c4-bd88-5c4c3dcd2b5a
11584,02000d2f-5692-4af9-b25f-f26b5f87f854
11585,c88224a7-3c35-4367-8865-18391e5f4dae
11586,da9ebbfe-5391-4abd-9664-a8ced1c5ed7c
11587,8ddc0606-01b9-4806-8964-45f3363abe27
11588,4fc478f3-425c-44cc-91d3-bd32435c8090
11589,a799e70c-53b8-4634-bedc-9d9cf532e811
11590,0280a659-954d-4fdc-9548-db04346a4b7a
11591,69598b1d-7005-43f4-984c-bbe89cfa1049
11592,93a9fbb3-b0e5-47af-8e9c-b1344cda4c7e
11593,667e2561-bd15-441b-a67a-ff64eadce2ef
11594,22b94c1f-e6aa-4926-b1e7-c4b8b561f302
11595,2d4c88d2-d985-4c8a-bb16-b925898e16b6
11596,4e969368-b0e4-49f0-b74b-588eadf35775
11597,f9a92510-0642-4a77-a0e8-c350e9a87b2f
11598,91ba0b86-79fa-4967-8d3a-f4caa5822627
11599,28800425-419c-4925-bee4-af6245698343
11600,abf359c0-ffcb-45cf-8728-a277c90c9083
11601,2ae6f094-b600-43c0-856a-d62de3fe6627
11602,3d21ce1e-67fa-4f33-bbb9-236aae3a816c
11603,f2f15039-5085-4ff9-b3f2-f22de9047a94
11604,0dd1b15a-7c8c-4f4e-adfc-68c0a4bbe6cf
11605,73b30125-ed46-42df-89e8-821f1e86e479
11606,0f466a7a-8b1a-4c97-b328-08b723969da3
11607,c58fbb42-1ddc-4782-b854-628fae13294b
11608,c8eb4bb8-7b8c-446a-a754-ec331a2a8641
11609,20d114c4-a7aa-421a-a551-f1d17374c122
11610,f2d07397-0883-46bf-b061-f8dceed37bfd
11611,0ccd6234-2bb0-4ddf-9775-ce7b0ed4fe11
11612,793bc925-ac0e-4ec1-b71b-764b8c356b54
11613,b7a364e0-0f41-4c7d-be09-befe90cefed9
11614,f2dba0b8-a28a-4068-a827-c1d7a66db086
11615,fcc0f928-c15c-4291-9fd7-161cd470d9f4
11616,c9064824-edd7-4069-8392-69f419c949a9
11617,723bca8e-bf0b-4d01-86a1-088a9ce3c4bb
11618,f2c58328-52a6-451c-960a-31385373cf7f
11619,e0a6fec5-a3de-4484-a34b-20b5b43324fd
11620,c6f3d87c-e514-4c2b-920b-b6ab9337c1de
11621,4cb5945d-4baa-435f-8ccd-18e10482ca57
11622,bcf7a397-4c16-4e4a-9e20-ee3bf0a78dc8
11623,b73aee8a-6ffe-4a76-8e45-53268c3f088e
11624,c849dd70-a523-49d3-b9d1-e5b6e1adcea4
11625,d1f07280-fa8e-491b-9889-bc7b7307fd6d
11626,22657eff-9026-45a9-8213-22658661cf59
11627,06f19641-1661-41bc-b487-8ec2ee2731cd
11628,6415bd0a-70f3-4a9a-a320-1ba9c21983ca
11629,3684b99a-0c38-45c1-b301-440ced0435e6
11630,3f3dc1a9-85cb-43dc-94bb-81bf4ecb32f2
11631,80712857-d7b3-49d2-8a8a-93740d1963c9
11632,b2657ad4-dd15-45cf-b7ab-58f2ba865ee0
11633,8e046bd2-a660-482b-a7d6-1eee4d39ddff
11634,80b5543a-bace-45e3-8fd7-f2314faa8b90
11635,2b21761b-6931-48c6-96a8-737edb397e8c
11636,577f468c-f9ce-4a6c-8baa-22e7867c9aba
11637,d901d727-88e9-4c6e-99a8-6a785239f499
11638,2c522ffb-1b72-4097-95ed-2610282fc30a
11639,86c62c61-fc06-4b3f-8871-cdb63846b081
11640,1dd69278-467c-41f4-b34d-1bf406dba0c8
11641,fc6204e1-c8db-438b-bcd4-2a87433a18b2
11642,01057f39-3ec4-40ce-8043-de567150f017
11643,cf111e29-1c61-4f19-a663-24e452a6def5
11644,42584cc1-15c9-40bf-adcb-b04fc3e6f773
11645,22549128-065e-4340-8418-de1b1bdbb1c7
11646,21ad18a3-4f32-41ec-8f15-d8deb782c9f9
11647,decc7d63-127b-4a59-992f-3a50be41efdd
11648,fbd2551f-8811-4d64-8039-d05d9ea03c0d
11649,43d748bb-d1f7-4bb3-842f-0362c35d7560
11650,3a7409e2-ff5e-4709-83eb-e5cd54da37fc
11651,a0c5a922-3ee3-460c-9d2a-73e6ae46df52
11652,1cdef941-d58c-4837-8267-31fb9b3a2eba
11653,b6e95f8f-ef2d-4ad6-8401-4b511afa2e5f
11654,8572272f-163c-4cc6-ac79-9afa67869ed1
11655,05fafc5b-fb8a-4299-a8df-549ab2e59043
11656,7e8d09ea-2a9f-4575-a50d-8358b5518472
11657,7f41a30f-9e2d-4d58-bf69-9d858b8201e0
11658,4752ce07-4bce-4af9-b19a-204f753edbec
11659,c4b3ac69-5c57-4244-bbef-a27fb96f247e
11660,b6b6abe5-5398-4d36-98c0-bccd3f0dd10b
11661,57709186-0a2c-4355-ae65-0325043c6b0b
11662,2e598d40-016d-47a2-970d-1bad23b910a8
11663,3f22ed37-cbe0-4563-9f62-8d8d23b268d2
11664,0b853902-6cdc-4d71-92a7-e94f991ac3a9
11665,25916ad9-5702-4a45-8ed4-7be69166dee9
11666,bf43908c-7f7e-4507-8bac-5c1c85c45bdf
11667,4a6264ac-0a9a-4ef9-bfae-34b74e1bc3be
11668,57ea9aa6-9e84-4161-b22d-6439995ce62a
11669,68841708-8c06-4558-9c4a-456f4b9c63c6
11670,91910be2-a76e-4c12-b8a0-8d51adfc8201
11671,dda343a0-5512-4483-84cb-a186a22e5158
11672,75b1cf54-c3e8-48bc-a43b-db3965590d2b
11673,a1f689a3-593a-4fc2-b5c5-bed48883578f
11674,56553328-a0fe-4a81-b094-6dc4ad0fd9d8
11675,fd377dae-0a6d-4183-8ec2-4ae6cf0d91ad
11676,9147aab6-b5e3-4a83-af14-1dd6cfad8b12
11677,26588ae7-df74-41a4-bd81-9d5ecfa4a49d
11678,3117ef8a-9feb-4008-ae86-48d68942f3ac
11679,28a28046-291d-4fa0-ac80-e90e101172a5
11680,27595d07-c53e-4ddd-92a0-07fe6317be32
11681,3a00c58c-cb4a-4207-ae31-15725d3d0fec
11682,3c83ab5f-4a31-45f2-b9b6-c81700d8752c
11683,8de8a5f9-faf8-4ac4-9e40-14d962af462c
11684,b47cea37-2e07-44f7-8c2f-87852a6e0e1f
11685,2de4b49a-cc36-46f9-a8a6-d91fef70b24f
11686,bfce3e68-db33-4ea7-8813-39434cfc18bd
11687,59438242-345f-4ef2-8da7-4a10d191cdc8
11688,42a83b32-af5c-4ef0-b74f-e74f9d5fb7d1
11689,abdd079c-0b6d-442d-9ad1-8bef40ccf0b8
11690,d8156086-782b-4722-871a-1c54e83431be
11691,b0fbf48e-3c94-4e73-92ec-74a38475cb60
11692,38274f83-c322-49d0-a7ea-9e2fb2981d18
11693,74960e4f-c006-4686-bf50-1cc9ccde704b
11694,a164abe6-2add-46fd-865b-64a935bfc7da
11695,a858ad19-e33d-416a-9f38-0ad462f28ccc
11696,78cba74b-e01b-4890-bd6f-ac414b9c9f0e
11697,e5fe9ee7-e9aa-475c-8142-3124aab75d1b
11698,42e267b8-3e9f-4beb-b547-a42afe35ce78
11699,b950ea0e-00e1-4cb7-b1a7-e5e97551f772
11700,c93d1a4b-fdeb-4528-893c-7c2597108f3c
11701,b0f1c928-16f9-4035-9183-eaee994e6a72
11702,ec7d9b90-da58-46de-a96e-f497aec4f836
11703,d002b3f1-79a3-4f88-a750-04fab75f4b2c
11704,99669a61-93d9-4064-8877-fd0c7c6b92ad
11705,73b22388-8a40-40c4-9ee0-3a287753ed1c
11706,8229c4b6-3ee8-4cc0-9ba9-05a05b1e8c02
11707,aa069b02-0076-4049-b689-560fafb1040d
11708,8179c9a2-b5a6-4381-a3a4-33173bc8a916
11709,dcda48ec-90ea-4f7c-887b-d6a536bc2a16
11710,fc51e33a-3da8-4a74-96be-fd5bbf5bd626
11711,9854abd5-7e54-46fa-a673-50f07247eab0
11712,6e788ad3-4dbe-465c-b64a-ed7f399012e0
11713,02072882-86cd-47bc-84a7-0775428536c8
11714,12e73c96-f8bc-4020-82b6-1a6f78326a3d
11715,989789a7-ae2e-4bd8-9a65-411c005ab29a
11716,ed037711-7029-4c77-bad7-3c7e6438e130
11717,b38b4b65-60f1-4b18-92c5-c9690ea5deca
11718,3af8dd20-a496-4495-bbc6-031b20249084
11719,ed21bc99-b993-4092-b8a4-e3698a27df83
11720,8f68c5d2-b5be-42c8-bedf-d545828b820b
11721,891301af-db25-4ab3-b5de-8d39ab181902
11722,40537099-3adf-48ea-8aec-44169f5f4899
11723,7c8548e8-58ac-45cc-9e67-566bbf16855c
11724,5a0d3533-1a22-4949-bc80-e1ea86367f26
11725,2a4efd4c-c3fd-4916-bf33-35066011672e
11726,57e960bb-c7d0-4d50-a589-d224be0070d5
11727,713d4038-2204-4c43-ab78-6e9e5aa6e15e
11728,839c0298-103d-496c-9825-43c74388179f
11729,bf4c5ece-ffae-4ede-b267-3428c4128ba4
11730,bc51492c-4f12-42b1-835e-3d2be8850a07
11731,1b1f4c69-8d89-4023-bc47-ba18fc98f72e
11732,c85fb7e8-1bcd-4c44-80ef-a50c39466f8d
11733,cc2eb2bb-cfd9-4489-9698-914aff049f0f
11734,eae6a11c-fa07-429a-a8c9-cef89c4328f8
11735,ed6792b0-2f09-4402-88f3-0a755c36f1d1
11736,4201d156-7ba6-427c-96ef-ca3430a4a659
11737,6aa89a3d-427f-40ea-a42e-451bbf5df65f
11738,da2a890e-a279-47fb-ae42-57ed3bb5acfa
11739,6833f4f0-c07c-4dfc-a94e-bdecd208fed8
11740,535853a9-33eb-4114-b567-31f8f53c39d9
11741,e0af358a-4907-4fbd-bdc0-8cc4d1f6f9aa
11742,45011f52-b5ea-4615-ad5c-6f1eb061a501
11743,6b8d4969-f78f-492d-b733-8e6f9fa81661
11744,71d0194c-f7ae-4f2b-b5ba-dcdbdbf516f4
11745,3ec506cf-ed4b-4fab-ac3b-4f5905f4ae4d
11746,d3e22bb3-bc2c-457b-a079-7c9ae35e9262
11747,9eb94700-6e8c-4364-982f-a48a78c86226
11748,7e1deee3-af2a-4a7a-9a6a-1e75ead49afa
11749,dcb6e0e3-cb2f-455c-b599-2920843db094
11750,bd558f5f-b367-448f-934e-8385d6aebba8
11751,80b13b96-2700-4019-b679-46c92d36d904
11752,49a2289d-1567-43c6-825a-de952113e92f
11753,1d2628c1-c0bc-462d-926b-df444ec85996
11754,e427aa4e-eb51-4e3e-a085-14b3d178e862
11755,bcb88cc1-3923-4096-8188-663123af156d
11756,7cc4234c-814a-4460-b7c9-aa6530624f72
11757,617a180f-3c73-4f6d-863e-08d579514fe4
11758,f5a864f8-0eb0-433c-ad1d-dcda35cec35d
11759,87b7950d-1063-4af2-af34-2c5b2b4e4936
11760,9a12ea13-d3b3-4b10-b207-c9982e5ec308
11761,11823208-3308-4662-92ae-19a51b086b0a
11762,a1fe31cf-6378-4873-8343-637060289d1c
11763,c0db9646-688c-465a-a96c-6e1a5f208f73
11764,3be7b9f0-4277-49c7-91df-31c759897e45
11765,365e4eb2-9870-4ce2-bbc7-90e12e3f3e6a
11766,8c5a82b9-9da2-4a6b-a912-f21cc1280768
11767,59cadce4-4d1e-495e-9197-fe3c1f63510e
11768,4583d3fb-79cd-4ec6-9e5c-9010c5128fb3
11769,7fafbd82-8c8c-4c26-9148-eaefba30e6c7
11770,32d6e834-84bf-4af4-93ea-70fbda9e8673
11771,58ed6344-c97a-446d-85f6-69ef4591f9f3
11772,b5698fce-4883-45a3-aa90-f42fb9a5ecc0
11773,fa37bde0-3831-44ba-a9da-e19ab398b902
11774,f64f145c-3756-42e2-87ca-0daf1a3740cb
11775,bb7fb753-7ad2-492c-a874-ac801130ec18
11776,0a3cd0e3-61c4-4109-807a-e0d9510e094d
11777,f4ff0b46-1b7c-410f-9a80-334253dd8d71
11778,83913f8f-cbb7-417e-b150-581d38b47321
11779,6e1a9fe4-db73-4e02-8db8-a0afbc496e8f
11780,bda81577-b68c-4328-929e-47ef40e11d12
11781,a2dc405c-2969-438e-bc48-3ce46572a43a
11782,ba2f3027-6fe7-431e-852b-0b0c0a04c242
11783,01c73532-8190-438c-8910-07f98a735554
11784,5e200cce-0241-4708-b9cf-97bca57640d8
11785,55b4a1f2-a4a7-4f56-a562-245d285fd7ee
11786,840866e6-02f4-44ec-a0ca-4da774379d71
11787,3b419599-0158-42f3-a519-6174e8d83db8
11788,1f347f40-80d5-4618-9948-e8f7e749ee62
11789,3283ff16-3eb4-41b4-aa5b-984a6fcc0ff7
11790,92082195-cc59-4716-9ed9-d397b829fc52
11791,528b77e3-103e-466b-b621-581695cecfa2
11792,760d5658-beb4-49a2-b34c-5eebf9a7926f
11793,5bc89164-2401-4f20-8af6-7ebda06d99bd
11794,8db7dd57-bf59-4d13-afbe-e54467afc9c2
11795,2d36aad5-11d8-47bd-a8c1-d694ec2b22c3
11796,cb093d58-9e97-41cb-a8ee-578b3defe824
11797,f5dd6e89-6821-4162-a37d-fb511bdd73ec
11798,cba1ff72-4100-4da9-9613-da488d547f30
11799,c1a4450f-5fef-4b8f-9553-2435bd85775e
11800,ca372f47-76eb-474a-9dd9-b46795b630d4
11801,cf26218b-402d-44b0-9c56-baef72492796
11802,6394da05-f259-4413-adbb-601e79fb48f2
11803,e163da0f-038f-4045-a33c-fbb809e207f8
11804,fe9b7fbf-8c69-4675-b6fd-014f113f7195
11805,618c83f7-c5fe-40d4-b1dd-2945ad01dd16
11806,7a616b6e-e8ac-4fd5-b8e1-930dbc7b5450
11807,12c5f50f-580e-426a-8cea-cd8a5632386e
11808,981e61e8-36b5-4dec-8512-0c018e91e93f
11809,8a33b429-c8f5-4163-a228-f8e0a7c475f5
11810,acc2a656-23e1-4420-b83b-93803f70ccb3
11811,328b7a96-25c1-49f6-aa15-5a05a8cfaa22
11812,a030b9ea-4b82-4f12-a217-283d3435c253
11813,2a1c32c0-180d-4b63-a325-a8d5e9af2011
11814,edcf33f1-0ecf-4297-a813-44a51357c123
11815,56ac63cc-d9bc-4ea8-91e9-974940ca0e52
11816,0d4cc30e-a492-4adb-ae41-931660040c10
11817,086b90a6-8560-4450-a6dd-0aa71061c2a0
11818,09b41eab-75ed-46d7-b0ca-c2145b028375
11819,84575655-d535-4050-8c46-78075e1ae75c
11820,fd191ba2-3339-41d6-b23c-3cb9e313f5bc
11821,03d2d4f6-4978-4800-9e1c-82a209ed4c2c
11822,bc661a25-4b0f-4526-90f2-614a0281db91
11823,b3227653-8487-48ba-be0a-726620f51679
11824,24add6f3-c704-4788-bd22-09aa751c1475
11825,538a8d12-ab94-40f1-87de-47d1e57e57ba
11826,a8bdf881-a300-40c4-82a6-cd1c8dae49ce
11827,6f5f5fa0-3346-442e-86e7-29a283e315d1
11828,fab3d4fb-029a-4078-b19f-9a4264e6e734
11829,0f6adbf7-559b-4380-b9dd-230aee6bcbee
11830,c628858d-55d4-4bc7-b67b-4f813efcc4d5
11831,9b9ac0f2-8a13-43fa-b8e3-28252b1071ca
11832,a708a36a-7cc2-4873-8135-5d29fbd2e757
11833,97d2bb7d-ad9b-4f8f-9e08-63afcee6fec1
11834,148bf3ed-a911-4456-a27d-fa6f8ea83ade
11835,ea7f26bd-278d-4292-be26-d84e2b3023b5
11836,c5680705-f2e6-4923-b962-0dbb2ed0958f
11837,201736d0-6172-4d70-acb0-2f618da13216
11838,6c2159d9-1217-472d-8eed-5166f251aa13
11839,a40b5177-1e41-4a0c-bb11-3c512a9201a6
11840,7198bf8f-5663-4f32-bbf3-1c8d5bc82ea1
11841,27dc082f-3818-406c-a071-9a9ca574e5f6
11842,1ade26ec-1700-439f-a58f-51189596aad0
11843,3d7ef1ec-b626-437c-b7f8-c9fe7146ba4f
11844,bc22fc3c-8fac-4dc9-bd97-cde613daf341
11845,0209d28e-377e-4c45-9ad0-e1a97557851b
11846,1fd4e784-b5bc-42f4-b04c-3cea7ced3293
11847,70e95985-086b-4333-8979-a8d267301531
11848,7b48bb3a-a5b5-49ac-b62e-f997d4381298
11849,5385b2f2-27f3-4231-88e4-7eecfce5410f
11850,50129a6e-125a-4d47-b0e4-09049fe066a4
11851,51804ac5-c63e-40c7-b042-41bf2d28ab5a
11852,3fa89a4c-dbe9-499c-9bf9-b8290c10ae1d
11853,ffbcade5-679c-427d-8e6e-4c0f806d0108
11854,08d54343-2011-4e15-9d8d-11a8a8712c40
11855,adc64815-09a9-4334-b1f2-02df4527335b
11856,bc68d00e-232d-43fb-a8c8-411a2fa33663
11857,1eaf97be-c93e-4510-984b-2d7e19551bc4
11858,4aacfc09-e671-40fe-97e0-b7ba70bbb4e5
11859,694e4415-013a-49c6-9121-29cfc81c2fdf
11860,1e2599f2-e871-4a09-a314-e49f1eac30de
11861,c1fd3e3f-411e-4724-9374-8d7f073c5e72
11862,159155d7-c140-4efd-bb3a-38b1a2012e65
11863,0d5262d2-babd-4dea-9ff8-9eb7d9b18b73
11864,71417536-ed56-4ffc-a7c1-01797aba786f
11865,0f629a18-11c9-42af-a79e-df232f1be698
11866,d66a477b-5ae3-49fa-aef6-8a24898753b4
11867,ece2daed-df54-4164-be33-ecc6ecaeca65
11868,e62a8d40-7a96-4a51-adfe-94cd4a12d8d1
11869,30acc45d-18b6-450b-9dcb-cce54ec19da0
11870,e39fc24d-b583-4819-9e73-38bf4129e716
11871,8b1f0988-686b-4fdd-be57-a172fd915c61
11872,33057d29-25ef-4a68-8b3b-ea4368345d62
11873,651d94e8-e604-4caf-82fa-bf0a6184d5c1
11874,ffd138dd-68be-44d6-ae0d-b98c98840a68
11875,5e22da68-9d72-4365-b008-7d048af4bbf3
11876,1da0bfde-b1ff-48cc-8264-1f0e7603de9e
11877,7eafd39c-e493-4e99-8ffa-2dac86977dac
11878,18eb55ce-9922-4b2e-a0ab-4302d7caedd1
11879,539f29d1-7c5c-4800-9b20-76a9e5fb1852
11880,12581dcb-9084-4d08-bf1a-493fb1c0ccea
11881,aa09897d-0952-4853-996a-04109c27b2a7
11882,65158f6c-cecf-4283-a6f9-6493bba78428
11883,ed43c9bb-dabd-4e48-817c-e8ecf3c58a8e
11884,aaffb729-67e3-468a-a65c-1b861dd28b6e
11885,a65b2d97-3d1b-4512-ae99-65b3deee80f6
11886,7ca103c9-0bf3-49c3-9eb1-e2fde717b4ab
11887,25010334-0903-498f-bc64-809e47f016b3
11888,6ade7009-05ad-4c0b-828e-869df9cbe854
11889,6c97073d-5054-4bf5-9db0-2bbc2feff600
11890,536b3ebe-8897-4241-8b01-f843fc25b23a
11891,d8f14216-a73e-4588-a33e-ee98e21c2944
11892,cde3d34e-4111-474d-abba-9c8446daf5da
11893,8f64e0f6-265b-45b1-9716-6cdb18d49014
11894,d00e1d21-34c1-40d3-ab9f-20553b515133
11895,6a44ef71-47ca-47ff-bfb5-dc6663a0564e
11896,27134346-b15f-4a4d-9ed4-730e71ce38b1
11897,39562bbe-a0c9-4461-ad64-0ce0edf8643c
11898,d67cc9df-5f35-4e76-b0b8-0c3b9dd6b1c6
11899,4b6d74b3-c6b5-4bd1-904b-a47e55280a2c
11900,0f88f593-6c81-40c4-97ce-8551de48d714
11901,0ffdd479-85c8-4504-8f6c-a001a53ac579
11902,fa14b3f9-5454-4306-ac65-82cef5ebc8a1
11903,1bc22086-bb54-4a62-acc6-34a978fc4242
11904,5e4e14f4-f1c4-49ac-af50-00e70d61a674
11905,448b5838-46ce-4182-a913-c1617a0fd4d2
11906,c7682ecc-6e63-4c73-ab5a-dc148780bd2a
11907,eb87192f-de7b-40a2-a629-8621f0280792
11908,9223a223-5955-49f3-97f5-47d15546dfc5
11909,356b1c0a-f0be-4542-aa86-210e7ecfd674
11910,88df79b8-5dd7-41c7-b9e3-8905d145c55b
11911,cb3bfe18-6abb-41ca-be7e-553faec81726
11912,271291c0-dcbe-4aa6-9994-2e0290c9ac75
11913,64a0b340-fdeb-4b4c-8286-765b3ab84fff
11914,20514567-33a1-4a73-a842-e6df68cd4cde
11915,7f8fd1f6-da2b-4668-a959-5370954625c0
11916,b75efe3e-7b05-4065-9c73-b594be20b5e5
11917,04db1629-e6f3-4dc0-89f1-2a34b8bc01b3
11918,559d880e-51fe-4782-a7c1-86f6bfe80ca8
11919,fbefd6e6-23cc-4c0f-a30a-bada97e2647d
11920,62f5ae72-c9e1-4b95-9dfa-2b9895f6c4e8
11921,ac9d9c72-ef05-4211-91bb-dbff7cd4fdc1
11922,ad22def6-5a44-41c2-a027-bd8baad687ab
11923,8dd81f78-bfdd-40a8-9aaa-b4aff624f7bd
11924,db30a6a6-4dc0-4603-9890-494a04bd8368
11925,200811b5-0b06-40c2-954a-3962a7f1c4bf
11926,dace89a9-9a88-4c03-9ded-252fed39a418
11927,af20b927-bc33-413b-9221-cf0eab17f42a
11928,63fba451-d459-473a-8866-cfdbcf6fd902
11929,e89c97c2-0777-4a9e-bb34-d210b8b1a357
11930,8132146b-3456-4d08-9327-fbd2b64dad69
11931,d0a87972-1102-4b62-8070-4c93926b7097
11932,0371a9ee-492c-4701-bc63-04d21a17b1ae
11933,528e6889-a2e6-4f1f-a64c-af9b70b69243
11934,fadc63d6-bb2a-444d-abbd-7e17d0d839fc
11935,b8d82fc5-6b02-4f57-bf96-bb6878a60fc3
11936,6b58373e-d0de-4bbd-9d71-32e8b2579fbf
11937,9ca80d13-3934-4af2-acbd-f32e926b1985
11938,40b76a6d-c13d-4f4f-86f8-18e112204f38
11939,2d98d67a-e935-41fe-a639-63cd99d9168d
11940,fb994936-8070-452a-b352-589e554afedd
11941,87d47ca6-266e-47b0-902d-ac881e82b433
11942,ee0c1cbb-b54f-464c-acda-ac43511fac45
11943,96af1441-f215-4435-9986-4226d3edd0d7
11944,84b86c17-b415-4f1d-9223-b5904ce3434b
11945,a30a53d4-0d3c-4375-8066-e6d903b7e018
11946,7074d33d-2ee4-489b-851f-28adbf0e98de
11947,358ec1ab-1c9d-4e56-9e5f-62648c9e2d97
11948,a39358ba-9c8d-45dd-80ec-0a407b78becd
11949,470b8727-6b45-46ce-8922-b844a21d3e58
11950,51b5c1d9-d872-43af-a095-8134b2076d0f
11951,d461febd-0d2c-46dd-94ec-b0e96f95fcd1
11952,7d175b19-cc72-436f-b654-83ff3240f81d
11953,9936317f-00d9-4d47-a72d-bde87f89f05c
11954,ba8f09b5-1523-4106-acd3-9500db5d7666
11955,809072f6-bdc5-4553-b69b-5127e72d526f
11956,ccf4c080-3536-465a-94c1-779dc258d54c
11957,e138e66c-cc20-42a3-81df-01099b2cd30a
11958,4c572ec0-c60e-48aa-8fa5-4b4a00a06146
11959,1831f360-2868-4d33-b8a9-7723b66505dc
11960,2c989dbc-7aae-4396-8650-87a4f87e089b
11961,0e84276b-a48c-4ecf-8e4b-fa33d2a0ec2b
11962,b505f26c-816c-4f82-8509-966c38f7d3e7
11963,8ab99181-575f-4d65-a2e2-bbf4fe05de69
11964,e7fb99ed-fea0-4727-8e78-09574dbf5b6a
11965,b65414a1-ec22-4de1-871a-ce7e06dca239
11966,85a51b0f-c083-4cad-bc8a-cc689555f764
11967,18612be6-41cb-4727-99a2-561b1dfe1a29
11968,2c9a94cf-7e11-497e-b585-2ef69968114f
11969,9fdf71fc-4ffe-4217-b41c-71a373e03514
11970,ba9d3495-44ca-4757-8236-a98792285cfd
11971,5606cd62-b190-4c30-a90c-3711e7a08dd2
11972,1b6007bd-7cd0-4279-baa4-dff115919452
11973,fe2bb751-30f4-4a42-ae9a-6326810bee81
11974,22425469-0150-4d4c-8703-12d8fb9c3e79
11975,977b7fd4-2103-4596-ba5d-55734ba2b96a
11976,f29d711d-f2ee-4fd3-a076-768cd1115a03
11977,fd0b0bf2-ea17-4655-aa5e-0ebf7b09e5e6
11978,7d512186-3b36-4f03-9ead-19fc89832d58
11979,c8a066c1-7a68-459b-933d-5f2e7fe0c401
11980,0e4f0c30-8f0f-4423-9200-62b05970c06e
11981,16cd9caf-82fc-4487-b33b-682120cce8a0
11982,3196702e-7eec-4cc4-b819-4304c283ac74
11983,05ca8c21-4b3b-4189-9a36-da8846b12938
11984,f318668c-2706-48af-a94f-d08f26478b6a
11985,9d089c63-17d1-4102-aebc-8790afd30b81
11986,a5760a5d-d912-4270-afe2-c8d6abab8e58
11987,b5abba47-298b-4397-b00c-a57276f05299
11988,e9f8ba18-d397-4e96-aa5a-2b5e2669b7e8
11989,5c67eaff-f683-4c2e-ae99-ea8d6b9c8b1e
11990,d65d04d6-86bf-4e3b-8704-3a1ba8cd524a
11991,c6eb2e36-d787-4fb2-9846-8102e7d6b7de
11992,a057b037-3ab4-4411-b534-d943b824ce6f
11993,004a9b65-496f-4588-9845-6f204c3f216c
11994,0af9882c-2bda-4025-8ad1-74940694061b
11995,7c6b6b86-5869-4f4f-93a5-8970a7325f21
11996,04cb5fa9-9a29-4dc0-bd9a-5c6d891b9883
11997,a63550c1-0c8b-4003-a1fa-2b86cae58cff
11998,e6dfa887-a5e9-4f2e-8ffd-77aacfad2eca
11999,f9c5a0a8-8898-4666-bcdc-d1fba08d1ab9
12000,d2504e8d-4e42-464f-b1f8-28a813fe08e1
12001,91632e33-3201-4319-9cd8-f44217cea8f8
12002,8fd527bd-e15e-4b45-814f-81bfb925154f
12003,77b07f80-96ad-45f3-a1b7-19bed1b05d08
12004,50b3c174-e436-456e-acd5-d87304fae055
12005,87b7e25d-c222-4103-b446-b42b3a0ac0cd
12006,7cd3bbec-1815-4d90-bd47-4da5ce9b168a
12007,245224af-b053-4994-9a57-640419cf7e4d
12008,f9fe4f87-63dd-4234-a7c0-23a854f61011
12009,f098a9a8-215c-4df0-b6c9-974e8d8f90b6
12010,2c1d34ef-19fd-4338-ba63-876709e8a99c
12011,99bd2a28-0dc0-4a0c-ad3e-19d12e42f26d
12012,494f3af4-f9b6-4e66-b3ff-f168203b5156
12013,d86069d7-42b6-474a-b363-d79b7e53bed3
12014,7b0f4633-e517-4857-864a-6a3aa7487624
12015,8bbce18b-575b-4b90-b306-10bf673d8ba2
12016,4a39934d-7f3d-4501-91fb-bf284fbf2dea
12017,91ed2800-90c8-4188-a5fe-5f026b9eceba
12018,ee709bf4-e46b-40fb-b55a-c815fca6df14
12019,dbcbee3b-e5f2-4b2a-a43a-42761b703a56
12020,5a1639f0-09b8-43bb-b0aa-4fee28132942
12021,2604cff7-8ba1-4433-94fd-97f97d1bc2ca
12022,1f876f68-3fdb-4634-a60e-4aafc950955d
12023,0303a3f4-27dd-47aa-b0d7-06af823c96be
12024,be6de9de-4943-45a4-8415-d8ab4cfefddf
12025,79f5f474-032a-4f57-824a-7391dc28933f
12026,83a59976-2a12-4374-ad3e-fdcb5bd55497
12027,b9fe6573-f3be-482c-92d8-cd971518506c
12028,ae271a70-cc4c-4333-ad36-61db2e7eaa07
12029,1e9c806a-4b21-4a7b-9e6f-45d5d8866919
12030,d189866b-60a9-47db-8784-abd1935b499f
12031,0bca5e27-dada-4bf3-96bc-6d11f9da8a1b
12032,150c76b0-f1ab-4da5-8022-003610b30151
12033,e24699db-97c7-4ad3-ab22-ed2a2b0dad1c
12034,d4b1dbf1-97e1-4807-8086-6a560e5dcf38
12035,54405489-ef2d-4a5e-94a9-5f3222844e64
12036,7a3d6579-e74d-478b-96ee-1aa351d0fac4
12037,202f1a96-dbc2-4148-bb93-8f39eec1439c
12038,76d5be52-717d-495c-a3fd-f3a4dde6b064
12039,460c1d6e-9cc6-4684-b026-789722b54f0d
12040,5a4f129d-362e-45e6-912e-e2f0b196ec42
12041,7e7083e9-7335-406d-83e0-0e478e20a36e
12042,c7320eb8-190c-4985-841c-75cb8804c37b
12043,2c6bc42f-022b-4362-967d-f056cfeaf1bc
12044,64d1803d-736e-4d34-ac41-2b062ec6f5c5
12045,aceada90-8c97-4b03-9775-7b65a727340a
12046,9f7e7781-e769-4032-a024-0c3fbec2be54
12047,47b2ffd1-8327-4b07-be8a-71d7735cee26
12048,3438fa44-4ac0-4036-a01a-e2d0e08735f4
12049,bdc8b86d-adc3-49da-b717-64c54cb256da
12050,83f298f6-7530-4cf7-b752-9da93d2522ea
12051,945c48b0-bf0e-4640-9429-610764ae90cf
12052,1fb207d4-db3f-4923-a28a-354f9e595ccd
12053,8025a877-3b6e-4b83-80b6-70fd0761df22
12054,af03a5d1-51c2-4c91-bcb1-878eaae5688d
12055,77b03ca1-c9f8-4b46-9f98-f4f965c18ece
12056,65dcd5f2-e428-4ec7-86f6-33b87fedb06f
12057,2039f7a7-55cb-4b16-85fe-b79f26bb1b3c
12058,e2d870f0-6f1c-44b3-a211-9cdf991dd4a2
12059,019fae3f-6983-4b60-b3ae-dda984b79e38
12060,bafbbeaf-7564-4956-b90b-2990d0da18c8
12061,1f8e23ef-dd8e-4f5d-ad9f-60b0df7537fa
12062,cfdcde02-c9d6-4fbd-8923-d050e10e5f1b
12063,1088a6a6-2b9d-4bc8-afc5-275fc87c171f
12064,7af05a75-5e84-4fce-b3e4-263c8702f296
12065,1d17e171-e98b-43c7-bf01-b7ea94e05e36
12066,341fbfef-980d-4327-93bf-5b04fc7bc731
12067,3dd6d5fd-fa41-4d7a-9979-28e68541e2ce
12068,43c8b2ad-2ae2-419b-b9a9-ae704294eda9
12069,4642a8b7-7f56-4c4a-bff7-c3738b21e14a
12070,b9760e0b-9929-4c9d-b36f-6d363ed9eaa7
12071,c174c2de-659a-4c6d-8e2a-de13a036b8f1
12072,d91d70fd-8e40-48bd-805a-d4ef6ea0a1d6
12073,8a0d37d2-bb32-472e-8dea-7d80fd35df3a
12074,0205a890-ff5f-4385-a9df-a33174f566a3
12075,8421b3eb-01ee-4d1f-b852-3f0a0744d615
12076,90065644-fae8-442c-bc3a-139410610808
12077,47f6f08a-2f84-4683-a46b-b23413568d76
12078,8670cf69-5d74-4dbe-b627-60e93f5724bc
12079,7dbf2974-3ce3-494b-8ed0-3351bede07ae
12080,90e47876-cd57-4c45-b530-9eac736a605f
12081,61023631-a5a2-4fec-8175-7d7d123ec649
12082,aad6bec6-4160-4b9d-9f22-c584c41bcf22
12083,19c576c5-d457-4b28-8f02-8136d3de1876
12084,e4a8f79d-bcfc-443d-b5e5-1f673e749615
12085,b3053e7d-63ad-46b0-9864-aa59f3b1843f
12086,94d8fa96-b215-4dd4-90d4-efa9bc95e807
12087,7528171d-0d69-4e77-8901-5ff95654d63e
12088,1b1548b0-276c-4aee-81a2-9857b8281b21
12089,afcd1047-b04b-44f4-a309-27fbfa5d8200
12090,de1c8dc5-ae0c-46aa-9a44-724c2b23b1e6
12091,2151c63e-2a9f-4f01-8ac7-14ada057f43f
12092,3c19ae62-747c-4ef7-8380-fbb0c09bdead
12093,d755d2e2-8eb0-4d52-bf05-e6aa400d8f62
12094,c3498400-6cef-4023-8f9d-928502e2342b
12095,efd6b7ed-6529-493c-9418-229a3596023b
12096,28555483-b002-4160-b2ca-65845c311b37
12097,fb61512b-9bee-41aa-931a-550e1dba0ead
12098,0a5dcd6a-84fd-475d-9536-a12653749a0b
12099,0beac947-807d-48a0-b711-e2119472465d
12100,ab8db01a-d174-4798-b443-206a527ebbce
12101,ae3dff67-9a50-41c0-8fc0-bf666278e7ef
12102,6890348b-8d21-478c-9443-cdaf568511cc
12103,58c1568c-f58e-4db3-af0c-defc2c943cf9
12104,f43d9916-1969-4bfc-8f47-3a0aea235cb3
12105,5e951800-8466-461f-994f-9182c5c2fbf2
12106,377d2b42-12cb-4d11-adde-60d71a24d437
12107,b16f8d26-3131-4736-9fa3-7cd825f3f02a
12108,d7cbe19e-9402-413b-b91e-27b9cabe82d5
12109,c8a3b163-7c00-465e-a64c-f040b5ad6d37
12110,aa084ecb-702e-4c3d-b5bf-41168f8dfabd
12111,076934be-7065-4d17-90a0-e5e3efb64958
12112,9fda610e-50a5-41ff-a74c-7162b2ae5d0b
12113,8ed7ee30-9a12-4df9-ae36-21921b8fd8c9
12114,056e8ef2-add7-49bb-91cb-c42e5cea23b0
12115,b6d7345f-598f-431f-a1b0-a368a8f0b6fc
12116,54882c89-e0e1-46c0-b43c-fbbc82d16509
12117,4e1f88a4-34bf-4cc9-b472-584016d9db57
12118,6f9e8116-bbbc-4c53-9e98-93f80cf2671b
12119,15fdeba8-ae6f-4c8e-a23e-c070aad40587
12120,fff6d4cf-486d-41a4-ac0d-6c34fab40612
12121,b30294b5-234e-4632-92f3-9a3266e15108
12122,1418ac28-232f-4d05-885e-59d1c9e4de82
12123,21d63a02-1454-4170-86ef-47d6fd813025
12124,15ca41cb-4853-4689-84d5-aaf8b8c05f05
12125,99eb7d44-4fbb-446c-8b6f-914b1a33871c
12126,45cf4a56-5d84-493d-9daa-160bb3451057
12127,3157adf9-a2da-49f1-876a-493e3465bbf5
12128,971bc05a-ba41-474d-a81b-f612bce3c261
12129,4ca0c8a3-a07f-4dbc-93f7-2bcae7cbb9d9
12130,b038085e-d5b3-45cd-b14b-574668a2beab
12131,823cc625-adfb-48eb-8af3-f1389afe6f49
12132,1ee0df99-c159-42ad-93c4-7ab5fe2cb3e9
12133,9b4c9ee9-3c4d-4a07-be26-5d648da34833
12134,530fca50-a9f2-4e83-8522-ab1c3ef6fb9a
12135,6705a202-3ccf-493c-a0d1-59040f956d53
12136,0713a09d-e499-41c9-b599-4cc0fab13748
12137,41fedcea-7f91-43bf-a422-c522626598f1
12138,4b3102a1-ef9b-4299-b9b9-ce3b30c59384
12139,f0acec83-75a0-4f08-81ce-27da475bf838
12140,7b46af54-eefb-4ff1-95f3-ffa0364f684f
12141,5aaa3763-7aef-47a1-ab6f-5c2e5977b004
12142,63d6f619-2b1b-46b0-bb41-44faf7c535fd
12143,0cdaaaa9-32f7-485d-93bc-a50ba3029c18
12144,e8e6c85f-e483-4fcf-ba8f-aa5150d07637
12145,6959d6f3-0116-45fd-9ab8-5f7813394651
12146,6d03e94f-568d-4d54-8847-e485ad689e35
12147,c2454c4b-f7ab-4cdf-8ea3-ca59c98b2ee4
12148,8e0d1f34-a396-470d-a057-e18c4510ea32
12149,5e02674a-7a3b-460c-9a21-f19d076371f2
12150,cb827b7a-84a9-4109-a712-7f026092f003
12151,39a51dd8-9965-47e8-ba7a-0609f24e848d
12152,b1363b24-b2d0-4c66-8949-f7c09cd4410d
12153,a846fa7d-3b47-4cfe-9181-99a652046b9d
12154,8c295977-067b-4b90-a2d1-140eec3b9a79
12155,a406ce14-41d7-49da-b1e9-dcc1f25d89b7
12156,9a279a9d-35a9-412e-b8cf-f616a2c79e09
12157,45e5a7c5-ad31-4c7e-a65b-d341541101a8
12158,a1db6640-6c6b-4a44-a262-8553554fc0a3
12159,3be1b8c9-e5c7-469a-ade3-97b1c4c304b8
12160,2bf4f21e-a4e4-4101-9ea3-135f75805d05
12161,d31e190a-b040-48b7-8c6d-3e45e14a9e40
12162,ccbff0ea-b559-43a4-b385-69fba246f422
12163,9fbdb950-b5c7-4909-93a6-f7ba57e8c586
12164,f8c413a9-fe64-4649-89dd-6672e77d85c9
12165,4d8f6ff2-842b-4b3a-91b2-5892c0040550
12166,5efdd979-6805-4637-94a4-81af97dee976
12167,4b72c060-2e1c-431e-a956-567a424d23c4
12168,57ae0f85-3d31-4ae3-94a4-fbcaba1652f2
12169,61bd27e4-1c91-4231-9991-136d90f6ca6b
12170,38842f7d-5281-4005-8c5b-1641a1f6721d
12171,2f185471-ed9e-4b04-ade6-4fee80fcd406
12172,49036fff-e6ae-486c-affd-35dbba91f5ae
12173,c72771b4-aa3f-440b-96d7-2caaf886ef3c
12174,fab159cb-3eb7-4e68-bd59-ae7f20afd848
12175,7a128671-46f3-4ae3-9a1c-cb41e3084aae
12176,231f002c-9d58-4e75-ba7a-2e40f332b627
12177,b3affe37-6c9f-48eb-8e84-628ebb76e298
12178,e36a7e53-7120-4813-a56d-fe265ad5f859
12179,bc783b5d-9a75-40f6-9743-87ada8810082
12180,32c15f09-22b0-4e78-bfa4-d42149107f71
12181,e4ff03b4-5199-46be-8fb4-3beaf608c401
12182,715b3a77-d160-41a0-96da-18b333e20024
12183,52ddf3d0-91a1-4dd2-bfcf-389dba9db087
12184,6dd961ee-f976-4648-b7d6-ea92124ad71c
12185,c251fc44-ee0b-4e18-afbe-10bc2cfda2b3
12186,54c67e05-782e-4133-b88a-b9e450886f2a
12187,217057b6-588e-4b80-a98a-34c26d891c34
12188,369a656a-b124-40e8-9df9-7bf797c39259
12189,1526b5c3-36e6-41b3-9252-d4dba8b76541
12190,a7346f64-4d8f-4f8a-a764-d2d1d9a7b75a
12191,75ea1974-3836-454a-8872-1de8212b52f2
12192,d8ea4795-7ca1-4258-887c-0d8837c1d1c8
12193,9ec148cf-050c-47f5-b722-eca8223a36a0
12194,f67af1b3-7970-4a13-888c-2c31b0f0aaee
12195,b225fa8c-697c-421d-afbd-e409c416d33c
12196,219e34c0-f122-49de-aefc-418f24fc65d2
12197,a2fad71d-994a-44f2-a605-35ffb88aaaa1
12198,b7d6cace-b193-47bb-b190-c471950a1f8a
12199,80328a54-89c1-42f5-889f-3178849e6914
12200,9538bc99-4a4f-4f28-9307-d8c918f4779f
12201,301d07af-8a84-4da6-855b-7106d7020740
12202,01d14e60-f19e-407c-8f3f-dcebb8105389
12203,55eea26a-c1df-4f36-a53e-7695085d7c5d
12204,c47cf6bc-2114-4085-8067-481d7ccf2880
12205,8f0cbec3-ea3b-4fdc-8ea7-d6d45ab3fc42
12206,93480600-3346-47d1-8fa8-6828b9f40f73
12207,e30b6005-865f-4678-a4b5-d6699df2337f
12208,82307733-aca4-4efc-a740-8e73ba04f2e6
12209,c518871a-02a3-428f-9d3b-164a0389f458
12210,5d5f38ad-16fc-470f-8970-cf29cb135080
12211,212bbeb9-fd47-448c-861a-fa6213f22458
12212,ecb15770-081e-4c14-861d-8d4a4e977f43
12213,967ce214-ae79-49df-bb29-d2e85db19566
12214,9da26e81-75bd-4d94-8c47-9abb8921362b
12215,f851015f-b35a-4eac-bb41-777945e13156
12216,8e768536-be26-468a-a530-79484cad3ce4
12217,59101b1b-1a65-4e84-b6cc-fc781132720e
12218,d363a74a-dc1a-4013-b1f5-8501df058f76
12219,5e3c97c2-178a-4201-ad0e-a93790dd98b9
12220,e4101f92-f85c-4cb6-b983-f93ffeb4a4e7
12221,e316658a-56b3-4451-96bb-b6f27d73df68
12222,4708db79-9260-45bd-ab83-253c47664483
12223,04f7dc64-89fa-4a76-bd4a-7ab5031705aa
12224,201a98b5-fd74-4432-80e0-476c87c548df
12225,b11be2d0-220b-4ed4-b5ba-6560c21c1de4
12226,cde37d50-0712-474e-a188-2635fd997497
12227,a64b715f-50f8-47e8-9133-7a73b1e42005
12228,f66d6909-cabe-4a68-bb12-dd34b994a332
12229,b3871099-7926-413d-96be-61ee86818ee6
12230,b309af4d-bd93-4761-bb3a-b2440cd6bd8b
12231,119b52d9-22bd-4b20-9001-bdf9111cad24
12232,040c9be0-0cef-4d2a-92f1-46ff53baa180
12233,33e4f7f9-5c21-4869-a665-6d299715586a
12234,cbc28f45-c52e-46b4-8177-765c0a09bcc9
12235,9e3e29fe-80d6-4e57-9d96-586bf980de00
12236,163910b5-0fa7-48c1-a496-ddb2b38baca2
12237,024ff7fe-3b28-4a12-81d4-da287de80803
12238,1f5022ae-e6ed-4615-8dcd-1f932040dbe6
12239,006c078f-012a-4ef6-bf3a-9e0244b1d7ed
12240,6571d9db-6691-44fc-b96e-98cdeeb1b28d
12241,82c3da60-5731-4fb4-a2ef-57ae953e923d
12242,e21dcf1b-7474-4ccc-a1c1-b2ce4e17d1e1
12243,3886119b-1db9-409b-8242-810c9f27c9b6
12244,a234ad8f-ea1d-4bc5-b21a-33d788aff716
12245,20ec20eb-b9f3-4d13-92f4-38ef21cbc3e1
12246,c9a1c762-5734-4eba-a2a1-a7926766ed4c
12247,32a4ec9e-0da4-4a45-93e8-9553033524b0
12248,1e79cfa4-cf22-426f-8946-7565cf384e25
12249,c25bc07b-b757-498b-ab33-6e8445f82ce8
12250,6b6b3b48-3b68-4eaa-bc4b-547e8bee23c4
12251,96de5634-f9a2-4a65-b7c6-f7f84ae6a58f
12252,fb6ebacb-cb42-40c3-b044-44a1aee6ef7d
12253,40d86f40-323f-4a0d-9e56-d672e1ba4bb3
12254,1aac236f-86c1-4994-aa23-092a830788f8
12255,c2ae5982-8449-4f93-9d6f-38afac77d65e
12256,6d716464-4775-4dc6-b9ea-78cb493f8044
12257,76d451a2-16a1-4553-beb6-bcb850ba00b7
12258,a0222811-f21d-4f8e-b23f-5b1723b491f6
12259,5691fa7f-0676-45d9-a873-883349cd984f
12260,eefaba26-306e-479e-900d-d206c6e586de
12261,4e813efe-6d66-426c-b6c9-70e7f7ce732d
12262,881c718b-b189-49d0-9a43-55b18c67959d
12263,23aaa6a1-5584-449e-9292-1ff3439cb437
12264,733518f8-ac23-4e46-b322-468c7288976b
12265,28f4a8cf-5e9c-4e14-b380-bd30192c71d1
12266,9a629124-b77b-4de6-a858-bd2d6a62ddb9
12267,7adfb444-bfa5-4a11-80cf-635837f7a204
12268,21406397-2b02-412b-b4f2-167485aeff64
12269,ee2232af-89cd-4a29-b4ca-466255939c77
12270,f7ab97f5-8641-4672-b0e7-3353789a3b49
12271,f03cdc7a-2389-4fe4-9381-13e1bbc1a6e2
12272,48713071-e58c-4d01-97ff-2a1bd60e7db1
12273,6ce53a05-869c-4145-aa5b-bd77d16499df
12274,66be4548-5dfc-4f79-aa8a-9905432d0ab1
12275,d1a2203f-0a50-41a3-975f-c2e1093599f6
12276,17c03195-6ab0-4c98-b183-a45e851eabb0
12277,0aeba060-de60-4aab-9a0c-4286194b6603
12278,79ebeca0-a260-4c12-9f87-d922d2557b20
12279,568b8848-c9fe-4335-8305-8d4ffc6b12a0
12280,66247631-c444-4203-83c6-36d38c47c8ae
12281,c8ccfd9c-a8b0-41b7-a161-278de56394db
12282,8a94e1ca-2b6a-49c6-9924-ad4cd3cc3525
12283,3814d8a6-fb42-4fdc-b0d6-186952cac6d3
12284,e49765e8-2a27-4ff8-b5f7-e55460fd047f
12285,3d01a1b7-3c2a-4d18-8fbe-32ad5db3488e
12286,8b2401d5-df7b-45fe-abba-0183b7da47ee
12287,f18bbdeb-d047-4a11-a7d8-06f1d555371f
12288,c178d43b-5ac5-4bba-9129-5ff482f2d79c
12289,046f2b47-8884-4f1c-a945-d5a6cd12d3de
12290,2a801fe6-f5bb-4103-a1f8-5189bd9044ff
12291,6972f964-13e2-4773-82b6-067ebb80ec44
12292,8ccd89e7-df9f-4a8c-9e3f-12c422e09a7e
12293,b356184c-5fd6-425d-af72-66c150a63936
12294,116ebdc7-3b00-4de2-9307-6a4a36b2e17b
12295,ec9e3361-91d8-4415-8255-222edea95746
12296,b219739c-abcb-4926-b011-7ba36e880e1e
12297,6bcdff8f-f068-4748-b8d3-1b1d3878a672
12298,5792e276-c928-4795-bf2f-87d9a9ca1d99
12299,c3abc871-3cab-42eb-8e53-51c56dc15c74
12300,4a534465-b176-47c3-a6ab-7e092ea8ba35
12301,5b3236b9-3a10-445e-963c-1cfee1f3f293
12302,20e8efef-f70c-4fdd-bd61-d9483012bd5d
12303,5f46b14c-de04-4ddf-bd45-a16722f1cb1e
12304,cfdf51e8-244c-4c40-9b46-d6f70219d951
12305,3d61813d-2e49-4702-879c-4b780d49a4eb
12306,03c86ae4-7966-4b7b-b60e-29398247f7d7
12307,37637895-2110-4ff0-938f-c8919d1992da
12308,70eb38da-f25a-468f-b3d0-570c7304ce39
12309,82cafcb6-8692-4c47-821d-8c757a40c44c
12310,4a292ddd-9765-4b64-945a-d893f3604dfa
12311,dd36175a-4310-4f31-8b33-1f6ab87d075c
12312,aa4d465c-ecdd-451a-9d14-df3ddb6e2cd3
12313,93ecbe72-9cba-40b9-9504-92f9b2ff268a
12314,25336283-7cca-49bd-a521-94405b3a7d29
12315,3932470b-8c1e-4d33-a0e3-91ca9958e6ce
12316,159cbd04-b732-4d3c-b923-23bf5786c2d0
12317,defa2a49-1985-4f97-bb2c-82f5493d3793
12318,86a6d1c5-09df-4d03-9288-e5ffe3507f7b
12319,bb02776a-0bcf-4ae7-8ce4-538d1ca87080
12320,3c6339e6-6da5-46c8-8a1a-b60589941dd8
12321,1e7c94bf-3b5c-4b3a-8a9f-d29a325d35d5
12322,0f1e41fb-983f-4f78-81f0-9720cb1c2285
12323,6de0b628-41b2-41c0-a4f7-5da2dd875375
12324,2259d37e-fdae-48ff-b42d-ebccc4143007
12325,92e6cc96-0d95-4dbf-ab3c-8fb493f08936
12326,a0cba185-4b45-4f11-a398-37122c6ec5ae
12327,b22e10cd-2003-4487-80a9-ef0ecbb076fb
12328,b141eeb1-d610-46b6-ad7e-a8f659fbf163
12329,04651e4d-deca-42da-b439-7940c4b734f0
12330,8bd5017b-b9ac-49cd-852e-9253bf3b5cbd
12331,35ba1699-471c-4fda-ad34-4d254488ed12
12332,29cdab26-a4e9-4e73-96d9-847bb9688693
12333,99148700-b173-401e-9623-3dfd10705ec1
12334,e4827e9e-8080-4f5b-8c1f-4d17eca83180
12335,302435e7-d5b5-4d2c-aa1d-7230a3370568
12336,639331ef-bfad-41c1-b007-a97077fb5a9e
12337,fa29a30e-5e3d-4aa3-94b8-09f1df211414
12338,93e4d72f-e814-4366-9efa-695d281ce6d8
12339,fe9deb1f-9bbc-4d0c-a2e6-edd9859cad19
12340,0ad94a61-0764-42b2-b630-ece715e582bf
12341,d485eb85-15a2-42e0-acc1-11a8417246b0
12342,43c85fda-5c27-48c1-afbf-54b49541e380
12343,35ad6a89-426d-4197-a1ee-6d3aea3d989a
12344,88750c7a-fce9-4ede-89b5-1314c24bbb54
12345,9100c7e4-cb5d-4664-a7ab-931b915ce78a
12346,209a21a7-d55b-47f6-8ea7-05f13bab33fa
12347,7af48bf1-39f8-43af-b472-d273e48d3a45
12348,4337072c-39f4-47dc-bff7-5c103df6896e
12349,71216c1f-4969-475a-92a9-03d185339b4f
12350,ad53f19d-0392-4999-902c-05fb68c290ee
12351,35b8b7bf-ff5e-4d5b-90e9-cd7f304d9bd0
12352,e7a92bb3-b3c8-42a9-a8fd-5fafab01a7ae
12353,60e1eba1-3151-4e9a-a42b-a128bf50ace5
12354,9e6b68a2-cb54-4582-bf14-2012ca68bb84
12355,857d4f8a-7bb3-41ab-8177-95d2797f8a64
12356,2dc8e8d3-3ca8-4653-9a7e-d8fc2d211f12
12357,4f35931f-381d-44de-ac1b-edf21e7aff5e
12358,db32df58-f041-496a-993e-43b0d691d8cc
12359,ba8d708d-a098-4bb6-a91c-54e091f398d1
12360,d3cb2dbd-a45a-41ca-b8b5-8b9771421771
12361,fba62d2f-819d-4ac6-a3ac-e8d17d77ad63
12362,0e7fc7a3-d69c-4c47-990e-2ccef17a3ffa
12363,dee2307a-cbba-4b01-8b71-58f632be120e
12364,19cdb7fb-6e0a-412f-bc70-4d5c6282fe2a
12365,d5b25c63-4e48-468a-98cb-e4ab2494de2e
12366,b846d33a-cdf9-4663-88d9-50f135dbd9ab
12367,c015331c-5f82-4ce2-9824-7da7f9d7cade
12368,5466cf0b-3d66-4750-b2b6-3893ba9bc72f
12369,68070e5b-f1ac-4c89-9e31-c424b7b48c6f
12370,74d39842-55f0-422f-af49-74a2c1f8d8e1
12371,a2a64f9f-bf6f-4be6-846b-bac365521966
12372,f9897cf3-4818-496f-800e-5ea8603829aa
12373,f38fb631-b5f1-420d-a425-8a1a36dbea24
12374,a845a443-7b2b-4406-8218-7986a5211db7
12375,4534f3d5-6203-4eb5-979b-fc002fd498af
12376,03dd7857-e390-4504-9f03-e40508e72d5e
12377,913feaae-af55-4690-9d8f-fc0aa4e4ecce
12378,0aadbb2d-8349-4794-be86-1e574d248a67
12379,cdad19f8-ff6d-48fc-85cf-4859ba85ea04
12380,f9dea118-6b9f-4523-8ad7-5a20da3c0f52
12381,7e2df94b-b5c4-476c-b6f9-de9730499427
12382,ba8ca0fa-6305-4f91-9260-407c9993f860
12383,e38c6fcf-dc31-4415-89cd-36fb8517fd1a
12384,fe64edca-008a-417d-85b2-3965f2c4deec
12385,7cc018ee-6a45-45fa-a385-223f6ea6c2ee
12386,c9fdcc0c-2072-493c-ae03-38c291e579ea
12387,c7ff04c8-2436-429a-901c-2b9cc58958c8
12388,82592308-8559-4274-91c8-2e950ea4f1bc
12389,8cb621bb-4f40-4fa5-80ad-fe8587b2383a
12390,4bb48d0c-5e66-4624-b7a2-8563d796123d
12391,9f54c8f1-3beb-40cd-807e-e91af6d829ec
12392,a22f9e85-2524-4ccf-aa26-6c32950a5065
12393,771248ec-e6cd-4068-b8f6-bef947bab99b
12394,d470d6b1-135b-4fc4-bbf9-f9e7d8787625
12395,6a5565f9-4b34-47de-9861-29acb782b2df
12396,4dffc7b2-bd59-49f3-860b-7776260aeb37
12397,01271086-08ae-4483-ad03-a5f1063e3b34
12398,e4aa52af-a282-46b1-92ab-7f7d0d08cee8
12399,c81fd1e9-a040-427b-9180-8944e76a85fd
12400,453665c8-0f20-4f16-b0d1-db8035d49667
12401,a67f4d26-f9dd-4cc7-9a53-9e3bc137965e
12402,33641ac6-2156-4aeb-9556-b2e085025c8a
12403,82e1468e-7c78-43ba-9ce4-0aeed8f05dae
12404,79c703c1-e413-4af3-b50c-cb3f77abca4a
12405,363bb14b-3c9e-4cd1-9a1e-4f03e394e926
12406,3db08cda-63f6-405a-bab5-ce131d360497
12407,5664f612-abe7-4767-9a8c-5082f9722559
12408,057fda50-a439-4c93-a189-2fd4d4fd23e5
12409,77d0ad28-430b-4298-8e69-8c5228f57240
12410,9752cde6-73e3-434d-8740-d793bb3df6f1
12411,eeee4aa8-05b2-4185-9095-3e49c5cc91a1
12412,73f56be5-0dda-4eba-b581-2d3528539ce3
12413,058dfa3e-0259-4e70-b828-2b3fe2cad0d4
12414,0d9852d0-938d-49ab-a851-911e5e07c59d
12415,4670759b-edf9-4c97-b0b7-32ddb54e8c68
12416,bc21f6b8-cc3d-40f1-bcdf-421faa475d28
12417,b4f70b4c-8099-4e70-b57e-b9cc90498f48
12418,596da653-f540-40da-9ffd-077d36b69040
12419,dafe5985-5f23-4515-a7ed-63510bbf678b
12420,285dbda0-b989-4669-ba72-5854052ecdb0
12421,b9bf77f7-041e-4ab6-98e6-e8db680fcf1f
12422,ba71557d-aa84-4c02-aee5-9864c8a404d5
12423,b69ff398-bb24-48f6-ad2b-e49d5e214d68
12424,65bdf84f-2359-4300-b103-72465856208e
12425,6b31749a-a353-4c36-b820-8413aee70ea8
12426,8ed56e91-23d5-485d-88a7-34c55235fd08
12427,1435f79a-e457-4a22-ae0e-3dd77b9134e6
12428,ea837a8d-f739-469e-ae20-e8bdd654f130
12429,77c85d3a-e48d-4c05-988a-07e4aa4ab9b9
12430,bf1f9ae2-63b5-45f8-b465-7dc989d0d50d
12431,b39a3707-038f-4dcf-a0f9-d7efc75147d4
12432,056e103d-49d4-4dcf-ab75-e29a4cfda334
12433,31ad62d0-769f-46d8-a917-1061496f83e3
12434,08288dab-9c5f-41af-b829-553216120813
12435,24097327-92c9-4559-b2f8-99292866365f
12436,76a51432-5e3e-4665-8de8-bf7021855a09
12437,3188de92-5c60-4962-9c6b-e63b31185aa6
12438,433db5ea-039f-44d1-8eb4-569d67075fea
12439,c5c425f1-8a91-4637-88e0-48a300fcf8af
12440,e17cf399-6b7b-4f03-8c59-a8fe0f1e1031
12441,b83dc654-cbee-4627-9754-ad759515eb33
12442,e88fcd0a-30da-45b7-8c89-5f77aaaba6fb
12443,99289448-49b8-4cf5-aa75-12cfd43eb787
12444,7bd71dd8-fae1-4d02-abe6-2dcc9ec4deb5
12445,68d11529-c492-45bd-b3fd-1d435c6d0c19
12446,a95a48fd-c739-4730-889d-677d97b7acc6
12447,1d02f551-e763-49f0-912b-acc4d12231e1
12448,24253e33-44bd-41e5-878a-a383331b4f5b
12449,2290f82e-d81c-4c21-9fd2-20a371c54c62
12450,47be4192-efe1-485c-a4a3-bc50d8f64f55
12451,8e0b8e71-e373-4675-9280-3db8121a1a42
12452,7455ec08-1c78-411c-af70-8588441d75d9
12453,6ffc9fa5-dbe7-45ad-8d80-fbbc091eb0bc
12454,27bb9c8a-1317-4b64-b801-1ff1fff4243d
12455,338005fe-a400-4a09-9e5e-ff3f8f9016c6
12456,c2249c94-364a-4118-829f-5288a0372cdd
12457,222dd010-9e1f-4c83-b85e-017f654d5e8f
12458,e8cc213e-1366-4e04-af4e-315c16d6fe1e
12459,3829ed71-9cba-4c94-bd72-8d756310e480
12460,aa6773fe-4b50-4dbc-95cc-cbd1e752fe68
12461,4d78d407-0f3e-4079-b99e-01940e6f9ce9
12462,57aadd8a-89b6-4fd3-8e7a-da660fefd747
12463,5b0037a9-3c3f-47e3-ac1f-76dd7d749f49
12464,53eb395b-44df-45aa-8198-dff8da77a7ed
12465,7269bd23-2824-4586-a002-9e97db5c39d7
12466,d0b8dd44-9a78-43c3-8a3f-e8f59bd798d9
12467,7a9a46ba-7746-412c-83e4-fa96587ae710
12468,4e1e2ee7-c733-4a32-8fed-44e5d457c05e
12469,9b7739ae-f38f-474b-9ba3-b1c7e485e244
12470,c335bd0b-14cb-4aea-bf51-6f07bc5bd943
12471,b2120d66-440e-4c0c-8ede-c9fde5149d78
12472,23ee8a6d-e9ab-4546-bd00-8d28bab5fbe4
12473,5db0ae6a-ce0f-4695-972f-404277979bfe
12474,2428fd44-49ca-4e92-9201-84c0985bad84
12475,181357cc-0fb6-42f3-83b8-a2d8bd05d32b
12476,62bea27c-cc28-4824-a6dd-43a9999fc3f9
12477,e5a557a5-16ec-4adb-bfe9-1ae669d2d4b6
12478,09c64b8d-726f-4b6f-8da1-db278374a8ef
12479,b2bc91d2-d094-44c2-a061-25baa0494720
12480,b2b35f44-1447-4e5d-8b3a-1ffa870eaa8f
12481,0976cad6-5c82-4301-916f-83958c6f850d
12482,dbb9e7b9-6dc8-478e-8f47-7410dde0b684
12483,ad055aab-e75b-4b8e-a0fd-fd8b4032442e
12484,fc7374c4-9e67-4311-866e-0edde31ced91
12485,6f86d575-944e-4a15-ae01-43b02610acb8
12486,219dd5b1-fcaf-43e0-a022-467937c973c4
12487,348fe8be-def0-44fe-8b2b-5788179f083e
12488,a556aa96-7951-474d-bd44-50ee15d27572
12489,78d02a78-4ac0-4b90-97da-3a58dec7a787
12490,4aea4412-9bf0-454d-b352-d993e17a340c
12491,a228eb39-5a9b-4d30-82aa-1ef12080a6c5
12492,e216de8d-7c12-4225-8098-4eab11e6c36d
12493,62c06a5b-18c7-4738-ac10-c5d42492cac3
12494,d35624f4-bf32-4c7e-ae51-8d45e0bbd05f
12495,4353ac1a-2cda-471f-820a-aa6328a92bc9
12496,0637ec94-793b-4321-9118-f6de34369f8e
12497,d447f295-ec79-4771-b3c1-2dcb7a3ee48e
12498,b1352c15-b6a2-4ba4-9780-cf27196ad3da
12499,913517a7-2e5a-41ad-b36a-ef87bf3715c4
12500,5b21bd0e-857a-4f31-82e1-450133fe0c1e
12501,0dbcf282-3b99-4eac-b3bc-b49ce72c7cad
12502,8f2f69fc-edf1-4db8-86b6-b2ebe4afe782
12503,2cd6bd43-554f-431f-a09b-b060f0f32be5
12504,7435d7de-f643-42f7-b432-719b2a44a7f0
12505,db96a7a7-8ffe-4ebc-8adb-bddb14b6bf6d
12506,f370038e-804e-4027-8f6c-c7a683661def
12507,338e7ba6-bba0-43b3-9c7c-02829a7d9b72
12508,609dea44-7538-4fe1-95fd-e42179f3eeef
12509,0268516e-3903-4ab4-be9a-139f8358cb40
12510,1e5634fc-69e1-415f-a4e9-6b7a9b140dab
12511,b37a8b13-5b65-4dc9-8fbe-b50406c74ac4
12512,3123b9b4-061d-4245-902c-05fdcbafe723
12513,ef286bd4-7e4e-4880-84f9-816a4bd5a292
12514,dfc81f43-ab07-4987-9816-bff7e0f01d51
12515,f372332d-4895-40b0-bdf9-a41909311fa6
12516,184e92aa-9ebd-4a7e-97c1-33b34324355d
12517,85cbb48b-c140-48a1-ac79-905f611c12bc
12518,1fce474f-81b6-4034-9516-4fbb35a8b23e
12519,3545aa24-7ab3-4b4c-a0c4-002117129032
12520,af49b05f-7d35-438b-ab2d-7c3b84090b40
12521,3efb7ab7-f5e3-49ba-8d74-056a4ad35ee8
12522,183c9077-fa14-45b6-a6d2-f26e498f7cf8
12523,f05869e9-ff3f-4717-8fe1-1fa2e7a61503
12524,2c382281-1128-4878-aa24-4f47a068a09c
12525,018f1698-70c4-4972-8906-4d779dc62d20
12526,45996c64-74eb-43d4-8f68-39d1a3c7e4d6
12527,28e8917d-aa59-4e05-b38c-7b5abf81bdb7
12528,ca8fbd5f-ead4-4d22-b73f-7a91b5ae1fd5
12529,af594d17-3153-4f13-b7f2-bdb4e7b94f91
12530,e238f35a-45ce-4ae9-9d93-97f05c10efd6
12531,b054ba0e-b24e-461f-9302-e587d997dbd9
12532,8e0f8708-ace6-42da-bdce-5c89cc282987
12533,4473770e-e42c-40fa-9650-89002e298040
12534,d1ee5bad-8749-4952-b8e4-551c275d6c8c
12535,a7f7f407-b6d0-48d5-8557-5db776c0b850
12536,022749e9-667d-465f-a85c-3cf9a3112828
12537,893fbec7-087e-47f2-b216-3f14a3455c53
12538,659cebad-d302-44f6-870c-4ea386905301
12539,60788011-d401-4fc3-a2ca-d69109a9916a
12540,1bce3352-29aa-4cc2-b0c2-0a5a6b9bfc64
12541,02f450dc-6276-4e1b-b399-4bfa862cae48
12542,621c64db-5153-4b27-bf84-3d88d6c05399
12543,e81fe4a6-8eea-483c-9806-a89e703306bd
12544,1bae1439-3317-4430-8022-10329f09320a
12545,b05347b4-6474-481a-b504-525aaa84ffb8
12546,ef6bbf1b-4a50-4cde-a372-2716bd34411d
12547,bd90a671-ff0b-4023-aa69-8dea63329a9d
12548,1b313837-41ae-42eb-8ff2-77e7b470bbd4
12549,0af1d177-1259-40db-9eae-82f98d24911d
12550,68e3e6bc-0a5f-43d6-94c6-abe43a2f6e1d
12551,ae3561ae-126c-44dd-9148-f8ff5723f281
12552,35d79570-d8cf-463e-b7b0-80711933283c
12553,2af0bf94-0ac5-43ef-8709-476bfc526d84
12554,f78f88a1-0f6c-49b5-9b43-62e48986de91
12555,d2260aff-7fef-42e3-a4e4-b33cb4e0cebd
12556,db1b8134-b78c-4628-babf-212eee6e975e
12557,1b26597f-03fc-49c7-8142-9e96aa9e54af
12558,a67335a9-7e1f-4a55-ba85-67ff20d183a1
12559,ab5274d0-9570-4c37-94f6-17d897bd266c
12560,1bf2210f-54de-4f1f-a1a0-7e4e37f7ac53
12561,afd24465-7099-47f7-8239-bd4c2ae8cbd6
12562,bee7bf3b-c0e0-4cd7-9276-7f27d7eeced8
12563,cb890651-e850-4114-9280-797318eae75d
12564,41932ad5-44e7-42e7-8240-c23ea7fe7bfd
12565,9179ffb2-89eb-4ebd-b91a-343bcb059e83
12566,0d1c4f40-293d-4bb6-9991-db512d8da7ac
12567,dfc5f8e6-04dc-4468-a7f6-e99d97db7f61
12568,c9ba5335-f779-4feb-89fa-047cf82067e7
12569,e90b3573-244f-4fbc-9433-59e577b1a07d
12570,f28f0afc-a258-4006-a5a5-00cc3ca4f129
12571,511a6b95-5bae-4701-96d2-3201750bf382
12572,536f6c7e-8b15-4a12-a00c-fb4404349ccc
12573,1561395b-80ee-418f-842d-98744235596c
12574,87d5a057-b583-4980-94d0-9bfd5d9c65a8
12575,1b53f336-3c7e-4076-ba4f-885bd2a6f2a7
12576,3d83de39-d893-48c5-b7a7-301b98d69743
12577,f704a834-4cf0-4e44-8fb1-3acb6ba029bc
12578,cc242cd8-0470-4749-af42-a18898e223ca
12579,1ccf30d3-ec3c-4707-89c2-4214a4d368ef
12580,fe379c97-1f92-42c4-af9c-4800a0517958
12581,52d7a4f5-5722-48fc-9cc2-37896bb5ffcb
12582,5001eb77-a4e2-444e-a738-d1bb9db08b62
12583,140f851f-78d8-4a41-828e-94d461272d9a
12584,69d1eba9-a308-49e7-845d-d4ddb8cf18f0
12585,1cdb1708-eb52-40dd-b60d-ff660e25fbc4
12586,e67abce4-eec3-4271-9517-21ff0fe41609
12587,e31d2f7c-6f81-4678-aae0-bdb7f6f5a56e
12588,4f7a5e1c-9adb-474e-bfb2-53167f0daf78
12589,ab3148dc-5d39-4946-91f7-137951e09f67
12590,c96ea574-3a8f-4c63-bd98-5b3c754a7c06
12591,e2ffdd75-7a52-4f36-98b0-0076bc105077
12592,6fdc4b18-d838-4d4c-807e-913cf8a693de
12593,920bbe6f-90a7-4fb9-9e4f-8ada2afefea3
12594,7a38b6d5-b603-4cf0-a918-52d49c8b4ade
12595,d27bd8f1-2aba-42db-9ce5-e56e20bfdc8e
12596,499356b1-59a8-4574-aff0-3d80bce2755a
12597,5e2c8105-47ab-42c4-a7fe-ce09eaea0fc5
12598,9acb778f-1786-4126-8066-c202222ef5b4
12599,ba769dbe-01b7-4c08-9400-0a3f18abc3a1
12600,5cff47e0-b86e-4d4f-a1d8-d0473916856a
12601,706974af-8473-47be-924a-f28fcd2b39ef
12602,2c0d7f93-e0b2-4c62-8ab5-e82d2a2d7058
12603,2a1b7a53-c78c-403e-94fd-33da7485a6e6
12604,13cd1029-a7e0-484d-a278-ca41b49235cf
12605,22f2c758-b028-43e5-b8f7-e4c06ab652c3
12606,4c549028-f879-4c3f-9db7-bcbf1a8ac136
12607,f83a7bd3-5013-4257-8ff2-435372ff4201
12608,1c01065b-1c7d-471d-bfde-bd76b8d852a9
12609,89c37fec-9237-4305-b757-7590a2a35051
12610,8a284c2d-0b4b-4c15-b0e0-bb8c27547036
12611,86f8990a-d486-49de-93e4-3189f7e5c721
12612,4679bf3f-5f9f-429a-bde3-c778f156d947
12613,6428a6c6-0759-45f8-bc47-0a58b2958963
12614,7acd5806-3258-406b-9d9e-e41e761586e9
12615,e4e421bb-83c0-4659-9a6b-19127168cfee
12616,1ee332cd-3f7a-4b78-9c36-0c146cb4fec3
12617,004f0109-b77d-4762-a94d-eecbc87aefc3
12618,b89e978d-b299-49e9-abdd-bd35ffcd205e
12619,4f73982e-c1ab-43ef-aabf-50fd1a010fe8
12620,e61db7c0-8f78-4fe2-828e-b0f1e2b173df
12621,8fe3952d-95b1-4881-9a88-042e12764d30
12622,3a6b304d-7200-4756-8345-b9a55931ec09
12623,a01b93be-5c64-49e5-b2f1-6c0ee92d7789
12624,f083739b-6aab-4cfd-b8ed-43f701bd6308
12625,b6c13da2-8e4f-451e-8dc0-3136d0ee8f34
12626,22b6a378-8822-43ca-ad0e-c9f5f7c81a81
12627,1e017ed4-63f6-431f-a50a-d6b4cd8f55b3
12628,b21a5c1c-6cc6-498f-aedc-da378d677cbe
12629,99a4cab9-bfb5-422d-9e8a-c2eafdcd4082
12630,f946927c-8349-456b-b61e-5b1a17678666
12631,c7bc2a90-1e77-4cf2-ba16-6b64e770740b
12632,c4953463-6529-42e7-a40e-938f09a02042
12633,30bc7fa6-2c21-4aca-b85f-5fe3d432e50b
12634,c34ddd7d-a5bb-4232-aa4d-52be70d78b53
12635,3f715d3e-ffd3-4f9e-ad43-781e49ecf473
12636,fe290228-0cc7-448d-9438-3ae0fa04c42e
12637,d5bc43e0-47bd-44f2-bb4c-4889c8291922
12638,d78fd9d5-abf1-4c18-9403-1e1ccbaa5ae5
12639,1858d1d5-be61-4aac-8a31-87b9aa79bbe4
12640,7d7dd67b-04cd-439d-8765-11e59a0d2d34
12641,b242e132-4398-4295-ae50-51e4c854df42
12642,e0f83973-46ca-4286-8605-b62353717aca
12643,3be0cba5-ad17-4e51-8b6b-37b6b7e4e70d
12644,d88c88b5-2f1b-445b-be0f-da36f2b5a10d
12645,6ce80806-ec05-44e1-a705-ff66afa453ec
12646,daec32d8-6a81-4337-94dc-7a19091a8aaa
12647,1f754c92-60af-403b-9554-922078c20a27
12648,1a983ca9-3fa1-4bf1-a784-cb777d6c633a
12649,a08bdf84-479e-4b65-9799-bad08ce22002
12650,3496414b-b54c-4bcd-8bb4-56956ef6637c
12651,03b2a24a-cb17-4fdb-897b-cad215a6bc12
12652,dedf89db-7804-4c08-a098-3934fa1985ad
12653,6bce6c1b-5ab0-465c-8a66-e8cd9455b6de
12654,ae5fe2d7-1b26-43d9-8c6a-dde3d4569932
12655,bedbfd4c-4ae1-44b2-8b00-0c4a82e670a1
12656,deec483f-491b-47f7-a124-ce2c0f5a006b
12657,9f334678-7579-4446-8785-76041b3f7974
12658,320baee6-937f-4df7-ba9d-c509ae5fbb23
12659,373ab739-89c3-4b24-8d3c-840453db03ba
12660,043a8514-020e-4e1b-a547-b03083a18bb5
12661,7d09303c-c984-45a9-b27b-e565ba110b27
12662,958a03bb-b8b9-431d-99ce-08903d06d21b
12663,4e9640fd-e087-4da0-a72e-e7b45d91128b
12664,99bc577d-7119-4d59-be50-b38d07b4bfab
12665,b382d41f-4781-4ad2-bb87-fcbf617fb5b6
12666,10524ba2-bbb6-4c91-a9fa-5a3cc92dfb54
12667,7543de68-613b-4167-9723-ac9e455d6d13
12668,d0ae06b8-debb-4e26-8240-fd6ac858798b
12669,ae5dae44-f615-43ed-a49b-1fc7b834352a
12670,17607a16-d297-4f95-b06a-f2bfe1ad7701
12671,a5f29570-b795-423f-934e-bff41f5cbf04
12672,e5a58318-537e-46d5-84d8-f45217c3f583
12673,12b63a3b-8d70-4f6a-b452-beccf4fae12b
12674,1e676b2d-7b0d-41f1-ac7a-7ba3c249dd2b
12675,fdc9643f-dc1e-4805-aa00-c4e78a2026bf
12676,cd83de96-c148-445c-8116-8939c9325910
12677,458a0e2f-bf0c-4639-9515-e30476b26dde
12678,5a8bb63c-a3a4-46ee-b44e-cf5ff5248ecb
12679,6bffb20a-72af-4ed1-825d-a26b0f5d54d7
12680,ba711427-57f3-490f-a68e-18ca05a423d7
12681,6b9fb201-3df9-4577-add7-54b4c24c6c9a
12682,eda45a9f-88e1-4998-bd81-da8f18ca146b
12683,bd98f090-ff97-4ac5-9572-41d55f41625e
12684,4856bdb6-1101-47ad-8163-1dca48f1e793
12685,706a18de-e849-4b75-9001-246f9d9545f1
12686,0481eb77-5eb5-4c60-811e-f9bf09c67ef8
12687,cd9bf6f2-f1fb-47b8-871f-61bc2486a4e1
12688,ec4db028-c4a7-487c-9124-4cdd264702c1
12689,cadde41f-6b52-481b-8efe-9fe94bc6aa26
12690,e11a2c1e-45aa-42ec-a67f-03a92c43ca16
12691,35a48a17-a4d9-4542-bfe5-e31da3db9e71
12692,cfbdd231-3dd4-4f5f-be54-4ca9fa845926
12693,1094b429-9750-4c37-93a6-4b19ea3520eb
12694,83ef2ca1-d1a4-4590-b750-563e65c6aa23
12695,17c8eae3-a58d-4c40-9402-91e06e9ff6af
12696,af792708-ab76-4b9e-8927-3d7bdf2d035a
12697,80893b25-be02-4e85-bdb0-97d441bf2ff7
12698,57acaaf1-4c6f-4cf9-aaf9-846fe977bd49
12699,aa2ce666-2fa7-40a2-b52e-9fdbb168858c
12700,cadf86e9-cce9-47e7-a0fc-703367268be7
12701,f6da1b4e-952c-478e-88a4-4cb8859e3c6a
12702,19d4fa10-a5cc-43fc-a4b7-9c2d5ec3cfed
12703,4c6ea767-68d5-47b0-80bf-3aa60c2a772d
12704,1141362d-7953-4d07-b011-b2ea5476548b
12705,f4d8b74c-f686-43af-9c9b-dcd2ddcff35a
12706,92786ee9-b8eb-4bac-8049-d597f56d02ca
12707,15921d1d-ba53-44cf-b01c-14cc7b088fef
12708,060158a8-22c1-438f-8f37-25da5898a610
12709,72b601ee-382e-437b-938a-5a5bd89424ce
12710,5690b82d-7269-47e5-a225-f6bdf1a46eb1
12711,fe3b27a3-186e-4092-bcf8-80d391881bf8
12712,6d58c84f-08ad-4ce6-894f-b5a368289b66
12713,04207e36-14ae-47c6-a426-9d121e2df8f3
12714,896d6d06-13a6-4fa8-b11b-a682e4faddbe
12715,ed428279-088e-475c-81ec-4ef443bd7384
12716,727d4dfb-0e50-4f2f-860e-530ed6a95689
12717,577fc89a-839b-4ae4-aebe-0a185a38a6f6
12718,b94d0488-cd21-4913-b299-e9562b2fea7d
12719,6a57f430-fe2c-4f85-a642-2f304680ac5f
12720,724dae4d-f278-49cc-9c2b-2b342501f532
12721,6a2d695d-48dd-47ac-a212-47abbf6e4e08
12722,ef386007-f71d-4233-886f-796a1f4e63c4
12723,5d895307-5859-4312-8f4e-43e9f3d2b05a
12724,9c9ca265-549f-4d0f-96c7-1badfafe9e53
12725,f83792c1-024f-4a72-9c31-c762ea8e180d
12726,b06bc07c-3bbf-4f11-8d3e-bb8fe8295344
12727,e3da4167-ce52-4182-8043-cf912d50913d
12728,f4118196-4518-4337-84a9-10c587acca44
12729,b05521d7-f64e-4649-8742-24505191b338
12730,d9dcd918-b2a0-42b4-953b-9e5ccec66ac3
12731,a8c67c79-bacf-4ccf-aee8-71bd1b14c325
12732,2c81ec72-47c6-4ea2-b7f8-3bd28fd85962
12733,2ce04940-4a51-4f66-9a5c-a72ff6e2b8af
12734,da505fef-02f5-4f25-8f18-8e15a2ad2fb6
12735,bc9630e1-2b3c-4706-9a4f-d23ce10c9b56
12736,83e36814-39cf-4a90-a239-f6159f03ff71
12737,dcc03a52-a31d-45ce-8f43-8d79a49289a5
12738,bde209a4-f2d7-4033-b7ff-09b3ef7a5bb7
12739,6bc4fadc-4380-49b8-8459-f9956921a9d6
12740,7d010af1-4283-408f-9e91-80c53eaab64e
12741,c818ff7e-1413-4839-a85c-d834e155a720
12742,48bf282f-9fde-494c-8969-43b81cf18a94
12743,90221f23-d131-46b0-b9c8-4af2d0c1defb
12744,0c4e5964-5874-400c-a457-3d0b3d7992d5
12745,19c5c3d0-1ad1-4775-8eee-3b42276b8f73
12746,2000f605-1aee-4d51-840b-6f305a459953
12747,de308d10-c121-4edc-b126-0996e7ef5efb
12748,c8817b4f-e06c-411b-b07d-68b9f6de1f07
12749,4ed245e0-65eb-4665-a93c-46fb3aac0ba3
12750,22784558-2eae-4b63-a03a-5968a0dcc661
12751,5847d74e-7c98-477d-aa76-382045f2fb20
12752,a489a7f5-6954-4c07-87ff-21980f71f2a6
12753,c605c6dd-86b2-45c2-b9c9-3f02b7b38929
12754,289471a6-c40f-4e49-a3f9-fc3e05d2af7b
12755,da7c9650-3e0d-4acf-8d43-97748af1b7e9
12756,5fabcaa5-e2c7-4d75-ab5a-c37f15ce77d8
12757,bc1c0cb0-f26b-415d-bfd6-5fc77ac22891
12758,d6e45f5a-e864-4dbe-83d7-cb74aa2c3f41
12759,7ab3d5c2-d2d2-4e38-8da5-ee5fb0540de9
12760,0105ce5b-d2a4-4c18-b434-84f8cf8210bd
12761,d1d64a80-a71d-401f-a42c-56c1e444684b
12762,bbaaef5d-f27e-446e-a1a2-58be33d1cbac
12763,7d16c6a9-88f8-42bc-8b32-a9bd9de5a594
12764,c6c67685-409a-46fe-b42a-0d031da85707
12765,55417f1e-fead-498f-8b81-e84c6f57accc
12766,114c1ecd-2a3b-4598-af68-3f0b4805b5fc
12767,7aa26de7-45a1-461d-b6d3-e521314f9a98
12768,7673318b-f016-4548-b7e4-dd93a7792dda
12769,a136f00b-4a89-4632-979c-1d39b18bcb98
12770,05e2c012-aec0-4c40-a077-64eccd9931ad
12771,53322578-62d2-471e-a495-aa696debecf8
12772,a15bf4bd-5bf1-45c5-ac41-869e8b4775c8
12773,00ba8a6f-6ba9-4061-a8eb-097a2a03d19a
12774,26fb5245-5d85-4361-82a3-ffb19e83ef07
12775,fb83611c-af1a-403b-a867-322d36d5812c
12776,783acc02-22a4-4a5d-80f8-26275bb5fbc0
12777,298b861e-b19c-455b-a2fe-b9d2e642ca97
12778,0836afef-110a-403c-82c7-265545dd89d1
12779,ecdf1a94-b778-47a8-9f77-a1fa28047751
12780,d6c0cfbe-3db7-4047-ae3b-ad8196440661
12781,50d3599d-165d-4a1e-bbac-b3691ed1b8a2
12782,a76843b5-7229-4a59-90cc-59002b171f7c
12783,0f8a34c0-8a19-444a-9bb8-b9ca4c59e0c8
12784,e978c630-2117-4777-82cb-2418c0ff43e9
12785,f75157ec-31d2-4c82-b121-bdf3c000fa95
12786,73f14b50-f255-47e5-ae62-5d572ce4b0c0
12787,e1808c7e-ee2e-48f6-aed7-2095d13e3f28
12788,1319f337-19e6-4f74-b001-8b4d1d544e40
12789,0af2ba7e-a77b-47a1-9161-96fd4bcc3ede
12790,318c03be-4d2d-4434-a717-f918e0a1e303
12791,2c9cf6bb-ac9a-4310-9e4b-5ffe7014e7a0
12792,7f11866d-2714-4b46-919c-4d32c6497c68
12793,842f71ce-4666-4314-a355-79b9934a2c5c
12794,cba96fd7-64e0-468d-97f4-922b8744ab91
12795,4a262947-8511-4151-848e-c7645c0df896
12796,26966683-d33e-4e41-ac46-e35859544ef8
12797,1372eaf5-ab25-4e3b-b4cc-6d64c36e5de3
12798,c2e9add5-abab-45c9-a550-daa32f5b2a0c
12799,df1c7b9a-1300-469f-a997-cb0cd888adc2
12800,241afa06-ef57-41b5-9824-9471b94c060e
12801,889fb705-77dd-4666-ae5d-390c485b160b
12802,d0c2beb6-dd01-42d3-b113-062c4c1570ad
12803,afac6191-07f3-4af8-bd33-18ec21252204
12804,f6c6531d-03ea-4501-8e91-8f183bccd06e
12805,0dbac11d-6b77-4991-abc4-ab78e2d54534
12806,3babcaef-8a3b-40d6-b4f0-1900c6bf03fd
12807,f2d78889-c139-4a20-a4ef-48939778d2b6
12808,570dfa45-6eb3-4920-aaad-edc2b4a0dca1
12809,e69bcf57-5d9f-4dd4-bd47-b33df6af66cc
12810,d0ecbb16-fb01-4199-af5d-a838c944e12d
12811,b7601f04-e4f6-4a01-81fa-666d71fa4eb3
12812,105f06dd-15e3-4c88-a683-69ed65d65f75
12813,ced9829c-2e8d-4bf9-a777-524decc83b9d
12814,a0e25700-210a-4c6a-91cd-8d4594bed0d4
12815,b5e986c7-fd09-4062-ba62-3f0a1715309c
12816,e647cea6-1d7a-42e3-920c-8e5f4a0b6a4f
12817,3cb0735f-f967-4315-86a8-db8bded8bb40
12818,f57cd686-46e1-4207-ab72-2a1202cf9b13
12819,c0d211c9-adfc-4c2e-947c-b8e539524f38
12820,48f9b777-31da-4195-8256-e45a6d2bf273
12821,37c5bc18-1639-44e6-b930-88d83ce0e71c
12822,b6338fe6-cef4-400b-8ca8-68485b984649
12823,ab6ab423-457c-4773-b15d-4e7fa610b123
12824,108f9afe-a4ec-4323-be50-f600ffdcbe21
12825,7b92860c-0bd8-41b4-a7ef-24a36cc866d9
12826,f15c8130-cd1f-40f1-a732-42a6e2ec5f60
12827,87e13d4c-9798-499e-8876-7b9eb205f329
12828,de2fe6f2-a536-41e2-9b2c-fdf57b52050a
12829,e7b6f747-11e1-420f-9fc5-08a05279569f
12830,a319eae6-101b-42e2-bb86-92ad4f8b2e23
12831,14b8ff96-cf59-4005-942c-9136f4356850
12832,c3540144-9a5e-4c45-a0ee-388dc12dc8dc
12833,f4dd0592-b071-47d6-80ae-f8befc9f886e
12834,195e5cf3-ab6c-45b8-9bbd-07a907a26cd2
12835,e0b9e70f-f315-41b0-b842-47ee4314b311
12836,577da5f1-0893-4080-b98a-175d783435aa
12837,8abaf45d-1134-4aa5-8900-a519cb24d01a
12838,66cfdb6e-a4f3-4472-b4b8-68ed15df6de0
12839,d175dc61-a577-4837-81c0-20b516022f94
12840,fe5e4ce8-cc12-423a-8009-1c72a493a9c1
12841,3e7edf46-ffd6-4083-9681-3ea9a4683ae3
12842,5eba7ff6-9a19-4765-923f-65770d7068ef
12843,a51e9c8f-7882-485a-a9e3-a6f4458b74f3
12844,67adb35f-ccfe-4261-bfc4-d45aac32221a
12845,32db9964-ff80-4cd1-9900-4e9fa37256ff
12846,d254c3a2-3adf-4a4c-b109-05ef1947f81d
12847,c95ec4a7-6157-4f8c-a7e2-285289f6add2
12848,8c77f966-f16c-4c56-9055-a470b000ca34
12849,c2c7be4c-de00-4a27-b77b-60d6df4cb293
12850,de372b79-33eb-4382-a4a8-2981f14c0f1b
12851,dcf45ff9-6f8d-4907-8250-2f07abb3a719
12852,7af2b38c-59fc-42ba-9eb8-c4b7128fee93
12853,07c7f3c8-86e1-4050-9094-e4baff865e30
12854,93d6d012-3399-4082-8b8a-a5947890f5b5
12855,18464727-aefa-43a5-871a-1e3f1f12e6bb
12856,35174c64-9fde-42e8-a3b8-ac2bf1ccef19
12857,238ffbd8-e64a-4049-957f-e3201be6b5b2
12858,4622cf4d-29e7-446a-a027-a12a7f1f965d
12859,d6210bab-a792-42d3-ae45-4690ded09cb4
12860,67be827c-4189-4fa5-89e7-93445fe67f09
12861,50139ab2-6242-4e98-9877-d4277b51021c
12862,12d1b781-7508-46c7-a41b-7cb58757f241
12863,30262a2a-0564-4b28-8e0b-ec265c140bc8
12864,5ac1b4d3-e2d5-4e9c-b071-266645c16b28
12865,5d774179-5355-4245-9cfb-750187c8461b
12866,640e1dcf-1287-4d14-9444-a05aca645ecc
12867,566ce248-37c5-4168-9f88-ce1baf515f78
12868,97c47495-6b42-4aed-824a-2016ad399e9e
12869,dc462e15-8609-4ab1-b3fa-30525fba2e3b
12870,29aed9c1-5c6d-4ea5-9690-3f8e231823f4
12871,244daddb-2eaf-428b-9e21-549c73f30c05
12872,6ee96bc3-b426-4411-8fca-837f9742e097
12873,2600e0a9-96ef-4595-b68e-a86cfec0d6f7
12874,d1dae398-d47a-433a-89d5-d3d634f8456f
12875,67f88ac9-2dc5-44f2-9c3c-6a2a04445864
12876,29b63de6-7728-4cb4-877d-aebb3c4f9bff
12877,c6e5322b-0e21-49bc-9c49-a915017d2409
12878,f0db61f1-7bd7-403e-8a9e-3d3e911fd5d5
12879,98b2c2a1-c366-48a8-a973-343a3e504b9b
12880,cf1e1ce0-b011-4d2b-9da8-5ec9db8e039f
12881,c09b2e98-b33d-480d-976d-233fb1899db9
12882,7abbe1df-fcf4-41ad-9d05-90edc4da3d06
12883,317ffe70-d996-4741-83a1-3e12d0893795
12884,2a7ff8be-834d-4aa6-9f8b-2ef27f005b0a
12885,1c1d3bda-7cd7-4a6c-8976-a98339a5afe9
12886,9abf015e-ee0c-47a1-8b08-5d9e32ca2f55
12887,8f98443a-bbbf-43b9-9b71-3a56191e9f9a
12888,6b13c31d-868c-4704-adea-d0b1fa2ef5bd
12889,e4189d26-7d51-4b2a-a9b6-86cc02149916
12890,13017795-b9c1-4379-8ccd-0c97108d82e2
12891,bcf4205c-f33d-4f1b-a248-f6b7de8ee28a
12892,32eb12bb-a846-4527-b660-48ac4577d413
12893,a55ea5f7-0c37-451e-90db-35ffbfdb03ea
12894,df658b74-a18a-422d-b5db-823ae7440cf8
12895,0c4437c4-3cd3-4ac0-ae34-271038d8f498
12896,a7f103b1-430d-4ad7-b364-026439308080
12897,0596f223-54dc-46dd-abc5-32f41a259adb
12898,6cc4d99e-b2b5-4540-8b31-6dc9e79fe5e4
12899,0566ab6a-4513-4f8d-9fb1-d99555f86fb2
12900,0bb61446-d8f1-46b3-b1f3-1571fa3aaea9
12901,03e6d1ae-daf1-4f73-be47-adcfe35450ce
12902,75cae3af-b94a-4fab-84d3-5c4e02bba552
12903,1d07f90a-4ff7-4e10-abd6-c1c10d7186eb
12904,686916ed-4d48-4c1e-a07b-cf83f941fc7c
12905,f16f9820-a2ef-40e2-8e77-6e3abf08ed5d
12906,15f06e8f-c158-449e-9b14-e7a594565b3c
12907,50f2062a-b310-4599-a549-66c56b0de914
12908,4ee5aa9a-de74-4e33-804b-1d0b55a671f3
12909,26d52318-5e26-4ff9-ae10-f86357566734
12910,d7333977-8ef3-40b5-b415-2e43bc6f000c
12911,690dc63e-68ed-4eab-9085-d4f36826a5f5
12912,bf980a54-783d-4d53-83ab-034901968885
12913,c51f61bd-d3b4-41db-ba25-dee265c2633b
12914,cf36ad19-90c7-4997-b951-d8b77dab6a76
12915,c8f358a2-7223-4efa-8135-05661b27ca10
12916,14b05936-0e22-49f8-b47b-2a65efbea71e
12917,b1004de4-2b91-48ec-8fc0-c4ae067ba457
12918,8a232027-7722-44fe-ba20-48a27d5a006d
12919,0d03a665-c951-4e22-9d69-2ae953e0110e
12920,4d5e98c6-0fc5-4a15-b276-e396e92e4741
12921,f0a73c19-bd7d-43e7-ba94-d14d84aefe24
12922,9e9ebc50-bf5d-4f66-b586-796fbc816830
12923,7d8a4d4b-ba26-42b2-82e5-862d7d65b3b9
12924,85152d96-7e42-4683-8ca9-4e97fc0ff3c2
12925,f22b2ed3-ab30-424d-858b-4cb887553437
12926,12ac6f46-0e0f-48c9-95ca-251709988b3d
12927,986a141d-0a60-4486-a902-13ccc4ac3bc6
12928,4fbed693-0d87-4ce1-a95b-01107b5bde80
12929,300c4f3e-f528-4fee-beb6-16a44851fc83
12930,295f76b5-2107-47aa-acf4-5deaa178aa9c
12931,a0f4800b-80d2-4b8a-a486-6c73262801ec
12932,8d793a3a-4f7c-422e-805b-5c8baf67526b
12933,3b1ac629-16d3-4241-9de3-82b2dfcb6eae
12934,f715cbb9-05d1-4829-8542-be599b799a15
12935,9200603c-28d5-4bce-b568-15759797dc59
12936,c4ec4f39-4a2a-4c7e-91a8-50227ad3ef59
12937,3c3f1bcd-4a84-4cb3-89d4-d94dbecfbee1
12938,abd4e895-0e37-4719-9b58-fd1b64a542a2
12939,3c7bd142-decf-40a0-bf2a-383f1b23dae1
12940,94cbdfc6-52fe-48a4-81c8-44dffa37b5fe
12941,9901e5f9-f8aa-4516-87a2-1fcde7189d08
12942,84e28ebd-717a-465c-8c71-03ef84170c60
12943,d281008d-fd62-40e6-b82c-aea876dd524f
12944,aa3ffd7b-63ff-45d3-acb6-39e02ce578ab
12945,a71dabdb-6bef-4102-92b3-385bdbb4a2e7
12946,5456bc29-d9e2-4369-aa73-5c2cca50a0f6
12947,f50e3517-daa4-480f-9151-056261778ea8
12948,325831bb-bf27-4f0d-9d53-a35171f55f59
12949,d84f50ba-547e-4bf2-aae5-ff6d08e291fb
12950,6b915357-351c-4007-aa07-5273554ba521
12951,5be27549-ac0c-4ef1-996c-5bda119a9b16
12952,8249c675-8804-45a7-9dee-8b16b046af7a
12953,035ec27e-b873-4461-9ebc-3ff2acbd7d05
12954,acc19687-2faa-4d79-bf80-530b51b6ae3f
12955,eb356aa2-02a2-409b-a4d0-15be706d13e7
12956,4256424b-fd93-4320-918e-59edf6294b2e
12957,acc047ae-5909-44ba-ad52-cc27a9907cf8
12958,3db7a8b3-28d7-4710-88d8-db1e9d703c15
12959,9ba4637d-3c0b-402f-97d4-ca59d00760c3
12960,567e7e25-6dda-4c12-90bb-577ceb77dc42
12961,0361aa4f-ecf2-4ebf-8f2e-5cee37bcdafc
12962,aca503a0-b6c5-439e-b293-263b3d6f53c6
12963,f8b2564b-a4e8-447f-9d1a-4fb2d548dc69
12964,d0205045-2ed9-4bfd-a7f1-aa9e7d367d56
12965,3341d2a5-f2e7-4db3-a21f-ea0677db9085
12966,d9f2d8e7-dfd7-4bfb-9b3d-1b6716d9086b
12967,c87bb1ca-daa9-48a7-9b75-ec360e37e9a7
12968,8372aa57-1c9b-4053-bc08-3827477375b5
12969,cc7ebd08-f44f-41f9-8554-942a9179506b
12970,4c774af0-0405-49ea-abb5-79a36288fed9
12971,0f6cbe8f-2a59-4a5f-9a8d-7049c948e05b
12972,81bf54cb-d9ad-42a6-ba08-1d8a937bc5d3
12973,627860a0-3499-4760-be05-402f21d45e22
12974,47cc2def-6fbe-469c-9c82-f5baa150b926
12975,546dc87b-a3ee-4789-a127-d16823a70948
12976,3e14031d-fb0d-4f7a-ae46-0f9ab1516618
12977,c014f0c3-ca7b-4b2d-86d7-c9d55a499ec7
12978,28849811-b97e-4ed8-9ffe-0cdc23604eea
12979,497d1986-9de5-4479-8e5c-b14ff457780e
12980,cf76b56b-6095-43df-92c5-4a0eb2509dc2
12981,a98df915-4197-42f0-983b-24e88d64a2bb
12982,cf396847-04f4-4210-a764-5de626fc0ca9
12983,67d6ea8e-2605-4608-ab1f-c2e7f027904a
12984,8307d073-240e-4277-b941-95d754568c14
12985,8ea2e5c4-e12c-429f-b01d-fb537957a89f
12986,f0967d17-7baa-436e-9c33-87fefcb4370c
12987,d9dba371-5eb2-42bc-ae1e-ac7d73009e9b
12988,47406f5c-2ed4-478c-a38e-3550b003d261
12989,bfd790f8-82e0-40dd-917f-eec3d3997674
12990,98e5f58d-f20f-4eb4-851c-f7bbf9633d81
12991,7ea5390a-9a40-4121-b62d-d06fb781d3e9
12992,d353022c-1661-4ef5-aeca-a43c28ab3d87
12993,486e6b48-dcc6-43df-bd1a-c3a22fb7f3bc
12994,eb4aba90-608e-47d5-a90a-fad86deb90b3
12995,5e5fae16-fe1b-4929-9583-517caeb90bf1
12996,43aa6d6d-2f5a-4bf7-b85e-9a60db75abca
12997,46fcb9a2-84d2-46aa-809f-3ee3a957b9f7
12998,ead411f5-cf29-4c48-9c00-d53df0c5a762
12999,a5a6f72d-5415-4932-9497-3678b3671d00
13000,9384a62e-9540-4a77-b664-fab7dd7e9284
13001,3d86d4ba-c888-43c7-8666-99a6498e5fc5
13002,fd214fb4-0aec-45d2-8f14-f02a3fa8d90b
13003,c53e4332-c8d1-4e73-918f-79ff2455f20e
13004,6a6189e5-cbb7-477f-9ab8-203e3a140979
13005,2885ab80-df26-4677-a219-50375c118e30
13006,fdd5a75a-d915-4039-bb86-8d35252b117f
13007,5211bed8-7e45-4104-9248-78d15ce6b387
13008,f2b2b65b-3655-4fa1-9143-95720368e1ab
13009,4fa17ecb-f874-4f10-91c7-a01c29126fcc
13010,0e71f1f3-4034-4e62-8870-0953c8c83e6e
13011,a8d0360e-2d00-45f3-8b10-36897359b521
13012,27c5efc2-59d3-4ec7-bf97-c66a5ff3cd96
13013,6e574f25-61ee-473a-a505-539cfef66ae2
13014,287f49b7-35fe-4e52-b08f-474bb98687b5
13015,192cd418-b034-4bf7-89b3-2f50e88bfe76
13016,5faecaf0-1fe7-4e15-b209-838c6384d3b2
13017,bab1d083-9cc7-4591-a655-552c8b96f6dd
13018,e8eb8151-fed9-4541-9d4f-2e081a94c735
13019,3187b381-8a2a-4b85-af66-fbe8a952b9be
13020,ce176689-b2e7-4341-af5d-6c01ec649898
13021,70684f28-52ef-41ce-9683-bfe04880d147
13022,8f1c0c78-b3ec-427e-b0a4-9c24645a544c
13023,5d13e439-8ea2-444b-913b-d5f4b36fd502
13024,0f513b2b-8b69-41cb-b492-86949f2bd487
13025,f37c1ffa-1177-4540-bc18-bff63d36c0d6
13026,5d6dc194-a8ae-4ec6-b5bd-ee55fdc74913
13027,b7920c94-13e1-41f7-9761-3d038f855672
13028,a42e5a00-68fb-4874-9b76-6ce835bd9ea1
13029,1312722c-afe2-4108-9d32-e5b21e51f9ae
13030,4e05eb4c-59e5-4db8-a587-0b061d5a8645
13031,73d9e14f-a808-42b5-aee3-b338fd2fa454
13032,4032d4cd-ed9c-42d8-8b1c-f3e99b454078
13033,77fc6e43-cc4c-46c8-a38f-185777f9f4fb
13034,80857ca1-4e2e-43f5-bbe3-52fb0c7287cb
13035,19e8d01d-7323-44c6-b3c6-c673edb195e9
13036,8da499a6-a386-4795-8746-a69f802588c9
13037,4d602162-5270-4ec7-a0f8-2df9c8580d7e
13038,ddeba946-757d-41e2-afec-dfdf10746512
13039,6fc26ea8-8d3d-463f-a626-d73a033665a9
13040,e946cba4-5b06-4200-86e6-f5a5c7c345f1
13041,f89f8a15-31b1-4ae3-97da-1fce5749fc89
13042,2e30c27e-da03-4eed-9c94-63a8aa8fcf2b
13043,09b1a797-dff6-4e18-b632-a52c50a32885
13044,7c0bdcb9-bd44-468f-8695-110790577823
13045,d7d1612a-fcba-4d00-a077-8a7e0c00c8dc
13046,97946161-104c-4b27-a357-4a5fa985f80a
13047,9d2eb688-8ef2-4578-8859-439415895dfd
13048,9b2dbb7b-1a93-402e-ae22-16e229064e3f
13049,57e4b0e7-32d2-445a-9cdf-48fad4fce257
13050,5b444c02-55d7-448f-b7a5-262f762b22c3
13051,4ae54963-b618-4f5e-a1a8-f9f828b44c71
13052,c16f1dc9-fa33-4541-9705-e2c11842df49
13053,594e94b8-077a-45f4-91c2-11da8033b807
13054,def9f684-f029-40a6-8cb8-8c9c3b140f3a
13055,caca27d6-6510-447d-bdcc-4a741ebe1f83
13056,72e4956e-0be4-40f8-a571-ceda9b9ef26e
13057,b1f0379d-21ce-46d3-a8fa-a0fc40118e39
13058,8ff47d3f-588b-4933-991f-165d220ebb4c
13059,5ed6e49a-88b4-412d-b468-07e033da2505
13060,6fa67a12-8bec-4430-acab-3495db572490
13061,2bc785cb-6126-4222-9fdf-d11261efceb8
13062,f72a2b07-dca5-42a4-83a3-ead6318946c3
13063,1835a8a0-35b8-44f2-b8fa-a27932ef7392
13064,47e874a3-26bc-42ae-ad0e-5d9263e53de7
13065,47ade0d3-73fa-48ed-9735-6067b0d64320
13066,fd53ddd0-fdb0-4cea-a66a-847f1bed41b9
13067,362ee430-10df-4092-addc-1d263045f484
13068,ec4c42b4-9005-43da-a884-b099ca59ff4b
13069,07437b69-b8ae-4ee9-9715-b35b18198236
13070,8c81ef15-ffae-4618-be65-d349b6793a6b
13071,713e6216-ecbe-45e2-a6ba-7a3264bf3cb5
13072,bf4641f4-3094-4f7f-be7e-8b13113f8916
13073,83c2412a-e294-4f28-8892-7a50f42449d0
13074,66108130-a331-455a-acbb-4fc3b9a5f6d2
13075,a422dbdd-e946-436b-a42e-f5ad993ed4a2
13076,5df0f0dd-dfc2-4980-867a-90c721ac4a56
13077,650932c6-d84f-449f-aea3-a73fb928be1a
13078,b3a7a523-8eca-447e-900e-22fb5ba2354d
13079,45bfaad0-7ed4-42c3-9bfb-940ddee9cff1
13080,ffbb264d-1c20-4afd-a6a0-93e0bb831b92
13081,df3dde5b-adaa-43c6-9038-4b4cbb15110e
13082,73bf4d21-e47e-44f5-8e8f-a10e0b81db72
13083,274875e6-6dd4-4d51-8508-282b6db86609
13084,7a850fa9-673a-48f5-9094-953c3815e3ec
13085,3598ea86-c5b5-46c1-8a11-3907e6c0c035
13086,6f7624f8-a957-4c34-8b0b-cc50e24b9459
13087,2b54bb46-dffc-467e-b7e2-392f3feb78e0
13088,e7f1cb4c-d4c5-49ce-afe9-ae6673a4f619
13089,7b38941e-53a9-45ad-b235-cee450482c3c
13090,bfcb0060-6e92-4b7a-a539-627a56cd22ef
13091,23e2c7b6-2922-4717-a4a0-761875e3cdfa
13092,77dc1179-b784-46a7-b551-c4010c96227f
13093,42d69d5a-9cd2-4d4c-bce9-6ade152e4a0a
13094,6475ee55-ea41-407b-80bd-a6f74b7b135f
13095,3b2a9982-2672-4212-89de-43ef68411ad8
13096,234f5330-7d8a-42ca-9e0b-cc484701fcc5
13097,486c31c5-60ca-40b4-aaff-7c228a4515bd
13098,bafcf2a1-fa40-477d-9a14-9df2f11c690f
13099,6afea476-24d3-40d6-8ffc-7a9c0ca5e5c6
13100,481aa7c2-f08b-46fd-a7c4-564365fc0c49
13101,efbab3a6-b4f2-4d5b-bffb-52b508c36657
13102,d6f5955a-a799-456e-b619-bf2634b70666
13103,83b3ba9a-996f-43bf-9fb6-f3f873bac942
13104,e1036beb-7036-4051-baca-a8dde05659e0
13105,56affcc1-7563-4121-a458-b84240e362e5
13106,47610dab-0752-453d-a163-c584169d560a
13107,1549de6a-d644-4ca2-a1ca-d1c87fee3d6a
13108,48dacc75-a50e-435f-9d34-9958716022eb
13109,f6ce23b5-f84b-4072-a5d1-77e5bee437c8
13110,94a49e3a-8a2d-465c-8693-9ea99a5e1a3d
13111,286663f3-b11a-4bfb-8d7f-5173fc30458c
13112,56559c51-31e9-4d89-a00b-589ad8e3e14d
13113,e56ae35f-3331-4766-9807-1f7e6c8101f1
13114,4ccc5602-b383-42b3-959b-c58616b05333
13115,be7b7af0-92f4-44c9-9f75-85d37c1e1cfe
13116,4abc0955-35ac-4569-a39d-895bc78cf4bc
13117,120cbbe2-7b64-4936-bc2f-a2b6ba1901bc
13118,cc1fcc29-de06-45e7-a7a9-f5a7266127f2
13119,fe30e2d4-cf11-49a5-b7b0-61c2fa406e17
13120,bbfc509a-0437-44cd-9300-792705feb0f9
13121,fe3effcd-36ee-4ab8-9468-0de3917e9665
13122,93646828-cdbb-400d-a186-ee3f15febdb5
13123,430ab395-141e-4e8a-8e47-9a6c7df2715f
13124,fdea848a-8175-4f2c-b8fe-353a0b85db0f
13125,c994417b-caa5-4d17-98a4-bc71a655f193
13126,20b8e6c2-6471-4729-8de8-00749f0fc8dd
13127,b5e5e1b8-10cc-4afe-8871-d669dc0290fb
13128,62be5ee0-b8d9-4ece-833a-5db68c5ad084
13129,b8c55384-d28a-43e7-9cfb-76349b12e3e1
13130,420513af-2b7e-453a-b385-76205d50802b
13131,547de0fd-7eae-492c-9c88-1a176229722b
13132,e546459f-cf92-4cd7-ac88-da155959962f
13133,21d4cb7c-93da-4b86-8ac6-23b11f3d3fad
13134,bbe953aa-1a29-4e57-bc3f-f5bd7e7a7f2f
13135,b476448d-bd43-4be8-9165-9da8df292d4f
13136,292e4657-8573-4aca-9fa5-11843f66a8df
13137,a51ffc3e-97ff-49be-b858-0f61669dce6d
13138,e2d0b417-971e-4003-8360-f880f489d24d
13139,9658be6d-3712-4585-82e7-e31521ada3fc
13140,5bbd72da-2ad9-44cf-a9ea-884d05323231
13141,7dee211b-2b8c-4251-95f2-281663161023
13142,07a96d16-55e2-4456-a10f-6b4702fefa44
13143,7d60e940-5d24-4291-a37c-ac7acf57f907
13144,48151526-0bfa-4a2a-aeff-cdc938d96078
13145,160cc042-86a4-4f0c-a617-1ee780079a9e
13146,28bdc8ea-9d85-4a66-8434-f767c4b08d5f
13147,4ebabdaf-bc11-4c3a-a7c1-f93b723919f4
13148,a306bcb5-d27a-43e1-b55b-7edd4db050d3
13149,cb3d5fed-6e75-49ae-a186-83d6012b598f
13150,d987242e-68fd-4190-9388-33d69338935f
13151,f181962a-7747-43e7-882c-bd56ff9909af
13152,39c8e3fc-82c8-45e0-b977-54cc03c74b29
13153,55446d85-ab7a-4d6f-828f-4017b74f23bf
13154,a49813ba-6704-49a5-9568-97319621be1f
13155,19b39f4f-5060-4581-a259-6a509da61201
13156,dd74a613-f9f5-4be9-bbe9-b755f49bf001
13157,996d34ef-bb82-4b6b-8063-159fd373455f
13158,09981227-cd09-4a5c-a044-a78a4d0a5b3b
13159,af9984a3-ef9a-4183-a891-59a28f834f3c
13160,8fddd6e7-35a7-4104-8719-bafc4284e583
13161,6c4b35d0-238d-49e3-8410-4e4a160e41a2
13162,7c983a17-ea68-41cb-88ce-4534169793f0
13163,fedcddbd-99ae-4bbb-9f70-c5782177903c
13164,1cedeab4-15ef-4b74-81f3-8b0934931408
13165,da30b222-7a91-47ad-8846-d1496bf6b1ce
13166,feb6ead1-7228-434d-9e68-28ab7dbf4e29
13167,f17d42fe-b02b-4dcd-be4f-13ccb82822ec
13168,97cdd09f-795f-4d35-8c58-4b82a280cbf6
13169,1d23f979-f69c-405b-a241-011412d92f16
13170,def42cce-70d6-4685-9c05-20862077c6cb
13171,abc2aac3-f880-48b5-8c17-b91ba0bab386
13172,2ba969a5-bea3-4f06-827f-40475bdf87dd
13173,5f51d7cb-1c22-40a6-bb38-f7f18d85a136
13174,e4fa71e3-dabe-4d0c-b59c-cef350074962
13175,b685e8df-d6bb-4e92-ad44-d2f20e7dffcb
13176,6cc2a348-41b6-4cf7-8880-d23b13d32a2e
13177,0a45d268-d776-44da-9442-3ea64a76456c
13178,3a6b0fd0-64b9-466e-afdd-27fcfd1874ec
13179,51ecee60-30f7-46a1-a60c-de689adbaa5c
13180,7ba2accb-f918-4159-8fb0-94462696f542
13181,e096a93f-6dbd-44bd-b34b-df791d2f0b7b
13182,7ce6b01b-9726-45d2-8a47-5da984b41625
13183,96f63974-58c2-4e3e-b62f-bc3880618289
13184,ececf807-c9f8-429b-a967-d7c93af9cee8
13185,aa08d92f-b85c-4208-bac3-d4e6a449c44d
13186,8965a871-88ef-4f07-a358-8c4301dbffd8
13187,696c2435-5e51-414b-b5e9-1e3b6e0f0dde
13188,0f9ebfd6-a169-41f7-9af6-d36132e75ce8
13189,f736ebaa-ba0c-461e-b6bb-cc93c3f6da01
13190,b53a5f96-5198-44e8-b8c8-d6677439e527
13191,404622f2-e7b6-45a7-9c14-3928bbdfbbeb
13192,e66cfe90-6507-48a8-b45f-25ff82f5a62a
13193,b39e8309-885b-4efc-be9d-c3a830d62533
13194,7e8231b5-84d5-4d45-bd25-20cf69dc937e
13195,f412078c-e631-406f-b3d8-50a5bd6d3e1f
13196,8f6db55d-b4d4-485b-91e2-d30d2435ba13
13197,56de92a5-4599-4f60-a7b3-d9cecba1ff86
13198,20b00a53-f988-4c52-a7a2-3a734124df1e
13199,2ade943f-7fda-47e2-ad66-5fc85f804058
13200,629ec826-b985-4c16-84d4-47e376b759b7
13201,b54229de-447e-4fa2-ae90-3d4f8fed2f15
13202,614c4422-8030-4d38-93f4-a3306a71e81d
13203,add6b74c-0f65-4956-a836-6a68c1d164fc
13204,69bffb50-6cbd-47cf-9054-dbdf06135f29
13205,e671de1c-0577-4998-b7fa-32c174cfc171
13206,27e10f82-f718-4a97-8089-e3e702c1ee6d
13207,8388ef04-0f32-4e1c-a201-77a0620fea8b
13208,31549ce9-ae60-4182-a9f2-156b99fd5306
13209,da9742a6-08f4-4e46-8b7e-de621fa9a11c
13210,72a32364-a820-475a-bcb7-848acc5b9cb1
13211,12a522ad-2ac3-404a-a413-133dc36072a6
13212,19c388dc-d2e7-445b-83a8-17c13a98673d
13213,f3291d68-d7f2-4597-ab7c-c8847b68df92
13214,d9718d54-c4b3-43a7-a51d-5dff850eee60
13215,85661555-6c4f-4a56-a7e2-6e45e8f13cef
13216,4048cd42-3287-46d2-9ad9-4337e4e85b92
13217,381d493e-3907-4ddd-8e8b-917d082bc2ed
13218,5a74631a-266e-436a-bb95-58f72103cfa3
13219,608ebd98-d322-4624-9191-b80c84b41a6a
13220,88705c6b-8441-4681-8c42-f062fda72738
13221,e4252b04-3b53-43be-990b-ef57b2e28be0
13222,58a83a0e-2261-4246-8db1-1a0e8a525ef3
13223,39646e13-aad2-4adf-b425-a9eca52b936a
13224,4371de9b-89b5-4585-80e9-33da7ec9db8d
13225,f40cd602-a8cc-4eff-8696-2a483e4942db
13226,2b371a46-925a-4ca8-aa37-87d4d05bdb5a
13227,77c1c275-6f9f-465e-878b-da4c6f6e1d87
13228,0071a6d0-db1d-4d40-8f89-34caf266a65c
13229,9a47ceac-943f-435c-9142-f8d1219a804b
13230,fb33fd5b-16eb-455c-81ff-1b101a5cffcb
13231,605322db-3da9-49e2-9f31-71c56e91cef2
13232,5dc6018e-49a8-436e-952e-30813a26f789
13233,0d09f235-f44a-4010-a7a0-6d6683bec458
13234,6224fb0a-646b-452d-88bf-5ba90aeac968
13235,c5dea4d7-d922-4e4f-90b8-513f6eba46ea
13236,588ce5b9-3940-4fb7-913b-b13800f44bf0
13237,f2f574bb-24c8-4d14-a434-93f07397c482
13238,e1ac9019-9828-439e-89b2-a6ad9bd0f3e1
13239,950b7ba3-0d92-451f-bf59-3b9e8f374859
13240,7f83a3f4-95c4-4064-8d38-e6c69ff8f2ae
13241,4d31bde9-9068-4e66-b2fe-1b2a5f53eceb
13242,bda5a84f-616a-4101-b032-3f42cc826d66
13243,bf066976-6b33-452b-9cbd-87285b47402c
13244,706c7c65-485f-458b-8130-0d33de731183
13245,00e5e334-be9f-49e6-a60d-85266e0c7596
13246,b2bb27ce-f3e5-415b-82ed-3c5af9f9962b
13247,6b152202-314a-4622-8f97-d6794f9b41eb
13248,dff48238-d1bd-4ad4-a1ff-7ddf9c544583
13249,9a91250f-892a-4098-9328-7c7e0943929c
13250,404581c2-d77e-409b-9814-bd662154b9cb
13251,f5bd36ff-536c-4c62-b604-cbe3725fa414
13252,1a6f7b3e-c4e7-4439-b469-b9e3d3ccab74
13253,1e3eabe9-80a5-4e62-b9b0-5ad1e35a2d6d
13254,74e57732-5022-4e00-b22a-18ac8feb6caa
13255,85ad4eba-73b0-4fe8-816b-9ee52ece03b2
13256,a6cf7b3d-7ccb-41ed-a0c8-07a4f6b6a4f0
13257,a8a9effb-7951-49d3-9340-4caf7e76d5c1
13258,e21e53da-2d97-478f-9a53-b557988092fc
13259,79b690cf-e7dd-410e-8335-6fca1c815d98
13260,624b682a-4e8e-4e24-ae36-c70e16cb3f36
13261,a665651e-88f6-41b9-a7ab-a2f4223c5d15
13262,c488f985-8d4b-47e8-bf5b-111683f67f56
13263,e6d9dd28-913f-4573-841f-81e0551dc5fc
13264,137317e4-ef0c-45e4-bd1f-22986179167f
13265,586e421c-6fe4-4225-934c-c6f42ff00441
13266,6a9e403b-0ead-4d8e-bdea-d1883647911c
13267,5d51506b-7d0d-4688-bea3-dd926c8a81c5
13268,19bae2d5-76f1-4fa7-98a9-ef2c191d549a
13269,6348ef6d-319c-4029-b6f7-15c949a388dd
13270,2413ea7d-9027-4053-8770-68d61beb9644
13271,02f0dbe5-665c-46fb-bf3e-a96ed75e66ee
13272,ab928b6e-a21d-4073-9ce4-a4ab5c9bcc58
13273,23b15b49-4f76-4922-8110-4e85e11a5385
13274,8cc4eeb8-532b-4e18-8949-f434d4d73eac
13275,ad6559a6-2280-46c0-a2c1-876dfb18ada8
13276,c1498cbf-e20b-4140-9446-e31c4ddc117a
13277,29fc857a-8dde-420d-9db5-e1622dd32fd1
13278,658b94d6-7ee6-4359-b7e7-e0cb8d165915
13279,b6f09415-b4dc-4a8e-b217-d5eea4e72803
13280,8641333a-a606-4717-8903-d0a66d5c73be
13281,9365cbcf-a9b7-4443-98b3-64288f784b81
13282,270b875b-4519-4c9b-bd24-eb7cf2bc151b
13283,8a9f2a41-5cd8-41ea-b65f-0ef008b5f9f8
13284,1f65db23-7b1e-461b-84fc-b04c15f0ff85
13285,810a58eb-b34c-49ec-80ed-376499832807
13286,d8dbc8ab-588e-447b-8425-57df0bf62a5c
13287,204fe1d6-c538-40d1-8dbc-ca09794155c3
13288,1be2e344-4f44-4041-9814-c5645f359ea8
13289,7cb4b319-f0a3-462e-aa94-38c8ada6ac7c
13290,27931c82-94d8-41bc-978a-3ff5e371e0b8
13291,1ec8f6a0-34bc-46a5-a15d-c9e427716bdb
13292,eca13a99-b288-4176-945e-370ad13db1c1
13293,93b34ef4-38c4-4ce4-ba1e-c9dd0aa9c95c
13294,984a24b8-6505-4a06-ad6d-3ff270190c0d
13295,303e121f-ab0b-4b20-8d7b-6052cd3c18bb
13296,d8b1229d-684b-45bb-bba8-c59986ac66bd
13297,4edb0b88-06d1-4d9e-a693-80fd642e35b0
13298,5211b09c-5a52-4c7d-9b21-433ba28d526c
13299,1abed12e-57f9-4b42-9a2a-b7422a363877
13300,176e6481-59aa-40e4-8d1b-ea622603ac1a
13301,41b7bf2f-b268-49fd-9139-7396614e2ccd
13302,53a8797a-e5b0-4a60-9f87-b5f74936184b
13303,c489637c-9a13-488c-b89c-db0aa2386431
13304,b03c8b95-0123-4823-8f10-43bcb89b2d48
13305,499e53e0-15cd-41c7-a8fe-cd5d50b093ac
13306,e4811f42-4f48-4629-b8f4-46915bff4d4c
13307,c66e2fb1-13f2-4759-95a2-5098114fab26
13308,7fd39987-a69c-4686-b482-2dfe03d27e49
13309,d5ac2857-80eb-4b80-a0a3-6e71226bcee0
13310,37d027fa-5453-4695-8066-d7d09041cab3
13311,3e7483ce-2dbb-4417-9b33-ce006f58716c
13312,22e7b077-4e8d-4084-88f1-40183fa5a939
13313,5523bc97-5eb3-44a9-b301-58809fd5d36f
13314,b2a38060-60ee-48b7-acd7-63da3697930e
13315,c09d7091-d751-4fbb-9e86-c91e565b52d3
13316,dbc05705-1b6a-48ac-bd4f-65d41f7c590c
13317,c03821cb-3dde-4a6b-8ca1-00d3205b2779
13318,529327c1-f79f-4478-8ad1-4c0ce839cf42
13319,92bde90a-2a41-4fc8-b461-24b8fb0bf7df
13320,d62fb90f-342a-4504-8f5b-879ba6e99e77
13321,35674a5f-2336-4e53-b7b7-b9299b0ff35a
13322,fc68a0bc-6e80-4404-aaab-34d3af81e51d
13323,606f07b7-5071-4a3f-9f4d-6fbe05074cfc
13324,1a7165db-3ead-4683-9a6a-4d8ceece01de
13325,802f7b4e-7262-410b-8ce1-65ad710eae08
13326,f335bd4d-8822-4dfe-bd9c-0096e9e2512b
13327,37a2d858-c6a3-435e-8778-55ff65b32997
13328,ddedba82-7004-4bf3-bc13-81a105e4519d
13329,0a0ed0f5-5d28-4061-81ab-8e3175dc2a5f
13330,6e48c893-0987-415c-a17a-83c0045fb63f
13331,c5359c03-dc52-42db-8f33-4d36d0bc6a3a
13332,e34e5992-dcae-4ac0-a1f5-28baf538a39f
13333,b2676809-68d8-4f3f-80f1-87ff1646a4f7
13334,6a9e3e33-24de-4c32-9fbe-468dcba289ec
13335,d25aed72-2eef-4439-8826-e56c6537f7e1
13336,b37c4a9e-3c38-4196-8945-06a24e0ef719
13337,9dec64d1-1e43-480f-a37d-fd755d2ab8b1
13338,d733d746-d089-4e47-adcb-233c3e2b915c
13339,44117346-3807-43a7-8f2a-1978cbf7907c
13340,02e6809d-0c22-46ba-81c9-fd44034eb0d3
13341,122461c0-b4a5-46a9-8e3b-2d6baeeb53dc
13342,de13e524-6747-4762-9f88-245b7f8bf5b0
13343,47688fa6-aaaf-4670-a88f-e96daf1ddbf8
13344,5a379525-0d93-45aa-b89b-0de512eff14e
13345,07513514-a472-4421-8aa3-e53282326367
13346,15477eb3-9158-44ca-b54e-26a3559d47b7
13347,40e49ae5-1d03-42e8-9dc9-329f9ab5be45
13348,f79aed35-9c5f-494f-b357-8132548e95d0
13349,200bbcec-5e27-4ef4-ad99-7a0163878483
13350,75dc43a2-3ce0-47d8-b437-0c249c26cabf
13351,a7a0bd56-bbb5-46a1-865e-123c2c1556a6
13352,14ff8a1e-9bbe-47da-ad7f-bb7423f3233d
13353,b05aa865-864e-4e42-9e50-c2d85594f495
13354,7db2bdd4-489a-49af-963a-1825a821d2d0
13355,8aae5c4f-2bc2-4ab4-998f-97e7bc945c5f
13356,b8022492-5c51-461e-843d-ee81c7aa7f20
13357,dc100443-d41f-4ad4-a8ec-a2b614a2cc14
13358,f5e49b10-fa7f-45da-ba7e-5cc892b21ff5
13359,455e25ec-b2dc-4fe5-8a32-48bbe9fe2bbb
13360,8ae7ad8f-ab10-4c31-a156-0f115c57ba86
13361,0963d649-cf6b-40d6-9e50-2271916801ad
13362,9578640b-d1ce-4e4b-8193-0b1cfa627a8b
13363,c3427170-703b-4349-ada7-1663066e54b5
13364,92d44c0b-486c-427d-85ce-5f81bddf0252
13365,022d5410-08a2-4a4d-ad8f-ff2d627e7de8
13366,985534da-2d90-444a-9a07-b84c93c71c58
13367,ce7ed0cc-1a37-4fc9-b20b-b9b761418b81
13368,d2776222-620c-4bae-8be5-5e81dab11619
13369,c8eee794-1646-4954-95b3-20a3ff541abc
13370,1edd14f2-014f-4ec7-b535-cc624978d81f
13371,331fd24f-df37-4a10-bacb-64e85a63202b
13372,20e97fcc-d825-458b-b1ff-a2ff4ff02a2b
13373,f6f087e0-87d8-46af-9c4e-ea317a465b7c
13374,f69e6657-425a-4d3b-a185-174ce6fe8ed2
13375,99dddbda-df82-4401-aaa5-f5a66af5612b
13376,c3bcc9b5-35c6-4b7b-95b6-8938aabb6815
13377,9c75af33-92bb-453c-ad3f-7f6b86a5a957
13378,24406a65-752a-49cc-bb5d-1732ab1ab9b2
13379,936241c5-0fb8-4745-ab83-a1ea9ccc295e
13380,2d2aa89b-6c55-4736-83bc-7965669a65b2
13381,5b614a24-d814-4c94-8f93-a7618e653b6a
13382,4310341e-b940-469e-9480-6ec2f2a55be0
13383,bacbcc39-43e5-4727-a2c7-b7bae716cd1b
13384,7582f570-4749-4cf3-a9cb-7e9521ac0d01
13385,a56678fb-0345-455f-99e7-9961a0aadc8e
13386,1cde3551-63ff-4713-aefe-aaeb5f4f4608
13387,bba25bec-86df-4183-80df-0816c9704636
13388,9a4cd316-e497-4fe5-b0f1-d4e4d9a5daef
13389,863f2962-15b0-4a6c-98c9-29776e9f343c
13390,b47ae1c8-c5f5-43fa-b46e-34de8f500f02
13391,9eb65a12-5809-4c2b-8d32-1afce9216ef4
13392,bc4717c5-d4d9-4278-a125-5e93928b8951
13393,2216cd33-7ed5-4195-ad05-7f8607453459
13394,beb20f0d-d8b0-44e3-9b8f-8fbec8c3adb2
13395,611f66f6-551c-4581-8f54-833bab740fbd
13396,93c17107-ce00-44b2-9823-6d2a8c7d1a26
13397,e0a09769-27fc-41f1-84df-b288075ba1b5
13398,6852be2d-5ea6-4760-901e-2ea821993c87
13399,1eeb7eb1-9147-46ca-852c-81ec1e3e4555
13400,2a2a2a90-a44a-4fdf-a5b1-ae6f3972a61c
13401,989609cc-64e4-49b3-b779-0573a0610226
13402,df1b6518-d17e-47ff-8f31-56d1d29730a5
13403,f97f7b14-0137-4c4c-8e8f-f396926c29da
13404,6c444d61-07d5-4038-adda-2ebfe4757aa1
13405,48dbc676-89dc-417b-b00f-27572b763192
13406,a263478b-abb6-43ef-8509-6177eaa8958f
13407,63df347b-d43f-4318-b362-8401570999ed
13408,631f1758-0a48-499a-8cba-c0cd964240e9
13409,27a904d8-0b0d-469c-bce6-2725ae798099
13410,b038fd3b-2681-437f-bb0e-44709b62ce83
13411,66c56047-6468-4a16-8f90-3f8d9eac6afe
13412,82f6e8ee-6066-4041-9150-3bd9f9bd1b76
13413,54e04412-5e4b-4b5f-9680-6166f9cbea6d
13414,b903f9d4-0fca-42ae-a9d4-3026ecc259e5
13415,5846da45-5ef3-494b-8f69-b3bf945985ec
13416,3698ba76-7aa7-42cc-acc5-02bf6bd14355
13417,7ecd875e-4e7a-452e-8620-43d8ab1d4bff
13418,3624bb90-0d4c-4591-aa7f-331ec039b089
13419,32e43b85-2a67-46d4-862e-7ba6cf204d8a
13420,48943ce6-af47-4b8b-9b54-49e9b3b13db6
13421,d5f3d826-0b92-4172-a40a-44ffeea16be2
13422,77aa53cb-3836-4c41-b4ec-387fc2204bcb
13423,054051da-df2f-4868-a3c5-7936c81585fd
13424,5aeeb1ed-c151-4a20-9b94-c28adf671aad
13425,42661800-1985-4c58-b4b1-c296607aa670
13426,bd760dc6-ceeb-402f-92de-954fb310ec29
13427,8efdcc55-ef03-47db-b043-ab25bb7aa7a5
13428,4e577e4c-d107-4567-a097-57a109895497
13429,11a0a510-706a-4126-a4c9-bab0c152bc18
13430,f1efdf12-a611-41bc-9c44-788416058b6a
13431,77ae9ee6-4e5c-46c9-9e32-4c2240392f61
13432,ee56f8fd-17da-4109-b0b6-c8ffc5a66a81
13433,66237245-3e8c-4751-9678-108acc948f7d
13434,91b6b12c-c51f-45af-9346-53f5b4ce3b07
13435,ea6952b5-3920-4eb9-86e9-c376e199d593
13436,f8764fcd-1f35-4e5c-8d68-73d692c89dc7
13437,171b10d2-5e34-4e5d-b5d2-d5925fbf7817
13438,69682ba8-9f71-4c87-8962-a8c956ec2580
13439,9602b3a3-61e1-4994-bb86-8ee93a8d9125
13440,2cf06ddd-16de-4a86-8f46-b01020bc0c77
13441,a921a358-ca41-4d84-836a-14aa2207129a
13442,4cae10d6-cad5-4547-a036-49fad103b63d
13443,83b7e16a-22a7-4eaa-98e3-48ef65616dc6
13444,49ff711e-692b-46a2-967e-741fa2660f11
13445,c90bf418-1dc3-41c5-abda-dd10f5ed1b06
13446,a2178a46-ff9f-41ce-9388-041a83b53efd
13447,c849e641-738a-4ef5-aab1-af04fc52d475
13448,074e5bb7-9e9f-4974-87a6-6a08ccf04268
13449,c8efffd5-785a-4c1f-8ea6-a5291c1522f7
13450,f2d2a9f4-7b0c-47df-a730-a3b02396856d
13451,733d96b5-271a-489a-bc6f-2c0955960732
13452,4482cb79-2336-45d9-81a8-2f09564a0ff5
13453,a875a604-059b-4d2f-bd08-05d538823a99
13454,e690d873-b031-4745-bcf8-c9c49bd29b71
13455,3fc6d3f8-13dc-4da7-b609-f73b190f8590
13456,b7711b8c-7b1a-4130-881a-b984fe8a8314
13457,904661f2-e1ed-4355-bc1a-5b2eb51a6605
13458,95b779b7-3421-4a61-b1f4-691eb9fc96f9
13459,9bddf8ee-d986-4f0a-974c-5c3bca15467a
13460,1c4304eb-dc60-4bf5-9618-15ce988b6958
13461,a851303a-4da3-467b-a702-e8e71aa29566
13462,95a9d334-c052-413a-8318-56f97fd8a768
13463,786d0def-27db-4556-b5b5-5ac00e24379f
13464,cd44fc4b-1e53-46e4-9931-ca5c22b3985d
13465,6728d4c3-788e-4a6f-9491-992f4ce5c514
13466,61e3eecb-d74b-4b14-8bf2-1054617ef620
13467,4cd45c3c-c9b0-4c1e-a751-a44faeadd19e
13468,0d1333e5-497f-44c0-9dc4-4f346192b29a
13469,ad993bfb-e4bf-40ef-8c12-c1f3e582ecfa
13470,c7ae949b-69aa-427b-b060-828007d2f89a
13471,58d9a646-efe7-481c-adb0-93fcc02f303a
13472,d664335b-0e0c-4e8f-8348-829c2c0f4405
13473,b42a1951-abbc-4f50-be6d-52f0b05ca19f
13474,532bf2a1-f73d-4040-84cd-2eadfb34917e
13475,16e2e056-86a3-4317-bcfd-7e91f8c08971
13476,5d2732cb-f0c1-44b7-911d-ae0f75755422
13477,6af0bd1d-590f-4cf7-80dd-072857b6a6e4
13478,1af95203-d881-4587-b3b0-2581442c96f3
13479,58e84edd-1f79-45b2-8652-bcc00616acbc
13480,962e98cc-ed3a-4014-833c-8bb2dc93f7f6
13481,25687b93-2bba-47e7-9adf-a5defb48e13d
13482,2761d9ca-6ed2-49d6-a4ea-4ca95411a835
13483,649024ef-8fc2-41ac-8c22-46cae34c2cfa
13484,828a080c-5371-4685-9eb4-183c9ff8e34b
13485,a7578648-1d21-4783-9499-cf47a8730633
13486,74944ae2-2e8a-44bf-b415-fd3e3067eac9
13487,9280662a-dfc6-4b31-9ece-0087e7617f27
13488,88887e9a-51c2-45de-984b-890a07ffb6f7
13489,e9565813-a7e9-487c-918f-f46be50fa6b1
13490,e7bd9f83-35f2-4776-9241-da4a5f303aa2
13491,e78db0e8-b585-4ac3-a279-177c9429f614
13492,29e35f19-602f-484a-b57f-4b2a914b3ec1
13493,e8e0b86e-6e79-40d5-abcb-9fbe6d708d32
13494,1d5658f0-1e5c-4a66-a0cb-db87716721fa
13495,fc2fc249-cbb0-4f6d-b57a-689e1ef76144
13496,11a7076d-af57-4304-b061-79f9eb67f0da
13497,e0ae1509-3be7-4285-a731-cb3b2e424bec
13498,6f29bd03-9a2c-48f7-b361-179a1b254767
13499,29b1ca44-ee50-4aa4-82a0-8edd09694995
13500,4ac6b397-6f20-4983-9829-3863f4e05e72
13501,0ee66ea9-cd84-493b-ba74-cbbe487f7ed7
13502,2fd68ea3-cd91-442a-a236-6df5c5766c00
13503,14eb37c7-00da-4391-8a26-cb616c2014cc
13504,8c7c0cb5-9db6-42c5-aece-1de46f52213c
13505,f0034345-2d4a-4e9f-9a04-63ac3d271d56
13506,bb4c914e-2d77-4483-9440-08ba89d7c1cc
13507,09da469e-59a9-4d15-aced-ed05fecbd0ad
13508,cf4016de-23cf-4bbc-81b1-64d01be4955d
13509,c439f84d-40b8-4551-a308-834661b7345f
13510,00e13dcf-c103-4edb-8324-7085667ce69f
13511,d16df1f1-313c-4e09-958a-7800a09b07c9
13512,a05aa9bc-4511-458f-a653-4061dde2f1c2
13513,fda8d205-75ca-4080-9c97-65785d70372f
13514,1d3f81cd-5cc2-4272-b09d-fef94596672d
13515,5db57ab2-406c-4349-8b06-df220e609742
13516,67a0e8de-d1d7-4ff4-b746-e1e46f5b8374
13517,f2fb49f5-8f2d-43c4-af56-4a5988f1abd6
13518,d3ddc3f3-21f7-4790-967d-9d475163ec51
13519,a3507bed-3a22-4e9a-af0c-6adae6c2a31f
13520,e45f47ae-c32a-4c4b-850a-d89edf44e834
13521,e146e24c-0850-4e9f-9b72-b03dfdb3e507
13522,7593be56-fd5a-4f2e-b57c-a33121b84c0f
13523,e538bc60-bc74-493e-bd5c-ae712b0be2b2
13524,f119f233-7957-426a-bb2b-e656916aaf46
13525,90b0a86c-7756-44fc-b425-a2cb64dd8ade
13526,9a0aea1a-a63f-4ccb-8003-0ed3a45f7470
13527,ebd8696e-b633-417e-9063-74da2bd92f4f
13528,3d58ddf9-acd8-4b17-b9d6-d195e3361e8f
13529,1ba2f38b-5c20-4f37-aeab-b8db7d7f1899
13530,6f99c0a5-d914-41d4-835e-661f70d5196b
13531,8305967f-cfaf-4f66-bd4d-7a2976d344c0
13532,e37dc2fc-8b23-40d5-a980-7c3ff49801cd
13533,a761667e-a4bd-46ea-9bfe-bda39af9a22e
13534,79786311-4c8d-4e14-a32d-b0cb6b2b4dc4
13535,f1323d8a-b18e-4f67-8fb5-9c7a98a385ea
13536,f6fafac3-527b-46b2-9dc8-cfa119c84050
13537,a1fd8a0d-948f-463f-bacd-bae4053aaf93
13538,f5521dfd-747d-457a-9de8-59e598f3c897
13539,7551de84-16a9-4876-8f2f-d49cc763bf93
13540,b6f4da2d-41dc-4ac1-93d4-7406564afd1b
13541,66cc6436-103b-4e8f-bda4-b15f8e276f35
13542,0a45795c-7f88-4a18-8ab5-4d85c2e20c4d
13543,d4597c42-1811-4fa0-b235-4c05f364e8c3
13544,36858bdf-8417-49ea-a68b-52593576ff01
13545,e2693fbd-e0b5-4644-bb77-157193adb479
13546,a9179cab-8047-4a79-8790-8f1b802c6de1
13547,98e8dba6-b420-4217-9f55-93584f1d53f9
13548,2c2572d9-beb4-4c6d-a223-903958270680
13549,34d67230-08ec-4155-8199-4136ab9e2245
13550,e40105f8-ea28-414a-8eeb-e8096619bcbe
13551,6345b4ba-d9d7-4f91-8c04-5b1aa710dba5
13552,e5a403f9-9bf8-4bf7-a9fc-1c3d4c72bcc6
13553,b542547b-d35c-4180-bf6d-3c005ce50582
13554,3831e0e1-b631-4f30-85f0-4a04bd130d95
13555,4a600b97-91df-4cc1-b5cf-744fae19ac21
13556,21774955-fe13-44a7-b160-3bba2958d4e7
13557,ebec0e4d-823f-4660-9dfd-216022add39c
13558,e998a0fd-a929-4e37-a224-d64a0d5835b0
13559,850ff1e3-6a8f-4700-be2d-128b55feece9
13560,527e3b17-e8ce-4499-83df-529dd2835501
13561,401ad153-b599-4f16-951b-98aa1273d5d4
13562,e923a485-a3e7-4034-9ea9-1e9f4291fd6c
13563,d852ca64-534e-4aad-bdc4-cb2b6112e52a
13564,e5c42c62-15c3-4a38-ae0c-312bfcbc412c
13565,d2154c1e-507c-4169-a9b3-b43d51045ae2
13566,0bc7cef9-5619-4ed6-9a2f-6fe7c0dd700c
13567,31086d85-4cce-4d8f-bf1b-9549823bb85d
13568,2c3c4de3-9197-4766-9084-0a84040458d5
13569,795c2ca5-6ac3-46a8-a120-277e1b2a463f
13570,ac33ad15-a6d2-4c12-b1a6-93ac85555ae1
13571,561d90a8-bf68-4d67-b88f-713780b2a41d
13572,6f90e1d4-eea6-457a-9c16-f84bb2930424
13573,3d9290d1-395b-41dd-9965-831879a12580
13574,12cfba6d-20ea-4bfa-a842-d4e6fe9aae3d
13575,078f7cf2-7bfd-4c49-afb5-92a9e4ae8e97
13576,840a83de-e1b1-49d3-9876-d1261bbfe038
13577,07bc0155-a7bd-492d-a09c-283236134836
13578,5d66de56-1bc4-4ef4-9ae8-a0ebbf0c9648
13579,52c423d3-f8b3-4508-8b28-e413a56b5c6e
13580,19f9f10d-da97-4402-99e9-e3d7d5cd394f
13581,cda7c2d0-654d-4feb-a20b-5caf8a548b53
13582,f928bf69-cd39-42d0-8105-3b220dc97598
13583,44081b94-0aad-4ede-8840-195900a01913
13584,5e9c5433-a9f2-47f0-81e2-2fd1a2f40508
13585,2e6c4c70-4542-4d66-ab39-3a886b4e4aa9
13586,fca155da-e97e-4b2c-9059-ae431e4e2152
13587,6e6946e3-7bf9-4997-83df-db571682ffff
13588,f384f4d3-59bc-401b-9187-eb1cd20ebf8a
13589,6fee2df7-a69b-46e6-8607-304fa8b51c42
13590,00d80d8c-30b3-4d7f-a9c8-66070695aec7
13591,e82f4281-d539-4807-aa14-deb1c7e73960
13592,9f0e9e4d-6aaf-48c6-bd11-b90a6fa1b9fd
13593,41cbab51-cb98-45da-adbb-0ead7f74edb1
13594,f9993d11-6403-4d6f-87ba-461746ed6829
13595,a2655bbf-7e46-40ba-b517-9f3cbd6b40dc
13596,36225ea5-674b-4c40-80b7-042f418f02bb
13597,2f5152f3-7221-4079-8848-284f63699f94
13598,9829864b-8dec-47a8-8f7a-72b31af96d7d
13599,d16d6434-e4b3-4ff1-b2ca-ce26fc646ca9
13600,112eb239-8bff-4c87-9dfe-83a01855549c
13601,c1a1173d-9c51-4807-99d8-59a04c574bf7
13602,1fc334cf-421e-4a4b-a275-b976f90cb064
13603,a23dcd16-d7c9-4dc8-8078-1d6e127c1256
13604,8f43ebbc-a937-46b3-a824-ce53306477eb
13605,d62dfdb3-65fb-4227-b572-e9d1f45f6d4d
13606,365c6be3-7fe9-4405-9d1b-db0abe6072f1
13607,843c4377-023c-450a-aded-0d4d02f7f69f
13608,596c6a5e-0230-4996-af76-a6d0e2c38620
13609,10e6abc5-6508-49f8-a9a7-4abd70426c88
13610,b5c588e2-f7fe-49c7-abd8-3af28d6028db
13611,ebb7a644-e8ca-45ed-ba0e-4fdefa4adb9e
13612,bced1220-5565-4fb0-b9f7-c7c9d7c6fecd
13613,904365ea-2d40-4b01-8421-08d9f5e12aff
13614,658ab5c6-6aac-44be-a8da-71d413d2464d
13615,8445d28b-0e1c-4550-b188-416562e3c6f0
13616,ee69b897-4558-4a99-8eb3-3a97edb966c3
13617,1bf4e074-29f5-4d84-84f1-b4456ca6a6fd
13618,a532d086-1b58-44fa-aedf-63232fbc4777
13619,6c4c8002-f4f9-4ad1-982f-35e9f42ccd9a
13620,094869a3-9ca2-48cd-824b-15f65bf1dbe7
13621,56f5157a-8d3d-42da-9da4-616fb425e2ca
13622,44855501-abb2-4ba8-baab-6e4856b78d91
13623,468df8e4-e8ef-4ebe-90fe-1989e02ca163
13624,edbed252-7893-4b00-a811-087c14fd9f84
13625,66498ebb-a9e2-4724-b2ff-3b63b39681da
13626,2f3c8786-3fdf-4d4b-8de6-78a9bbc6f310
13627,15aa052e-07f9-4888-bd54-4d2cf301f486
13628,2fbf83ed-4cb1-4a76-9b44-354258280729
13629,f6e2513c-6a4e-4767-9e4a-36c2cd5bf3e3
13630,4e10012b-adf9-4c53-b5cb-58a087799faa
13631,5e575a87-3f43-4f03-abfa-0b7941a85766
13632,64569b46-7dbe-4918-a4ff-436583a9d257
13633,1579b501-1104-49ba-aa47-8a2bad704bab
13634,b97f6d47-7b49-4900-a0dc-4f92b5965f53
13635,1a9c79de-decf-431a-989f-f5cb1e562f7d
13636,0b987a9e-39f0-4cb7-bed6-8754eb5142a9
13637,ff5c01a7-3df0-4d1d-8044-17d0d8b5bf70
13638,80de08f6-2888-4aa5-9896-2237fd11fcec
13639,6c0542fe-9df1-430e-b206-48b6d80db9be
13640,1cff3740-5cf1-4d0b-9278-fb87e3837f44
13641,c0bb946e-b0b2-4108-8ed8-a4a3a93c6bbd
13642,a6a04e76-26a1-42b8-b056-33246e4dbabc
13643,f20484a7-e564-456d-a2fb-9c0672fcce5d
13644,bf7805eb-b2f5-4c77-904f-d12ac5cdfccb
13645,63b360f1-f18b-4dbc-a9ca-7d7ded3630c9
13646,7e415413-40b9-42e3-acee-e40d6db3155c
13647,5f069127-875f-44eb-a24b-396dee3f5d5e
13648,e21fa656-bf72-4270-b550-b0679133139c
13649,f8618f02-ac23-43b5-9c1f-b1474f27551c
13650,31420bbe-94d0-42fa-9b09-d43e07930df9
13651,c1ee3fa7-c45b-4258-b5a5-ec3e6b0278e2
13652,33e5cb99-1455-4221-a89e-92260fd1de24
13653,dd8e53f7-f1a4-4e66-bae7-bd2889acdae5
13654,f04d049a-6b9a-43a8-9c35-d60441ff873b
13655,cea50344-2655-4f9a-9721-21a9b74f62de
13656,146af783-a625-480b-8eec-26976ad11266
13657,ce27c5a9-4dc2-41e4-bc82-eecbacc75f45
13658,d4e6cb4c-ab2c-4d7f-8ccd-dc522453cab9
13659,e180d49b-4efc-45f6-9117-cde1365f11ae
13660,2ede37ff-efd4-406e-acfa-5eefae3ec854
13661,ea532847-4785-46b8-9848-ebc976a5928a
13662,027bd7dd-9c12-4c5c-b0ea-38d9fc8b307b
13663,d648d9db-1043-46c8-9f02-4ca299d88de3
13664,da49a54f-2df5-404a-8e60-aac725036785
13665,e1e3879a-3aeb-4629-b8ec-4f1786d848e0
13666,ad90334e-33b0-4a65-a8ea-5d0ed0d899f6
13667,9d638544-9646-4c56-9517-dde9baceef8b
13668,2b5e0c52-3ee6-4675-b05c-ad2e79b6f86f
13669,340a06cf-07b7-4cc6-91db-e70d3cd6ad2c
13670,18d68729-d6ad-4b3e-a07a-2c14600793f8
13671,b6ce3b12-8b3b-4336-ac52-1b31da79b0b0
13672,2bd03972-d5da-425a-b19d-a109675c7961
13673,2787da3e-4dc0-453b-8d9e-da8e90d7236a
13674,cba7f2eb-5893-4d36-b510-4f966131968f
13675,4613ab44-1e29-456d-950b-477ee9eadedf
13676,2b39de2e-2eed-4645-b454-deb8102c5be6
13677,a08a897f-aea7-4f12-8977-f4677f6dbe7d
13678,b0126c02-4b05-43aa-8b96-a5ff29f93c33
13679,4e2e561d-f991-4368-af5c-109fe9603d0a
13680,e49d947b-7c48-4b3c-8022-baa0632b8433
13681,1437bef7-6deb-4c3c-81be-de2068fc078c
13682,91677021-8789-4433-8aab-c12cf7d8bad2
13683,61e0b40d-0ecd-41f0-a175-f3d32da3a4f7
13684,9f41afdf-bf95-4baa-aa75-03d71a9b4254
13685,45b15d60-0eb4-4289-b698-ed99dd53f221
13686,3cd5d258-106d-4274-af71-0d48e5d56690
13687,48c7e8ea-0fdc-46f2-87e0-ebb259e96dec
13688,acc77c58-a4b1-4435-92c1-24a58440ad44
13689,92030c36-9ff0-47f0-a253-197f76e3d494
13690,d07c8786-4dd1-4f0f-93f8-9903f048840d
13691,c3e3010c-469b-4618-b671-06ef88274108
13692,7a3889c0-f36b-4607-b371-195edd8f4a9e
13693,7a63a483-b400-4b15-8c35-33e762008e49
13694,e87678ff-fabd-436a-ae7d-6b84ffb11015
13695,b91b9cb0-1e7a-4dc0-88c3-382dcbd5b685
13696,703e6c9a-c241-4ed3-bc51-6a74d75db75c
13697,e472652c-3199-4c07-995e-69d47a07817d
13698,205128b9-cf54-415c-abaf-4f18c8c91291
13699,75e30c08-1de9-4055-baf1-0429cf985b92
13700,07bce205-4a0c-46b6-9630-4df7d3f65ec2
13701,700ed158-931c-443e-988b-162a67f1a988
13702,265dfab3-92a9-4baa-8bf3-c61d67215d4d
13703,d964e96b-c8b8-433a-8472-afa0de4947a6
13704,255f66da-f55b-4247-a429-4f4964fb4d35
13705,2ca56605-d213-4d7f-a948-223576055252
13706,bda14523-19b2-4cb5-b83a-2c2e0149a83e
13707,aed64001-77ca-4a77-a318-6371aafad583
13708,518e141d-ce1a-4bb1-aa92-3596fb463248
13709,205faa56-ed23-47a2-9550-b68dbd6f1b19
13710,779ec75e-8ebe-4c53-8164-662349f07d78
13711,282a87da-3ec2-4279-b5e7-c00b7a16b18e
13712,bfd145ca-1981-4413-9911-4eae13e70033
13713,7db6d184-ea7c-4819-bd34-1b88593325bf
13714,77d1b7ec-a623-4f07-8ab7-fa7d67e7a536
13715,3e185002-bcab-4ec9-bf28-90f019fdaff8
13716,fbe7f5f7-840f-4f9b-89ba-7d14bd22fc5b
13717,33daf5e6-f1c9-471d-903f-637bb7633fea
13718,384d963a-67f8-429d-88b8-f7974b458968
13719,0f90da72-f9c2-4c44-9caf-2d8ca4ef6dd1
13720,39828851-21aa-44a6-9e39-16c872c82da1
13721,e7fa21d7-25cf-4fad-bba6-f0f67734843b
13722,7bc85ade-e8a7-4cb0-83ef-4013b2a8ad96
13723,b2137cb5-5c84-42c6-93d9-488e8c30bde1
13724,e96fbd47-aade-4296-beed-c4ccca603795
13725,aade0c55-1880-4e23-973d-14b7ecfa121e
13726,891d2f7a-a087-4d11-8c58-c604e3b349ed
13727,14100119-7d6b-47e3-8f52-47277de3c2a6
13728,8dfac3db-c1a8-4e4b-9fb7-23240d47a1ff
13729,6128d324-ad03-446b-9b54-987bcb6d8b3b
13730,d46aefe2-6b6a-4c10-a29d-7561fca003da
13731,59f0828e-097c-4a18-a52a-b7ce64c9d2e8
13732,2106c6b6-162f-4394-a8c8-d621a2797bb3
13733,4febca46-c4c9-43e9-aef6-00c9530201e1
13734,c91beda9-a6d7-47ba-bfa8-a1e7bba89c8d
13735,c9dd7a92-5bd3-4e7d-a340-25e710681d2f
13736,d3addc78-c711-4ee9-85fe-a56ec548f65e
13737,4c1f061f-1ebf-4543-9103-6c8ed3e5ec0f
13738,33af5f8a-fbb3-4061-b31e-f0b689926b46
13739,5e846b30-9ed0-449c-862f-4713120c0f50
13740,528dd45e-2509-4cf5-90c0-cc1dc96e0c28
13741,1b452b7c-2dcf-4a70-85d6-fbcfcde6f699
13742,d303e5eb-f2d3-4cb7-8837-309a6873097c
13743,4007843c-69c8-4f94-af4d-94bbbfe32ae7
13744,903a77bc-20d4-4742-9741-000247bbb2a7
13745,1cd6f384-998c-4702-88da-504024c81dbd
13746,ee9783f1-6306-4243-9f77-fdeda0712185
13747,fd963f04-523f-4c88-84ef-00549733a4e1
13748,ffa40fbc-4844-46ba-850b-6aaa74e0326f
13749,d737d316-23f4-448e-a39d-528fbbab9ba4
13750,93b1cb5c-0dbb-4abc-8396-94c7048f22b6
13751,28c2740a-45aa-4f5e-a058-cc3703ff8384
13752,702c3d5f-a4a8-44ba-8441-aad09e4ea3b1
13753,123e9f2d-c97c-4025-a48b-91f8f84d38df
13754,afa07d3e-3a55-4082-ace0-fbd99f662d97
13755,05e038e8-b1d3-4277-a638-65aa9eb79e7f
13756,77439a51-9ee6-4a98-a96a-53b9c375acfc
13757,3aefc69f-c026-4481-bdf9-2dc59c45ce6d
13758,4037724a-dbbf-4123-872f-8ad1a0aa091d
13759,f8422bb5-6eec-4529-8382-295c04b34ef5
13760,25593011-0123-4918-a749-a07167451a5d
13761,defea03a-6392-4324-800d-883af2d2a805
13762,450257dd-9464-4e52-91b6-983817c6fa6d
13763,0a9284a4-b97e-4046-b83a-904744b0df2e
13764,02348db0-633c-4d83-99c2-730b9259e927
13765,1ba57df3-f000-4fd9-a48f-6f1e9ea3dd44
13766,287b578e-a2ae-4cef-a27d-6083de46f5cf
13767,beef367c-a442-4aef-8afb-9774c14686bf
13768,521dbf3f-cbf2-4859-9249-b7bd1c2ea337
13769,282650c0-6622-4b55-bc63-4f47d69517b8
13770,1b949df0-c4e1-46a8-911a-50827ac582bb
13771,50a8f5d7-431d-4275-a14c-81e35ee1992b
13772,6a20cb8a-6bf6-4bab-8abc-f104483f0db4
13773,484a0e99-d698-4feb-9a92-6326e9c9a89b
13774,9bd25b14-62f0-4cb2-81d9-ef85f0169b99
13775,76d2fc89-a8b6-41f8-a89e-c99f998670fe
13776,99da78ec-ec85-427e-a65b-b3257b5c0214
13777,3fb5191f-d3a4-469f-8c0e-210b745bde8d
13778,d400fde4-122f-49a0-916f-983a83c7d433
13779,e1dfa2ee-715f-45c4-b439-563a667d3187
13780,3c3b8f6b-2fe9-4167-a874-84fd3625cc0f
13781,5855f2a8-bb8e-498a-978c-bed076043578
13782,3f5e6d7a-434e-4239-89eb-5621d3acf934
13783,227462e7-8c3d-44f9-bfb4-51ab3e5e036a
13784,614d2ef2-c793-42d5-aa12-9b73eb97ba9d
13785,4149647d-c8b5-4c74-a92a-35b87955597f
13786,95d32f33-a0fd-461f-91df-869e99428e36
13787,8aaeb467-cc42-4c3c-b159-cd6c279df950
13788,ff17a58a-aac0-46a0-ace1-a051485c6cb3
13789,905de1fd-ff0a-402c-b8d9-aa3a8a8fd66e
13790,4ee4edb7-8867-41ca-8df9-15c88ee9cad3
13791,46f58540-2054-4b79-ba2e-79978ed0389c
13792,816af514-b5f8-49e0-82c2-dc024208bf86
13793,d2470963-c3c6-451b-85d6-6511efc765cd
13794,d37f5c37-9749-4d5a-85a9-91a1b84013e7
13795,12a787b1-0ed2-4c11-a4b6-72da9f4a36fe
13796,01a0f2e1-69cd-4dd9-bf41-e68ec10cf8bd
13797,cac2d874-a93a-4dc0-8838-ea027c433fdd
13798,d847ae01-2495-4093-b225-41844ac1a9a3
13799,090ef3c3-5512-4591-90e3-b490da5c87df
13800,29748690-cd6a-4d6f-b1b5-142491057757
13801,ad964569-2608-485c-a177-0fc442f1c614
13802,3ccf849e-ebaa-4a5d-86d1-f1f77e0faf7e
13803,b1693c96-5ce1-4bd4-9ac4-9808f90ead67
13804,60ab8290-5d27-4cf9-8cee-66a56045f54a
13805,aa8b0d86-a501-4e7f-a92a-b25362b3a343
13806,1ef91fee-1f1a-4905-a9ff-ad918155ffed
13807,399db24e-c638-4f2b-8aa9-5c47e3d45024
13808,fbc13b8e-4015-4751-9732-ed0139acc798
13809,64689a76-1afd-4a2f-910e-c9bec07f1cad
13810,854e1b5b-8ab5-4b81-80e1-fec16d222281
13811,715ca6df-62aa-49aa-af44-061b35d2356b
13812,6c3b5acd-13dd-48d9-b453-70dcaeed8b0b
13813,5dec6bcc-5772-4e80-b1b8-0a16db5d07e9
13814,6f09047c-04be-4e9b-9b78-8b6d60da7361
13815,976e3575-e69e-4651-926d-33a1c28d5c55
13816,e6fe58c7-0bf3-456f-9d3e-e536d8fa43b7
13817,b7cee16e-f0f7-4dd0-af03-b9b956967449
13818,31b9ad7f-bf01-49f5-9165-bcdc842e00ee
13819,895fbf71-0741-48a1-be0e-1e15e2d068fc
13820,bd2c5a48-3568-48e2-b47a-04f93d3c5cc3
13821,2a83a2ce-e107-4966-ad46-65c3add56fe1
13822,d0772ebe-51a5-41c4-bec1-84245e626699
13823,fe9fcb3e-2d66-4440-aae6-a09d1f239895
13824,46e88862-fb0b-420a-b77a-3c4d08cf334b
13825,cd835a65-3337-40d3-8fcb-eb3d97479340
13826,5d49d8e1-a187-4fab-a7ec-598ff3388017
13827,915868b5-5058-43f2-846c-f50c795d6a2b
13828,db32670f-3670-427b-ab0a-412769aaf74f
13829,44217081-46e0-4519-9afb-5853801478b7
13830,84d8690f-aa2b-4b19-b7fb-708889e3d4a5
13831,f8b4400b-4b05-460f-8d73-ef37629cadf4
13832,aa0e57b6-3946-4e57-80ee-3daff4066e80
13833,2fa14038-e53a-4d5a-abb6-9e1ca6afbdc6
13834,9a5bfda0-7516-4dca-88ad-147c5c9ca18f
13835,d8858d98-c32f-427a-9cd2-8edc2f0b87db
13836,2cb444c2-ad66-42f4-ab2a-def596885575
13837,bf222f88-7b4c-4e96-9e3c-fd02356ff520
13838,58c69e20-4f74-4676-8db1-be265ac38fde
13839,f0efd69e-a11a-4154-9248-87e9c9397862
13840,65627a87-8726-4378-9a9a-440d21edf451
13841,15cf33a4-7314-470b-b758-0f8dbf754eb5
13842,7084b497-a806-44e6-81cd-c94559c9afa5
13843,047154d5-f528-472e-bed8-9c93bca9bf5c
13844,2934a1fb-6066-4470-b1b7-26c0f1f9ece8
13845,6c4f9e10-e17d-4197-8a6a-f96ed3f00330
13846,cb03a318-6095-44a1-863a-b70293453447
13847,c5babb2f-783d-4911-893a-63e6b7bd686b
13848,e4bd6928-8733-4700-8416-b1c7cfceb174
13849,5fb7b0bd-de24-4225-9199-0289e5afd0b0
13850,35ca7b3b-d2c0-422c-ba72-d3d7b736e456
13851,bf2eaea4-6642-4394-ba90-ed46253effa4
13852,e9be6d33-ec2b-4c2c-af83-4fcd80f91619
13853,0918b0af-22d7-44f0-9cc8-201e4ae348c8
13854,58e0e472-4381-4bff-ae57-87ef1c94bc72
13855,148388be-a376-47e6-b6b8-70a5d6f75221
13856,114ae628-7839-47b9-b94b-c58f8a656fd0
13857,ae7c66a3-9735-4ed6-9127-a573e22bd614
13858,910b02e5-dd3d-483a-bea1-a8aa3ae8a29c
13859,5b7949a5-c178-4bf6-b821-99337b511f19
13860,8d748fab-ece0-48ae-b57d-92b5b013ba69
13861,5359d1cc-ea79-4b02-aa18-9b13eab6c207
13862,a5721af7-130b-4acc-8919-2cd1f2cda24f
13863,f346f57a-c7b2-4850-ba3b-b6a5f20ce2c9
13864,854d65e3-a50a-49c7-8db5-cea72f3780a8
13865,dbe9bd7a-f42c-4862-8da2-d53a88327e16
13866,7c604d28-f2dc-4ad9-9d9b-792146aa8f6a
13867,83bbf03f-7615-4fd8-8531-a039dac0457b
13868,c6725021-9386-45e5-98e9-5d4fd056630d
13869,bae2d44d-7327-4467-bf54-424a77a5b6a0
13870,0719306d-3e21-4dbd-b498-c1781d00f798
13871,ea6e3329-7945-4b13-8c75-7fe1e4225039
13872,15ca9cc0-1163-4a26-a3c9-da2a21d60e48
13873,e6e43a64-a9ad-45ea-b1a8-dc62d604ca84
13874,c2f5c9f2-890d-4aad-9bfc-8af500eb0eac
13875,3c033622-2f6c-49c6-967f-151d8db2aff2
13876,5c89e770-b2b3-410c-a78e-4b59240997d8
13877,ea027f6f-b0ae-4d61-9f05-fb784ff04de3
13878,2c5305f5-c9a2-4d5f-8072-fc54b30753e9
13879,d00c2f08-4ab3-4b4a-a519-9b03d09b9ee4
13880,89a5d016-a936-443a-baf1-ac07c2cd8136
13881,beeda189-889f-4f7b-be67-1c23230f0e42
13882,e303ff99-ff4f-4604-8a0c-023da63333c1
13883,de6f6e8b-e0e0-4745-addf-a8fd450ac693
13884,e59e8920-b0d3-40d6-92b2-0d917df24fa7
13885,7e13aa61-3ab2-4b3b-a7e4-c6f3d1e8626e
13886,130d122c-f516-48cb-a024-65111ee69da3
13887,7bf0a5a4-d4d5-429f-8db0-bf191200385e
13888,ac106ee2-386b-4098-8264-f1fa70b1dd4b
13889,24f6e0ff-01dc-4380-ba27-b3a893ba8d0c
13890,95abd4db-285f-49b4-836a-21963c8047fd
13891,885c7f92-d3f7-4c0f-a737-48e9197dda7c
13892,68c2be87-e4fa-41f7-8db5-3ad1a98253d5
13893,2d16404c-dab8-43b1-843c-6b06427cfeae
13894,7e64f3ff-d316-49b3-9d8d-647023d06093
13895,28424532-7f36-4d42-a14f-b78ff69e0be1
13896,4d973322-eac6-4b4d-96ee-09819ca40d2c
13897,c3315979-6a24-453f-821f-03bb3591b813
13898,4a50855e-6e23-4e7f-ac1c-76b28bdfdfec
13899,4f72b1b1-e7b5-4395-8d96-c607c1acd9f2
13900,dd6b0303-f8dc-457e-b86f-2b00ddddb3f3
13901,3444ff61-2aa7-4b5e-9f57-327005adb63f
13902,9210f7c0-3288-49bb-b892-07769950b463
13903,262b43c5-5f4e-4af3-824f-e7a809da967d
13904,8022651d-b61d-4096-ad34-ecbb7082c039
13905,ce0ea80e-564f-43e4-812b-78abd3c01b47
13906,6985fac1-2a23-42ee-8092-5025213eed40
13907,9f293389-eb28-46a9-8319-0217ee2652f3
13908,d9ec6196-a89a-4c39-b7b0-9c3a5eeebb52
13909,b4efeed6-97b7-4677-ba12-5e91b4728a15
13910,845bf013-b8af-48ad-865f-eed8a9146869
13911,b2b523c0-1778-4e6a-92c2-2469b083f223
13912,a34db546-52f0-40df-b5bc-232744c91c79
13913,30374c92-e41f-4e1f-9ad0-2d752d2f204e
13914,0990e3d1-58b0-483e-b60d-fea6538213f6
13915,2a896538-f93b-4971-b8c4-9d5e9bcb45ff
13916,f5f4abcb-b767-449d-93d7-bf3aef5574c0
13917,dc542144-097b-42aa-8c07-9048a3fdc96c
13918,062ece6c-9ab8-4573-b95a-e56e0f88dee2
13919,35ac288f-d453-4ba6-b157-e281026e3f5b
13920,1ce90e68-bcef-4ffd-9b67-47b450a4e061
13921,439510cb-070f-43ef-8f02-1c4c8d33540a
13922,6ead1eb5-7be1-422b-b3dc-00c3839f4bc0
13923,5e2e2f4b-3055-450a-b8a9-545d69e90a55
13924,888232de-7dc8-478b-affd-6c1505ece8de
13925,3120604f-7cd1-4042-a0af-60891a026204
13926,c9825340-2ab0-4e6c-9d26-e5c0128ed186
13927,1b835234-5a92-44af-817a-b1eadc34d32d
13928,f1209cd2-b62a-4a61-bb16-f690b3a45805
13929,0291db40-754b-4027-9a53-d92f7849cede
13930,905d004a-995a-4b71-9d46-499b1c37d40b
13931,48d435f8-1d93-4d89-bce5-aff6bc8f8ffe
13932,70c7c89e-2e64-44d5-bea0-1ffec0a1cc4d
13933,d5edea70-1fb8-4f6b-9722-00478650f19f
13934,fcf191e2-8683-4f07-afb1-9aba6734c6b9
13935,f0e0f530-efdf-48e4-bd0d-1dbc3ed3321e
13936,32c4adc2-705b-4948-8384-70219186875a
13937,b165f685-4892-4046-a329-392e7b227077
13938,ff58fa16-a478-442a-93a4-a3cb1b93a4d9
13939,f1d8d29c-db37-4bf0-bb31-9c8a201ce648
13940,312e87b3-baa5-4bd2-802f-7e9f8a5753de
13941,ef369b92-130d-4d9b-97ab-1b4ad90b3062
13942,616a79cd-4d59-4fd7-bdb6-c61e35c99495
13943,90f10286-8dc6-4e0f-ae64-0b7c9880985e
13944,8d2980ef-202d-4968-9d13-228dfc48ccc9
13945,96047d9a-2a63-4255-bbec-c71b80f77760
13946,03d32426-ec26-4d1f-8c7f-b5d6cdc9b326
13947,e5346b4f-7fb2-427d-b011-909de850c193
13948,b56a3bfe-bcba-4764-bf88-9fe81f2d6c28
13949,268cf4d6-072c-41ea-8218-0ee21f2439c0
13950,a31914bf-9eb2-474d-a2ce-7fb8ced3b271
13951,5c6a748f-cb9b-48e7-b5c9-862887b72092
13952,031ff92d-c3c1-4db3-8b51-b5df3fdd7b6d
13953,c800660e-97f7-4b7d-aaf1-64845fedebca
13954,af8f74ac-fb9c-499b-9729-a649abcb4516
13955,78078c14-ba8d-408f-8080-0a14b548dd0e
13956,f183e2c4-e8b0-4dd4-b96a-3db920cd9eab
13957,3b7b9de7-8613-440e-b520-33ced38068d7
13958,bc461908-8613-4c2a-8e62-d16b4912ddec
13959,4a1f2bde-f9a3-4ef4-9711-0c6a7873d68c
13960,9fec5946-dc8c-4ed4-b74a-0cc8cb85d2af
13961,570cdc63-3854-4fd1-8e55-52ec55c24a15
13962,b0221d1b-a05a-4484-a2b2-9b3bcf06c23b
13963,3a54513a-a51f-4a2a-a021-9a1a787e7dc5
13964,8d79b28a-8080-4de5-9a1a-b85b779b11d6
13965,156eea47-4e7f-4d29-b3fa-9da71701f614
13966,9ed40945-e77b-4dd3-bb56-5816d7d3ba8b
13967,058fc1d5-b942-4fed-bd17-c6adcbcbf4ef
13968,57cd4c08-92f5-427c-8ca5-1674c96ee35e
13969,4c5a4ddd-9373-4a1f-aabb-38e519844ec9
13970,57af8989-9620-4ba7-8e26-3ce401c03798
13971,ebf91d97-ebab-4631-b3a6-a9ba5d2e8a7e
13972,88e545d9-580c-4d84-9f32-0083d103a43d
13973,578cd161-a78a-4df4-8d44-5bbe80f7fd60
13974,9cf5bc97-7ad0-48d9-950c-0da87e152d45
13975,2aa9a1c0-a1ea-4c0b-97fa-9417dcecf379
13976,a43c747a-1b06-494c-9da8-831417f15e0b
13977,cad7489f-bf0c-4596-82f6-d73ad863bda0
13978,47019ced-faf0-45e8-b400-232afaa1c8e5
13979,0939c02a-5748-4bf5-9c8a-4e10463f769b
13980,6482a728-21e9-4dae-944c-f06f444ceb48
13981,d84bebf5-db56-4bc8-8748-b15526713f01
13982,72d2d5d6-de28-4626-b65e-e6020e6d2856
13983,3a1cb7f5-5fb4-4e63-a081-ec8742241fd5
13984,873fc7f7-7b93-4d38-bccb-9c9620f84b49
13985,fa59bfc6-45fc-4397-9b85-d015c4c22120
13986,2cfd2b39-ae70-4e4c-a1ed-7cba1ed0a25c
13987,963cacdb-82a5-453c-b627-239b919aea97
13988,a5d2eabd-5730-415c-a3d6-07bf0b3ed57b
13989,dfd0da1a-2661-4ad4-b711-51720b0fc3af
13990,0a324eea-72f3-4cf2-b988-3a2b730c8f4a
13991,22625f54-db4b-4040-b5ff-2b1122caf66b
13992,4de1decc-6e4b-419d-909d-b8ca0ab511a8
13993,154531be-b06c-4720-91b1-8da9df5ad7b3
13994,635736b3-e5b7-45c9-8113-25c22f8655c2
13995,80243430-3b57-49a0-9cb5-5d4975dc9b85
13996,497ff238-cb1f-4a70-bd1d-d74f8fd247b8
13997,941ecbb8-7be9-4e94-9b44-4e5a8fbb5435
13998,d6a72467-f724-4e73-974f-5c2c28945495
13999,a95eb154-4ea6-47c1-8197-4d9f4e9e04d2
14000,c3ceb3b5-271f-4825-850e-28cead93a888
14001,1d9b2fe7-2d37-4cbb-a212-2ef736af9ac1
14002,c32228dd-4b52-49a8-95c3-b543d0bcf699
14003,dca06d79-4044-465e-ba7f-f65177f1d8bf
14004,7278a778-d93c-4de7-8e3e-f3a7e0433bf7
14005,1611f0dd-746b-4c46-a02b-15e5eed38ada
14006,1586e662-0114-448f-bda1-81b6aa230d9d
14007,08b7e75e-981e-46ca-b9a8-b6cdc7036173
14008,257d666e-ff83-42bc-83fd-df69fad11e10
14009,26d7a159-b37e-45d0-8c38-5275896f02ef
14010,2806f5be-4423-4526-bb74-65c818aea5c2
14011,6d61a306-4c53-47f5-9cf9-68e334040548
14012,2577cd69-453e-487d-8608-248a9f70512b
14013,93d76514-260f-4793-956e-eba7caca22fd
14014,527e8e22-9896-4ba7-86da-b5fe027e84ce
14015,c68cfc70-a95f-4f91-abcd-720899fdf152
14016,7baa3710-5074-4924-b9a1-f2456aad5af7
14017,7ecda0c5-d317-4fa5-a466-796988b4526c
14018,821121c3-11a4-43a2-ab4d-876c77bd8bbe
14019,df436470-6fb5-49f2-aa78-ec86abaa75ef
14020,e9de09b7-fffa-4c10-8c9e-7987cb1b794c
14021,c9271fc6-f641-4070-8502-796514210f4e
14022,ce37e785-c162-40ce-92c4-0e3e1714d739
14023,b9ba2dd5-4b71-42b5-8c27-56e92ce0f403
14024,79101e0d-e64b-43bf-a5dc-04aaebb99c14
14025,7c64ea07-c124-4a10-be3b-df4dda844534
14026,4889415e-3d62-45a6-9e40-bee56b5b57c1
14027,525aff5e-ce6a-4b52-950b-00e25b32c41a
14028,08c5beaf-33b0-4875-af49-b27b29909697
14029,c970e846-9b89-4689-bf45-007c83c99908
14030,e483eae7-992a-4880-842d-7d4a74594f4f
14031,1cab603d-2ab3-4e35-b63b-2bdfbcc4d928
14032,6b0d01aa-da50-480b-8a82-d7f625f09c7c
14033,50a5838e-e56b-4ce9-800f-8b4f15eddb1d
14034,0bcc8bcf-4867-4064-af74-24d735232d9b
14035,5abf95cc-c606-4aca-8c94-2a7e522ed803
14036,6608e9a9-eef4-4152-a2aa-e861f030142a
14037,07ae867e-a3e3-40bc-95d5-670165bce438
14038,6e613f42-73e3-43db-92ee-524de532aa03
14039,69c8bffd-46bb-491f-b259-0d351d8e2072
14040,9d2baced-44f9-496d-a925-0fd0fcfe39f0
14041,110496ed-f1f4-4291-9840-553555bbfac5
14042,3afc232d-e434-45f3-9a2c-35af1d9dbc6b
14043,65860ad4-3894-44a5-9cc7-a64d26b40d95
14044,88c1aea6-c254-4542-9ad4-0158520bb985
14045,a6ebe0c8-5049-4bf9-ad01-3b6f237d8649
14046,d7c3d604-3eca-480a-8b96-603862b8a676
14047,3b84a4ba-8602-42c7-b0e4-9ef8d91711d0
14048,c7174a6f-6ef7-44a9-9824-1c0ca9e07522
14049,cdb9313e-fb96-4616-a45a-4564d3f08dd2
14050,ecef1705-088c-4303-925a-5cea9201c7e1
14051,383f06cf-cf6e-4ac9-ba96-b0dd41fbcd52
14052,a45af58a-fd8d-4273-a97b-687ed9e6c157
14053,a2c8f502-da93-4357-adc0-7ab3b99c9f50
14054,d87182b9-22af-4752-8f4a-56f7b63f3226
14055,9456d45a-afef-47b3-95c5-773772a2a89f
14056,0f0e66ce-1268-4662-9e33-fc4669906066
14057,d6d23a26-b064-41d8-9c2a-3ce938e1d2e8
14058,d3d5c6f6-44e6-454e-bf28-26b1c84515b8
14059,d0954a20-0901-4095-9160-81f688f11444
14060,443280c4-ecdb-4d05-9f95-90281d1ce9da
14061,d2efa21c-817e-4b03-8841-d1d4c5086e7e
14062,8603c504-8307-4637-bc34-d5cca1d8f435
14063,f3b9b159-00eb-41fa-8a75-34d40b8b9220
14064,6ce29aac-647b-437a-b7c5-40b4e7273636
14065,b85fa05d-372a-4956-b2cd-25d380a81f9f
14066,abecc694-1798-4a71-a1a2-8939115e47c2
14067,544448e2-6413-4d89-835f-ee36c37563da
14068,140ebbd5-7d2e-4b74-9ecc-730e6d9ff4b6
14069,6e2e180e-ebbf-4f92-b2ba-9d3dc7667740
14070,1be16ae5-3827-4d44-b50f-f87d1c76c594
14071,ace1bc53-780f-42d2-a81f-f402f93cf0b5
14072,41d6b15b-1209-43c6-9e19-2d07fbd08167
14073,dcae7168-1018-497e-8110-6c02a92a3a90
14074,65f17dd1-520d-47c9-8ed0-20793405e95c
14075,ac514226-9440-4e80-9fcf-150043db433d
14076,fba38a58-7f70-4743-a618-98937c751890
14077,4662e430-5a91-499f-b935-4a9d275e7720
14078,310d2908-1e35-4518-bf38-29bffb3356e6
14079,c400e780-f777-4a91-98ac-2d54c4d38cf2
14080,53273f1c-6cb8-4ba9-9e8c-30e9002fe05d
14081,58604187-94ae-4232-af12-fdbfb35e1fe7
14082,de331e76-acf9-429f-9f97-b6fd82727985
14083,8c41f3c0-052f-443b-834a-3fb460155754
14084,5e8afd2e-f02c-40df-a420-840c38ad986d
14085,216d38f4-0de1-44c2-a938-136c3d46da9c
14086,51496e73-7059-4066-8786-17a8b58a9af7
14087,05c19d29-28dd-4b92-ab37-2d3720fb014b
14088,341496ba-6664-4c7c-a437-0b2b11b75bef
14089,d1924929-aadf-4237-9400-2bdfd1c76361
14090,23f6cc65-efb6-446a-8bf3-5069ad6416e3
14091,8b680777-dc4a-4535-990a-beba452cc9fd
14092,bc7b2cb0-a6ef-4f9f-a885-6012ba82d988
14093,e15528d9-5139-488c-8e8f-9d4cdfa5c5d9
14094,78cd7ad7-9231-447e-aa01-6be1f1d32fb7
14095,d9cbd138-c413-44a5-944a-0d5c017794a6
14096,f26e3237-7b94-41c1-8a99-76ec098d6017
14097,52a178de-0185-45e8-a25d-93b062a2d3c1
14098,5995dc30-314e-45ad-8fc7-4ee5b6c29c07
14099,21e677eb-f66c-4336-a510-5ac3cee1c954
14100,46d4e668-aa99-4139-92cb-0ed4e1e54968
14101,1aa0e964-2acf-4aa4-a602-3f0037246db4
14102,e5c9f8ad-a6c2-4f7b-bf0d-1a813dc0cad5
14103,1f6b6695-9791-48a5-ba7f-7fb59ae3ff30
14104,8fb07db2-087d-4eed-b796-0c9585c93542
14105,f0132036-dcdb-4358-a20a-f8f88d7ba42d
14106,111ff250-52d6-4390-acd9-a350d068176a
14107,38776def-f795-4373-9d3f-aaacb677a0b1
14108,cc1a559c-bd85-414f-a002-4b2b609a917f
14109,25da9c68-fe4e-45b9-bf1e-4d8f694e2341
14110,4c5c5d63-7476-445e-88c9-6208bfb9d748
14111,f7e62120-24f5-4f01-87c9-390769d85d09
14112,ce2a24cc-fd72-4769-bfe6-f810ea2dcb66
14113,8d620032-f9e1-4c03-a1da-7be31ed5b018
14114,8c8cd71d-ac79-423c-b6c3-31c540aecdf2
14115,d0295f12-2c96-4cae-993b-21f6770de5b6
14116,8cb06b52-b3c4-4b94-b4b8-aab004e267a4
14117,00ae8a7f-4488-4d7f-9374-1bf6f114f453
14118,c1942db3-2cc2-45c4-a785-22603042e8f6
14119,e7a76046-a010-4912-8e79-bc09aa8652c8
14120,0c8dc4a4-b145-4bfe-b9a3-5422dce238c8
14121,aef1a123-2fe6-49d8-a093-c14408e467be
14122,cd0323de-c151-416e-862a-c4a082e1c44d
14123,529a7a07-ff1c-446f-980d-693636ea8584
14124,c88d1cfc-6545-429a-b03e-7da9e530de26
14125,55a714fb-2154-4346-93e0-efb3604ad9a0
14126,86c72574-ee89-4662-b09c-4809af48cc86
14127,025aae4d-dec3-4ec4-8cc6-d09ca72ac9db
14128,277c4403-8c7e-4cee-9d6b-b53d715d34e2
14129,8a1fa363-4372-41af-87b8-8503747d0180
14130,a045cada-d0b3-4398-88a7-3312433184d2
14131,24365f11-7ab5-421b-9cd5-c070c14e6c68
14132,fc9b5179-8d9d-43a7-9182-5eb8c900bd9c
14133,19a8b3d2-87c3-4877-901e-3e3e331cdc8f
14134,b64de6e9-34af-480a-9206-54378158167d
14135,8c6480de-c168-47b8-8d45-7a96ade5536c
14136,a8549d4f-b8db-422b-8f45-ddc311b6f33d
14137,4a878e4d-4c2c-42b3-a28a-30932ea0ce48
14138,6068aae7-55cd-4e3a-bb10-06be5a0b5e60
14139,cde087eb-3328-49c4-af7f-391f2f2fc781
14140,a23e028a-f7ef-4d0a-a822-f478164a3aa1
14141,9985bc5e-f9c7-4945-9d51-027106e1d091
14142,b0cd0aab-771a-447c-8508-9d4faff0ada6
14143,76b4cc05-0e7c-4874-b795-df09b59ddfea
14144,4197c5d0-e223-42cf-a1be-0b28f3febfc8
14145,01001c44-5127-448b-acb6-5131f8ad37f9
14146,8fef870d-7a80-4fc2-a028-186b57cbe287
14147,c39459a8-8b69-4649-82a3-18bccf583c3b
14148,756d5772-62f8-4e48-9b26-fdca23b53220
14149,b09a4b54-51ea-4fde-af88-834eec51eb65
14150,68b8f577-7529-4da1-93a3-e371611c2443
14151,50cbbae6-c96d-46bc-9394-23a74dc7cf25
14152,ef858b93-9c74-4168-8f31-b150cab36d9d
14153,88ca5ce9-97eb-4ac3-ada9-19e868967bbf
14154,cd427dac-bb6d-4f96-9a25-1b1c611ff707
14155,2841595d-e421-4941-ae32-a713e23d152f
14156,606a3fbb-aeef-402c-a1d3-2d860095770e
14157,21735023-79f6-4ec9-8560-303d7c3b4810
14158,e9802b91-76ee-4a39-8a20-e209cadcc204
14159,c34fd252-182e-40ef-84ce-97660f517b6f
14160,7148bfec-4a35-4ed0-9a79-2227cb4cf1cb
14161,4728fc1a-9753-4d39-b8c3-e6aec15c39df
14162,5b5c5145-5390-44d0-9dfa-9c14883d22b0
14163,48f3e048-2bea-4f60-ab71-56c686d5efaa
14164,9c6ec79a-a370-4ad6-a4a7-5956ad981804
14165,21e33953-24e8-4490-b0f2-237ce87a6cfe
14166,e5fe7d0f-011b-4809-8d8c-20b2246b24dd
14167,95234e82-a79c-4818-910a-6030a9afddc2
14168,9acbc774-8866-459b-a6df-d7f01594b725
14169,c87dc6df-a13e-498e-a71f-1ef404399462
14170,70705d61-9b0e-4ba7-a573-6fad7c8f5786
14171,15b4cf08-03d8-440f-96d2-86996b19c42a
14172,f728f3a4-513b-4326-bc44-d21ef8a03af3
14173,4ad92a1b-f3cb-4a78-a76d-b46079f067cb
14174,f31be261-dd05-4850-a723-af5807e22bf8
14175,7a338d36-2362-4c03-904a-77bf72ea21e4
14176,807a3f40-577b-4bf3-9a5f-8ca427853e37
14177,8bef24eb-77b3-4f5e-b09a-e39cbf514bf6
14178,1cc04ba6-14e0-4824-aefe-259c4d5eff00
14179,e925c68b-ba0c-4127-bd2d-3a945f334ff5
14180,98408897-8af1-403d-8436-3fd9fb77c88d
14181,2ddfc138-7d95-487e-8b2b-a1644083af86
14182,f57482c5-c524-4c4f-806e-b7f60508714c
14183,7c37c506-8614-43ec-a1f3-b6a26d75f39b
14184,3773b33a-2501-4f54-9d8a-246208972182
14185,1e4d9f1d-a2ed-4c4a-8658-baaba8f728aa
14186,23b49bd9-ed9b-462f-8acc-cc7e9bfd909b
14187,25f4177c-fc2a-4e3c-855f-919364629ab1
14188,88c9c59e-3809-42df-9ecb-5f22be314cfe
14189,0acccb52-5ce1-44ed-af3b-1369fc36ecc4
14190,5d90cd4a-b24f-4264-9444-5b004ae444c8
14191,49f2eded-6cf3-4caf-b45b-2f2b0088fa1c
14192,0b8517ab-eb43-4ad1-9c22-60178c5158a8
14193,b4cb875b-8c3f-4269-8b8d-a9d4b79dda8e
14194,918e2ed7-4dce-49b1-bb17-e0a625fae638
14195,045e4e76-6850-49b5-9f20-cd76b9356a14
14196,7d319b7f-e5d6-4b77-be75-1e0d88fda49e
14197,95c0b127-5ee7-453e-81f5-8f4670091297
14198,88d296fe-7c63-41bb-bd0f-5569a832d998
14199,e55f5932-5931-4ed1-a11a-baa7d7b0b126
14200,5d7b8d67-fe28-4087-8d2d-aba1183475f8
14201,7e9d5b99-106e-4b3c-89c1-0763a3511485
14202,fbb49e75-0fd4-43aa-a630-ee73fec4ec66
14203,838215fe-c23a-4f59-84f7-f03424324074
14204,afcf5ec7-71ad-4761-94e9-aafd4f7634ce
14205,a317f26f-5f72-4e03-8966-5b411d388350
14206,5d3ee521-36f0-4fd9-a6ea-7edcc22a6db8
14207,baa8bc08-0c95-400f-8c4d-cf7485feb868
14208,ae685b98-e026-4e17-a623-55d0460e5df3
14209,a5df1958-9f6e-4de4-a21f-2e33816a76a0
14210,62928f5c-33f3-4cb5-b27a-bb2382d6209c
14211,28750146-0fe1-4cfa-82ac-f37c373c9cfe
14212,cfed2aba-74ce-4379-b110-7a1a8662f3f4
14213,8da29e3f-3fb6-448d-9492-1a46dd051a23
14214,a27e5aed-f954-48d2-9d87-226cda398eda
14215,2b2c926e-5552-4c00-9d92-846fb30c06be
14216,fbed9fda-1893-44b1-8fdf-035e4723908a
14217,fee7e877-e194-4f63-9f9a-215124f6a7d2
14218,95564a77-4a3a-4aa8-a990-6125a0e0885d
14219,19e960d8-1288-48be-b23f-5ee824fa084b
14220,05b35255-eade-4dc1-a8df-2fd16e2cf3c5
14221,c694d41c-6c7d-436f-94bb-e165a848fb4a
14222,6dde7a91-7f6a-4264-b10a-5636e08ea70c
14223,4b9b5f7b-7968-41f9-9501-ce74a75b0f84
14224,7e64f0be-76ba-41e8-8244-6321f2279423
14225,c78bead7-c536-4b4f-8d8b-166f0eddbe61
14226,5d1c7bb2-8311-45fb-bcee-3d684f729d8f
14227,87b07644-af04-4ee2-a11e-a689c7d5721e
14228,38f6218d-42fc-440d-be18-9932ef4f4a20
14229,aec35b39-4b3c-4da5-a68c-2780ca62ecc9
14230,63e09249-7529-4428-83d6-eaceef27d0b2
14231,29d44317-dc93-4919-93c9-6d4d2eeb6eb4
14232,5850acaa-9c8c-44f6-b403-d1511705d749
14233,9c1d2057-26e6-4003-aa91-be8fbe1f65ee
14234,04c8da05-5f22-4767-b245-a83be5a3ceca
14235,bb8f1151-b85d-42c8-9e2b-5cea38938ea1
14236,dcb149e6-4394-47a4-920d-c34e3c084591
14237,ed604d18-25bf-4940-85cb-e8fa0b980b1b
14238,089e196c-5744-409a-9297-4419ea859d75
14239,f4d33063-b62f-47cb-bc96-059a8ef2e72b
14240,99ebb4dd-293e-4f20-afa3-325373d187e9
14241,9fd509f5-7551-483c-b1e3-535dee2dcc33
14242,7cca261d-a5a1-4269-b43c-7f4ef8d656eb
14243,69cb342f-bef4-4190-ba2a-00b9465a9bbf
14244,f9ef7d2f-fe67-43c7-a753-a3d930ad7548
14245,71f2822f-dd7a-49da-b166-aad3ebe6d96c
14246,a13ad5ca-f57f-40fb-97b8-4fec5360d3de
14247,389a1596-82cc-4c92-9431-b5a94ff4ad9a
14248,62cadff3-0243-42e6-9980-a49a1b9c21fe
14249,ca4d60c8-2c35-413d-aefc-8df2b3edf244
14250,739e2ae1-8886-48ad-9398-f812eb950499
14251,e3b8d5b4-3658-4bb7-9599-fe87d646e923
14252,901c4ae7-1fe7-47df-9ae6-35125894a822
14253,d0e930f6-168a-47a5-b6f2-b10e74a372a0
14254,36b333a6-6f23-4768-88db-53cd60395a01
14255,ca60a8ce-94f2-4ea9-a93b-fc94b2a9b008
14256,cc48a176-9fd2-4057-9a2c-3707306b496b
14257,080238da-992c-4e74-93bb-9375c82f2717
14258,a269fc64-3d26-4318-8a45-2e90ae9cb635
14259,f8ff09e1-4a56-4c83-a1c1-7ef98ac470e2
14260,7207f372-1769-4781-afbf-14b171ed3c1d
14261,b276f371-c03b-48ef-a962-2402e9c310b2
14262,213d666b-009b-4764-a366-dc5ac4b6b620
14263,1c2c6450-30de-4876-8a50-78ad9e26bdd2
14264,9029474a-7607-459d-9656-b2a10fc1a20d
14265,62337a0a-498e-4cff-891d-8503c5ee3de5
14266,10da6116-e761-414f-9c8c-8a3bc8fea24d
14267,e5667e02-542b-4564-a7fb-a507d1d447f5
14268,b96c6840-5916-4805-9901-2a0537a480e9
14269,791304f4-a16e-4f34-8e00-644f643b6915
14270,2f4b1b22-831f-4355-b1b3-760b1b5b0a9d
14271,3515b6c1-374a-47cc-9832-2b69df75dbd3
14272,c6d458eb-b90a-4137-9cec-3d3bbeb0c54f
14273,a822a756-2b47-4af2-adda-00b3529b80c3
14274,98b5f2f6-7fb1-48c5-a5de-34ee6f0ca8e4
14275,2a66b2a5-2fa8-4249-82d3-67ebdcaf7c07
14276,2b067d68-2f07-4747-a6f6-1f2399913fc5
14277,c143a00e-8004-4f69-a8e0-9ab1138ee7b3
14278,dac7b39b-b764-4efa-a390-560cf88a128c
14279,a47ced56-7aaa-408f-a249-135abe0d176a
14280,ad437046-1290-4d62-b1b9-21fb2e242f39
14281,626ca3c4-ea77-443e-8fc7-e44fa92edfe0
14282,d2fc6a94-fb4e-4634-86f0-dfb8ec6fbffa
14283,ba38d317-42f0-4921-9988-b412ee92623e
14284,2b5cee93-2b57-4941-a399-24aaa5837218
14285,af684871-838a-413e-88ef-23bf4ca35274
14286,36479d4d-eb3f-43d4-98c6-32765f949c5a
14287,6d2a0e64-6dcc-4110-a4a6-d7811cb3beab
14288,95cc47f7-9b4e-4772-a7c3-567001c55fcd
14289,0855d7f3-c716-4abe-a82f-85cebe900baa
14290,6ce142fb-ff5e-4110-95b4-91d67ebd2968
14291,7dcb433d-aab5-4d81-9e06-3f18d162a727
14292,4c5b341a-be73-434e-9273-8f650b32d3ad
14293,255654cc-f70d-4622-be65-759863708d5c
14294,1b94df93-3af3-4df9-9fbb-f94d1a0e0454
14295,e4399ff7-069a-4ada-82ed-dd7b330f7a97
14296,0139c915-8d1f-49be-9faf-d21ed5f90c7b
14297,31353609-50d7-4d5e-a365-7b6ebe610c07
14298,cf7c3b86-6729-4411-8a97-c1b936efc3ef
14299,37f2268d-6fc2-4451-be53-d1d28418c5d9
14300,dee4a899-74b6-4017-899c-63e415bf8e92
14301,27acf53e-cc4d-4f1f-b345-f14aecddc980
14302,4eb7844c-7eff-4bd5-a897-fa1d99942d19
14303,99f987ab-c786-4be4-8b9a-a7ff5606b339
14304,ca359855-a3ea-4877-9d28-723f7e682a72
14305,1ab64e03-1721-4982-bb9f-52273b152f55
14306,fbeeb447-8380-4e3c-943b-ed6889d225f7
14307,55f4850b-e584-4394-80db-4e9549cbcfa7
14308,5943cfbf-2c73-4435-948d-72cc41b6b002
14309,0d79c02b-9041-4c92-9798-0f75f099bfd6
14310,04419102-7303-4071-93e4-df8dd4eb8bfd
14311,dd665ad7-4c86-431f-9a3a-53e9c6788406
14312,d4619f5b-684e-42bc-a819-e0eb0e42a8d9
14313,263ba635-64de-47d6-9ce7-0fc76a612e90
14314,4f2b7361-8b21-4747-9163-74d6fb0fd8ea
14315,d2a85656-5b8b-49b0-988d-f0f6f12d667b
14316,86caa643-21aa-4818-9f88-585429fe33d4
14317,af787a33-49fe-4a70-89de-0baff8fe871f
14318,45b2b36d-dbb3-4878-abe3-fd10682ba45a
14319,13aeb346-014f-464f-a6f0-bee8b376f265
14320,f9fb674d-ea59-4a35-9320-9238303a5f9d
14321,d3d776d7-72f3-4ab9-ab89-60d658fde362
14322,51d152fc-cb2d-47ab-b84a-6b9843e8980a
14323,f6f6b397-8c9a-4ba4-9cee-451c1e733ca7
14324,01c1cbf1-a358-4639-86cd-58894c40edc2
14325,d6e6811b-80c4-448f-bf00-33e71ff0a814
14326,00cf32dd-c650-4ea8-820f-96a9e2d7a0ec
14327,82f1e080-d5d7-408f-b520-8bf0dca33c08
14328,f99345ab-bd63-432f-a439-d6fc183830f9
14329,cc102b04-e0e2-4299-bfdc-e134b3cea3a5
14330,ddda6d16-82df-4035-9d80-1e1e9d939883
14331,e5bd21dd-f659-4e3e-b001-41e1775e22fc
14332,0a53e9dc-0a75-41a0-9dfa-78b7484b5018
14333,73614933-bf3b-472f-bb3e-b245a7cd40d4
14334,27ef2423-ae01-40ce-babf-a62b08e33ca5
14335,f5c0f784-5ce8-4f88-b9fc-189ae984f8e1
14336,50ddbf1a-25a7-46e6-bbfa-d1d0b559af0e
14337,a171d29b-bfa9-431e-98f8-f27cc35e7ada
14338,8c6fe75c-2be5-4933-b7c5-be1cde8ca989
14339,01093e6a-b576-4c6d-89c3-fc0d87b8b325
14340,b72e3147-c091-4e76-9334-7bea2b7281d5
14341,1b757e01-2edb-4fff-97a0-a2e8256421b6
14342,38656ecd-5438-4294-8af8-305aa116a2bb
14343,c6d322f0-6851-41ce-b068-a97410f43309
14344,7f0658bd-7415-4b90-b8e8-593af8302ba5
14345,e7f40126-335b-4667-ac8d-45acd7a2cf28
14346,cdaa6233-25ca-44cc-a619-ab4d50054642
14347,2189885b-6ae1-4bf8-a4f2-3efb1b93f113
14348,aec39712-f8a7-4d97-b5a5-c12902f34677
14349,83fcf490-54b7-4b83-95d7-1d0be034d4d4
14350,0b60b055-133a-45b6-a128-c51be2ae3638
14351,d496e1d1-e0b5-4ed2-9271-b5d443332f47
14352,24174560-832d-4edb-8ebe-03f00c9fcb61
14353,5143f166-7a45-45d5-814c-e23dcfd9ac22
14354,55889816-a3ab-4fc3-acab-1adea605b81d
14355,d9c8fe84-1a31-4fd5-ae19-93cd03e99629
14356,c1cbe003-e7ab-4916-b384-b4931d07ac59
14357,f761cb55-cac3-49b0-8708-3cb8211c2d33
14358,df744899-c0ea-44e8-85c9-6afa5549b6b3
14359,acb9ca78-36bf-4ba1-ab05-fb05378ef161
14360,579ae5ce-012d-4007-adff-050a7e579a6e
14361,f468ddfb-984b-4790-86fd-4e04dba695a9
14362,05d63972-ed38-4cba-b2b0-a394486c0297
14363,7b45277e-4a78-4782-b205-7fd712d1173e
14364,f20bc88c-1efa-4d7c-9a8e-c4a7800d984a
14365,6b8a6a21-e01d-49b1-b5b4-c69cab20eb09
14366,e8f46294-366a-41d2-8a3f-a055d9dd31b6
14367,699e8260-3e99-4ba0-9729-b0e3e38f9c37
14368,4703cac9-5ba0-4559-aab9-de14aaa6da94
14369,362f827d-b4a8-456a-897b-5834001788cf
14370,f5645db3-ff3b-4faa-8ab6-95e3e8459001
14371,d37d0a93-29ca-4779-94f7-3f237e4fad68
14372,107c14da-9a62-4b0b-9395-600134d7669c
14373,2a5e9eb4-e33c-49b8-94da-d849720523c7
14374,337d0e48-120b-4d7b-a124-b2d2097323c9
14375,954a5425-72e0-4be3-b093-c0917de006ae
14376,f122a986-d219-412a-9760-961c0ab20b0a
14377,12b27478-d5fc-4b9f-9e1e-77af953e33ee
14378,11a6a95e-c348-429b-8823-982567b8fcea
14379,c56e793d-d7cd-4666-8e50-a7c36d57a7aa
14380,50f83b68-4924-428c-82e1-543fe0ab20d9
14381,af6786cf-49b5-442a-97b6-bd19703c3ac2
14382,5c67af9d-11f7-4ba7-8b50-8ddb0d82ec76
14383,86233d71-36c6-4899-bedd-5b1762e56375
14384,802b36d3-34e1-4544-93a1-d5fe3a1cc151
14385,896415e7-f0c9-41cd-98f8-b0190395c186
14386,bc58d7cb-5aed-467c-8ba0-466cdcb4485f
14387,8d8ac0e0-6d68-458e-8dda-c55c2fe49d64
14388,e3edae75-f093-4c0e-a8a0-dd2d6b90a00e
14389,069a2dad-0b06-43e4-9072-3b61558b282d
14390,09e920e4-f03e-4c84-b0c8-bb416f77896f
14391,beea384f-e2a2-4408-a508-818c2df50263
14392,b8ffcf5f-ffad-4852-aa32-0b8b5fec463b
14393,1d8f9045-ae69-4550-ace2-315fc765e6f7
14394,c9527bc2-72fa-4d45-91ff-7facc46e9deb
14395,370dec23-0ed8-4f0d-800a-156847ef6e71
14396,e104219d-e668-444e-8509-b0872e74ff53
14397,fd623669-1bbf-4dc5-b656-93e68454cd75
14398,7b5eaeee-dc57-4262-9b6d-973e4ec5d577
14399,37c59db8-6f96-42f8-bca3-7a11214a37ca
14400,d9989481-33e0-427e-8b28-71c73efaaa57
14401,8774fd25-8a98-4ca8-bd31-e637020c659a
14402,33d52f15-c995-4221-9f1e-1168be6c4cac
14403,acc099f9-ea41-4546-8643-a88a6be23923
14404,9dfa3257-1290-4089-8775-96c7efded6c7
14405,2c55facf-f6b1-4eeb-9fba-8adbdcfe12b7
14406,b1b63f8b-4a7f-45ab-8666-301e9d9da3f3
14407,d7d75db1-f035-4d4f-93cd-865f6a97f514
14408,f7a4aec3-ed8a-4fc6-b34e-472d4a827880
14409,294f81f6-57ae-41f8-8029-fb61665c3636
14410,33f45b95-73d1-46b4-99ea-1c3abb35ea25
14411,9fff5e14-8a66-48c6-9ac5-c53acb6799e8
14412,1334d13d-4a3b-4b67-ae3a-bd9a6afcddf4
14413,0cd8fb78-e97b-4c66-a59c-a553a1ce1634
14414,56c25096-197d-4dbf-b91a-51795765844c
14415,1a56a881-fc88-4024-a6cc-cc7e953dd964
14416,171e3ae5-9fa7-485e-92cd-9b0989793f9b
14417,e25a5c58-0875-4df2-9884-6ffbe42fa341
14418,1b3b2cce-003e-48a0-839c-210cb790e4c4
14419,e6b6c44a-b5fc-47ac-bbef-eec34234252a
14420,392f047c-3624-4b73-afe1-e13823492973
14421,46bc11f9-2d2f-4668-8e43-2464cefcc5f8
14422,05949e53-3490-44b6-b6ff-6678447d4baf
14423,fe8ba0a0-67bd-4941-88ec-4dfec7605d62
14424,e107f67f-b2dc-44e9-a76d-5d7b2be3eea8
14425,3ee9f861-ee20-42d2-917f-bd8deaa58806
14426,92b8eac9-8eff-45df-b337-3ffca641a6e7
14427,3ca2382d-240a-44e9-b19e-e79f9e359d3a
14428,1a8a0a2e-eb22-442b-be41-95664e7aea84
14429,b46260bd-a3fa-4118-8924-d461c76a1902
14430,7b057f66-fc12-4948-842c-d4ed982f34e4
14431,8e89bf0d-b5e6-4f5e-b632-f2be90218889
14432,c5e47ff6-71dd-430b-ae90-101a52dc3d76
14433,44417e47-bac0-487a-9784-956658970b9c
14434,b8a14ff8-844b-44a7-85f9-0cf9a0e3f55b
14435,b0553d03-80df-4a5a-9f16-e9b3b25b7f85
14436,09d9ddb7-d1dc-4978-815a-9881491e75f8
14437,82dcde41-df54-4890-826b-b0613ac02818
14438,8b18cee6-1a37-4106-854c-9eb67a611b5e
14439,a4dd5901-ec80-4c76-8b8e-5f31a1568564
14440,e1034da5-8cf5-493d-8830-7db1d6028795
14441,b9b56025-1a69-40ad-924f-49fa954d732d
14442,9f434954-bf8f-4b0e-a2d9-f5332ea3b834
14443,23b97b64-3a70-4adc-9c87-2abb331dd24e
14444,936593d5-28d6-430c-bc6b-778906f32d9d
14445,e003a5f3-6a33-40d2-ad21-34b62474d5a5
14446,4e31888c-837b-491c-8976-867a3fc5ddc8
14447,4154a8d5-f1e0-4c8e-9fe6-49230c097dcb
14448,7cda5c75-0621-42b8-a02e-d9afa2146415
14449,57665c00-0fd6-4d6e-95ac-ea217f9218c9
14450,99470c64-84f4-493d-8e7c-6945e790daa7
14451,d42dd110-ce46-4468-8fc2-dffe9055343c
14452,b5ac5c39-50c1-489e-b445-8a0c0cb7d02f
14453,75f8766b-7451-41ea-a39d-8feb36c15064
14454,83c4b7ac-7cac-40e9-b6ba-f76e8dba4bf5
14455,72c723ee-a96b-4f7f-92c2-1e391bed0f0d
14456,b4ff8e0d-4bf7-409f-b303-6fe914a97011
14457,83bdf5ac-0675-44dd-8c8d-3a11849a13f4
14458,ada3784b-f924-48a4-9787-7f33f6b9d105
14459,fc695d63-0866-488b-a6dc-2b77bc6b6ffb
14460,0b8eea79-0dc6-4fcc-ae69-47e849ae904d
14461,4492cbde-3b3e-49f5-9e5e-3ce35e42c1d9
14462,ab71f7aa-cec6-4d5f-bffa-214383bdba84
14463,19fbdb7b-78c9-41db-9dc2-c8b84d068c19
14464,e509bfc3-a131-424a-b149-1f54c28d1d08
14465,8b4cc8c7-352a-44e6-aeeb-36b351204a49
14466,10fe7a37-5175-467a-b67b-54fd64effadd
14467,c280f9e1-3010-4cb7-8cff-ff2dc2db6ba0
14468,1f0d03b0-34c0-4d59-9732-a3fac9ecc0bd
14469,0c35b668-d68b-4e98-91d4-d78c816031b7
14470,2764ca36-073e-46ed-8bde-927afbf6aabf
14471,5e276bd9-3c7a-4f82-96b4-c97f27ee9a90
14472,9f000405-16d9-4128-a7a1-eb5004d806dd
14473,a281a736-73dc-4ee5-80f7-ebcf05477d75
14474,8b995f7d-827a-4eb4-a738-1cd0a5b43461
14475,8c1011fa-bba2-4a9b-939e-54e957a6d26e
14476,428f2083-43a1-4d31-8f49-6e882d90f037
14477,afdf734a-505a-433b-8688-7bfc1f08210d
14478,fe7a27a9-7965-4e60-ba9c-03bd25a125a6
14479,3268ecd2-90f3-4a5a-9b38-27b54ddb702f
14480,fdcd210e-388a-4974-95a7-a13608f58ba4
14481,126205b2-d207-4cad-a59d-7fd7d3f5063b
14482,b76e70a7-d770-43b1-a633-c80f461be7c9
14483,a303145c-f7b5-4daa-98ba-d75c43795a7b
14484,a8de3e38-7583-4b9b-afc5-83a0b10a502f
14485,9103af03-4b30-4cce-9cf3-21ad132aa6d9
14486,78e46d06-c13b-4fff-a724-f839fe0153b4
14487,d2d47c36-5a79-4f59-855f-440c0125f713
14488,b50702eb-f441-4646-9fa9-913a08cc920e
14489,fd4ddd84-9626-4632-b5c0-f5f3db2d3409
14490,b24af0cc-9c34-47ec-88ef-006d4128be74
14491,5b6d4cd1-7379-45a6-8f0b-f85a71e0719e
14492,282d3b91-6f6a-4754-b0ab-8f7251cb9552
14493,842076d0-9b1f-46fc-ab88-afa1bddb1ecb
14494,77a7333d-9c33-4854-b4f5-6ff256a508ed
14495,14e7dc8d-e416-4fea-a04b-15fbd763ee44
14496,afe52706-c3a9-4f8f-a8a9-a3b6459ba42d
14497,09a8c20a-7274-41fe-8ac5-6933e9897888
14498,4d62376d-25b9-4ca3-be2a-6b33630c164e
14499,57e178f3-ec52-4790-a20c-ed92da366ec4
14500,1eaec5e4-3525-4547-8432-bf5138adc491
14501,ec2da9d1-3f54-4d1f-82ed-31a898b8fc30
14502,38d12aa2-d1b2-4398-847d-4c3521012ee2
14503,3be94e14-3d20-4fd4-bcb0-85e9ef99419e
14504,b3446746-365d-44f6-a843-820fc2628fcd
14505,b5afccf5-9db0-4872-aa40-372c87ef0d5e
14506,91caaacc-6532-4661-89c2-7cff8c0abb6f
14507,ca598d58-06f5-4249-bc46-f4edd44b5306
14508,77156c2e-7115-4e5b-9150-a24b4f1f504d
14509,48adb262-ecc8-4199-b31e-a0b25b9cbb6f
14510,248db773-735d-4b7c-ad5d-0b8b54fc2fc2
14511,1c779293-6641-474a-9cf2-51e82c15661f
14512,35b94817-3da8-429e-b8c7-dd9806f0b143
14513,c68dc876-1c04-4e6b-904c-7cc1270549be
14514,3757d28a-78ff-48fb-aee5-bb4ec158f9f8
14515,5cbd3c19-6e7e-4eea-9f5f-01df18f45c42
14516,90adc202-485e-4804-b444-3ee9d4f71d18
14517,62dee4d0-70d3-4ed3-a8d1-fa084f0cd275
14518,b7823c2a-f04b-4063-99a4-037ed4b1a810
14519,3a0889f6-3f5a-4801-b2a3-b593a1e1c354
14520,ba8d1e5a-1790-40ea-aa61-ba4bccac836d
14521,29451c69-2405-4240-bfec-e8bdae5ff56b
14522,6cc0da8c-cc6a-4b49-92b0-7638dcf5c77a
14523,2dd37922-d10c-4ad2-9056-80676c15955f
14524,4998bc74-4d4e-4bde-965a-cc84d2dd8fb0
14525,18a864ef-91c7-4fa8-a27a-8acaa7dc427d
14526,d1df6561-32a9-43e6-9551-6dfd89ad34c7
14527,afa860fa-24a1-4c41-b598-9d3fe80759a4
14528,9e6361eb-0522-4015-ba88-efd550834a18
14529,ed9de6f4-f516-4fdc-9867-68b717ddff1f
14530,71896c36-bf12-41f1-8d42-168f17dda3a5
14531,8c974879-da07-4f6d-8cf2-9f3949131c5c
14532,8d7efcbb-c1dd-4c4f-92ec-a767007b6b6a
14533,ed3e4fd5-19a8-4283-a2a7-2c1f099b3560
14534,550aa9a4-ec35-4d3e-b305-f4e045737a6f
14535,77713247-4336-4de4-a0cc-92f1034f1cba
14536,f62353a7-636f-48ad-b02f-9f820a03fc57
14537,cf066c92-b9f8-4c62-b78e-61d8df71a0f2
14538,a4ee5d60-6048-4327-b6f0-215edebcd4cb
14539,a25f2920-6dbb-44da-b7cf-c60ec3ebd0a0
14540,312bef47-9778-4e44-b2c9-43521741c9f9
14541,e0f108b0-1ad2-47ae-81f3-116f7bf68f38
14542,423b37f6-d0a5-4373-b850-d8aa4d73a25a
14543,0a1aaf85-22a0-4bed-af40-4f92281a5fdf
14544,7fd1cbf0-8026-4136-a748-227aecf4d42d
14545,a6a8cd63-0ca7-483f-be8b-8b8580f6766b
14546,35403c60-d20e-4d07-80db-b0b86cbf324a
14547,3f2306cc-074b-4e1b-b67d-8c35e77282f3
14548,7d84a8c0-87d7-4fa8-a5b8-9319040d1131
14549,0bad215d-0a99-4a9a-bfc9-1cea1565c961
14550,ecdd9d04-4345-4b29-9e66-ed5ebfde3eca
14551,a29a1808-c586-4bac-a4b8-7801b7f04d25
14552,061db1ab-551f-42fc-8955-2faa6ce28847
14553,36128878-0044-41df-b7bd-5b466a1a8e29
14554,9cdc4355-e395-4e2e-94ec-1ebbffefe7a0
14555,967ac375-068a-4cfc-8434-b552a2739084
14556,40ffb2a1-60fd-4ea0-a288-c01533cf5840
14557,6e8ed37a-fbb4-4e39-9efd-b211be9bcb6a
14558,b52842a6-2ad8-4e90-86c0-ff5caf2ac970
14559,0db88189-e1cc-417e-b385-e8a4e7937472
14560,383aff0f-1df8-4b84-b657-f0ed4f0132d2
14561,1844c6af-bbcf-468e-83fc-33a3dfa98048
14562,198cbaa7-a3d2-4877-9d2c-57b179bb9ca1
14563,6f0c70b3-dfc2-44d3-a1ef-b5e8aa0797ca
14564,ab9fd3bd-16e4-40d6-b8c9-8c3ed6f6e397
14565,39851abb-7790-466c-b601-01fea53567b3
14566,e0a61e9f-23b1-422f-9e7c-b72cf75c6104
14567,aef2b388-9bec-469c-aa45-03eec85da3f1
14568,e65cb0fd-caba-44be-bd55-d42b5cee621f
14569,27d10521-6810-4241-ac78-a003e5d9c381
14570,540dcacd-8f19-4e91-9fb0-972a456f0962
14571,b3d5125a-99d5-427c-b081-81666d429f71
14572,6bb4cbcb-fcf6-43f7-9cae-92181fb9563e
14573,7adfbc91-38d4-4547-888a-7b2dc68e9f65
14574,0b8aa7b2-f974-43bb-b003-a210549df889
14575,19e1e479-d0c9-4e42-b1c0-71c205f37d07
14576,bd15ff48-9a42-479e-afdb-0810889aef10
14577,2e46c059-e3a0-4555-b100-81977a8112d0
14578,eb422b8c-1523-4832-8486-88d47f2f6599
14579,c71cd7f3-13fc-4e62-b705-06a0675e5d79
14580,55103d89-f27b-41a7-bdfe-1c0ba79258ef
14581,f410dd83-fe3c-4ea9-b98e-a03ebcb1539f
14582,04f5cd1f-c594-4f9d-b184-734964a59c35
14583,4002aadc-93ea-43e8-b459-0cda20e5658c
14584,78f45aea-8319-4933-87fb-6b64ab0a7fb7
14585,f871ffde-cc81-458e-894d-e93e9834fe7e
14586,eb84f96f-8c17-4abc-9410-96ac98ce6241
14587,45064071-d703-487b-9403-d36f0f7ac6e4
14588,ee2cec39-4385-4e6c-b4ca-333d6f948731
14589,1b7de1e7-3882-4406-8864-45f73a8bdd02
14590,d287ce13-a2de-4982-9c61-caaf75ffb8fb
14591,7ceb5c9e-cfd3-484d-97b6-3c92023f0c71
14592,b21aadf2-df6b-41f8-81d9-a1f19940d7f5
14593,64be8598-876f-4de1-be58-bc137c2bce53
14594,5a9da9f7-10f5-42df-b9a4-8c546393fdf5
14595,4e27052f-4eed-4bf5-84be-81b98f8ff33b
14596,0c193958-e5d8-47a0-9128-b76f5ddb1560
14597,ea2ace34-0a5e-46cb-a858-df0df48c4803
14598,1ab91a82-da1a-40cf-a84b-38067073c8f4
14599,9355098e-2eb6-4aa4-92f3-c609a4b1cad4
14600,2b0eab2b-a199-42da-94d0-3553070d575d
14601,d9e4cda7-e59d-498f-9be5-80685146d014
14602,ba3ddb2a-4c6c-430a-bb93-22adb92c7539
14603,1a28f456-da02-4850-98d2-67704937a307
14604,e33eb2ae-bbc1-401b-9010-735303a3ec2b
14605,10f3d599-2d27-48aa-8b12-94c0290b0d16
14606,b89f15c6-857a-44f6-9c2e-0009442e0750
14607,654e539a-c5d8-45e7-99f5-b19a319d7da7
14608,f300768c-e4d7-4994-abfd-760c64034cf6
14609,e953b64d-b2e2-4886-aced-524c1360c987
14610,c086914f-bee0-4c8d-a574-c6a6fc3885c1
14611,1154dc64-2e70-4754-977b-11151230b86b
14612,086467f7-8e09-4cb2-9e09-e0b3fc2a0b60
14613,96ccd2b6-0501-48ea-9686-b73340180db9
14614,73a137ab-4a2c-482c-a403-849ecf914146
14615,5affca1c-de0e-42b2-ba01-9b3634a853ed
14616,93a11bda-711c-41e6-b937-53f41eae0154
14617,d41ff04a-8372-4c93-9b73-3ed9b8cbf7fa
14618,288a91a7-307e-4717-9e47-b6f3b0660717
14619,3d41cd3d-9939-4ba2-8cad-2eef41812807
14620,5be24f04-20de-4cbe-a388-f705cbbc7652
14621,93d98bdc-2c22-4bcb-88a0-3a631097d3dd
14622,d2243014-0d29-47b8-95b5-7aa5c0d24851
14623,5485235f-97a7-4182-a5d2-27fa77c237fe
14624,44986cf8-51ca-44e3-8786-e7c536eb42ad
14625,f9882f43-1938-4bbc-9224-fab4ecc34d1d
14626,2d737f6b-7e1e-4266-a44e-2dc3151e749b
14627,47431397-1e81-43e1-b765-afa3ff177ca3
14628,58b7cb59-02a9-4cc2-b5ee-1587d5dc9c0d
14629,037f2805-c18d-49dc-b50e-bff2761d67d3
14630,7f41f935-d51c-445c-b41a-d0239290aebd
14631,f1972cc0-4b99-4eeb-8f53-a2d55a1e3807
14632,d5066046-4e85-4ff0-9185-420d0d7f3318
14633,cc03d5ef-280b-49e0-9902-7cdf6f66ca84
14634,d2fb7846-e413-4642-a252-2c8ea7b7b0a0
14635,7be237cf-af92-4307-9aa5-9fda30b5aca6
14636,6bf8b04e-4d66-4813-ba7d-3a14c9b2d9d1
14637,15e0cbae-ab9c-4237-8cdd-1a50250deb61
14638,d4fc9ccf-a727-4299-9729-89003b59f05e
14639,11dcd2e9-23d4-49cc-9db2-ad6b84562367
14640,8af5f110-fb5f-41e4-8e65-6450e08c4bee
14641,bfb7409e-9b39-4602-9d18-febd471314a4
14642,1e647d49-d5fd-44dd-900e-847545a65e6a
14643,d27f9009-4e78-4988-a595-3c99643c90ef
14644,4cb90ec6-519f-45db-8a2f-1dbc63f70b66
14645,7edb3b68-89ad-4c59-9b27-b667e14d56d4
14646,e67b3d90-c75b-4588-bb13-7cef35a1c0b6
14647,c2c09fe2-0915-4dd7-ad38-1d3f031ac3c9
14648,3ad1334f-9a59-49bd-a043-28525f3a1dde
14649,5ec76443-cde8-4f81-902a-388bc2ac0810
14650,85682912-e8c2-48d9-b97f-1d6695f11fe8
14651,872a108a-2ef1-4f60-bed7-8aaf13202ae6
14652,77e90c84-d495-4a8d-b6aa-488a135b1eb0
14653,572f9ad6-7e03-4d74-9f3b-f5e9b2ac3771
14654,70508f10-3b60-4598-bb0a-74ef15bbc8f6
14655,cc3792b7-0808-4b89-884a-309a5b02b55f
14656,d532ea98-3a43-4528-95b4-f3bf019c3f48
14657,735016e9-2cea-44fd-a109-8bc490860162
14658,7189725b-2142-44d6-8113-7c10095810a6
14659,5483ea61-be0a-4ec2-98ff-4bfade776868
14660,d29a45a1-c5b8-4833-b8fa-e4e7113de552
14661,3dbcb26b-7218-4cfd-9d8e-99e8ee6fb95b
14662,6ea57a89-b73d-4f3f-800d-f4b805dcc682
14663,b0d945b9-c52b-4eac-8d83-a331d53fa2bd
14664,c89d3fd2-2735-438b-aa4d-63417c53c71f
14665,96604a16-2246-4325-a1b3-bc0eddaa2b58
14666,0f39482d-98e7-4cf7-aa87-4abecbbd2215
14667,288d4609-5993-4646-870d-034ac41449ef
14668,0881a6dd-40ab-4ebf-a07b-fb87fd6d81ae
14669,824a62e3-b46e-4d5f-8a9e-4284af48a8eb
14670,93314e57-522c-4d23-9872-51b23e812266
14671,5828963b-f562-4cbc-9973-f6bb26cb5c49
14672,cf3ef6a8-44d3-4bcc-8bda-5ab2529ce9a8
14673,e334c183-2f6d-44d6-8e62-a3d048153b01
14674,e65d1c94-10e0-4786-9e37-f8f18fc99eb0
14675,2228ac29-7c97-441d-968b-76e8b94e92c7
14676,7775ffc4-d108-44ab-aa27-354d9b8c2852
14677,53646c1d-5b8e-45b2-86d0-3bdc00ec46fa
14678,9ed18577-57cd-4ecd-9275-4b3f109d6881
14679,129d8692-aa52-44fc-8a30-acc01f7128bd
14680,d1f7f9b4-7800-486b-8880-bb17091ad600
14681,6c5750be-6951-43fe-a84c-ed75d9d7a858
14682,b6db3b49-06d7-4779-be02-b17c61ee41de
14683,3f038cc1-8b35-43af-9064-f11cda6b7bcf
14684,7e7baadc-2193-4a1c-b53c-f3af7d092289
14685,28a6d0fd-762d-4bc2-aaf7-7a72cec2a37a
14686,2dc8b149-a14b-4edf-a564-e11728bb907c
14687,b72db6d6-d2dc-464d-81af-0060327146b8
14688,1fdc1df1-65ad-4f6c-a2cd-bfeb74f4a64b
14689,b7a6cb78-548c-4f1d-b475-053648c63d79
14690,278081a2-ded6-4b14-828c-8b6a66e029c3
14691,43280365-908d-438c-ab30-0b467dc0df41
14692,27d26e79-a240-4141-9b64-4d26a26f8ae0
14693,6e2c58fb-66a5-4c42-a0f6-b4896bae171f
14694,8ef55d70-7301-496a-ab52-c1bd4aaab19d
14695,d7c26168-e67b-4cd8-aa2d-6c0e267b1998
14696,fbac907b-ae4d-4d40-8c44-93501fe27f50
14697,24ff1a6b-9cdc-4461-b702-14f8905cffa1
14698,40b79322-16bd-49ad-9a87-33026a4a7925
14699,1460a08f-fa46-4c2f-ae06-d34608142fe2
14700,fb1a27ab-2ab6-4826-a2dd-2719531bace9
14701,d2fdbb8d-82ca-483a-931d-23f2a838e0de
14702,f35f7363-fa97-47cd-b8c1-06357ccf6a4f
14703,a8a825aa-ed5e-4d98-9a4c-8fcec04fec7a
14704,09e0fcfe-76e6-4e77-8460-743e1cc2ca54
14705,1a83a5b7-f3e8-4c8c-a85f-34493135655e
14706,d479897d-ecc8-443f-a16b-31456f2d4900
14707,74a603e6-255a-4883-afe1-057274507b42
14708,b87feca8-2e04-4fc8-839e-5ff038f58e60
14709,f82675ef-0735-4453-b4f2-f16fc613e3c4
14710,04f99b03-832e-464e-830b-1f2de9dc99a9
14711,8016d97b-b0f2-4632-97e2-cb0c17043b3b
14712,d8db862c-bbf0-4fe1-ab0b-fa63488b3687
14713,216197d0-6de5-49fe-8946-d4d2d2b491c6
14714,631a3cb9-e18e-4e08-b365-c802612bb554
14715,f16a0592-3321-4f59-9871-da84336390a9
14716,c0c794ca-16e5-4bda-a1a5-d3550b936227
14717,d2bd0dc5-b316-4326-bb0b-e36f887c0c33
14718,c75464eb-ef0b-4e09-9483-494a918b0aeb
14719,c4e2cbd9-19e9-4b8f-bff3-4e52fa2c3a1d
14720,7b16141d-654e-4cb3-8cc0-d476bc95120b
14721,bb963aa7-ffe5-40ab-85e1-3601a891d5ae
14722,29605197-a630-4c4d-a659-942f353a8fb5
14723,a46deec6-aa3c-450c-892c-7bf015bf14f7
14724,c678cd2a-ba35-4e0c-bcf5-6666544d2be7
14725,3b87ad67-d3e3-430c-a93e-fce85d0c5444
14726,ca6962c8-9d68-4f5f-bf36-c395162ea8f0
14727,3c127e22-c6d4-468a-ab24-29354d4e3821
14728,f403c696-5748-42ea-8a85-7a6a8a5a363d
14729,0482dbef-e72b-4a21-84b1-b58f251f25e5
14730,a8d404bd-fb88-4589-9135-649fd6de725d
14731,4836edc1-b7a5-42ef-9cc3-d5f48f955ab2
14732,d5bd9c17-6bb0-4d40-ae00-d1cd32c36df0
14733,857b852e-ff0e-4c83-a3a7-96e1da20cbb2
14734,b2cf1387-840c-41be-94ad-515dfc546213
14735,30624b9b-3a73-4ece-b599-1b6a9e7bafed
14736,a2952f9d-6931-4fce-8f21-b3f2f594ce02
14737,1d337730-16ee-458f-bc1b-b7b0ff646310
14738,4c9b0d68-f040-4498-b77f-977058271a31
14739,05100b08-c6a4-424e-8941-09eefa3e8eb1
14740,5f21664d-60ae-4f0a-8389-c3a2ea235ce7
14741,e78eb9ac-0a0e-4bf3-927c-2153e84683a5
14742,2b6717b1-e25f-42bb-a8b9-6474650d015e
14743,34d5ff9d-1c84-4e26-8075-d980f007f8dd
14744,4de554f6-8fba-4c4d-b690-bc9c998d4972
14745,86e5bb90-e358-4f3b-a0da-37d360cd049c
14746,25ebc8d9-5c78-44bd-a34b-3a5880d3c103
14747,fac32f8d-edf0-46d2-b9f2-ead36281c005
14748,0d83a648-f909-41bc-8ecd-42a019a03e69
14749,8bc7945a-3198-499d-89fa-ff9e4885689a
14750,441f6f4e-fe1f-4a70-a380-244f8715c7da
14751,79237157-1e3c-48c9-827e-02de92393ae9
14752,96028972-1a3b-4e90-bc46-d4b06cf019ea
14753,010ce3d4-5598-44ed-9d55-3e3dac34818f
14754,7982324a-99c3-4e9d-91f7-36388d51a5de
14755,201174e6-1b5c-4ba3-9a0c-32ce1d7d826b
14756,e306c940-0e92-46f6-b681-758c08fc927f
14757,3a2ff638-3511-4b4e-a8fb-55ff96aa9908
14758,b5635721-a564-45ec-945e-48e534f011f0
14759,1befc1b9-78d0-4146-af54-89ce1aa5cb35
14760,1b5ee430-b516-49c4-ba00-9f5d4a21c0b5
14761,d0596f98-7d7f-41a0-b546-5470a0670870
14762,89f19259-0539-4270-9854-ac30d0225d1c
14763,48dfa4c7-59ec-4235-adbc-1522f719bf32
14764,85f45b71-ac87-44a3-8f47-5d2fdfafe11e
14765,78041fa6-cce5-4582-bae3-0ab66949860e
14766,f7e3d271-28d8-41a8-b668-0f9cd3ef2894
14767,634db9d7-bfc5-4fc8-a7ce-97fb97045289
14768,47829e96-1715-4fc4-8d95-3dd4d553ffbd
14769,785fe53b-65fc-41fb-be7b-1b7d1cf5dafb
14770,35131398-6450-4a30-ab08-3316086af342
14771,03d7b5c6-2c1d-4d92-aa64-917aff2b80b7
14772,7b4b927c-0016-4eb4-9aff-374493ef0456
14773,f8159f0d-9ce7-4301-aa8a-028348970dfb
14774,f7951d07-0e48-4f49-be4e-b4312fb6ef96
14775,e4ff8895-3065-44f5-bac3-be93ff6a2ecb
14776,afd23b6b-b81f-4fa7-9426-a14d1e9bcd28
14777,85df42d4-5d94-402d-9267-f5c55d81e7dc
14778,dd643eba-b95b-49e5-bcfb-01cdf51930e3
14779,856fd604-ab8c-43d2-a6e1-8305ff1c0f83
14780,018ea2da-7daf-4802-a900-33e9b64200f3
14781,b6234e86-8104-4bfd-80aa-e53080e91d16
14782,4613ebf4-987d-478b-aa60-bc0cf47dd36f
14783,f59f0e5a-c89e-481c-a3f1-a17a4045fced
14784,6054b263-4d17-4b5e-9d38-f9bfc0d2c15c
14785,925beadd-69a7-4d08-8006-88dfec3b6a06
14786,bb542fd2-ab7d-432b-b34e-4423f6c68036
14787,c6ae67e3-9476-4c1b-970f-3c0e5c303ebd
14788,8dec778e-4486-4650-89b6-6358396d0a16
14789,84f4810d-00a0-4352-84c7-1e20ca021d01
14790,eb80d69f-b13b-476c-92ad-675c0ae12de3
14791,d882cc35-b358-44a4-bf38-4e5e90903a04
14792,a1ed1d8d-22d0-4dce-873f-e7fb7a51b103
14793,aa7c02bf-6803-4bc5-95d4-ba818c7621df
14794,d643425f-70c4-4f01-b6f6-c935482a1121
14795,e7d1fa75-a573-41b3-8f60-f85731c3cdec
14796,bedbd208-d397-4aaa-91fa-508963e9d75f
14797,f0345fde-a535-4ce9-b4ff-ac2cb75aa5d6
14798,9fdfd9a4-9b22-46b3-8d2b-5d0dbc446cff
14799,5bef60ce-d913-47ff-aefc-73f8f96cbdad
14800,a8803c51-403a-4687-bbc0-b3aaa62da9e5
14801,239f81ae-f165-4cd8-ab1b-041340a65585
14802,a5c53e04-d674-430b-bca1-8830b0531386
14803,a806744d-7201-4e60-b45d-d78170ec0950
14804,63a99b3e-bf27-47e1-acd7-65bf58b6dc2b
14805,c220bb9d-87af-4d0e-afa0-d3716ddaa38f
14806,7bff45b7-b30d-47d2-85fb-db34da52290f
14807,6eeee229-bbd6-4a92-9fd3-624bf539b24c
14808,b630c0dd-3ba4-4ff2-8e93-0a6b90fa17c4
14809,67b9a012-20ff-46f1-8077-4d47b5ef8bea
14810,27dc2ad2-4836-484b-b1f4-91f4390431be
14811,326ccf33-f5b5-45f6-b01b-8762f9bd7e17
14812,6cf3a3a5-2837-45f9-b481-2e800ebc17b1
14813,7553500a-ee02-4871-98dd-a4c52f933daa
14814,9c6607c4-4309-46be-b8e4-89ca4dc770fd
14815,d34d8b4e-531a-43fb-9bb6-74e34a9a9ddb
14816,7ed3f837-38a7-4fd5-85f5-4b199f016b35
14817,6b67453d-5aa9-4613-bc9f-b21b8dcb506a
14818,44472b98-579c-4cd8-833b-f4a9d7b4bccb
14819,b8c07f35-0ed8-47ee-b161-2caa7e309c6b
14820,1ccfd79f-c785-4ceb-ad71-854bef7a5ced
14821,cae53246-adb8-458f-84ee-cac4aaea87d6
14822,69c72c7a-d718-4e8e-ae70-d0a31019fd16
14823,88ec907c-bf63-4185-baed-23fa89d39f20
14824,f6c212d3-4cde-48f4-8d00-b12ba3ae350a
14825,1efec81a-fb6a-4305-a6d6-259a97328df1
14826,7b2f923b-bfad-4a0f-971b-61c7a972e6df
14827,d177832c-30a6-4f80-beb9-4ee8612868ee
14828,075457f1-de39-480c-ae58-f08a1564296c
14829,cdd31b2b-2778-45fd-98eb-4bb1256da071
14830,14ab4fd2-df42-4fd1-9a6c-a114110373d7
14831,5a2a2b5c-701c-4215-80f7-861f22a7e09f
14832,1d84bda6-b058-4b21-9d8f-7cd23f60acbb
14833,a105537f-3add-45e3-b7cb-f195a5fe3774
14834,ba28dbd9-470f-434a-8af6-2908501ba7ed
14835,f38fb4a3-a9db-459c-95da-044efdb39a5c
14836,8c92f991-71dd-4738-958d-2017a0070a9e
14837,a986341e-431a-4156-a56d-446b144feb4a
14838,4c972e29-85fe-4d5c-b4b4-1238646a8312
14839,07f68600-4358-4faf-ba82-717a9aea08e9
14840,96dc6466-ff8f-4541-ba67-eac8a5f59db7
14841,49b65850-e604-4a90-a9c9-785c80d4b6e2
14842,1c9b8c64-cf94-4924-aa32-93ae53c9fd0a
14843,fe6702e4-2291-4849-b7d7-6273cbc19966
14844,d137f7b4-832d-49d2-a127-d14858af3aa2
14845,ca6770ff-c49c-4537-91af-63dff92f6b9d
14846,d3873804-982c-41a5-97a0-14e999b2a3af
14847,9fcfc1af-b27d-4c55-9b69-30d59b554329
14848,9bea3378-74fe-44ee-94dc-86af010fd787
14849,0ea0258a-b01d-4dea-a5c4-0040ccd85a7c
14850,150b95f5-0f53-4101-902b-e40ae10e797c
14851,c9071e7b-f83d-49e1-a51c-00c399e5e7dd
14852,dd435fd2-94bc-4b51-a8c1-2b4df922cd32
14853,c082cd95-85ef-4535-9312-da90b0cf59c6
14854,af1ce708-04ec-4310-b3f8-649a8c99a7f0
14855,919829ef-5fda-4e89-af8f-4fe2a9d20fbf
14856,574dc509-adbf-43cb-b712-71d9e0c6519a
14857,a6403c38-c8e2-4d92-b450-35328a05e4ef
14858,e91852be-06e1-456f-8024-3512bd55f2ae
14859,2045ec9d-10e0-49f4-9236-fcd5a2958a4c
14860,507d2698-8fb9-45bc-b942-1f2d56b9464a
14861,a6261b7b-1736-41e9-9052-4bb763cba220
14862,13ff9ff0-af69-4789-ae75-3f884bd077eb
14863,8fb50ed0-b6b3-4d3a-b4e7-0af39001a1fc
14864,5d2545a0-7366-42ca-81dd-710c92a9efa3
14865,adbbbcac-1318-4a40-86d8-805a4776d3dc
14866,7b09e9be-d2ee-4d88-a276-9dec972ac755
14867,db5d8fa9-73da-4b10-b34a-27acfa9b16f9
14868,4c12b99e-86e4-4972-9432-8a2661ea8658
14869,a574f0a8-9e8a-4438-b369-ed3cfea03840
14870,856ccac0-9d12-4fb2-bf25-96ac1fafff67
14871,b44ddf2a-3045-4660-a4e4-26079770a48f
14872,32b123e2-9f42-4f6a-ac86-774fc0ad97b0
14873,fe5a493e-355b-4075-9091-dbf7bce4b26b
14874,4db34035-43a8-49f9-9191-81ef24e8d6f0
14875,51e14312-e486-4204-8333-2b26843124d8
14876,379cca79-3f72-44e7-8586-05fe0366c9ed
14877,40629938-fe39-472c-9e69-b10a347a8719
14878,920c8fdb-0d60-46bb-be31-216aaeb2d635
14879,fca23ffa-6271-4b67-87b5-a2350358aa09
14880,0e14f792-ac93-4dd7-aaed-bc01d30ab32d
14881,46601d0b-7b0e-4d34-83cf-955191e1b74c
14882,cf74ea66-701c-4a7a-a3aa-321d74feb604
14883,720a565c-81df-4b56-99ec-df4972719c83
14884,76284246-52e3-4dab-900b-6bb2e7214912
14885,982e8ef6-efd2-41db-b6df-a30a1b519abe
14886,bae1b90d-717a-49ad-b15f-46dbbc506f46
14887,8d22ce23-8400-4682-b082-b7c26ae049a9
14888,fec03916-5332-448b-ad28-51c674b74e20
14889,808bf1ed-d057-4a7d-bcde-b6374834bfae
14890,fcb0c208-bc1b-4639-997f-3f944030c5ff
14891,95a3b0e3-8ec5-45b1-b305-9d28e6c55b89
14892,2021d24f-94b9-42d2-ad14-00a02e44c554
14893,cf95a236-04f2-4296-ae03-a35999f0bc47
14894,ad42945c-d86b-4cb0-8cb1-97173d765af7
14895,8f243830-ad64-42ec-a4ce-5d735ba0f29c
14896,018e69d7-bae1-4b18-8173-3a509207f32b
14897,c378048b-6287-42d2-a8ec-69dc77181331
14898,8fe38374-4d75-42d1-8031-9a29f8041664
14899,2790d2c2-ab47-4651-9a0c-3c8f5c2bf17b
14900,9ce318f9-9ed7-4064-81fe-62b0f9929be6
14901,7336c7be-e5ae-45cb-8fc3-39c05c5b9d86
14902,f0c1564c-6ea4-4127-8b39-1ef5f0348c10
14903,07959834-9d40-41fc-a6dd-62c5b0e0dcc4
14904,6eee4947-57e2-4502-91a7-39019fc0aa7a
14905,c5d20717-bcd2-433c-b92e-6935f620db90
14906,1906f620-9925-4fcd-b3a2-1053c69eaf2c
14907,7e9c4106-4444-46e0-8c25-f3ad3df297cc
14908,92d43527-ffc0-40ac-bcf1-76c70d59d2a6
14909,f21a35ef-914a-40a7-b786-566d03f5964d
14910,710fabf4-4214-4517-8c6a-46316decde6b
14911,ac7366b9-1210-4c73-9553-5b8ef11c8e45
14912,34d39703-a20c-42d3-889b-cdf9f165b589
14913,22fc4575-a0fb-401d-8777-64cb70d167d8
14914,d266b9a5-2506-4057-a729-1b3c35f473c9
14915,309959e6-b8fc-481d-8205-bbc96c3ee341
14916,68f5e054-2c8b-4871-a920-7c3deb1f8b7b
14917,3768900b-27f0-4773-b67c-d18bc1476cd9
14918,8fa1711f-ee56-40c4-bcb2-85942ea706cf
14919,537426ad-00d3-4ffc-9e64-65289b2932e0
14920,a2f8c43f-7c62-41cb-8b6c-4cc67bc8d99b
14921,ceedacc2-18c2-4252-900f-05690e27877b
14922,28c830dd-7b7a-4385-92b5-0b33060cdc60
14923,c056d611-e801-41a6-a286-8432c7ec3485
14924,f8e6ed4f-315e-4d91-bd67-17b019dc6ffb
14925,21f31290-99ae-41cd-8cb9-cfa4f94190cd
14926,5e036a2d-fbfc-43da-a441-0d52d3a6741a
14927,ebbbbb0b-c45a-4d83-a26f-bd6cc941a43f
14928,930b4390-3567-42f3-ad59-06a71574b6fe
14929,420b4923-cf0c-4993-8f8c-d8a6865fc643
14930,176968e6-a079-4c03-998d-c1a9357fa68e
14931,7c9c2366-2297-4956-8523-5c84015d3ac5
14932,b7daa600-8b3f-48e4-8db4-71b89cb628ac
14933,84813725-7e5d-4658-8708-0bc5a3887bfc
14934,09ceff98-4f6f-4fcd-91b6-4f99412dfdef
14935,7f86cb9d-f096-4569-86c8-06394d7d418e
14936,7f4eab89-e934-458b-b3fd-9557fa620f3f
14937,f8655ed8-51f3-4a79-aa28-39a7d667c4e1
14938,25b22afb-dddb-4d52-aca3-269c8689109c
14939,6517980d-1ce9-486c-ac5e-227e62926d02
14940,793d2145-434f-4d00-86f5-1887caabfd0c
14941,abf92c08-d6b0-48c3-b059-8b9fc5f0b467
14942,20e41ba3-963a-476d-988f-ddbcb60c12bc
14943,83944ea7-fcce-484c-af7a-62b8c49747b9
14944,0cdc2c04-d62c-4324-ba08-500f2f3989e3
14945,a48d2d15-4a7e-410b-8023-6b14f22bd129
14946,90da9c61-96c4-4281-8ed5-9a81eeec5db9
14947,9f84c180-a93c-445d-8c5d-cdca417aa00d
14948,08b6ef56-1784-4cb6-8f95-6846abfa0873
14949,c88ef9df-6720-4f44-bb46-273756116bb4
14950,7800a1da-01e3-4317-a888-42e075ce0e56
14951,95d68428-bf3b-4564-ac22-26f575a3f94e
14952,39e2f426-d651-4a0d-ac66-c05c1134d2a1
14953,38f8774f-b32d-4fab-9638-27fb8dd07bea
14954,51762523-e756-45cb-b040-73d9223067a2
14955,45ea3604-e22c-40da-a674-3cd9d5293e35
14956,ea2a2df3-1f41-4c9f-ba9a-462e04dfc9e7
14957,a5005400-bfd0-404a-a024-ce31003facab
14958,a6bab2b1-d871-407d-9516-a2cd597cb27d
14959,f922ab23-c1df-41cb-afa5-e12085bafb4b
14960,01689309-b3c8-4f13-9eb4-717c25526a2a
14961,2e255f4a-a86c-45e5-b687-556daf47c830
14962,fcd515ba-d48b-4697-92b2-3e35e44cf102
14963,0816ad58-3f63-4fc4-a4d0-921ce1dee509
14964,20a7dd62-369d-4b25-8f6f-b5effdb33e1d
14965,99e56570-fecd-4088-933c-e3cbbdb723c5
14966,5c988b3b-584a-4b01-afa4-9c65867666cd
14967,b2b8ad1f-2751-484c-8c9c-bae0f19d9015
14968,f8267d63-501a-48d9-9e91-908fbc53f3ef
14969,8e3f55d1-1e28-44ce-b71c-167c071bd3c0
14970,c5d3e289-fce0-4f44-aaa3-27993b374ffe
14971,6dc9336a-2238-4508-b799-fc7c89a673c1
14972,2e03349c-fb25-48d0-ab58-df9ea15397cd
14973,f66e95d0-33fc-485d-8f6a-3d34df5be65a
14974,31a44b53-c279-43ad-80fb-01ab6fc5aa57
14975,82604d5e-54c9-4c5a-af51-8e3735b0fa53
14976,5ef4d32d-ed24-41e3-b362-db951adcb741
14977,9ad01884-95d8-49fc-a1ce-4c288e926aa4
14978,c0a9c2c7-3de2-41d6-adfa-92c3682c25e6
14979,9664093d-3696-429e-82b7-2d99f8ad6cbe
14980,d0e260e4-3626-4096-800d-17690321cd84
14981,da8fb2c2-502e-4d5d-947c-e3934fd0630c
14982,3858fbc8-f7d4-4153-9f05-acf35337c4a3
14983,49816b87-ab52-4b4c-9a49-adf37edbe606
14984,fb7ead18-d895-4b0e-a8e4-d44e3ee5338d
14985,9112b7f4-0887-4428-8d8f-762d46f5d594
14986,3698ca60-f931-4062-bbc0-8abe3c5ce688
14987,62ac3ee4-42c0-4c0e-88f3-b703fd4decf3
14988,7fb6354d-63dd-4aa3-85db-cc8549412dc4
14989,06261bef-35e2-430c-bee1-b9a0824276a6
14990,d9a2ebd0-c422-487f-b67b-281f2d8dddfd
14991,e97ffb93-4372-45d3-9f77-ae8a3d830dba
14992,16108aa3-2eaf-48af-aeb5-472da973e1e2
14993,e4148f6e-da97-4328-a62c-10ef5ac34897
14994,ba0cd575-32ed-46b7-bfe2-5eaba8f37a6b
14995,38014cda-0481-4776-9588-2e9d314c273a
14996,8f166494-b593-42f0-bcf3-8f6ab745acec
14997,46f4ef3d-ac5e-4b0e-bf59-393319151e95
14998,2d4a45c0-8976-45b4-a335-7863dbe57561
14999,a4207f21-ba6e-4af5-a5ba-b675cbf4027c
15000,a842fbbd-6543-49db-8060-ac6dc8c53148
15001,3658442d-6dda-437b-b2d4-e0203996175f
15002,09ec9b1c-76e5-4025-bd25-10a24844af45
15003,07454f83-cbf9-4ebb-bd55-33a726f03457
15004,802cec13-9df8-4113-bb3b-9932981602c9
15005,9a05fbb7-0560-4e0d-8d31-34d3ebab155d
15006,e50d629c-b0c9-4d8d-8590-1f0613000993
15007,6b9c51bf-f361-4b37-bcd9-88bf6cf82cc7
15008,a4377926-5f43-4f2e-87ea-e4e8540533ed
15009,7083b283-95eb-4c3d-8d3d-12dc65a20747
15010,2e5d5eba-819d-48a0-a2ad-f92d56514ef9
15011,1d45e407-4ba5-4e4a-860f-f36c8e68d3c5
15012,de0ca618-7fb1-486d-860e-3770b7bcc971
15013,380e26eb-9a71-4b92-b6d7-460c50d44536
15014,129c26f9-aa54-428a-9559-92894597d6c9
15015,7faf49d2-a60a-4754-acd9-21c117c3ddd8
15016,b3d28b5d-8771-46a7-8089-237908dc3c4d
15017,8d2bf062-32ae-446c-bbd8-e4f8b25e84fe
15018,68e56597-bfb0-49c0-952b-c7a9d82a0d3f
15019,5dcae619-572d-4530-afe2-287f3aa5f0ac
15020,6357c077-0875-481c-a6f4-3e5a291c1332
15021,d3d16a59-87d7-4939-8452-d8de53829f53
15022,d8a11982-0f86-4f1f-b3ac-acee3f5c6aa0
15023,48d1dedf-7509-4d05-b2e2-968e5b399ede
15024,aac877e1-2faf-4aac-98ae-dd9655b9ce45
15025,e2b5edba-b215-4451-9a85-b720a10a3fd2
15026,bbf844ee-31b0-4584-82e4-209c09238747
15027,ade54093-23d3-4cb2-b17f-c65ddc69ff3b
15028,02fa18e0-17f9-4683-bed8-f00e888afece
15029,914590ed-1bbf-484f-84b9-39cc564ca381
15030,bc0ef1d6-3d0f-4788-ae6d-f842287c7cae
15031,ffdd9ebd-70d2-48c2-b41b-0eee047f78e2
15032,d66c6148-3808-4adc-8a8a-785f95fd318a
15033,154732ba-8054-4ad9-87d8-f0e6c2aed25d
15034,5b76a7be-f143-4276-8b06-971093ae2e96
15035,54182b54-50c9-4115-9d6d-bb9795320fbf
15036,877e1b57-49b2-4d26-9fab-ff7a7992b348
15037,df91bb6f-4dd1-4719-a474-046d7cd437a6
15038,ca7d83fb-7816-4b08-bf9e-1edf8ee54447
15039,46245230-f093-4bc6-a5d4-6d5a55124d45
15040,69fbf570-bdc0-46f2-82c6-705164782830
15041,e09ffbe7-96fe-4e7c-8fab-469495f44eff
15042,54e06ad4-8073-4bc4-a4fb-26592a3e0c21
15043,998ae554-7792-4ac7-8494-e5ba84d70af8
15044,1757ea72-85b1-4774-8e05-ec3adb3cda1a
15045,7cb83e9d-e237-4718-9214-ee16fe3bad38
15046,3ec4b48f-756f-4697-9fd5-3ac7fd551ef0
15047,3002bceb-7be5-4d38-8171-d6eb72e2723c
15048,ba846ff4-10a0-4006-9d07-86dd87ca9f31
15049,bf7f8c2f-d8be-484d-bbef-ff6db9cb4932
15050,f58fb7e6-5231-4cd7-b44b-4bad205ecf03
15051,1108b883-1956-4f41-afa3-13dcc30d03f1
15052,c3017597-2327-455a-bfdc-652298fe733b
15053,c363231f-c83b-4a4a-9b4e-0b48c002da37
15054,f8eacc76-e10b-48e4-b2c4-ae49b08e7bf2
15055,271f6495-d9ef-4ea5-9013-c828d5c31de0
15056,e173c0fd-3db7-4e4f-9478-85672fa2f4a2
15057,ebbd3441-0cda-429e-a7b8-1ba235c50b44
15058,75de9e5f-15da-4a3c-ab5c-7c3bc0c85d20
15059,16bdde53-3ba0-4e6b-a956-da3351a8cc00
15060,d3c3167c-d362-44fd-88c1-a52ae70df137
15061,f02fee31-d656-454f-8a81-d38e5f1f2b48
15062,b9c3360d-fea3-4ea0-bfcb-ea1b91053d1e
15063,11e73e26-edf2-4968-9ee9-e34b9e01647e
15064,5b0c7880-eb0c-4522-9e3e-12fb62d8d0e4
15065,30a58340-9e2b-445d-bbfc-45d5c861288c
15066,f87bfa33-90ec-4417-92da-b921cfef2918
15067,f264ad99-ca25-4d64-818e-241dfb839135
15068,8e742c7b-fbaa-41c4-b63d-8a6f58a46acc
15069,f5f8b901-d0c2-42d6-850a-e167a77fee1d
15070,cd3b7017-40f6-48b0-8a07-389f5dc12660
15071,923fae12-b247-494c-9e10-e9474778c578
15072,5062b818-3748-4ff9-ac5b-67d972990eb4
15073,20316aa3-5213-4736-bcb1-a1bac42d7234
15074,c7a82c35-6fda-4237-b050-145e28cbe8d8
15075,a703cc3f-d74a-445b-8b41-d6644b8a9ba4
15076,bc154f47-dca8-4057-bf50-ff0a1b6a51a6
15077,4d091fbd-c306-4a56-b01a-da8ba6f20daf
15078,112876fb-bbd4-412a-98b5-2a835d6a8aab
15079,a57072bc-619c-4fe4-a7ca-384b61fc69de
15080,1a6b021e-bad6-4277-916f-2fcf8d0c8e28
15081,40a34482-ff34-4f46-b561-60fcc4ce03f0
15082,90b05c3f-e004-4a3d-8e8f-f8c05f613612
15083,5cf57f1d-4a05-472a-b6fb-821b94fa7d6a
15084,9130de9d-1586-4606-86d0-c0fc34f227a4
15085,bfd53b7d-e657-49dc-a9c0-4b5e91ca6d8c
15086,5b64525f-8149-4d51-abf3-68e5bc4fbfda
15087,d11d6569-40c5-4d6f-82f7-83cc4268fa95
15088,0fb307dc-fe30-4f4a-a331-aba1be2bf916
15089,07a9ae25-7ddf-4bfd-94f9-4bfa5a25fb34
15090,f19bff33-c8c9-4d7c-b9be-d9ff62dbfdbc
15091,619a97ce-2288-4143-858b-a94128180172
15092,a5b2e257-1551-42d3-a291-fcd20da1620e
15093,f02b4e6f-7728-49a5-9d41-94532b9cce92
15094,bbc7bb11-2199-4299-bffa-23e6510cf3bf
15095,b53f5e75-27ec-4b50-aa1a-12e76dcc2192
15096,7ffef5c9-0bb6-43e6-afdd-bd9531387412
15097,3042d11f-c3d8-4e68-a687-48fa3603b286
15098,262ce504-efea-4f71-a948-610c9b92bac7
15099,1d3e6701-986a-4491-bae1-88e3e253b7f3
15100,d5efb490-f11c-40e8-91ea-e2170ac18b90
15101,c34700ec-b1c7-41cd-ad77-b31b078e7bea
15102,4a132f73-b433-4fb4-a56c-e564d9a67770
15103,fbc1c9cc-fcf0-4667-b2a7-3540dcd5503d
15104,10be7633-8e57-453a-b3c0-bd15e95235e5
15105,de4e09ec-0d23-40ab-9bd8-26eb27b0d62f
15106,c2a8e7cb-a943-49fe-aee3-f09cec8a2694
15107,6ad3265d-3583-430b-9444-136bc4b0d6c1
15108,a4016817-d275-4e00-a68f-caa6d7fdc1f5
15109,ede41b91-cd66-40b2-a3b8-2712d1784bcf
15110,f564fb21-f940-4414-bc29-646412cc093a
15111,b064eb7b-e711-4b0e-b182-17bf9bc7a87b
15112,e22d0e8c-39f4-4159-ab23-13a2f85d8f35
15113,fee5b58f-cfb0-419d-af7e-4693ebe3d97d
15114,743da032-c589-46d4-91a7-a8a425e96da5
15115,922aa78d-c335-4abe-b9e4-c6ff229991c4
15116,db25f615-2a73-44b9-9ff9-0ed2de6cee8e
15117,3daef37d-7dc9-4aee-ab1e-ac4035663b8e
15118,b775edc6-5394-49c4-b236-9e038e6179c1
15119,1744ae19-7bb7-4053-b8e3-09b8d60c5cde
15120,79a8a1e3-e4aa-4511-a887-9bf6aecb6a08
15121,8620bf03-bc9d-43f9-a095-b5df6869950d
15122,8353103d-112a-4974-9270-8515b5f5deb2
15123,09fc4df5-b4d5-463c-ba3b-c4c9f6a6474f
15124,c3fd7ac6-5c85-4e1f-97e3-9d2ba54ef510
15125,10a0d995-431b-44dc-9674-3ec82268b8a3
15126,201ad9a1-5bd8-4c12-850e-06c4a9ce3e28
15127,aa1e5fc7-61e5-4a4a-9e45-32c076e5140a
15128,03ce5881-b1dd-4e5b-ba3f-bcfc928a02f7
15129,6f7ce941-945b-4792-854d-318d6b434c19
15130,400ce0bf-3784-4237-917e-056d94e24b3c
15131,cb0ad67d-4598-458a-9475-1f922a48b8b4
15132,b4a15bb7-456e-4113-be08-33787f9dda11
15133,73457550-72f3-4bbf-933c-fa54441e9c90
15134,473da1f5-b2ab-4bf7-878c-421f8a957197
15135,5b5eb7f9-24c1-4db3-b22d-6a0da66763db
15136,cf129883-cfef-4b51-8403-3b6e722df3b4
15137,c64114d3-c184-4acd-95b4-d732ad018cb1
15138,b3c8eec3-ba4f-4eea-ae3f-848a51926edb
15139,b5b1d30c-1c14-4e50-be73-5c796d896264
15140,30690327-c5c1-43b4-9f30-fccfae73742f
15141,1cce2a49-23f5-4c80-8322-91b7b9831e4b
15142,4903e457-e9df-4aae-a372-547c8918ea19
15143,7da59552-3319-4772-8a8b-58087fd68617
15144,7bfd0576-2340-4208-8764-8f757787670b
15145,ae1b5cc4-262d-4972-8614-9db0435ba95f
15146,8c2df7da-701a-441b-919e-d7ecf94361cc
15147,891ddbdf-8251-4913-b135-5411de27e06e
15148,177e607f-b652-4458-a3cb-295a0e599120
15149,23eefb5f-d59f-4c63-9c3e-de53ca190eb2
15150,e512bfe0-6289-4d21-888c-3d77f6af8de9
15151,516ba5ac-1428-453a-b79e-b0e57ee41c8e
15152,c5189cd4-1175-4a1e-8012-8081262f55ff
15153,6666cb11-cd3f-49ee-a711-204776dee88d
15154,6f736eba-b9ac-46b6-b7e0-5d2ba7f00bb6
15155,d88baf52-eb86-4e31-b399-e3f2627bb129
15156,d3f08816-2881-4245-87e6-43343577ddae
15157,4b33dbd2-c568-4c17-b659-209e0efb5b19
15158,eb86c328-ede0-4f0f-9dd0-2706d5657966
15159,e76901cf-0b4a-4f1a-ac2a-f22091774f8a
15160,64c0c514-11d0-4e26-95d3-e47a7690a506
15161,dcb77f23-5fbb-42d3-9805-1002e8b4fb14
15162,4aef2a91-b2e6-497b-bd2e-9f3364e7dd3b
15163,88f80a9a-1172-4ada-93bc-3ab0c53316a2
15164,e4c11a99-e184-4a1d-a27c-bd0df513a97e
15165,da3877ee-ac3a-4026-9f07-09adf5ca1787
15166,53389880-e558-4234-aeb2-656c4c918170
15167,f428c1dd-31f2-4b4a-aedc-9534adf8d67f
15168,daa425c9-6ddd-41a0-9668-97a0167e7c90
15169,52d493db-7ac6-4c94-a157-30c59680b0d4
15170,e536def6-ab3d-4ffd-b74c-8c7e694c0f66
15171,473699b8-5823-44fe-a1f4-642050cd568b
15172,a27cbadc-2e99-467b-a33d-578f713ea0d7
15173,e2f81811-dc8e-446c-b3c2-15a03b9c2c71
15174,61c6b1c1-4f07-412e-a58f-69a9b8a7fb95
15175,917300e4-6b63-48af-84f0-81a07b0869d4
15176,8af21db8-db9f-44f8-a3c2-7c56cb5b7b21
15177,b700128d-7355-43ba-9563-01990cc99657
15178,6e52623d-c742-4646-819a-3f3e4252b1ae
15179,1ecc9e1f-2674-4d57-952f-de3a0577acb8
15180,b15525f8-daba-416d-b0e6-15ce9d62a820
15181,6519e1c0-0cd1-4e7b-96b3-5d14be00d90a
15182,f02d1af0-c18e-4a67-8c5c-1a1ddec00d6c
15183,a1ea309a-b999-494c-9d8e-7c4af115fddd
15184,222113dc-5b21-4345-990e-bc9ee0c99a04
15185,a273a575-27ab-4581-9299-230092d9b6cb
15186,8855a35b-5714-4d69-9147-b655d0ebc4b2
15187,ec1257b9-c5a8-4146-aa60-25aa14fc8042
15188,7b545ad6-5b9c-492e-8d80-6d460626a7a3
15189,29dffc3d-8482-4637-9a3e-85e8d2c1d628
15190,94758cc3-b10b-48fe-a3b5-4deaa12e4907
15191,d8ca90e8-24a0-4cd8-84ef-110647de0952
15192,cf381217-8daf-4d4b-801c-c3ed0da64e06
15193,e8967ee6-70e1-426a-af92-09d279310c09
15194,aa3d6ee5-3932-445d-8473-6209fd765f12
15195,8382fd19-3615-4243-b287-de008398595b
15196,559c14a6-71b7-428f-8779-cf3ba75c8aff
15197,c015fe0b-f84e-4907-88b6-b41e96faa369
15198,49ba2096-b6a6-48d6-b091-c721f67673fa
15199,ddc7c550-b5fd-420c-93f7-453bf2d6a469
15200,ca97592b-e3dd-43a1-b4cd-8be4913e8d6d
15201,795c1f84-189a-4607-bcd8-ec038275b9ee
15202,bd32a6a0-5685-49d6-995d-d43324c14ddd
15203,f8b1392c-e737-4e99-abeb-f9112bc4be75
15204,077fde28-f963-4d83-bdc8-bc3b1439d33a
15205,03a54579-b6e1-4e8a-8b1e-ec74bfe7ba2e
15206,90011afd-3fd7-45a1-a88d-fd5f49aee336
15207,8d1beaeb-7473-428c-b9c7-6201842ac991
15208,4df5a696-8598-41e5-9dbe-942bca2312bd
15209,bc196ed4-b39b-45fe-896b-3129d7437ef4
15210,4fa82271-a966-40e8-ba2f-a7db2e3eb88b
15211,f59f9e55-8304-4bfc-8997-d53272ba2c76
15212,abaae784-9b07-4304-8464-0d6350043859
15213,58c591f0-89dc-41dc-9bac-7a46028b2185
15214,2b0496cd-123c-4317-9dc3-878996f6e7a9
15215,06b542ba-3e5c-45bb-a54d-6a2c20545245
15216,05093b23-7ea0-463c-9dab-0ae8ae823025
15217,e2399138-f69d-44fc-b573-0ee2f274f87e
15218,55077765-5541-4d22-960d-16911723b5b2
15219,11e8df1a-b635-4d72-8ac0-bcc003948cb8
15220,69de0cf3-5da5-488a-9608-d5feb5329194
15221,9594d00d-8c10-4215-a910-940890ae4927
15222,d36e09ee-d1f3-4dd0-8575-095203f7bd8a
15223,7f7fee36-4022-4490-8743-ed70898a99f8
15224,4ac0d387-7b17-4b1e-8408-69850408c166
15225,033d7d63-2dc4-4db8-abbf-934b7f47d638
15226,2886fe57-1f21-4d8a-b04f-b0bce905dbb5
15227,90f49ee3-f9b0-4a1d-8cc4-f09b90c03f58
15228,4bbd6cf8-f9d9-4105-82fe-8001b8d4e2e9
15229,307b0c9c-c12d-4d5e-ac4d-aa2d05645ad8
15230,2360b97c-605b-4d17-833c-13985a69eed1
15231,2816b30d-9f38-4f6f-a258-8b2508265cf8
15232,21917663-d5fc-4b1f-9ca5-d0512619937d
15233,b2f253b3-faf7-4d4e-92f0-827dbad9de5e
15234,1fe5a76b-0a32-44dc-b469-34423b211b5a
15235,2f333c4a-fcbb-4d77-8b27-cac7dade43b2
15236,e4237c05-f3ae-4b14-b7b4-26f3ac912162
15237,7d80a42c-b4b7-4de9-84fa-c92257bbb081
15238,6c3feef9-36ab-44fc-8275-52658118f230
15239,86469aa1-cd28-477e-bf55-09513bb4a87d
15240,e43019ca-3f1b-4de7-a00c-24642d4968d3
15241,deb26675-61d6-411f-84fb-2307973afd6c
15242,b0f2aebd-7730-42d8-a002-4b648fbd83b6
15243,9b658a24-d10a-4f67-89d0-01317d81b306
15244,dd8843e0-bd5a-45eb-b968-be4169d16ea2
15245,8c874966-78a1-440a-8180-181a3c445d58
15246,ee8e5f94-4dc3-4de0-874a-0de187986a31
15247,d021f2a8-a297-4bc8-8538-e5b2623270d4
15248,21dd72b1-fa04-44e9-ad5f-0135b1f57cc6
15249,43583fb0-99bb-4940-ae14-5d1bab0d6723
15250,1f192521-a10b-40cb-893a-3587962dbab7
15251,b116c899-ec09-4360-b734-34c3df11c2c6
15252,e0b3d9dc-69c5-4c1d-9683-7eff73e7067b
15253,46924f5e-fd9e-4bc1-818d-9b9545fff74c
15254,c0a528b5-924a-413f-a762-fd668b2ad569
15255,a43d9d7c-5473-4ecb-b577-53fafbcbe69a
15256,01e0df26-7637-4e91-8e35-a7abc2364c75
15257,3fa71705-1203-4b5a-b3ea-71bb24e7c726
15258,0f8d402b-fb0f-482f-8a23-15a662307fce
15259,3224c38f-479f-4bc9-924d-022ffbfa625d
15260,062a95c4-2dcf-476d-acda-0128bdc224a4
15261,802ebd9b-968e-485f-80c8-55de76fa37a4
15262,7c73ca42-c0d2-442e-8cd2-4b02b4f1ffde
15263,9ea7d5b1-6ff3-4dbd-a6a2-f3f5184182bb
15264,73551216-753f-497c-bd60-33d3f55a8613
15265,c02e6bd4-a120-4996-a170-689bdb97c914
15266,099a4987-a3b8-4afa-9bbd-28c0eae45b83
15267,0778daac-99ee-43ef-91e3-d6d742c3c740
15268,53c7bed4-b90a-45b6-9799-9a0da68813b8
15269,7efe8892-9bf0-4115-bdbb-f67a830bca06
15270,8f261a4b-9bee-48c7-910a-1e2b7ebe7193
15271,3e6f2905-303d-4f5c-96a9-836dd10266b1
15272,1f43f3b0-7de1-496d-9199-2284c8b55d7d
15273,9593a7e1-f838-4a53-b806-256596a2855a
15274,ff837568-53a3-41b3-9afb-00ac11dc58f7
15275,8daa3d91-6eb3-4548-a3f7-dc25c744c541
15276,59e54101-0088-46fc-a0ce-3cae057305fc
15277,ddc01c23-396f-4319-8155-bbbf38a4e7ae
15278,b81655a6-046e-402e-9edf-9ca4155daeac
15279,ce70ee7d-282b-4adf-acf8-2223dbc519f6
15280,a01c1073-6162-4029-8025-319fcb0c6487
15281,85748227-a37b-49fb-9a9e-5c4441ce56bd
15282,edc47320-5c15-411f-8354-99b61451b221
15283,f179cb9c-cc04-4843-a14e-6dd0fb7ed87a
15284,e1897585-ef28-44d4-9436-7d362434d3b3
15285,a7eb56df-8b5b-4819-9bd4-5ab3c2fca6cf
15286,a518d4e7-1d55-402e-9307-e894f7a4902e
15287,f37d74a4-766e-488a-80e1-23142975b8f8
15288,b2b8650b-8aa1-4f19-9afd-e7551bd535b9
15289,3258d91f-1758-4e6e-9b73-56a765dad29b
15290,994f3ebe-dc86-47da-b425-110aeb2d0d45
15291,cbbda9b1-711c-4290-a11b-e3ccfc8389f4
15292,a1465e73-e58b-41ae-abca-208e08cad1f3
15293,1f74a00f-4cda-4a10-852e-e1ffc3bf4734
15294,c8b4ffdf-6f54-435f-b8d7-99b0d8ed89d9
15295,51369a06-1c30-41a3-aa03-2ecfef6f3135
15296,b57f9d85-ba70-4ff7-b160-4823240fcdfd
15297,a3f0f0b8-0ccd-49dc-85f8-8d40b7a7f70d
15298,a3479c6f-c45a-4ace-89e6-914c1beb4fca
15299,f05333c6-fb6e-45f3-949d-eccbb07c1dd7
15300,eb675929-b9c5-45b1-a411-0b2266f7180f
15301,4ce3a39a-bcab-4a1a-aef9-484b562bf234
15302,8141f0af-cd55-4a05-a29f-677ae298b3d8
15303,cc68aad3-cffc-4442-a63c-c34af4c1b72d
15304,85b21d3d-52ac-4c54-9f9d-5d3f2a73e8c2
15305,8e5f4649-58c8-41ff-b310-38f362fc810c
15306,58d0930e-a114-4f7a-b09f-0f0b48f4aacf
15307,8e33d97b-3dfb-4d10-be71-6aaab491a2f2
15308,ba1f577c-4a34-4963-b97f-443f72363f14
15309,6a05069c-a204-4d13-ae95-c3fb69dbb417
15310,ebd9f867-5c73-4bae-a13a-ac6f1deba045
15311,01ed7bf7-0d39-4114-b1dd-a31dce0a7ced
15312,8a6d3fe3-d8dc-4a26-a16d-9f19417b67c7
15313,153e2da6-7837-4054-a537-87b721a4990c
15314,4e97ad4d-51b5-4d28-b16a-f05260ed3b40
15315,7d7d0039-5ae6-4eb1-bfde-1d067ff7fcb1
15316,c3db6bfa-3317-466d-807f-1ff6b366809f
15317,cb61630c-5ab2-40ee-a740-445d8065e6b1
15318,c65fddd4-c869-4352-ae3f-e447723609ed
15319,ec150219-c90a-4c91-9103-c07dea8d5e8a
15320,22116fea-7887-4da6-af41-69105846a7ec
15321,8f7ed6f3-43fa-40d1-9ac8-bffb370b23bf
15322,b5aa8859-2a40-496f-bfd7-a474914f3f8b
15323,ff03ff49-c2c0-4b23-96ba-ff630463c597
15324,638d7528-bef7-418d-b5dc-32203121f2e9
15325,8aa6fb2d-4f9c-43fc-ba0e-9d6ee8f519e6
15326,5f3a6b2b-3cf2-4901-a844-c3db4ed4061c
15327,5d89edca-4128-4503-95bf-89b01394f707
15328,091a6cce-5911-42c4-946e-6c61646240bd
15329,81c655b9-ed81-425d-bfcb-1657c353186b
15330,a61d9ea4-3af6-4eca-a730-be5116f22dcb
15331,cd5df23a-a17e-4580-b78a-57846e49fefe
15332,b559dfc7-ecc6-4559-9b86-a562ffbab151
15333,6f47c3d1-fdf7-45dc-9da0-3ea2c2c9cb05
15334,47029657-ac58-4c71-ba7f-652f662bdae1
15335,0af4cdc1-ead0-464a-93e5-85ed5192114d
15336,e7dbd19c-f837-4d91-867e-68d7ac76c527
15337,c82b4727-8a41-4e1c-8662-981ec52c9a5f
15338,60d87b60-d453-49e7-bc8d-cc08bd948772
15339,14c5f7c4-8fd1-4c36-b928-c4fd5d3abe4a
15340,1074be8c-7b6c-4e0f-9b34-358ade2695b7
15341,96cb5b8c-b9df-45ef-88fe-91c6378a50e0
15342,4897d203-1b3c-41b9-b5f2-09edab839070
15343,c363b274-7ddb-4b6e-a99f-9faf1661b5ac
15344,a0c4e427-9dbf-413b-8805-91b163fcdc1b
15345,6dc3244d-b1da-4782-995e-3d3307d005c3
15346,cd76d8dc-adfb-4235-9cd3-6be3e144c87c
15347,5358b041-8d03-4cdd-a550-35992fd8de94
15348,f6673b20-775b-4a0b-a3d0-c1fb3571fe27
15349,32f09206-6d54-4ca2-9eda-3bcf5ef8183d
15350,d09e0373-93aa-44e2-885a-cd502c7bec77
15351,7a41be0c-7ed7-4fe4-9814-20677c2b2478
15352,6afee54d-a5aa-47ac-80fa-f355262b3bb6
15353,5adb9f14-2ff1-4bd5-85c4-d227cbada7ec
15354,db765a86-2839-4d07-87a7-fce3af0f4e6c
15355,0c9b66ff-dff7-4fcc-a5cc-f34f8a7ba9d3
15356,7a14a54e-fd46-440a-8ab8-e5080dfaf02b
15357,ab025858-6287-4497-a982-f00cd104b018
15358,2645a829-9a2e-4c16-9d20-09b3d3173df7
15359,d53c9022-69ab-40ae-8862-d759487591c2
15360,ac53dce5-42be-4257-ba9e-93b34d8f1894
15361,46f34cc1-9d47-4cc1-9ad3-f61febf7f03b
15362,9e0402a9-b796-4e48-bc3f-5828e50f983c
15363,87b46c84-f992-4f8c-ac9b-7c9a16ed3d02
15364,22d7a22d-97a7-4990-88ba-9fe939bb6737
15365,5af84dc6-991e-47cc-94bb-699f933e29d5
15366,eec422b9-4893-4306-9ff7-d79b30cf5938
15367,1ccbe89b-70cb-4703-af88-941975791c9b
15368,88e9b560-8300-4942-b01a-c823c2b62864
15369,cbb729da-55d5-4c40-83e4-70c277199e98
15370,eecc5920-4b58-4193-af8f-cd57d8c86dc2
15371,18d6f997-ce95-4f43-8e71-73a1b106ba1b
15372,1431e1dc-cc67-4795-b260-df3340a26627
15373,0dac21b3-62d1-4eb5-946d-f2ae97370648
15374,5a7a66ce-c750-460b-a128-726e82b46d95
15375,d403fb11-aa9f-4706-a42f-22ebc617ea7f
15376,140420f9-7402-4f4c-830f-53260239bff7
15377,b02e5b8b-5cbf-4d43-ba11-8ba5e627e82d
15378,945c5f23-385f-47e6-87e1-ec71554a1a62
15379,5b6fa918-f108-4bd1-a329-66463b1830ae
15380,4b826f6d-57eb-4c7f-b2bf-1761b094e089
15381,57fcfce6-5cac-40a4-9c0b-248db0aa1519
15382,ead92f4b-6ce9-41fb-9989-f802af0193b9
15383,b727ab49-e970-49f8-b41b-684f27616f44
15384,f2a641ac-b216-4585-b378-5f0d6353c7d7
15385,b1fed9c1-dfb3-451a-83cb-d8c4c2756ab4
15386,40ed6a6c-a0ba-4254-b1b2-661063b4d9b3
15387,d7bb6796-5599-444b-9926-d8afefd9ada9
15388,4ed0f54f-de19-4aee-b2a4-8d99975fc729
15389,4ba74cbd-c87c-4fcb-86e9-1b955caa90b9
15390,f6f38998-687d-4202-92fa-33403e9b2cd2
15391,2f20b557-75ff-452c-a9b9-15de4d3c24a7
15392,98e94bd8-6900-499f-a90b-841d455001d6
15393,6fc97bd4-9919-43fc-a71f-8a8a3dd1f813
15394,f852bd53-6e5e-4003-9c70-aa6ec5486403
15395,aca91f0a-09bd-45a3-9166-6b9c0645b202
15396,0181557e-be64-4e0e-8e38-2794a6b6b9d3
15397,9f8ade53-905e-4cd4-b497-10b77c33053f
15398,7e541192-10c8-495b-b27b-5a75b3afcaa0
15399,90976c9c-f7a3-437b-8365-407e739956b8
15400,bd98ab4b-0c53-4aa5-9240-56695292bc5a
15401,fe5c50bb-bfd4-49e1-a6a1-06bad2874fd8
15402,c19105aa-58a3-43a9-afd9-bd1b1edc8f8c
15403,f8c538ab-d6a8-407f-97c6-1b84c9ef6db3
15404,c47e2308-098f-4140-ad02-f7d7d917791e
15405,fcf4e273-ad81-44f7-9efb-39cfbe16aeab
15406,4039a02d-8e5d-4785-94fa-85375d803084
15407,cfa62838-f204-4b59-8388-ddcd57efcfa9
15408,8df0452c-1084-4682-a298-57143a1080e6
15409,be8e6169-f00e-4408-bbb6-7a04f30ed2b3
15410,d1f67452-c270-4a5e-8220-87005a975223
15411,fbde4799-e417-4e1e-9255-d46f6ff8e548
15412,fe82811e-d027-416f-b687-3873806c5d4d
15413,f9080376-3361-476c-ba5f-0e383f04289b
15414,dfafaa0b-e36e-403f-8615-c8d4665ddaff
15415,608686f2-478b-4ca8-ab1c-4210b0d75cff
15416,29db889e-b364-40a4-b330-be186ff33f23
15417,84e1cb3f-6e0e-46c7-ae37-f0f123046529
15418,0a55caa2-779d-4daa-9785-350405914e14
15419,eec983a2-d36f-45ec-b941-6463b66701d2
15420,702f0004-c258-4067-b8f3-67df8f60d926
15421,bd5e289f-092b-4ef7-88d6-ce809fd4f3cc
15422,0319ccd7-dcf5-45fa-824e-3440e0849013
15423,81fd6f74-70ed-4bcf-b6b5-370b2877a467
15424,db8f0bb4-ca6e-4633-8745-5af47e1af4e5
15425,a1ebdb1c-39a9-48b9-bcf9-d90a7b1886e9
15426,b86544c8-64d9-45c2-849d-8aac6ca9f8f6
15427,3f97c1a5-b775-4698-bddb-9b2c025189e4
15428,052d57f7-43df-4f00-a26b-46d563268c6b
15429,01a436b5-15ef-4452-8f3f-d2f0fc8e10d8
15430,5cb7f17b-48f5-430b-9e71-88b02fe444ba
15431,b23b6b12-62f2-4b9c-b4ed-90227ec7f048
15432,9f36da17-176f-4f33-a509-a2eb17e93c15
15433,b6b382db-0b89-48bf-b4ed-841e8d77e99b
15434,da4ccdf9-1867-4ba4-89a6-4421dccce2de
15435,1b31e5c2-ec0c-47ba-b6dc-31bf7f2be4f3
15436,edff3d97-4ecf-4a47-b0e8-bc872900d868
15437,8cbe6bd9-e6e3-4167-890f-fcaa8482b842
15438,bde6ea08-1305-47b2-85ad-9463e5650ebd
15439,6ac491c8-7f28-4621-996c-92fe194e7aa9
15440,f42e1503-cc47-45bc-8320-6c898675c6a5
15441,345e70be-14a5-432e-b18f-bc7c353390c7
15442,bbc5901b-16d5-47a4-9a82-0357efc64dcd
15443,ea000730-612a-4d1b-8dcb-92b95ee4c0a0
15444,adb6d1e6-9bb2-49f6-b59c-4a04cda00bcc
15445,2212099c-326f-4924-bc9a-9b2bd85a18f0
15446,912799eb-78b3-4b13-a7c0-7caa6c15b7c4
15447,166332e4-09fe-4954-aa98-714ad77bd9b2
15448,3cb9afa3-6791-426a-9b34-96a51b997095
15449,f87149e9-e6a5-4a17-bb0b-108676c30b9c
15450,cf309cab-fe3a-4841-ab93-4a25c46f1052
15451,62202e18-fa44-429a-97a7-57b7f2a7b7fa
15452,f728132e-b86f-4cba-947a-53e49dc7c15f
15453,04cb8294-0843-41eb-a6bc-0e8a29546663
15454,a3d4669a-22ad-4599-9c10-aff0aedaf62d
15455,1f8dc177-4cc8-42c6-91af-60706ebb44e8
15456,2ee91a8d-b8e2-4b9f-87fa-0dc6c1390f10
15457,6cc86a63-7f53-41a9-951e-c41881cc196e
15458,fa1f6011-6434-4489-a83c-fe51ffd9ca54
15459,c116f789-24fb-4698-b6a0-6d089271eb62
15460,3edc27a3-a910-4410-9386-c3e2e92593bc
15461,e57b9b8a-e9d8-432c-8642-0063bf2d40b9
15462,ffb7ebcf-67bd-45f1-9c7d-2359e93e493a
15463,588a60ed-55ac-495d-8c53-eb304adcacbb
15464,597137ea-e7dd-4538-8f0c-c3eaf528b6ba
15465,d0e16cd7-d7e4-47f4-a53a-2d35eb7ad8b5
15466,eb2fb32a-eee8-41f2-8277-fbc8d3d5ba2e
15467,b949e1b4-ae4f-48f2-8e85-28a82bdbaf32
15468,69c21734-9fc5-4168-9910-8cf834304ba8
15469,7daa6261-8330-4e22-ad4d-dac4b0f860a5
15470,f2e8b5eb-0b2e-4c50-a42c-a88c9a69c1c6
15471,414949e0-9f3b-4b74-931b-f5c8a19c1ad1
15472,5cd4fcc9-ba48-4fc8-85b2-8f33505f29f3
15473,0c3066b0-9b4c-4474-ad71-aebbc09182b2
15474,17bdf117-8577-4f1b-9cc4-1b58dd98ed11
15475,5ab4fd95-b01e-4727-bace-9718104f4466
15476,011ca298-d057-47f4-8458-9dce51811160
15477,77287a20-ab00-4e3f-9462-ddea718bc449
15478,3087d3d1-8d63-497f-8b4c-842a8c59b495
15479,0f8cf19d-6857-4a1f-997b-181a3b93608c
15480,af28af05-33de-422b-a8a8-2aa24aa69d2a
15481,5ea7d708-03d9-42b7-9c69-0aa1a376f63d
15482,7c839aef-cc5e-4461-b075-1a9d92bf3eed
15483,2279bf6f-bfb6-438b-8488-5034414accfc
15484,dbfb71b2-f182-4afe-a350-317cd15d5a6b
15485,7ec4f2ad-1c1c-48b1-992f-2b6058d50fd5
15486,a07f2c13-de8b-4ee7-887f-4a49bb95e9e0
15487,800065cb-08e7-4b91-be08-228ede2da1dd
15488,d5a4570b-cf7b-46c3-b2f5-26ebdcd6ff6c
15489,d2b5cb63-11b2-40c3-a81a-3710318b0aaf
15490,32d04727-ad6c-4a71-82a7-ce23bb3f1403
15491,e7d0ed9a-a604-4300-a3df-5a78f182b53b
15492,4f8b67a4-8540-4646-b696-e287886f3399
15493,89fd2129-2dae-452f-bb67-e5a4d5bf0f5b
15494,c857cb9a-4fcf-459c-8d7b-1b7c53cb60d8
15495,487552ff-c2dd-484b-8299-b46a5a130d0e
15496,cffbec69-3b41-4b16-9694-59590119d4c2
15497,8202f86a-ec83-4959-acd1-80794a27059b
15498,2f477d59-a842-4139-8067-349f494a76a9
15499,5a53bd5a-48db-4461-a4ea-466eedb46cff
15500,9f73a48e-4fc8-4231-831f-b83ca6eab430
15501,98c59198-ce82-4d1e-8379-3b4bf3dfc776
15502,acad4378-4625-4760-8077-f58aaec2c178
15503,c5570bd5-3ebf-42b6-a930-e539bf8eaa1e
15504,4d07ea19-2a95-45f6-9dc9-6ad32465cfbf
15505,5cb8c91d-d2d1-49a3-8011-c1573ca78b02
15506,9ad47eee-c925-41a3-bef2-424669495e50
15507,f1af1204-a092-4c68-a9d8-25463e8d4a0b
15508,ceb464c2-8455-4105-b679-be0b6a6a81cd
15509,2a09cd7d-97ec-4673-95c7-aede19a5fcc9
15510,e362755c-a529-43ef-881e-bbf69f9a65a3
15511,df1a84ab-42cd-4798-aefc-94349e9c43f1
15512,3dffd2a7-24c4-41bd-8cf9-ce7f1e4b8bfa
15513,5967817f-0a7a-4355-be8e-dfa0594a07e2
15514,e08dccd7-464e-490d-8edf-91fb2113ca40
15515,5417ef09-4dfe-4659-ae7a-043deb4e6e01
15516,fee2dd76-6e9b-40ad-a63e-b1b364188ac5
15517,ce88b54c-9730-4361-9288-3eff17730581
15518,ec4cd130-67b8-40b3-a7a9-8c76602bb1c5
15519,adab966e-cf02-4a7e-b507-bf20b611e80e
15520,c6dd2982-4ffd-4653-8f14-69e3fa667bd7
15521,798346c0-2ce4-4c72-8724-d459e29983de
15522,7ee4094b-2ff9-43af-932b-80e59ab4f76b
15523,721e75c6-9035-44eb-a508-08957d31ad35
15524,6d49c907-6c5b-402f-924a-988a5c37dd97
15525,b3897136-3836-42ce-bf16-260db4a515d0
15526,8cd589f1-3946-4e78-872c-1fea4395c082
15527,b4fc7e5c-714d-4d0b-bf4c-3302273b31d1
15528,2a18754e-8595-4ec1-a629-82815cfcf2be
15529,01e24a58-8cd5-4287-bcf6-a875134c003f
15530,479137f0-9c2b-4aa6-851d-9d7dfdc24246
15531,07933dbc-657d-44a9-a794-8e8d2a7bb522
15532,d9888e6a-ca2f-4c6b-815d-41a2c4a4823f
15533,7c002418-3c39-4709-b57a-6f5f1e703997
15534,c583bb0b-e585-4f13-aba9-a055ee514fb1
15535,af71aa9d-b20e-4e46-b327-1843971110bf
15536,c1861c93-dcfa-4182-a162-995fa1e67980
15537,8514818c-a4d2-4921-907d-4aa60eb0e07f
15538,ec8d864f-005c-4c98-ae95-5c55c561b5c1
15539,84cb8742-a2ab-4aa6-ab9b-cc511cf67d66
15540,89cce30b-694b-4a3d-b7f2-ed091b7c4d11
15541,fac04b18-1cdc-4927-8e68-d508eee5392a
15542,76efbf1a-24e5-429f-ad73-3b2ee0aabcbd
15543,e779bb74-75af-4a09-a5a6-cd1070904c36
15544,6db576b8-da16-45e8-8c77-f316190fb80f
15545,3ad7f46e-4ddf-454d-8af6-150091d32f51
15546,f51680fd-99b4-41b0-8061-a64d8962489d
15547,7e5e82a6-a269-4f29-a4fb-bd069172439b
15548,76a834af-539b-49d4-be0a-037a77222b4e
15549,48538b45-9e27-45f0-8e04-a795f0fa088a
15550,61e9513e-85e6-4f80-a423-c8eaafc862e8
15551,a46bb434-f8e2-4c06-a637-81406fac536e
15552,23d4d6ad-a294-4542-aee7-20f542767f59
15553,50bb6789-11ec-4871-855b-29fb7bd22198
15554,585d84ef-362c-409d-9f68-4df6458e3724
15555,be13ba34-b0ae-4a51-b020-e94e19417612
15556,3f0eb848-2455-4043-94c7-dca2db3a893e
15557,b188605d-74ef-4a22-89f2-4fbac77ce135
15558,a5ef74ec-7ea8-4a9a-ab5b-794dd18510c8
15559,d1af73d8-5730-4ffd-a5cc-6158b2ef5c18
15560,7af98da2-a27c-42a5-803c-72b1c5f0d04c
15561,814420c3-ae07-4ac2-9a97-50d911a8ae79
15562,0f75176c-0ca7-4d5e-a1d0-9b3f6b483e35
15563,c717a8e8-5355-4db7-8532-e3a05b7b89a9
15564,427d51fb-5ebc-4281-8924-fc9c69dc8efb
15565,653bd0e3-af31-4a30-918c-3b13bc8c491b
15566,cd5b7042-b703-4239-b1d7-8ee54f6f6990
15567,6adea037-1cf8-4f3e-9e2a-7ae2ab22ebe9
15568,af5f0553-c051-4347-a016-d70d8cb229dc
15569,c98eb8f6-e88b-482c-8ef5-cb8e55371d4a
15570,079c3ebf-6966-4c60-945e-06677d0c037a
15571,a15a9748-193e-4b81-82d9-a44e48e0df0f
15572,b367ccd9-fc45-4565-9cdc-3cf881d85406
15573,2ace456c-8101-40d6-a5b7-a585cf604b3a
15574,a3dba45f-c446-4507-8d33-b95de5fbcd3b
15575,6b47b349-4ae9-44a9-b1af-f2bef991fce4
15576,2a6af826-59ef-4b2a-8035-6a8b0dd14454
15577,41e3e46e-e771-4feb-bc88-ff821897eeb4
15578,73a96230-7051-476f-8562-7679b3eb2adc
15579,39714d06-fab0-4aea-9345-620ed69e01d7
15580,d327dac1-dea4-4602-8bbc-3f2c71c9370e
15581,b5d41411-3caf-4c9d-b2b5-fec2d1dc8c65
15582,a78ac4ef-20d6-4ac3-9567-47a8af09ec24
15583,496a9bb5-ccb2-4e52-99b4-0e0ba5819a09
15584,5f0d6c1b-b95a-4e7a-b8bb-e35c1756be65
15585,7a649b86-1752-4e86-bbb2-9cecf1e0a22c
15586,a4cc6598-6c76-495b-a981-c3cb2cfbb461
15587,0d0f7745-3a0d-4098-aed8-d1fc81100308
15588,1b73f1e7-0e2c-47cc-9e56-457ff30ca420
15589,c3dc7552-21fc-4352-9b58-d9e835a9a376
15590,d55d77b2-646e-4614-addc-1fe2ca52b267
15591,3c804bcc-acdc-4409-ae84-6b6e2498dae8
15592,6e2482be-261c-420a-8e8b-80d577a0045f
15593,17343d00-ce6c-46e3-8b87-ca913303b999
15594,1bdf3a61-d55c-46cb-ad19-a4a669c2bd62
15595,20625376-9b18-431f-832e-fffcf3b4cdc2
15596,27e43acd-82d4-4bcf-828b-14b778188fd5
15597,1cd3f7f9-25a5-4e56-bbf5-9497ce86691c
15598,840a50bd-3463-44c4-8f0b-857aea54c5f9
15599,0b68152e-482b-43ff-8e17-acdefab17d9a
15600,c675592f-f7ba-47cc-9627-a4cbfff1661c
15601,0f40ba97-e318-4516-90e6-c957fe1623f9
15602,2ce51cc2-765a-4260-9e34-fb90f32fbf12
15603,234bbf5c-afc6-49e3-ac53-a5592ab7363a
15604,548fb15b-d492-438e-a53c-e237fddc3859
15605,003679e2-793a-4f9b-ba77-cc33905946e0
15606,c759b26e-2ca1-4b04-8506-3d96bf1f86f5
15607,483760ef-d8b0-470e-8db9-ccce1b3517a8
15608,7b46e80b-8b02-42cf-9de7-fbc457c2e4fd
15609,16773c2d-42d7-4c0e-ad52-305e4c6646e7
15610,fe7c469b-9726-4bb2-be03-35ebb00be63b
15611,fe9ab2ec-2a68-4c43-b872-a551d358d91d
15612,c763d83f-3fe9-4594-9fa6-b32f06f5601b
15613,1b92fe2c-aab4-49af-a6e6-7a3b0187ad9a
15614,ab09f784-1970-44e4-a28b-dde36a5c30b3
15615,10438723-93c9-4ce5-9470-83caadca208f
15616,242f4773-2b4c-4871-853d-2c7fd9975fde
15617,d697b66e-a08a-4374-aee5-9fcbf72a9cbd
15618,16d85db0-b991-43f5-b2bb-3e69bd314ffa
15619,d4a657a5-9860-4485-a017-cf932312cd44
15620,52b3bc71-38fa-4e83-b8de-23e2d9d9beb3
15621,135867f9-971e-4ce5-a189-27697dc5b472
15622,9737441f-7f47-4462-bb7a-58276ece9a2c
15623,dea24579-11e2-4419-ae8c-fd12cdb925df
15624,9e652565-084b-43cc-a7e1-382779bb02a3
15625,03cd3a55-53a2-4381-84a7-87ab0fe08b72
15626,6f243566-7d39-4521-bde7-bd557b99a8ba
15627,c1e41d0d-f68b-455d-b80d-c1177ba0c06f
15628,8be52fd4-3655-4974-b3c0-7c27ab93410d
15629,334ad0cf-1235-43cc-9fb9-d362b6d334cb
15630,90ab5c80-e75b-416d-90c0-3812455042e1
15631,43159656-40fd-46ef-92d6-fb77e5155186
15632,015a0b4a-2499-4baa-b5ba-33659d0462e1
15633,5325802d-3cea-45fe-bbc6-b0b9760771c5
15634,884b59d2-ac10-41a6-b91e-3f3ead8bae15
15635,ebdfde98-8a42-40ca-9e2d-65e16a2386b4
15636,4bf07142-a32b-4f6d-bf0d-37fe20f13756
15637,66900294-a10d-402e-aee9-c285179ee5ba
15638,6abdbee0-f790-4ab6-ae81-646858bf42cf
15639,ea70a260-9d16-46c2-a892-d97f1445487c
15640,98bafb11-8125-40b1-b57e-e0cb5496ef8d
15641,54759477-7a5b-4111-8c47-ae1cce4c680a
15642,15fb5efa-11bd-48e4-aec3-c9b4f376281a
15643,019945ac-25b7-4567-9a7d-6dbad489b2b2
15644,4d2d3466-fce2-4084-893d-3bb44b42c660
15645,456cd8f9-3e04-4626-87ef-b0f0c67504fe
15646,5b8a5be3-2356-450e-b196-76e447bdd170
15647,cd57dd69-a348-4ce9-aaef-9426e7f41952
15648,1a29e9d2-57ea-426e-a366-0cff009d91b1
15649,6a74c87c-5fba-4748-94af-39f4f79a806f
15650,b72d12d7-b78d-4fff-9389-01361b49cbdb
15651,34275677-c02e-4390-a937-018d1a87f861
15652,0ae8abaa-cb65-4f21-a8c0-24e76239ceeb
15653,26dc0140-9307-460b-add3-1129b62917f4
15654,4e2c0562-acd0-4c0a-863a-0738eb96d030
15655,0dca1454-e521-4d7c-9f2e-816a287194ad
15656,d035b5b6-5f15-482b-ab5a-4c3878c84cbe
15657,79ed228f-4140-4b7e-b60d-ccb8a4afddc1
15658,01101917-1b68-4f0d-925f-3089cccf47e4
15659,4fdd1b33-0975-49ea-a468-5693d5f30e2d
15660,d4905bb4-85ee-464d-99cb-ac7e9b361996
15661,c5a1a7c3-4bb0-42f1-ac00-0bbd834678b8
15662,980bca23-d9de-481d-b25e-18dc68fc5e53
15663,c2e276ab-e2f6-4254-b4e5-e0d5177a7d23
15664,8c485a07-3d3c-4472-af08-6756055f3fc1
15665,8fc8036f-a7a3-4bc5-aae1-ee83a1fa4ff4
15666,286b21cf-968f-44d4-960b-6427283bee74
15667,780f35d0-a974-4f9b-b915-ffed2a8e812c
15668,991ceb92-f375-494f-9a9f-bcb9f936fe99
15669,7987783f-8e9f-48a0-9d30-6d698501c66d
15670,04f9721f-868d-4814-be8a-d64eea57ce3a
15671,708fcf1d-9554-4adc-a6ce-c8da5201bbba
15672,95e1f80d-46c4-48db-a1b6-080b6bcac984
15673,ddb27a14-9bfe-45e9-8102-402b3a00234b
15674,226b3170-2428-4ff7-b88d-72794bfacf08
15675,ef4595a6-f4b9-4463-867e-6141218a5406
15676,5107f960-592c-403f-a20c-ed3b87ebf0c7
15677,1c6899e4-9213-4de7-97bf-d4cae325bc0e
15678,4568ddce-66af-4170-a4d1-904a1e8daf18
15679,3e821222-e315-496e-a584-1a7ad8509b33
15680,904c0e9c-194e-48fe-a345-c0b5cc5d44f6
15681,15f72e49-e3d7-4a7a-a7db-a2df8ac6d917
15682,fbba92e3-3198-43b0-8f7e-78f1de538166
15683,d94581e7-777b-40ff-9d28-c9ec82cab985
15684,ef9aaca9-2f9d-4386-a6a8-a861c1fa8690
15685,d1c47016-49b6-43fe-b90a-28eb872a8e04
15686,a307b084-efde-4b85-b232-c6ab5b4a7292
15687,20e9efdb-4fe5-4e63-a36a-dd55d75381cd
15688,7c816359-1e33-4617-a123-3efa6b3340a4
15689,9b272c2f-6686-4648-933d-c2c5af02fda2
15690,80c36f23-06d6-4fe4-9ae9-06d69765c5d2
15691,b2a99674-9208-4aeb-9a6c-8eceadcec29e
15692,8a489a25-c6db-4863-86cc-0e79116a30e9
15693,006fe06a-ad5c-4df9-86e2-b7a73d84d0d2
15694,22eeb3b8-7e96-46e0-be9a-c969884a2b83
15695,a9a49b15-42dd-4263-9767-acdf8c742268
15696,b766063f-7d10-414e-b8e1-de8c244e08b3
15697,311c84f4-8e20-408c-8b20-073b985518dd
15698,f794c8e1-b99f-44cb-9856-80e8f662bf5d
15699,2c39c3ee-bc46-4f73-98b0-1a894fbcb5b1
15700,7d0e328b-3e43-4d20-a381-69776b1d9cf8
15701,3f84fe76-a734-4045-bd33-c3a09b5202c4
15702,b2ea4d17-be37-4eb7-bee6-0b48d3b8aa3a
15703,59f637c3-c919-4592-b5ce-91cae3e5367a
15704,9924dcd9-a5df-40b9-a570-9037a7440fbf
15705,4dbfff15-4a52-4486-93e2-52447b06031a
15706,c2f9c0f5-1dc0-4c54-a0df-120f5a107774
15707,7440a854-20f3-4856-87d6-df8796885b91
15708,085ad3e5-ccca-4e9c-a35b-635a61df3a72
15709,d82b6910-543b-4222-be8e-9abb6476ef78
15710,8311e9bb-168c-43fc-80fc-603c4ae3811b
15711,2330554f-a8bf-4840-adfc-3e4045b21ce9
15712,847e538c-e92d-4503-94cf-c0f125d9aa96
15713,df296b12-7998-4df2-b05d-d8944f441aab
15714,d2056a51-7e4d-4375-bbbe-e70926c56a37
15715,4c8c44ad-1eb9-41b2-bafb-73d35a946281
15716,1eed3c94-a432-4df0-b98a-7caa02716915
15717,176c1a1e-b710-437b-8cc8-b6583073f246
15718,bcd60600-0117-40b6-b3be-807848727122
15719,5d6fdb9a-7da7-4916-99a8-bef78a3dd3d8
15720,fe75407f-9340-4c35-abf5-b704c92cf497
15721,92988c02-d86b-4272-8719-83576259d7d4
15722,4fc3e27a-ccaf-40a4-8510-3f6aa436d9d3
15723,27c07827-7029-496c-806f-166de96d4c5b
15724,b3f0f023-a899-4e43-ab37-681507aee3ff
15725,728ca59d-f041-4bfa-a6fc-921d875a9946
15726,f25446e2-c928-457c-86bc-62ce7e5b0367
15727,9adb1771-cf96-4d3b-84f9-9af93b3fcdfc
15728,ccfe83c0-0c57-45ce-82dc-6f5f8cbdbea9
15729,192c5356-a08e-40c3-a423-6cf60d8feae4
15730,5347b06f-f5c3-4c48-bc0e-d0653371d476
15731,fc213852-54f1-401c-b639-33fc8810764d
15732,0767b47d-ba51-4b74-8189-bf44d8f1eb7a
15733,90efa7a2-66c3-4569-b923-cb6f2d71cb8a
15734,5369c13a-6da1-4db7-9708-b04ffee6b91e
15735,05f18f8a-456c-40ea-97d6-10b5a7df8563
15736,7ab60481-56e8-4ba7-8910-78d6d64217c0
15737,982a3cae-0a3a-4d8a-bfa3-6180cbdc52d9
15738,48604b32-bbd2-44b0-9d26-619ec0b0df9a
15739,cba787bb-9b88-4108-8625-4d9ef7e6daa7
15740,8631c384-e257-4e53-9b49-7329e9d77dd1
15741,b6c06b90-3d8e-44c2-9bdd-8a3187e33970
15742,3e75b38d-23ca-40a6-a5a1-7a5bf470b9b5
15743,2c8c1b01-0f7d-4e82-af17-f9b335223e28
15744,f0f53bf5-fb31-433f-8fe8-2624f1a98091
15745,d1528eb7-c3db-41af-af22-a017932e208a
15746,ba125fc5-10f0-4a50-b3f3-666db5c38b31
15747,a9c7cc00-e602-45ca-a7fb-e6e6128d8791
15748,5da5c73b-6897-4045-88d3-62cfc08b900f
15749,d4506564-3855-4362-8c71-6f35e1bdaa02
15750,0ace5c4f-7106-45e9-b301-bc8ff7be5f61
15751,21942c60-2ff5-4abb-b587-dec95bd7933b
15752,1cce5d28-513b-46cb-af3a-07db21069308
15753,0d797687-eaa4-4d54-a9e0-6043fad67aaf
15754,e9e253a0-3215-484f-b6b4-fdd2a7afb8fb
15755,e871e6ee-d399-4613-af62-ddc92d54c4bc
15756,9df3fadf-9331-45b2-a500-518b974aa157
15757,daa67fc8-a3b1-4fc3-a8d2-3c29db145b98
15758,317a3e93-819a-45cf-bfc8-f4e3beff31c6
15759,0641e224-5c90-401d-b0c1-384cb4cd3a8e
15760,b9d074dc-2ebc-4014-a341-4c3b2f073825
15761,a19f55ec-4372-4489-a07e-eb8d259a48e4
15762,73e63bca-fe8c-4887-9863-9b3a2b6ec059
15763,85513b0b-fd72-47a4-b4b8-2d0a9f16cb1a
15764,5f3763e2-9e23-4aa6-b4cc-b6136daa5267
15765,a9090558-b190-48be-80a7-9fcc1246ce10
15766,2683505a-24d4-4cc3-b3d5-7312891cef7b
15767,7c05c9f0-2d5b-4e6d-b542-dc54f5029182
15768,63930f6c-a9c9-4566-bcdb-6e8c90e04da2
15769,a3a86c1d-3b51-4463-99aa-63d6fd6b8562
15770,920b9ddf-1690-45b4-bfb1-1bc950be5173
15771,da6488cc-e397-4a34-b036-b0e3c8ccb131
15772,c53fddc4-66bc-4652-a0ab-837ef48dfc61
15773,9696cd1b-6638-4f0c-a9a6-be7aa81daf52
15774,0012c3be-c721-438c-923d-d590629272cb
15775,3d4928bf-01ec-4207-bc07-b5f5ec0651bd
15776,7380cbbb-d7e5-450e-b39f-04bfa6508fcb
15777,a86166bc-a8c6-4be9-9344-fe737ac3491b
15778,92cc0f38-9aa7-4f89-b145-01624d1ccbea
15779,34b739be-2058-4f77-8c49-1e5a1bdf3ff4
15780,e418eee4-34cf-4067-96e0-5f1c3002d881
15781,069ad18a-56df-4f9b-b97c-a1ef0138a5a6
15782,8696a237-f603-4e02-ba0d-713da23c9e85
15783,4cb68535-437e-473e-bea1-6aa59aaf2ea6
15784,ff95c2ed-b1b7-45f7-a669-c8b9a4964384
15785,453875d2-6a30-4b6e-b692-e6b634c48757
15786,3f72f7a9-2902-49c0-85ab-3c8ad456fc8c
15787,fbabd961-1243-4b29-ab09-aca0ece117e1
15788,1809fd70-ca5e-4269-936c-5b116a686bc3
15789,d5f9c3ef-964f-45f3-a4ef-f0353996a79c
15790,4facfa7c-b1e2-4366-b8ef-3f89592cfbc3
15791,e4b44290-e493-4a0a-a6c6-66677a888c02
15792,6e282551-22ed-4f67-959b-7fe652db0a60
15793,9de7d393-7b7c-420d-b21c-b7113920c3a8
15794,1e753ef4-d9a8-4456-8358-ce9311788abd
15795,c1a16d66-e23b-4474-b0cf-f3b997d97811
15796,2e8b76bb-f430-4445-bb86-4dc588b69626
15797,0c13aaf8-316b-4cdf-a728-0bd161e37131
15798,5010ff6e-7ab7-4007-ae9b-432598db894e
15799,28e95da8-4caf-40f6-8aba-1e471cad639e
15800,f0166bfb-12e5-422e-b569-0d286b9b37d4
15801,464b0b9f-7244-42c5-98d7-a4fc5fee998e
15802,375ee21b-e95d-47da-a75f-ede084e08db1
15803,7993fb48-3022-4fca-b9b5-b44870f4242b
15804,0c5629f1-442e-490e-a5dc-72fde8ac88f9
15805,6c788aaa-dd4f-4cb5-9838-009b2d850d5b
15806,194afbbe-3996-465c-add4-993b57d7d1bb
15807,b71d9782-ab4e-4fd5-ad36-d2c1949c0267
15808,c63f10a8-5d28-4d2f-a98c-a8bbcfb8237b
15809,9140ec8b-40b5-476f-a280-d5cde87725d8
15810,b823f93e-9c99-47bf-90fb-4141f758b0e3
15811,b519d92e-5422-41f2-8815-6c303fbc57f2
15812,d970c7cd-a3f9-42cb-88d6-9eb914f64b06
15813,47d178c3-bf0c-4956-b8df-a1d0454fc940
15814,4a831c52-2eed-42bf-9a95-8af34b35d74a
15815,cd8a1e11-a613-472d-a34f-e5969f013a25
15816,edcc0789-e6cd-46ca-a345-9387faf4ccc5
15817,01137be9-5720-4dc7-bbed-a65ce89f92e4
15818,96220573-0568-4495-8ebf-0dea4ffe91fa
15819,6c894b86-fda6-45c5-9ad6-ed2cf3ff3caa
15820,8dad37be-e78f-48a2-beae-029cadf86294
15821,5a3c45b4-4b96-4a9c-b1d5-a10f01b26976
15822,9c7daa1f-3181-476e-be8f-695832f939ce
15823,61507dc4-6fe2-410f-8a8d-05b6308488de
15824,3e25dfd7-5179-4aa8-a1b3-9e924496f112
15825,3ce652e6-0e05-492a-bd2c-98cf5d8f7778
15826,6e29d779-9fd1-4687-ae76-71e688448e20
15827,f5ccb911-f409-4df0-a340-d012cceceb80
15828,58e7bae4-9804-411b-9218-531aae3ca163
15829,2cba2aba-15d1-47d2-a014-8311ccb60861
15830,678bcb36-825e-4f5d-8659-49a7b133a862
15831,19a82239-369f-4c20-9e5f-25fd2c3a6357
15832,24b7ec57-2e6f-4a67-a707-769bfa3dc70a
15833,6b41017b-e963-4919-bf61-6bb7ea14e9bf
15834,de7869fc-1ada-4472-b70a-6cb9b363b4ce
15835,a7e48823-c68b-4b89-b67d-7d463c404394
15836,c1e1e8bd-8cf8-47f1-bf44-1b81372916f5
15837,a4da222a-7dca-4a4d-95f1-164967579d2a
15838,95ab4292-c967-450c-af82-7b3fbdb78e71
15839,d3aef6bb-b7b2-4875-88c4-31840a071164
15840,832c1420-6392-4e13-a225-c4bf689e7960
15841,6b17c599-e622-4db0-ab63-47600f89359e
15842,983216fa-ac8f-4aaa-8553-6e672f56aa3a
15843,8652bd9f-d226-4117-9d70-2510b2119217
15844,5dec2396-d70b-4f3a-85f9-ca91ace53db8
15845,87f460bd-3e6d-4908-81df-6577441bb0df
15846,702ac4e4-bab8-4a80-a0e5-e1a43f80fa69
15847,241fc4f1-7867-4ffb-8c49-7e07250b75cc
15848,8de5a481-ff51-4af9-9f95-e14026e1ccee
15849,0e7b8072-0878-46e7-9a4a-11c1d0f5357b
15850,fbfb6b25-7155-4934-a606-b751f1dca467
15851,7685bba7-d02b-4269-8bd7-f37dfa5ed1fd
15852,a44eca50-b039-4bbc-92d2-ae72d40e94a8
15853,6278b5e4-2e57-454f-b3d8-d253bb613d8b
15854,a8f6e337-e166-4079-bcbd-4a2185356066
15855,954fd74e-5e99-4365-a5bf-5cc558c1df5a
15856,76035bbe-46eb-47ae-9b90-73c404dfd29f
15857,a2eb6281-c1fe-499c-9f92-09a625dc3c6f
15858,fa2f62bf-422d-45c2-a366-98f552afded3
15859,d190b352-8e9f-4fc9-9931-5125f35fde40
15860,87a290fa-a9f4-47a6-99fc-8ad058e78933
15861,4179fc4d-2144-4a30-9b8a-b3434f5dc147
15862,a4b6cf31-151c-405c-a5aa-b2b4bd1d78ae
15863,f7c080f2-cfba-4933-8732-2ac8236a7b48
15864,26b74048-615d-4b2b-a224-e34b29993898
15865,198ee767-f6ad-4d5c-882b-57c0f8edaf8b
15866,a98dd06d-3e33-4a75-a7f1-17f427694933
15867,4ac646ef-935c-468b-b07e-b5259116a43a
15868,2a85cb27-cb2f-4b11-89bf-52f3e44b72b9
15869,3637c6be-91c5-4798-b287-22edd700c50c
15870,2e6e7c77-9eb0-495d-8069-420a159b4435
15871,00299c83-7efd-4fc4-a9d0-8a2b932c8a0e
15872,030716b2-9d9b-43eb-ba1d-c494d13a2543
15873,9362bf1c-ccdc-4d9b-9d25-c701d6bdcb9f
15874,6f7bb5e4-dcc5-4c47-b362-818d527f1a3b
15875,2741e919-4a0f-4c09-879b-02dc50387220
15876,47a2c459-7cff-4a38-aece-8d28d99ee062
15877,9d311a30-5c1f-424b-8aee-fe6e4387d56a
15878,28dec1fb-ba3f-4078-89a5-8fe76e6ba4d3
15879,d2b46403-994b-4bc8-9e0c-55358168cb75
15880,4fe61710-2ae1-43bb-9144-58e102e4438b
15881,f8dd13ec-ea69-4efb-b99e-c5c86e524676
15882,114fce8d-2de2-4657-936d-811412591154
15883,69476e30-04c9-4d54-af97-dc37a2c4bca5
15884,f14453fc-2b9a-44a2-8a0e-9528792e4e87
15885,084f2caf-a14b-4c25-8dd3-b9e5c9554e1e
15886,a33ebcfa-8987-466c-b7f6-35387cdff2bb
15887,5715cab5-5621-4b3e-a8cc-3a06a5836ffa
15888,047a6ee1-faf5-4198-88b7-f4b33ea7a8f9
15889,a0cc4f2c-6d90-49b0-8669-015c2b68237c
15890,13b01553-0249-4185-bdf2-b3eab0c98c2c
15891,cb54d18d-f06a-4ebe-979b-44ae657367f4
15892,1302ec57-230d-49bf-b254-d13e252ff867
15893,2d05148e-eb11-47d2-bc36-7d012e622317
15894,07e53032-c135-4ea8-bebc-51ddf18d30e8
15895,989edae9-65c7-409e-bde1-31f75fefb5f8
15896,98fac602-a998-40de-867e-14484c375e3f
15897,61392af6-0bc4-47f9-b519-0c4d27475eb9
15898,8fa08905-088d-42ba-88ed-40857c7d948e
15899,439e4a8a-3b0a-4ec4-b7bc-8517cefc7ef2
15900,ecfcab2b-4b1a-4359-809d-705093b77c70
15901,031a38e5-4c7c-4c79-96ca-c3127c2735db
15902,30368fba-17c5-41f9-a83e-c11a66e3642b
15903,c059fb6a-60cd-4b53-be5a-606b26d06b9c
15904,56ade7c0-9467-4d12-a044-dd5a992e73a1
15905,5c88d17f-e319-46be-b1a8-d73d4451d85a
15906,20c6a428-caf3-4bd1-92de-d38ef2a3b872
15907,f6ac76c6-d0a7-4144-a8c8-b26d24db9abb
15908,730d6b0a-9335-44ee-be4b-76ba05ff7fee
15909,5f008705-26f7-4aa4-965a-bc4bbb675815
15910,3e17cdd3-7708-46de-95ad-dbb2052e8fbd
15911,927c80a5-3893-40f7-8815-6311eceefb00
15912,845bc64f-4574-4f6c-ab80-13e956d81af2
15913,6b58f3e4-fe14-442c-a301-78ba9032ed4c
15914,8d156a68-d3b1-46aa-b1c9-6d4db6c7b384
15915,e2101111-2c17-48df-b315-b6865fd7816c
15916,8a4b1b00-55fc-4515-a4cb-d28336c1b952
15917,1d436f8e-6ea5-4f8e-baad-7b7f9caa2a51
15918,eb917fa2-e98a-46b7-9340-ca4ed49f1b79
15919,fb195f8b-8b7f-43ee-aaa4-9a1c84549c2d
15920,75248dfd-9957-49be-b722-ee2c10a0f610
15921,e3918ed6-128f-465f-b2de-2d82c69c105a
15922,7c113dba-9131-4a1c-9908-188a9e04b630
15923,66e7280d-7ca7-410e-8ed4-1cc985518666
15924,87242aba-8f69-4ada-aab1-c3c9c07930a9
15925,3205c4a5-1ff4-431c-9906-7d588a32c63e
15926,7ad112a3-fd4c-4402-a523-6a1820bfc32e
15927,aadddc90-75d0-4959-bf4e-747fc6fb7331
15928,609b15e6-85f7-44d0-9f0c-5337e62a6b25
15929,f7db8c65-d0e1-412f-b491-a8f9a16a7c9a
15930,9f9ed63d-8a6a-4d77-8cdc-d0ec53fea4c3
15931,3294a021-b69e-4517-a721-c2a94a9115c5
15932,e0ed4e90-b379-4480-9c6e-d918ec263529
15933,ab2341c6-1f98-4865-a245-e913e5d5ffc2
15934,207eceb6-d6d6-4a87-a125-0d55c8ba5022
15935,69f80fbe-5c15-4c6a-9fc1-214b2ab84fb4
15936,e1eef170-563e-4662-9bfe-97d2f9955325
15937,4c45851b-89e5-4b6a-957f-014306bfa0d7
15938,af782e1d-4273-4594-b7c5-ef973ec67e4e
15939,b3fe445f-e97a-4949-ad4c-9fa69d9c487b
15940,67e067ef-8afc-4e59-8be3-39346b64dffa
15941,f95f943d-530b-4382-937f-7dc9a8bae24b
15942,7c68b559-208f-4842-ab82-52cdff78c1f8
15943,bd513874-28ba-49e9-980a-80ecda4c2d15
15944,020b7ae3-9d07-4b15-abad-475bf439599b
15945,e486214e-803e-4037-b92f-283e21a5e03a
15946,488a7923-d4a0-4a20-91cd-a0f2c3874d38
15947,0bee4e20-31b5-4805-ab58-dc596d1e5c28
15948,151471fe-9eb3-4f48-9956-2d445d459ce7
15949,faee6d81-f3f0-42bb-88f2-cb6b7f93947c
15950,b4222409-9bda-4025-8afc-e9603607f41f
15951,a0322e74-2f57-4a01-bba0-cea055bd90e4
15952,f913c142-4a1e-4397-abaa-4f11fb2340a5
15953,c07d2555-1668-49c5-b652-c32a28cbc48b
15954,98ac2c9c-3f4b-46f1-b48f-a96a9e8390ef
15955,7502bd7f-b27f-4f75-8ccc-03b3d99b2163
15956,910d87c4-e4e4-4677-9936-7d0518f53c04
15957,b90431f3-7f3d-4e0a-a1b1-6d139f89f766
15958,3a43f72a-7b23-4b5b-8a7c-56ae8ed50481
15959,9da518e4-1921-4494-9423-af1cbe190ee4
15960,76df79b9-4f1a-45d2-963c-f0941a214b99
15961,8218e500-2143-4eeb-9ae9-e1b5ec5d2331
15962,7fa9c713-8ded-4574-8e00-2e6201564016
15963,ce4fdb41-eaaa-4ee7-b003-64f93612c970
15964,f42184be-dded-4729-b0ce-ddbb9449dc63
15965,714ac341-32f9-4483-93c7-9d7a50002667
15966,a286147b-576d-40e9-bfdb-6805f8458e8c
15967,d167a29c-cd06-4c4b-94d4-eb5769c7bef9
15968,be2a0e65-887c-46a7-93f9-8989e4630ffb
15969,7c458e1c-5735-4e9d-8da3-342925ee5df4
15970,04324442-55f6-4a13-9b14-2bbd8ebb190a
15971,d3b53492-0cb6-4a5f-ab10-14cd87e521fb
15972,ffaf381b-f231-467e-81e9-b8ecea9e43dc
15973,38b9c241-7c56-43a8-986a-c090a0f5031d
15974,588290ed-4298-421b-9615-454af4a736ca
15975,ce94ae98-b406-4ad8-bc0d-da2b94c7d872
15976,08d2a7fc-af65-4774-88c7-8c73a3dc20f8
15977,3660ea62-4830-44c2-b3ab-c159a51aeae6
15978,44e0ffcd-7ea2-4720-8927-37e2e41f6bcf
15979,25753a9b-0b95-42c1-866a-521c6bbfb3d3
15980,41653bed-2d76-4f6e-b108-a4fa138a4990
15981,7bd803ad-f2c0-4c4c-b917-f01d2193af77
15982,173cbe33-54d2-4bc6-bd02-c1ac26402eb0
15983,11ed58da-b470-448d-8753-a0f4bf6010c3
15984,d8feb19b-75e8-48e7-b688-13d6f68982a5
15985,ba04d5a5-b6a2-431a-b6e9-5b7201b62fa8
15986,017f7178-2e55-4912-8507-98f4946ff8d7
15987,50526f21-5a8a-43ff-bde3-300134c0a9cf
15988,b0e9bd5e-3043-46aa-b182-5f63487ff5e6
15989,51dc34c9-57a9-4529-9e14-01c289ec8609
15990,4c79f531-60cd-401f-ad46-7d3772957c64
15991,cf039dca-eb11-4101-a8b3-02257b4d98ae
15992,5b7c5834-945a-4d2a-886a-31e5bedd7a36
15993,c6b0fa7f-8ff9-42b9-aaa6-495d64e1b98c
15994,490016e6-956f-48b5-aed7-08725305da51
15995,8788a43e-8885-4c25-8604-069225b57353
15996,c25e56da-b9d2-45ea-97ae-87a7bc5a13e7
15997,5c2b9a63-1c25-4553-93c1-80d15e6ac984
15998,518d8db0-2055-4c1a-b4fb-926179cd0c38
15999,699d023a-d131-4bf7-9e05-c444b6ae1526
16000,f6209bad-f786-4f1f-ae70-0b80b83b7df2
16001,8d6729e4-42e7-4505-8af6-ed6d1c8640a9
16002,b36e012d-76ad-48a0-82d0-ecd703127d7c
16003,507b5e99-14c4-4caf-b832-de9a53279f48
16004,9eee891c-2f56-475f-9715-abc185b3cd33
16005,4b12dff6-4737-4f3b-bcc7-c1c3f9db6fc7
16006,542d167c-fcaf-40ab-a0aa-1b4c1670e000
16007,df203288-6359-4a0a-bd99-f50b42701e30
16008,6161b9ab-3798-497a-830b-caad96b6ecdd
16009,8bb1f09e-ae15-4014-a8f3-d3e3c103c298
16010,1191c2a0-2586-42d4-a6e5-e1fea84d5371
16011,755f1789-5ef8-46d8-899f-67138dd10f1b
16012,841653c8-767d-4dcc-a585-a0dc03eb95b1
16013,5714192b-2712-4f1f-85f0-69a78b4f265a
16014,3b87cac7-07a9-4d07-9a53-c0b4e22cc767
16015,2ea8026d-6866-4422-a452-e8f571543681
16016,51eeb8d5-d689-4142-b176-fe9503be6059
16017,27bc6f65-7ecd-4791-b518-34068d9400d8
16018,9cf521c7-37cb-4442-85a9-dd4fcaab7e03
16019,235e4fed-a1ef-4eca-9e49-870cc948ec19
16020,89768f0d-5fc3-4829-91b2-3982802e338f
16021,ec083951-d66d-4a19-99e2-70aae2ef3a54
16022,457af837-dfe5-490d-9411-c0ac0b49a25e
16023,7780fc94-587b-4709-b2db-c862d7e82a14
16024,b71a3c2d-529e-493e-bda6-f434bd810f1b
16025,d4c6bf6b-6939-44ac-b6ba-506fbfcefc2f
16026,85d48649-5530-4b54-a869-f609a8da6dba
16027,3af39543-52ac-441a-91c0-37693a50a594
16028,85e804f5-fdf9-4d22-a57c-56cb6608bd4f
16029,d8cfcd1d-cd7f-4505-a8bb-1fdf3f288e53
16030,eca0191e-0246-4605-8770-6ff67d8a55ab
16031,7c7a30ad-f2b0-4893-bfb9-7af468d0c15a
16032,5deb79c0-ce0b-4ec9-9fcb-7ea2d4522f4d
16033,d5268300-ed82-41c6-949a-10108771af0d
16034,5e79e358-96f9-4e7c-bfd0-eb9fd7bfc88a
16035,21140272-f1a7-4b50-b3ce-0648237da895
16036,cb98b8ef-45f3-472c-88c9-d9ad400b5c47
16037,e24b3c1c-5aac-428c-8060-7b0cd8c02d17
16038,104701cb-f0f5-4eb6-af72-180db17ccdca
16039,d6e91a15-e95a-4b85-94a2-e5ca23693dac
16040,a0306935-398c-4c34-adbe-82536a12a881
16041,78754cb3-0f1e-40c7-80b1-261f61336d20
16042,506e61db-0881-4d25-85d9-67e981b8e03d
16043,d604c7f5-7b1a-471f-b82b-2f9c03b9f425
16044,5735367a-0755-4f82-8acb-6a9a3b9c7fc2
16045,09c5bbd2-185f-45ad-892a-05aa8ca2e681
16046,3a825bcf-9b96-47e1-aa74-3d2d0ace3149
16047,5fa4abde-193b-4c59-ac76-e67ac0885874
16048,70cc042c-2f37-445b-8bea-3b6374d61877
16049,25f913a4-1716-4f25-8b5f-0bb5d5c221ed
16050,0ff5180b-decc-4518-8ce0-176f45158691
16051,bdda65e4-48f6-4038-b5e7-52cb0bebac4a
16052,eb08eeb9-55aa-446a-acc6-80f5f0608a64
16053,a130a276-ed85-4346-be39-82ab1cdb26cc
16054,0a116f04-c09b-471e-8647-cade2a5e549c
16055,aad500cb-b694-4e49-8ae5-d5dc6e63af12
16056,54e77b43-5950-45c9-82e1-313a9fa262fd
16057,81609765-15f9-4a4a-bb4c-e112afeef9de
16058,f4f8dd35-56df-493d-848a-6c46a3e7a623
16059,d8eaef67-52df-4f7c-86f7-20f3ff6e7867
16060,769f87a8-ad79-499d-8f7f-1e5ab456b2ca
16061,52f294fb-d67d-4653-b5fd-db6b876ab5f8
16062,ddd6924e-bcf3-4f0e-808d-d6ef8f8db3ed
16063,718cc92f-06c4-49f1-b43c-c1f7caeb19b5
16064,abf594c5-0cc3-49a2-9dca-f6160e99f279
16065,839f3a71-cbf1-40c0-9633-c31f06994940
16066,e42beaee-9848-4d1d-a4d1-7e2abf11534e
16067,cc6e02bb-f70d-44b8-b12d-5be0bcb8fd0b
16068,ac3a42c3-1d73-4901-a4e7-484413e3df9c
16069,71f8f1fc-0c7d-42dd-a1af-35b1d56f6b37
16070,6a51a242-6215-47cf-866b-c28b3b08e012
16071,6d9cb760-4174-4ebc-b812-fcb1dc8bc538
16072,1ea6b809-978e-407c-9d27-f75a8ea48753
16073,8e9f1a30-781c-47fa-861f-a41a90f1af72
16074,b972c229-4d4b-4797-8714-301b119caa31
16075,04f5726d-5914-4a74-b722-231945c37b5d
16076,48e5ef41-fd99-4db3-8fec-68248b7f917a
16077,38ab74c9-5220-4ca5-9d0a-39d38fcf91f2
16078,15dd904d-becf-40af-95aa-438b49d73cf6
16079,7d4e2e48-8c0e-4319-9080-c140614e3e36
16080,892c9be9-b33c-458f-919d-543c2f969222
16081,4e0f3d8d-12ca-413b-bf68-5cba6ff0d97d
16082,0446b429-748b-45b0-a098-ace5075e6b25
16083,8c918781-8f7a-47c5-9e08-91b54f1cf430
16084,60363889-c48e-4d5e-9da1-f55ed661ca1a
16085,afc53139-9383-40c0-ba8c-0480dd9c3c7c
16086,b2be4982-a1bf-42f1-8eb1-16b5cbdf3cbf
16087,0e627e43-785d-4786-8e92-29c4f43dfc44
16088,3b21efcb-e213-4a13-8a9d-6911ccd3d3b2
16089,76efda7b-c892-417f-bbd8-c6e5ee3468fe
16090,68224e07-23d0-4105-ba5e-cd8a482ce619
16091,79846cd4-a297-4ec9-807c-c033948eea78
16092,6097e0a8-a18a-422d-880d-0765f307494e
16093,25845784-cb61-443e-94c2-7381fa01ae1c
16094,915b7c12-3290-4d3f-9f1c-390e23db88c4
16095,cdc15beb-74bd-418e-885b-9c7a6516db1b
16096,9ef7195c-daa7-4df5-9766-6767b9090fb1
16097,4da9cdac-5051-44ed-8f0e-9e8c90c109ec
16098,09fe7469-a8b6-4263-bfc9-46dba206d043
16099,b5fb25e9-467e-4ec9-8cdc-a2194254b6da
16100,eac2e306-6d2d-4156-ac49-e806daaf53b1
16101,f280965e-9154-4e71-85ca-7a6223270e64
16102,f081e4b4-6ae3-4c42-a218-15abf67547b0
16103,b296c6bf-841b-420a-bea2-177d58ec072a
16104,323b835c-fae2-48eb-9c3c-4c359860fc2b
16105,dba5f83d-993e-47c6-b375-fe082b0b6850
16106,c62a1cb3-6679-4f35-8e66-4c1d11a141ed
16107,50d50bb1-c040-4c61-b3e8-3edb5f6febae
16108,bff801be-10fb-4331-869d-250ed1f1c379
16109,a22e9960-7a23-42f9-a978-6811851520dd
16110,5ff5df83-fcdb-4abd-9670-29826fe7febe
16111,5cee4e51-af5d-443a-b00e-7d797c8cbb6d
16112,2a7628ab-af52-4928-9442-2f40cd39f0c9
16113,37f517a0-ef8b-4c28-8f40-04e7ea98f1e6
16114,c648a175-8ca5-4c09-9e95-d5a9c1521e7b
16115,02ec0f18-659e-46e7-8245-b40a86428fc4
16116,9a11348b-4448-4541-a544-540f3ea321d1
16117,768209d8-fe23-4a7c-a759-36ac2f7b9b2b
16118,96c66180-ce75-409d-9f61-7045772a5bfe
16119,a87837af-4338-411f-960c-838b615b8f4c
16120,f598e825-1b8f-471e-8b00-0f1418b5a73d
16121,00ad396e-28c0-47d6-a766-263e5156e693
16122,969b73ff-f2fd-4d7d-8067-cf5588534205
16123,c8a31a2e-c427-402a-9cd8-b180dcd9df84
16124,bc65d562-749a-4411-a442-c389c96c3ac5
16125,54389178-9b88-4136-839e-2c2506dc8b3c
16126,d7037fc6-a887-4b40-811a-ddfe87ea7200
16127,a805dacd-52fd-4e91-8805-7fcb6fdea7d5
16128,1f6f0d07-0215-48ab-bb57-cdda8eb17aaa
16129,a2f7e1aa-3d2a-4b92-9702-4679e71fb7f5
16130,1f682bb1-a8a3-41d1-a6b7-20a53d9a7ece
16131,68e965a2-f143-4588-9c66-a0c59d180d55
16132,e68fbdc9-5e50-4dde-9b89-16cefb0e1a14
16133,f0dec896-dd79-4342-8942-55925900e178
16134,f65c25ee-a8e3-4429-87d9-4ce137290230
16135,ed2aa8ea-2686-4c13-b37d-642605576258
16136,30132d0a-f56b-45c0-8267-e027f014fb1c
16137,efee7368-0e22-4e44-ab1d-8de59cbe949b
16138,1911cde7-9ac1-423f-8cf9-f759de5d8497
16139,b3723e03-3c29-43f3-83cf-34333d64f792
16140,994e7b9b-d568-49f1-a3c8-e17ab11c3ad9
16141,057cecbb-7718-4a12-a375-8650326d3363
16142,1a54bb67-bd42-4f2c-8648-b9a4d668ee54
16143,bce755a5-c2de-4b52-bf50-e330a28d9672
16144,afa98d36-1528-4765-9936-43a3a3defb65
16145,25c81894-3ced-460a-b35f-17e1a2b8d35c
16146,d75ba65f-fe3b-436e-8a2a-165187eda88d
16147,306f7162-a1a4-4875-8b36-aa7f0f269928
16148,7486944a-fd29-4cd4-bb32-8458b01dfc12
16149,1b50bfee-5890-41fc-bade-e0cbf4ea320d
16150,3b224a89-0c3c-482e-8162-ab9ae8d33a1a
16151,f7563455-fd6a-4b64-8302-251a00eeddf0
16152,eb9662da-4289-4619-bf7f-deac7258dfff
16153,02241d9b-755e-4bb4-b787-eefe28af886e
16154,64eed26f-e2b8-4c60-b027-3c76727ac387
16155,bb4968f2-9c51-4332-8ead-44144dffc749
16156,6155a1d0-c63a-4c75-8d80-3e5023809e9e
16157,7eea92e6-4bbe-48ce-855a-240d383b7484
16158,e2c3fcc9-54db-447b-a78d-6f56ebc1911e
16159,eaf87855-9bcd-4df2-a3e1-503695e7cb45
16160,39910ef0-1f21-42fd-ba9b-3c2ebed07736
16161,df759d6a-e3d9-4bc8-b83d-9077fd5b827f
16162,aa7b7afe-0abf-4ee9-8786-2856a3fdde21
16163,08f8926d-2b11-4940-aa7b-24f72c4823da
16164,9e28568a-78c7-4f2c-9265-ab77187bbf6e
16165,e10ea7b5-eefd-44dc-bc3e-8334d3679bd0
16166,ba7366fd-05da-43c5-8122-7dae7e5041de
16167,1d8b5de7-74b0-4706-a58d-8cbc3c44e4f3
16168,f950e943-9ea8-4918-9318-779d9116003a
16169,4864f8d0-d3dd-417a-8c90-161042219ee5
16170,1b0ab072-cd7a-4c95-95f6-842a0db5301a
16171,57b9748f-3994-4eab-b0d0-64fb600999d1
16172,f6d87793-726a-47f2-956f-1e362b86684a
16173,58c7b784-ddef-42bd-aa72-1a9fa0b657f2
16174,8a670744-e832-4133-9e9b-7e34e4927f60
16175,e9132f2d-f955-4b2a-9a73-2e3e32c47e2b
16176,6788b67a-3e57-4ef6-909a-9886e5f046de
16177,c1ffa8d4-3fd1-4d49-994f-d105af61c4ab
16178,2e7a22e9-bedf-48aa-a4c4-8a6b59d4c3ba
16179,2a92b49f-1378-4ec7-bc92-6a19e0429af5
16180,37934207-8a99-49e4-a13f-4634a75074c3
16181,3889dc70-0f2d-4d69-b936-e9fceda2e373
16182,0e34af06-0e62-4e14-8418-e96096b7b385
16183,dcdbb595-79db-431c-ae91-ebe7bb3f6e64
16184,e7ebbcd9-95a8-48f7-89eb-8bee6f0dc928
16185,d5f4b771-736e-4641-824c-dd9ca4c79a11
16186,53a358cb-2e92-4dba-a8c8-415884ec7cf1
16187,a7116a73-db9d-420b-896f-0cd4a3a45673
16188,6a90e036-aa8b-44da-8f7f-f1ec45d3e051
16189,f7c1e19c-02ae-4052-b0ad-f5e9b63db344
16190,e393f674-b755-4310-851d-e55c4ea693f2
16191,b5c225fd-ffef-4739-9666-4e0be6baf5c2
16192,24e26a4f-3592-45cf-92d3-3feea6fcf2cb
16193,37e1a25c-b870-4731-89c3-a29f45b3e735
16194,d94a941d-c952-4ebe-8ed7-4c682fd28850
16195,75a553d0-199f-4592-9306-d85cd31e4aed
16196,90f9f8f1-3115-44bd-8eed-362e4d8ae9fd
16197,6522c0a6-1633-4527-89b1-2c86a708f339
16198,ea18f590-730f-4822-890e-c11a6e68a635
16199,abcdfa83-2fdb-4818-bc13-961c28b4ec89
16200,6b5f0620-4cc5-415d-82ac-357e97bf3392
16201,e2d36570-210c-4be3-8596-f667957eae18
16202,45f1f4c9-2db8-4bc1-9486-14826e880c42
16203,6e887ed5-1995-4cd8-aa92-8586ba789a90
16204,f32df257-ee55-443b-98f3-98d14a08e0eb
16205,1a55fbc3-dad1-4944-80c7-6bbe42f0f27b
16206,50e336e7-9979-42b8-85dc-674893cbf406
16207,b8a62f00-ef00-4709-8782-803a8e509867
16208,6b0eec4e-7661-43ea-933b-fe6f98305c51
16209,313d686e-2042-4b5f-9d92-3db770a41aa1
16210,1783565f-1c78-436e-b103-2986eb6ed84d
16211,462b8a09-014b-42cd-8c8b-80ebf319956e
16212,a9c02a5a-f284-4cb7-919a-11bbc3f0fffd
16213,581e6777-bf2f-44c2-a124-679b513b2307
16214,17f4107f-0d8b-4f9d-b362-e88284337e99
16215,cfcff2c2-7bd0-4b51-a9e0-18b87095a154
16216,b618517a-f01d-4c71-9bf7-0826e1b36767
16217,b77ebad5-e467-4bc8-b0a1-bf2f27bafaf5
16218,23b61d29-d411-4956-b452-cc8ff22d388c
16219,7cf2f303-a3a0-4482-9df8-d1815fb613e4
16220,946a14e2-643b-41c1-bb37-79a3ed8ad176
16221,9ae8a291-68a1-4dfd-ad7b-7bdd6571d79d
16222,f95a2c60-83f6-4b45-82c7-595f3779a225
16223,2f43f2b6-cdfe-452c-be7b-717a03ea3466
16224,c06d1f42-339d-4fca-916a-33cbc2c6d0c2
16225,3ee7dcaa-e3ec-43be-b0d9-4da7b736d67a
16226,52aabf24-37b4-4839-8776-8477a056930a
16227,cb92515a-fd7f-4e0f-87ba-a764e463ce77
16228,d7ab38a1-93f2-487b-ac88-531c69150efd
16229,c70d4b01-262b-4389-a4f8-0b8e4304507a
16230,3c940f0d-1d25-4d94-a118-61463fc20fa8
16231,d206c2e8-5c53-450e-9c6a-134c4e66d054
16232,790caf1e-ec40-49f3-be3f-73aff4743bfb
16233,91bf6489-2f20-46d3-98cd-c1e40b88befd
16234,4f662b17-3dfd-4fdf-bd93-3db5b61cbed8
16235,524fa44b-6f2d-49b9-8176-c4fd92489ca9
16236,c16fd519-dec0-4676-9479-f1b32df4782c
16237,01dcb799-b994-474f-9822-a1f61f6d3265
16238,dc4ff145-0491-41a8-b2a9-4a8f19531d69
16239,9b1fa0a9-1549-4f66-beef-e71e193ef9c0
16240,dec76e2f-8fff-445a-ad56-214fc8d31864
16241,4a99f8dd-28c3-4652-9611-72e2454efc4b
16242,f5ae9bbb-777c-4e8a-88e7-abda559fcc3a
16243,8115bbce-20f1-487b-8c9f-7b72001cc915
16244,6bf41759-2786-461d-909e-0563b11e3792
16245,e20122aa-94ba-4ba0-b54a-e8ba0c043ca2
16246,937e87aa-803c-4ea6-8cee-28e512115aa2
16247,4f63bcc7-6b9b-4b7e-91a9-0febfb13c1a2
16248,abf072aa-9fa6-410f-b759-1b53d30732b0
16249,10c6c299-92da-445b-850c-269d5a958dfd
16250,61c2f0ef-131a-430c-8a84-c0209b8d8971
16251,adf7b0f4-0c5b-4636-8f79-2da46005170a
16252,b6c73a91-e393-46da-b24f-655c1d2f48b3
16253,1826c8fd-af62-479a-9312-61b9e8b21209
16254,0c446469-f619-4c6b-bc0d-abcffa264f73
16255,04402819-83df-4bfa-b7d5-43a884b0fcc2
16256,9e5d6ac4-bd5f-48c7-a93f-1fec8b25f3be
16257,8f20e10a-2f83-42b4-8ff2-a8163b8403f6
16258,f5a98369-80f5-423b-a5d5-aed97f99b602
16259,eb4d9b06-8b88-44ed-b6b1-40d85cd33f95
16260,e3fed38c-df49-404a-8cb7-350ea976f84c
16261,cd094054-3707-4880-9113-27624a354aba
16262,d59931bb-0010-40e3-9b6b-ddc7b7168129
16263,8354735a-1436-416a-822f-8320180ac3c0
16264,0ed1112c-42a1-40cc-81bc-1a6cc42e0edf
16265,f25f10bc-6e02-4491-9f9c-075137300415
16266,a368a6e5-b867-4861-8208-7faafa3d2a68
16267,4323c5f0-ac85-4967-ac17-2c21c31617d5
16268,bb701e96-01ec-4603-b7ef-2f9cc64c1df5
16269,617dba4c-0377-455b-a571-33505ec6abb1
16270,2f2c308d-efdf-477c-9872-a308ea94f7db
16271,63f46d6a-7157-40e9-854d-c3a1c86154d6
16272,74db449e-8fbc-4f36-95b1-948ee6dcfa20
16273,2173bfb2-78c6-414d-bd06-3179b958adb8
16274,621e5048-066a-4e7c-9175-d560afa28f3c
16275,15dc1ded-2075-4673-a974-81a8da55e428
16276,be564e6d-b9e3-4ae4-a298-059f85731d6a
16277,a590d69f-5249-48b4-b041-66b4a85d9351
16278,aca7ead3-5723-43a6-9dcb-32d655ec3d6b
16279,5f2c54a9-bb46-4c0c-bf90-f54515c40844
16280,e3d0d8ef-cbc7-4653-bc03-762558b7049d
16281,0b12c164-bfe0-4f4e-ae66-fe89981ee5f4
16282,7be39d35-52d9-4a5d-9bf6-b9ab8f9fef04
16283,de525a50-0d72-4c31-b658-d6ca1f4aaaba
16284,fe1a59a2-46d1-4ea2-b81c-26cb6184fd85
16285,f7802644-e7ee-44dd-8468-62459ccf04f6
16286,4fb1ba18-5f69-47d3-8645-803375c4977d
16287,8daff159-df99-4e04-ada1-95d57dbbe605
16288,5dfb0419-d340-4200-8579-7331574cef81
16289,70549354-617a-4351-8800-7c841544d748
16290,44f9f2f6-cdb6-4def-ad2d-4da00710aa6e
16291,ec61716f-8d70-46da-8e46-4c077a6973ed
16292,abf924a0-6d59-4490-9a0f-c44833b96623
16293,571962e7-1588-4e97-b665-66a5c51cfd76
16294,613b122b-0301-4891-b72e-1170905263b8
16295,e37e2ddf-6947-47f2-9b6d-602a932d2790
16296,7f360666-858a-430a-8e51-e67fa4caa8fa
16297,e5a71692-eaf3-4148-b183-dd40239f581e
16298,d0d7e506-e07e-4f09-9206-3eeb2b80feb5
16299,45d4c6e8-b7df-4af7-8c85-e9fc275adcc4
16300,4b22cce4-f2f3-4273-b932-53955239bb76
16301,5f9bdd84-d5db-4b07-b488-7bf1b21def5c
16302,c6f66e13-6d16-43fe-bfcf-e026b97a4d9d
16303,b409f464-1392-4b10-b2db-36df71543df9
16304,f0298cf5-00e2-4dc0-a9e4-ffa9e71c2f47
16305,500cdb0d-783e-4a56-abdd-04ef7b0699c8
16306,0990ac73-7648-4072-a569-3a23b35d3bdc
16307,67883256-0111-4552-acdf-c15651eb3c8e
16308,3a4d1101-ff9e-4beb-a730-771a0be74c34
16309,d0ab4820-78be-4d92-8fea-2150f088e9fa
16310,43ef5ba2-a543-4d32-9d70-718c65f0c9af
16311,8b6b0c9d-9727-4f69-817f-7dacfae9aa7d
16312,3a96e6f7-a361-4078-a5f3-e8d2b8a32d14
16313,bce83b8d-8c03-43cd-be70-fe21893ead65
16314,b116c35d-87dc-4485-a248-7108fd6fb26e
16315,1d2c849c-2c58-48b6-8f42-316cc776328e
16316,74434f2b-04d1-497c-8b2d-0daf03fbb5a5
16317,7d24b6da-1393-4fe1-b800-e926e09a3104
16318,2281dd0b-a5d4-48d1-bece-477176fdbdd6
16319,0d041eec-c392-43f6-b503-e879a999be24
16320,098ee337-440c-4a59-863e-2fc40dcce9f9
16321,7692f345-30f3-4e91-9b07-adfd8eef8041
16322,c3fd3a8b-ccdb-4c21-9a05-53fbc1744ca6
16323,9522a1ae-7546-406c-9cf2-c31863484fcf
16324,45c6173f-a14e-43b2-9113-2a2bd1510679
16325,bbaf66fb-50d3-452a-8091-6d8422915d5a
16326,63a5cb20-4385-4b5a-aeec-8642667e42fc
16327,f32b1ea2-a55c-41d2-8d17-82ec91bbd2a0
16328,b8f106cd-4f55-48d1-82de-91e181274999
16329,cb7a147a-b2ef-44cf-add3-5929360439a0
16330,059a18f3-6726-4c28-bf84-f9b94fe3984b
16331,a20401f1-a40d-4b60-94f0-1b7052473c69
16332,ae2698dd-de1c-4e54-a6e3-49252c892bfd
16333,2033a01b-f474-4971-80ec-793a4dc6507b
16334,12d3a99c-f896-4dc3-95be-b31d764642ac
16335,713d5859-1402-4ac4-b432-39a07d51bb4d
16336,2a083b5b-f928-4a9e-84c9-7f087fc4ce70
16337,767f2cb7-d086-4019-b0fe-967099240e3c
16338,c24b8899-0d1d-4af3-a27e-d0706f50225d
16339,f159e59e-839e-418d-94b3-58b671c31103
16340,5ea67eb9-3c8c-4319-8080-846061e7cfa4
16341,e58b3d9c-343b-45e2-81fb-dfa5daf2b353
16342,75d5de95-3f01-48ef-93c0-72845134181e
16343,c370cb97-e6b3-4de8-92ac-96a9aeb7f9f3
16344,4964029d-a743-433f-971e-990287a42188
16345,53fe4c3f-a2f6-4092-931c-c14e0fdad33d
16346,16eb4484-fe50-4fad-90bc-179eacfeddca
16347,79fb4c1f-623f-409a-9b42-42f1fbf6b1da
16348,aece08fc-101c-4589-bf1d-c36b875e18ad
16349,eb36ae9d-ddea-4c7a-be1f-2b61b92cfe8f
16350,fcfb1521-1044-4939-9479-5c767c8e960c
16351,8147d0a3-1a69-498a-ae5c-9a21b8f4fd54
16352,ea25cf1d-42dc-4a80-8898-5bae4a2d2260
16353,cc644af2-6680-43c2-a3f3-ebdf19b5014e
16354,0686c7e5-ee88-4398-8ead-d592005ac292
16355,14c7d359-ea0d-48b4-8432-d18c0865b3a2
16356,9caf9385-e39e-4406-afeb-5865bb738251
16357,f99b6d36-c87c-4a18-a9a6-222119bda110
16358,89550169-cd74-4934-91b5-647014e208a1
16359,38fed4ff-bfc4-49fc-a3f0-f9f559788e12
16360,ac5f33f2-de68-414a-8e7a-c7eb3132982e
16361,3a32dfa7-7577-4b64-858d-1d617ebb2393
16362,e471ef05-3b62-4802-9995-a50683096bce
16363,cfede38f-a66e-435c-a9e4-02d7a2249a24
16364,a3309b3a-f561-436e-a786-49309977be8f
16365,5f8016c5-25b9-496f-9c72-19cd3ad15759
16366,6e455ca0-41e9-42f0-b231-9f4f333367e5
16367,6edddcc7-c065-4b38-9bd0-fd0d9b21c229
16368,866c71c7-5c23-4bde-9679-dbf35651a953
16369,1b6d146f-e700-4262-bf9c-61589253c620
16370,32263fc6-88dc-49f8-ac3d-43d4f2a3f086
16371,44b4e637-0632-49e6-a619-2f5ef42f6e59
16372,54bc33fe-4396-4e78-89ae-baeb3a236c9d
16373,ab49423e-9028-4aec-8003-a21b064709b2
16374,b65a88b2-18c0-4a77-a737-4714bb13c036
16375,3bfe95fb-aa45-4441-9dfe-40950fce8d3a
16376,dfbf3098-7cb8-4014-91dc-63955d594dea
16377,7a2b2fcd-f06f-4169-a663-2fbe9a037e37
16378,149a2b97-249d-4348-ad82-8a861ca1ac06
16379,582ffdd6-63a8-48ca-8fee-a258f7500787
16380,12744d73-e490-4a5f-89a7-eaeb0cdf9555
16381,8230db01-2aeb-4dc7-8508-409dffbf3024
16382,0fbcaacf-1559-4f5d-ae87-bacd2de46f5f
16383,e375fc75-fad2-4646-94be-0ba63ca2dc03
16384,bf58c251-03af-45bb-a8c5-aef7596f3d89
16385,11f8b417-dc52-4805-a921-7e40f67af8e9
16386,ffe1ac1a-92c6-44c4-b46a-5053b1807ca7
16387,e720e4ec-2bde-475d-b963-67b2c0114e80
16388,f0a8fbb4-6cba-45c3-9e69-8bfbdedc0032
16389,06e8731f-b4db-41cb-9208-8f3cbdd06585
16390,bf2afadb-c893-4035-af6a-dd6a9467eab1
16391,86745611-83ea-4880-823e-b6716ce1e8f5
16392,c7567256-d877-440a-bcb0-66a4369dac24
16393,0fb18b32-c33a-409f-8c60-4f9752a74f5f
16394,db358022-de69-4abc-95ff-828c05690f6e
16395,e37bb71a-4ecc-4212-b6e8-fe3409bed7e3
16396,14c0fd92-4a91-4d41-a8c3-bcf5ea42dc42
16397,3bbfd549-f246-4270-957f-a31b18fd42b8
16398,25b34e81-31f8-4751-81cd-9bbfc974855c
16399,d4cc7a94-ce5a-48c9-94cd-65c34d65f9a0
16400,d78e07ca-8a54-4ef5-9111-f34bc298f842
16401,4ad632f1-dff3-462f-919d-e506074932a9
16402,f6e87387-fe02-46ea-8872-122f0d5a0ced
16403,45a98763-2942-456f-8b75-e780c41ea93f
16404,1497d9f0-d02c-4886-a4e5-fe557c0e99ba
16405,c61814d3-32cd-46c7-9087-311be5dcdbbf
16406,f39588f5-0e2b-4b0e-96d3-3032875f248c
16407,0b68f349-dcd0-4253-b688-d49c2e20285b
16408,aa48d181-fb98-4f2d-b65b-279efca58f1a
16409,f853bc16-2562-4656-bbf4-5bc5f58a4876
16410,a182de8a-d04c-482b-89d9-11c0b80fd92b
16411,384adc75-c537-4b18-9018-867ec7502aee
16412,a6dac3e5-0e67-4b83-be59-77e286ee7e86
16413,d91faec8-943f-4df5-a87d-b2cf54230c32
16414,5780089e-79d8-4e93-9b05-1f135ed0a304
16415,04fdbefc-0993-4a83-b6d4-65a4bc0fc509
16416,14746b88-3f31-4202-9c24-9c420b2f946c
16417,b03224ec-03b9-4d61-892c-0fd1bb13ef69
16418,887c2926-5fa0-4131-afcd-94660ca8e0cf
16419,b738dfad-2fcc-4b7a-a703-8aa8693bbe05
16420,ee90a2eb-1c5a-4633-85f7-eee958fca113
16421,84476148-e736-4160-a715-b4d4ebb72b58
16422,400ea5ef-f5e8-4cf8-886c-0016fc44a14b
16423,58c1ddc3-736e-476c-98c7-f404e86025ee
16424,af8e55db-b08c-49af-aede-d86afab4b874
16425,7b05585e-4c56-4cb0-af85-2963742ec840
16426,19a388a6-d64b-4666-acbc-5675d003462c
16427,466b001b-8b7f-4e49-b450-3c8d2a1524d2
16428,6ed83698-da3f-409b-a510-d9c349d1eafa
16429,4bd921c4-9dc2-4868-986f-65f213954c12
16430,eb230597-7e53-4704-818e-1d537c5bf30b
16431,17c9dbc0-ca15-43ee-9f3e-7ae52f8b4fa9
16432,4fba2d0d-53a8-41f9-b88d-36de02850778
16433,eb1f35d1-159d-4d94-80a5-933d73a0ca4c
16434,18ba8e4f-6626-4ea2-b6b9-d166952145aa
16435,ede31c84-dac2-4095-87a0-4be7343bce18
16436,a44142cf-b5c9-46d3-900a-a246332b357e
16437,c1c98c54-782a-4f5d-90ec-c61e10811fc2
16438,80ee780c-9bbb-450b-b9f8-8fac3dfa8d34
16439,12f6308c-93f2-43d6-a07b-72d578b5bc09
16440,63d3e151-2363-412e-957a-27921918d647
16441,fd305e28-6a66-4003-8e70-b5afc022d445
16442,20efa6e3-835e-4cfd-8a05-7201e31127cc
16443,c80e31da-43a8-41d2-b572-a5448a42fee4
16444,95e195d1-28a3-4a75-a7b0-ed927e80d1b7
16445,b95a31fe-25a2-40d5-a60c-59cfd62785cc
16446,dfda934e-2be0-4609-bf33-34415cf0a886
16447,c5504a80-c833-43ee-ae7c-73f97b8b829b
16448,775a282b-97a7-44c8-b3ab-5cb22ae015b7
16449,1aead5ca-93e7-4973-b703-8582c80e34f0
16450,83ecb308-2f5d-4792-8633-4ec376e4ec97
16451,080b5ab9-1a51-4e45-8d98-2dd5e6f7751e
16452,08d12dbb-f298-4d95-8af2-282f97bc18c7
16453,30e18248-2f90-45e8-90ec-f1c740ed362b
16454,03b1e921-b260-40aa-943f-86c20c7a2f33
16455,09b48af2-cead-4495-9a9e-cc6ab7a5bc23
16456,17239919-0a7e-4191-b4b2-f9e7b0ef63c6
16457,e3f712cb-60f8-4e7d-b0c2-0a604f3a42de
16458,ceb6e92f-3cc0-4882-afd1-c4525057552e
16459,d96601bb-a124-415f-b89b-294ba3ade933
16460,9059604f-6066-4543-b4d9-dd6717e71c02
16461,435c5ad1-a83b-4a75-83d2-c5fa59638c08
16462,9b6d10bc-8750-4a2d-af5f-e15eef00ee2f
16463,71ef5b0a-80c3-484b-b206-11b5e28873f0
16464,2d6e0100-d897-47b9-8528-4305a8b9fff6
16465,9c3330d3-3c42-492c-8c14-1c3426a01f05
16466,46d4db8b-05ed-43a1-9cea-c1bf0f22bbb3
16467,c5320275-8623-45c1-aad0-f5c23ca722a4
16468,f0f5f49a-5526-4e14-a239-81c0968cc622
16469,f23a1e4a-bc4d-4243-95a1-e3541ae72e2a
16470,17c00fd9-9726-4144-adf5-175444749ef6
16471,458e6993-d0d7-4e3a-8436-c80a8fc789e3
16472,fc40ffee-9173-46cd-9b43-ccc87771060f
16473,e00201b0-4c43-404e-934c-12a934ce8b53
16474,5da67978-bf4b-4d35-b6b3-9196642460e8
16475,b23d66a7-e99a-4d39-a202-bf0949e33d6a
16476,1702a70a-43a0-444a-a41d-390bddb26848
16477,838b60f3-7e01-41db-ba11-f47149f30028
16478,9d188faf-e5cc-4e2b-be5e-7299096e8236
16479,a6617548-b431-4f5d-a81a-9aba85529b33
16480,d129bb5a-9e15-4e83-a89d-2bf8778e1cb3
16481,cde52417-b581-4f3c-bc86-d532b800bed4
16482,d7f65aee-7a06-4d1e-affb-bee223a71f7d
16483,fd9e42b4-2415-4b14-8f44-d675a5b9028a
16484,3aa724a2-5595-413e-815a-b5b1f0fc5047
16485,7dae4807-b2f3-4984-bb53-f626be910c4c
16486,8625b3c8-6ebc-4ac1-92c6-ed039083dcef
16487,b3230820-1ca0-4e33-b652-26e7cd94ecea
16488,01a5a463-f3d5-4218-829f-b23404c79819
16489,20e30974-44e7-49a9-8e44-8d5ad0e29794
16490,30e44df3-e258-48ad-9d47-32bf50c1764e
16491,7e8f0609-8fd6-4270-bdcd-2af18b0204fb
16492,cf6bea87-20d4-49f4-a4ea-5cfbdd13b256
16493,de72883a-f4ba-44b3-8ba4-89cfc9fae024
16494,16968fd0-788c-4bf0-88ce-60d5e0d55444
16495,cf142552-2430-4fff-b33e-0f5c5834a35c
16496,dce4b61f-d703-4651-b06e-fca6f666ceff
16497,2fc146c5-88d9-47c2-9068-62b0a3e50124
16498,925c36ca-c9a5-4540-a787-d7c7c4fe38fe
16499,d3f0e0f1-e607-4f82-b094-ba1cfce5e87e
16500,3805a7e7-42c4-4c5a-aba1-920bc41d1a91
16501,966fb16b-a939-47a4-a1d9-6cb55df58b14
16502,72a664ad-033b-4f6e-8ece-c9f1a6d5808f
16503,22a37704-8fc9-4719-b5e6-70ae167cc2c0
16504,28ff3f33-cb6f-4a77-8489-2323c5e88384
16505,b20ce08f-da1a-4c22-9e42-411723e632ee
16506,fa83b3db-ead4-4d68-b0c5-4fe0ef406f94
16507,ce85f7bb-5002-49f7-9dd9-09a3118ff7ad
16508,0364a130-8939-410f-9446-c51b868a0176
16509,ac44ea97-6e26-44bb-9e79-7145163cb158
16510,7b37ca7e-b2cd-4bb9-96f8-ae6647fa5853
16511,461a836d-af83-4964-97d7-8e9425fd77b1
16512,bc0f02ee-0f5b-4f73-a492-a134f93fd6f4
16513,85c6a902-c80d-4bd0-a8bf-8377fc83733b
16514,cb64fcd1-ede9-4c87-a5e6-6b671668c72c
16515,e18755f6-5b58-4dc5-8538-974c99852888
16516,cfd24ce2-7ad3-4c2b-87c2-f7439a40ca6f
16517,1918c3ad-a1e4-47ba-8149-9f265214bdb8
16518,131ac9e2-65e2-4217-b46c-188cc94f8678
16519,36011b1b-821c-4e04-ae0c-06e588eed197
16520,3eaeefe8-d29a-4212-b440-2d532121f384
16521,7377404c-2296-4fc8-8824-13e0e7e0de55
16522,047750cc-f084-46d7-9d4c-0d04755a2dc9
16523,f4f6a08f-0b47-42dc-868d-78b5182313f4
16524,141ada9b-1ba7-4b90-bb7e-f6fb721c2c4b
16525,34dcb0ea-0611-47f0-b047-8d4c73ca5f92
16526,5dca43a5-f5c1-49c4-984d-008772a7ad0a
16527,2cadd7cd-0bde-4667-9ebe-f22bcf2db6bf
16528,fe1b7145-f807-41fe-8703-90fb9df0a66e
16529,884b6ba9-f6f4-4af7-873a-e8ca1a6aab9a
16530,f5f6c5f1-a9f0-4e8d-82dc-3875b42c70a7
16531,5fc11481-ad2d-4304-bb0f-118061147986
16532,6dfaa523-49fa-44ca-8709-99d85415eed9
16533,636c34cd-ffec-43a0-95ab-08c4fce6b084
16534,893cde4c-28ad-40a3-bbb6-e97b307833da
16535,1600ede2-88c6-457a-992a-3f5dd6527e3d
16536,6b01cd9d-cbb4-4d98-bb9b-c361e4956c5f
16537,ddc1dd70-7a4c-4182-8ac6-1fc44e07cfc4
16538,a59850fe-13fe-4f4b-9cdc-4fd579400b81
16539,b085ed24-20e1-492a-8166-0b59699272ad
16540,c3084881-2700-4674-8d12-1b4bcf3cb594
16541,90f2cc62-b775-4f3e-993b-6faddd7f7071
16542,97424b00-c8f7-485b-b87c-e75860d9ce5e
16543,b26606d9-7f53-4e4b-9390-323112bbfc3a
16544,5ad586bb-f77b-4bb1-9011-520c1f742724
16545,d9dc2b7d-1055-4387-a92f-0e5911593585
16546,0f626472-6d54-4b7e-8223-69bb366f3df2
16547,93a2e779-d9a2-4366-be5f-20baf36c900f
16548,e3eeca30-ec4d-4a94-8fc1-51ea7be2e193
16549,97e23f88-81a3-495a-a3f9-e1ec43765a53
16550,4e4cf6ba-6be1-4fe9-8c5c-97808330dbed
16551,53e62e9f-10fd-4dc2-ba4b-0bd874460b01
16552,ebb88915-9b30-489a-8395-00cd6721d3ad
16553,18e53032-691f-45bf-a211-187091028425
16554,8aaceb7c-9f7f-494a-b071-4a954b98585d
16555,50bb41e1-21a1-4938-86bc-d262af11d3fd
16556,6b759614-c19d-438c-a17e-4879996d2217
16557,78580d5c-8437-4d1a-b2cc-88c82b0867a7
16558,cab88443-19d9-4745-8986-57c731865ec6
16559,f1c5932a-7c8e-478d-98b4-afbae69a55f4
16560,b85497a1-0015-4c1a-945a-2f0bee4f935e
16561,da1cb93d-5d28-48a9-bba7-84e0e9f4f423
16562,3e9ac662-4a29-4d21-90e4-6172f4fa1e67
16563,bbfb0e3d-6c53-4f4b-9ceb-c1aff14ad42f
16564,74c26dd1-31f8-4f0e-8b6a-073b0a448dc6
16565,5fae49a5-ba52-4f50-8693-1eaf33c3c9ed
16566,81a1a0fa-4603-42c0-8656-c31b40aaedab
16567,d894d207-cd86-4618-bc4e-58d6bd1c671f
16568,966e793f-cd9b-4bb4-bbd2-4f8bd3440490
16569,b5479c58-224f-4a5a-814f-292c9c0ce922
16570,db7b7da1-682b-48e9-a1d1-69d80229ca25
16571,ed978991-37ad-4ece-82e5-ad396fbb4045
16572,b1962d8a-16ec-496f-85de-f2792be5c9c1
16573,da3b4011-92c9-4d22-9035-6f4f85b7676e
16574,968c7298-6a3b-49a1-8b83-a1d6beeb156b
16575,c944b2d4-7dbf-426e-927c-85154365323f
16576,0e6fde38-aa66-4fd2-ba40-98bb3d71b414
16577,a242607c-39b4-42df-b9a8-f626d2a87737
16578,4002651d-aa34-4690-a907-029336687d26
16579,da991868-5550-4127-8040-0db9af264892
16580,4e6b7bce-f24d-461b-acbe-0d11f63eec19
16581,4dddd328-4a4e-4997-a5d0-a6f6a76ae95b
16582,2ceb4581-4aaa-4cb2-a6c3-eb34bf748b67
16583,c46af2a5-63ae-4c6d-aaab-54cd723989f4
16584,851c11e1-be18-4b7c-bcf8-e6d920d59a7d
16585,0f8a34a2-f032-4589-a4f9-5687f12377bd
16586,eb5affaf-606b-4f4d-9ab2-43c83e8c7fb0
16587,88082463-0adc-4ba3-aa37-944035f99f0d
16588,0bcf75f9-8e56-41f2-b8a6-93e93747c4e4
16589,c0b939b6-6b8e-4625-ad0d-59ef01745463
16590,9328923b-4818-402a-b969-77b4286bf004
16591,8fc02b4f-b9ad-4ab1-a737-b1d7f63ad087
16592,d187172e-2582-42ce-8d0d-24fa679b5b00
16593,318b8cd0-c072-42cf-b552-100af8d5e463
16594,7c45ad5c-5581-47b8-9769-9580534cdba6
16595,2fc69e54-78fb-48f5-ba0a-1e75c717f8e7
16596,e16c3a42-5179-4d0e-ba21-6db1d175accd
16597,5df19b0a-86e9-4f5e-bc16-166ec80aceaf
16598,e91c47b8-9f07-4d53-9c70-00936fe320ca
16599,f5a06da4-5d83-4378-923d-4153d98f245b
16600,953113ab-c9e0-4142-81bd-5ade62a78d40
16601,ddf2aa72-6131-40fc-99fa-a2ea0e1f8812
16602,c74e28f7-6bd5-4b03-a850-3746eb682497
16603,ac181f72-ce52-49e9-88f2-73e8b03c9bda
16604,883cadcc-95ab-4cf9-b909-e7c64eaf6fe1
16605,36560c93-20d9-4296-bdd1-b47f203a9eca
16606,a7361dd3-da90-4945-bd19-eaffe61063ed
16607,cfa02513-c541-4a04-a4f5-4b84974c267f
16608,2245cb66-fc92-4a73-9713-e9dfc42768d1
16609,ea6892a9-16f6-4042-af14-d69422e02be8
16610,828a4087-f6d4-479c-8eb4-e471687c344a
16611,4bf8077b-a3f3-4ece-b5d8-a19ffd590fc1
16612,76d3edbe-c5a1-4490-b90c-8b21be231ba4
16613,f2c2f01a-4d03-4562-9c11-0c829df8e00f
16614,d8c5a09b-de53-4f05-8706-ca7b3064b71e
16615,f9499ec0-6721-409d-9e5c-7908e5027d4b
16616,3a7fc078-f170-4938-937d-eac69bf74489
16617,78017c5c-a4bb-46fa-850d-c9511a69ec81
16618,aa249c7c-c135-42e5-b1b8-1ccb08b3e964
16619,196c556a-75ab-4f7d-857e-8a6479453d2f
16620,f6ee4da5-3967-41cf-96af-e4b70aaf4a66
16621,67650513-c082-454e-9316-11c161ab8b42
16622,60266893-cf62-4d68-80d5-9b6679545a74
16623,22c2170a-05a7-4d67-8d26-d54e575f8e1c
16624,c14ac565-b648-406b-a0ee-05f0fd6d39ac
16625,275f6da8-c985-4e95-935d-06846e33ac07
16626,f0a064ba-94d3-4380-b9bf-93b6f5af0111
16627,94e5f949-7268-4532-8e18-7394361762d5
16628,2a66f5d4-5524-4821-be82-21d1568e9dff
16629,6776285a-b432-46e6-978d-94391f9b4054
16630,a9d543c2-f884-43b6-9e18-0f54185683d1
16631,604ff028-be93-4f1b-9d26-911c42b1cb3f
16632,852e18c3-d86b-4b7a-a3a6-a2c0f3d129ef
16633,36143846-ea22-45f9-8f70-2a67c05767d2
16634,285f1c23-a776-4caa-b25e-138b228fa351
16635,1b1ad833-71c1-4089-a670-bca9d5eeb7fa
16636,40ba294a-c752-4d76-8336-161c1ee6b5d2
16637,8e284efe-09f3-4665-8530-72b30ab1208d
16638,4ae90291-2073-4a8f-b782-054fd5230c01
16639,0f937a4c-7b79-4bc1-9321-2cdd31516467
16640,a38df77c-373f-4adf-8145-155c77e03fbb
16641,944bf602-fa0e-472f-aefc-8182dee8e024
16642,25c31b77-573f-4d58-893d-95a5275982e9
16643,a55e5a03-7732-473c-8cf3-a6375ec18b55
16644,eda25e62-1818-43e8-9acb-af32442edd3c
16645,5b5340cc-3490-45cd-8f23-05c12a14046d
16646,d6266e37-7070-45c4-aed3-38d315877d60
16647,d4a96f6a-28cf-473e-b1ef-cee68af6fd83
16648,b412dcc2-5c0a-4b5d-a6c8-34afe1304207
16649,54d9c4a9-ca5d-403d-a5d2-6be216b985fa
16650,827ec089-ce61-47e6-8fd0-883a99acf467
16651,7b650e1a-2166-4e42-adb1-711807dddf8e
16652,8ada27a4-d639-475b-9e42-ecae5245c424
16653,55a74b19-a479-49b5-ad30-aaaa06aa3cd9
16654,0da1c7df-7406-4b1c-8d67-682aa68617fa
16655,acec57f9-fc99-4073-bc82-f14576d7ab82
16656,8fb87fc2-6bdc-40cb-ad7c-563c6927b591
16657,fd49563d-b8a8-46be-b76b-a8ea65e38472
16658,44aa4fc0-85f5-42d0-a682-6b02bacc9068
16659,bd22194a-acac-4563-a9ad-1e0d97bd9852
16660,bdb2adbe-7b28-4a1a-b84a-9eef68ee643c
16661,8b01d2e9-8baa-4de5-8467-90bb6c3b0444
16662,02a96d88-1b2b-4999-b397-1cf77d911d13
16663,d7a69f67-192d-40cf-8d37-15334ffecdd7
16664,5c1a366a-e0bf-4099-8a88-b1a2d19ea276
16665,37d1c00c-f00e-42f2-8950-2962b2e42ce1
16666,7c4a89b9-6c18-4ac1-ac26-9c9f725e9cba
16667,ebd5ef1a-387a-4a94-a554-2a5b0b449e54
16668,accefac5-a2ed-42aa-95e7-273b295482aa
16669,289bc6aa-07f9-4873-9212-ebc5734ae58c
16670,bead2f4f-90e0-40ab-a8a2-823137b8c096
16671,99891735-5d54-47fa-b81d-ddf46a247397
16672,2a54eb2c-3d69-4396-88b0-457961363bbf
16673,73cd7052-5e33-4d67-a75e-213455d258c5
16674,79e8acaf-8af4-4ad3-8bf1-948daba2a2ab
16675,19571589-84c5-4180-bf6f-37c0ee2f30ac
16676,6f069a15-8c52-4e48-815d-d0b855334b41
16677,ec22f021-068c-4608-94b0-5febb9db9df6
16678,24d2dcdf-bfd4-4068-8c99-9a1c5e978a94
16679,97ac8aaa-f200-4d22-965a-0aa7e62bd93b
16680,42c35ccd-95a8-461f-9d59-f69591149251
16681,0bbca2df-a024-43a8-8377-502413acf1fc
16682,04f33c96-c4d8-46b3-924e-63f47b0e9061
16683,ec49f18b-0cfb-41c7-9380-45d2020c2377
16684,875cacef-bbfd-4060-9019-fea4309f6fca
16685,7d55db56-e96d-4b72-81b1-f0b484dfff50
16686,97fd605f-621d-470b-ab81-9234241fb8ad
16687,e820dc9b-9a45-45a9-85c9-17cd398f7cf0
16688,6bd4ec4a-2512-4ca6-bdf7-95220ba29240
16689,632c6c88-4f34-4072-9461-9b7b46ccc01c
16690,219cdda4-1ef4-49f8-88e6-89052f498922
16691,001212d9-1e83-495a-8cc9-1d221929926f
16692,5086ce11-a10b-4d51-95f7-c97dbcacf5c5
16693,d7c60d19-c0b1-4f53-b339-ed2c48f84e40
16694,e9643cc8-d013-41ed-8a3b-a3d6389e9c16
16695,77f389f9-786c-47f4-aa79-6ba74683076f
16696,3275a73c-e26d-4ca5-82d1-6c7752f9ddbe
16697,a1752f40-8000-4f22-83e5-9ab48153fc4b
16698,60ddeea0-8c60-492a-871d-c52c7368c45a
16699,d1e3d6c9-6a2a-4376-9ff1-12937a33d619
16700,68348282-e672-438a-95e5-13e8b87968ac
16701,a5d89097-933a-4ef7-9048-fc081614f9c3
16702,c130e674-62ba-41d3-8b8d-234479fcad04
16703,9606ce00-f933-4ba9-bdc1-9fd52506c1ef
16704,3b235ded-1842-48bf-9c8e-f321d55e1274
16705,8ae13547-8502-4766-9305-38ae14019e08
16706,4aa509a0-4d4c-4eb8-bd5f-a632742cfc44
16707,6ade683e-1c4a-4886-ba55-a9a864e7911c
16708,53d43e93-27ab-48d2-99a9-47dbdf76f593
16709,f132588e-ec6e-4337-91f2-5d2269dbf802
16710,4f58ec45-34a2-44ad-89b5-19e5ad0149c8
16711,e0cd0f05-8582-4511-9533-61c2eb4d5ffa
16712,570dfbb7-5786-458c-8045-a8cf5fd84c57
16713,7fe84473-0dd5-4d6e-ab1c-fb62f1bcb537
16714,76946362-307e-485c-9c89-9f5207cb6bcd
16715,2b636ac2-b818-4bfd-adef-02cf61d130d6
16716,859ec99a-c634-4927-a883-ad59260eaecc
16717,50bc4016-d9fa-41a8-b97c-23a145faf587
16718,c392ad89-549c-4c4e-9181-0fe2c08ef1c6
16719,84c04eab-29cf-4935-a234-b4a66da654a1
16720,4bacd38a-1cfc-43d7-a9b5-cf9d9c363795
16721,2d4e8b47-d273-42a1-83c3-f338ab5d5984
16722,fa9836ba-4677-4fdf-a568-32963cfbce85
16723,5a5b7205-a4d0-4c7b-ba76-ca3e740ddfaf
16724,0b7fddc6-680f-4ea9-920a-b95d9fbc65b2
16725,1ee735d0-8e5f-4fa8-963e-2ec797bef085
16726,d5ed5fdd-d0a3-421c-8a27-a2018cfc0b5c
16727,89d3998f-497a-4a72-ad06-493ebe7520c1
16728,308bf3c5-b88e-455e-a8f7-79b43be851eb
16729,9638bff4-0490-4b73-a13e-24afbe056b79
16730,476574d7-916e-4b64-847e-c53a332c1683
16731,1a614da9-3963-4878-a66a-9b37dfbddd2e
16732,7c72b19f-4d5e-49b9-a7e0-6b63a8f1dd15
16733,68564fa5-5ff7-4ef3-b9c9-b9b82b042c4a
16734,2de1eede-92d0-470b-9d27-328c17d0f6dc
16735,1d4b3ef9-5b2d-4828-98f2-11d45b5a4505
16736,e1977116-9552-4481-9e1b-bb9b60f684d8
16737,47e632f0-c7bc-49f8-8c67-b9d60398e750
16738,c9e21f85-2a30-4979-a6e9-158e7fa095d5
16739,11abcbcb-0a41-407b-8f7a-709e45566aa6
16740,5975c82c-fbab-47f7-b2ec-a1ae094ce53b
16741,72af58b4-6858-4a1d-acd3-6d0936f54dc5
16742,21f0e24e-e821-4f87-bffc-a500098f89b0
16743,507a841e-ba19-4b04-95ae-4fabd479c882
16744,73690911-8483-431b-bb15-ec9ac5ba248f
16745,438c1919-ae28-4246-b034-23b3aa29244a
16746,02bc4916-ce82-43aa-9cc4-c5bb5a9e7139
16747,3a0eaad9-412b-4902-af1c-4e1025ca55cc
16748,f5b97c70-8007-4c79-97f8-9f7167ac455b
16749,416e89d9-02b1-4792-af87-97d1f84759d2
16750,9679fa18-0f43-4aff-ab6b-e18ea3fa2e38
16751,5ef89909-5fb7-49a5-91fc-8c22522f952e
16752,9bff3f7a-abb3-43a6-a9fe-c8ecb91b9244
16753,bd945eab-3cfc-4026-994a-a31d9a6e3aa9
16754,8f11ea70-c665-4820-a924-409287d85595
16755,883c8c02-a97f-41ab-b440-05a0d2094f8c
16756,4ed52a5b-a840-4ee2-bc2f-d2338e7da6bd
16757,fce28f40-f964-4729-810a-773310b6547c
16758,7e8caec0-3212-4788-b5e3-588c09ae1617
16759,02c2177f-a98e-4821-a37f-1858bcccd337
16760,2c1b3abf-3015-47a4-a0c7-4964ace7dbcd
16761,2ca2d34a-0a91-4d71-bd7b-7ec480dbbe1a
16762,d811e4dd-7757-4db5-a09e-891dd6f240c4
16763,4a28bc54-489a-4970-9594-ab8fd407b0cf
16764,bb0ec29c-73f2-4f73-8f8d-a4de409a24b8
16765,a7b44b27-41f7-4b94-82d1-31e904cb4534
16766,a21238e5-09a6-4734-b7e0-546e49451f42
16767,f62533a9-c093-4c5d-9554-0fe26b70a9cc
16768,48f54a4c-93b9-48e1-8f89-f3bc24953e46
16769,6adebd57-c9a6-404a-802f-d5967e63663c
16770,ffdeb846-9eaf-4493-86f3-3962b4874a7f
16771,2a76748f-c771-4ebe-83a6-949a71a411a8
16772,aa2e46ff-11e2-4da6-bcc6-a1f85e7ee4c5
16773,895a79f4-4797-403b-a327-27acc9d8c3ac
16774,45f56cf6-78b1-4478-afcb-d4c4d7f0671c
16775,7d80ee2d-8577-4cbb-a847-42e7664db9df
16776,6eae0107-3409-4b45-955b-ebe302c43c23
16777,084890bd-a8da-4447-8c75-3ef37de70334
16778,34147dd9-6049-44de-aa7d-dea85697f6ab
16779,9689731e-c742-4e3a-a2ca-d0ba5b11be1d
16780,a459d376-229e-4357-bab1-9a60e3e69021
16781,e5deba3a-8904-4699-8cdb-8c44fd67d6e2
16782,11c4496d-49b1-429e-b715-26038a22e868
16783,f4d743ca-6c82-4259-a82e-1d56660fe863
16784,7d0ea85c-4721-4a8a-8f75-401939410449
16785,832f2bb5-4631-4e3a-826d-911775dd377f
16786,418e3dc0-6c25-4135-acc7-262bdbf376b9
16787,7bace7ec-fcce-48e0-b0b4-a11eec637707
16788,01c82e14-7ced-4d53-be10-deb191029c87
16789,9d97fa66-b40a-45b3-8c52-4e0fee5252f8
16790,407f7b19-84c1-439e-848a-f594c6844821
16791,12146933-6ac0-4c59-b030-7f51bc22fc49
16792,70e77962-83bb-44c5-ba08-3ca88dd2f2f6
16793,5481455a-2218-4a66-8174-f02c96081e47
16794,0bb30a37-f2d4-4d22-9e99-6d35994329f2
16795,7a3fa3dc-5f6b-4f3a-a77e-bc9e84c9b153
16796,0096304a-8c2e-4aca-b072-79085b178542
16797,a7aee3e6-0ce1-4b7b-be71-23a1af4f3f47
16798,9b3c7abd-f157-4ec9-964d-7f38442b7e6c
16799,116e9f32-3b7d-4a9f-9029-cc962df02d0c
16800,b92dac04-5565-42cd-bdb6-fc6b52effec3
16801,21f9b7da-2c1a-41cc-b54a-b610cfaf77d3
16802,3f915bc2-0b61-49dd-be1e-6b8fdedc9f67
16803,05497a73-46c7-4471-ba2f-b38c08a6aed9
16804,eca8c2bd-934f-4cab-a051-285e2c53925b
16805,a309449e-f259-4579-8549-0217d47c8c2a
16806,ef43eede-e623-4d4c-a0b6-82835c50f9cd
16807,c77af529-a237-4c8d-a4c0-d6f4e4d55a52
16808,32025b12-e98c-428e-be18-ac525e5d2753
16809,073ac63c-42f0-4565-b64a-228f44f75963
16810,7d34fe60-6904-46d5-b6eb-8e6c7aa2794b
16811,8a38dcb8-d447-4c50-978a-9f670fd69ebc
16812,897c6851-3acf-49d3-bb3b-4c7e1fcc2577
16813,ef4284b1-a5f8-4ba0-ae29-8e16dbce0dee
16814,63a6faa6-b46c-489d-9c03-3e4bcf9b6ed6
16815,0730a0f4-0c3c-482e-b65f-71b65ecd655c
16816,d20051c2-88d9-4b16-956c-7e31663b7943
16817,29c27347-5bbf-47fe-8817-dc6b9413d3e0
16818,93861740-2d05-4c24-ac13-6c5c70ee3209
16819,edb61f9a-ebeb-4951-972a-195872a4420d
16820,9fb2c944-b5dc-4382-a186-d22b29ed1349
16821,a3c8fa52-0ccf-4040-aa1e-0463f2598931
16822,219166aa-a795-472d-af58-d2a3ed6891b6
16823,fe0312fd-9401-4b5c-a956-2faa9c2fb430
16824,2b7f8c24-d1d4-4b9d-8597-10ca5cda0dbc
16825,8a12b0c3-bc83-443e-ac38-bf98b5865186
16826,bf33c1c1-9934-4136-a9f5-b4748b99bd0b
16827,fb4cd9df-99b0-4635-a77e-6921e43fb9bc
16828,74901137-6f6f-43fa-aa74-3bd4a18dc930
16829,888b726f-c32e-48ef-b327-04e68cb61f4d
16830,b41e95e5-c196-4526-a76f-61e739644d82
16831,96f0fe5f-d33c-4511-bdb4-5d2f465c35cb
16832,6291e068-45d4-400a-9262-7db1456e5626
16833,58f71f3d-0ead-4986-bf6a-b295e7295e79
16834,48af8d74-c3a2-4725-9c24-7c7782d7ae06
16835,7afbf959-659c-4cfd-804d-9ffc32612ca5
16836,ec4ae22e-46e9-4cd2-a8b4-4c5908faf77c
16837,5c7ef99e-47b2-47b1-a0ba-f95fba13f88b
16838,e2ee5a7e-b953-4d3c-91f3-f79a6097a45f
16839,e46464ae-3051-413c-8fd1-f21197c74626
16840,4353694e-1c8d-402c-98a0-68a683431895
16841,e31b1b64-a255-46c5-91c5-dc4d02730394
16842,61635ab2-ca95-4f20-bea8-b3e655a31bbc
16843,59cdcb90-6f0e-4514-a365-275c6e1820a8
16844,e4f4d168-f14c-4b01-b6e8-f0e64a1ce0b9
16845,d4de2293-ba7c-442f-924b-d23609e44d3b
16846,f6e3b20c-d301-44a3-8d64-f591dc71e6ae
16847,ff6caff4-c26d-4c22-9e32-1c610a8d6a9f
16848,0ec91fdf-a8b6-43c4-b189-aa527fabbf2b
16849,e7daf76f-5b28-45d4-ad18-7d4a5a75f2ae
16850,6adb0aee-3ace-4e19-aadf-cec88723bb58
16851,fd050e14-4169-479f-ab26-15b22cb1af66
16852,58aa89e6-7ed1-4cbe-8b02-4e4c987ffb74
16853,77cfa001-660e-4395-bcda-7bfeb231594e
16854,8d375451-857d-418a-ac08-5447cfca0e8a
16855,9937125d-a40d-421f-9a14-2f1c788b7e75
16856,fd15bbbb-89ce-4940-a2da-5e45a457ff94
16857,dbe752ca-1fa4-440b-9f8a-84d4956f2549
16858,2f7c70e9-5e37-4fdc-b292-bd5d2fffe9bf
16859,d3188bc3-85fc-4f7e-8aac-3617fd189534
16860,434df964-cd34-41e8-b253-62b8e1730886
16861,43129be5-2359-47c9-ac0a-3b9545c622d6
16862,165c5f6b-5bc3-43ff-8774-61c7d830d470
16863,6ec74536-6b13-43ea-9c8a-c7680c0d211e
16864,462e0632-ef6d-44ec-8344-30ce281b0c67
16865,ea5fb2ae-36da-43f2-9b4e-a606f986f028
16866,916efafc-464d-44a3-87a5-7e16f42bff23
16867,1ad1da3e-1fdd-4d6d-8375-0fb3046b2e0a
16868,61050682-1c49-437f-a448-a2fbbad167d9
16869,3323e78b-c9ac-4dfe-b383-7da021556235
16870,86409ca7-dba0-4de2-b389-7d8638894d36
16871,6aeaf4b4-30fd-40bf-b7b2-8c2387df8c0b
16872,99cac59c-20fe-48ac-93d0-4af3a0a8dac6
16873,aff63cc0-ee93-4107-b415-f90df29972be
16874,be21f68c-dec0-4552-9d4c-67b5aeb905e8
16875,8ce4a2b4-6f10-490b-bca6-0896fb66c315
16876,00c2298d-4b38-4d5b-85d6-25788935c754
16877,e6b525fd-9acf-4622-9bd5-3e98c7031120
16878,6b55f589-b6fe-423e-977a-646b075b8ce3
16879,93eaacd5-cda8-4dd1-8eef-70f7aa65cc07
16880,56eef7a3-a453-44ad-9e21-78da9702a9a3
16881,aff3737e-8e04-496b-978f-b6f49c16b526
16882,47349926-c434-41ba-bf42-6cc5e462ee63
16883,5b10d19e-c640-4c07-b39c-3a6931255bec
16884,1a0cbf19-0df2-418a-831b-de1f92ef000e
16885,bc86922f-87eb-44c6-bf75-9ff5b63e8940
16886,071fb1ee-37dc-4d09-be17-fb46e3abd094
16887,45255d92-28e5-49c4-bc8e-3616f562a3bb
16888,ceb642a7-b96a-419b-a883-90004f82296e
16889,85802c44-51cb-450f-9ad0-bbc8c4513ddb
16890,9b72ec08-d499-4da1-9cc3-ce83ba27c99a
16891,c36a4ebc-4acb-4735-a0fb-d652f00edfcb
16892,8e11890b-a0e1-4dc6-98d0-a77725b99b81
16893,bc2d2631-1b19-4df3-9245-3563fdaa3f8e
16894,34380c03-6e10-409e-8534-844bb5439e97
16895,0b9a5e2b-f627-429b-9ab2-64383757b95f
16896,b76d9a73-975e-4312-8770-51305afdc0cd
16897,464cf1b1-8ac1-451a-8c6a-1919cc23604d
16898,a58f0298-99aa-4d15-944c-c89eb853b7d9
16899,1e8994e0-f451-43f2-8e91-bd98cbb2e7b4
16900,ae7b1c34-fd52-46ea-88ad-8fb8b8f10eb5
16901,7ad93ee5-ac0a-4b03-bcc5-d52a1b494e87
16902,c49337fb-9b59-4143-ad9c-215efe87db30
16903,6cb423b0-1192-4cc9-a1ac-231735099021
16904,80e9fc3c-13e2-4483-a4b6-264858419fb8
16905,5d5e693b-98e9-47c3-845a-15e160e01a6a
16906,130e33de-a85f-48c0-817c-a56654d97bae
16907,ed43537c-0e84-471c-99e7-f424d2db29aa
16908,c67b593b-6959-43ff-a642-389aa489b038
16909,17fd4a95-4688-464a-8caf-6f15d7351bd7
16910,9cc0f157-f7b0-4943-9e1c-b2a716b5464e
16911,872f3fbf-e820-4c14-bf6a-9cdb0fe21b26
16912,fcd8cef0-bf9f-4b1c-ba9c-48d711a80252
16913,07e5fa8c-527b-4843-b006-4abb0695cedd
16914,6a2288a3-c75a-4096-8902-cbbec74f22b4
16915,895f6d6c-52f4-4124-a0ab-17a58786cb1e
16916,723e7f40-3e4d-4b5b-8338-13a64e4f293d
16917,05f6c090-e2e1-4566-b368-7c7fe8396015
16918,f6a0b426-fe9e-4c33-90bd-b3fd057416b1
16919,899b7c15-fa26-4cab-b9d7-fc81e8572247
16920,78fe187f-6506-4b8f-b584-4dfc71bb3e2d
16921,b5792f5b-ec21-401f-bfdd-022c9c94d0fc
16922,d9b22f30-3e5e-4df0-a42e-cece6cb343c0
16923,85bfe4ff-757f-4357-963d-2197c1930c5f
16924,26718fc9-d6f8-4d2a-bd93-8943edf5bbd3
16925,24803e4b-52c4-41db-ad2c-7196a53330ea
16926,b0704806-79ea-4f17-a196-b677f7979e31
16927,898b5339-0bbe-4d7b-bd5c-15fe85bc4c26
16928,41a93a1e-44e5-4153-8e9f-7d1acae22f44
16929,d3c70b44-e0f4-4aa1-b845-ba727c35c98d
16930,eda0da4f-c803-4843-afd5-6a478d20a787
16931,265861d5-6548-4bf7-afb0-1c194e573207
16932,88b3beeb-52e5-4941-9634-5f21874fa751
16933,069399df-0005-4432-8f35-9656160934d3
16934,375eb0b7-652f-4417-840d-17cff049f1c3
16935,82f4c025-8b3f-48a1-b1be-edc5983f6951
16936,21027a9f-5563-41ff-aa0b-3c099cf55bf9
16937,d4f206e3-c4f4-491e-85b8-ce27c0cfdc55
16938,27204b2c-801c-4912-9145-d2379c7cb414
16939,27c1d460-5c14-4a02-bd20-eebe259ac473
16940,5218a11b-6d8a-4f77-a48e-916fa68ebac5
16941,43df8516-8fe9-4a24-9582-c429414b5a8e
16942,48429c10-5980-4e6a-a3a5-f757c4de8b05
16943,ef853338-2a49-42a6-92d4-c086c541f365
16944,ae98f97b-96d2-49cb-a8dd-34a738f485fd
16945,e73e3a86-103e-456a-bc7a-c30bed72da6a
16946,867f9507-e2c1-4cbb-be52-1dcaa8ba4d28
16947,b6bf303a-3b23-4fd3-b04d-64e445d69f59
16948,3b0df2ff-4e55-4c15-b586-b1805ea67c8d
16949,dc415273-cc95-46b9-9296-3ad12cea7e39
16950,1163c6d3-81f9-4564-b948-88325a9e3efa
16951,966fcac7-c61a-46c0-9cfb-c598bb20aa04
16952,a708e3a3-e9f7-4163-89ad-f6c13ceb107b
16953,bc0ba535-6367-4626-a9b7-8cbd4a9ed88c
16954,ca5cbac3-6fb6-4cd7-9e0d-004eaee337a2
16955,bf499f25-1ead-440b-ab5d-f335ada7a955
16956,624a185f-eaa2-4bb4-b2ae-7a5b9e82880b
16957,964f613a-4721-469b-a1cf-b7ff13e83e5d
16958,f1f773be-3e49-4026-a3b0-b275675637cc
16959,3d9c8b6b-97e6-4ab2-9fee-083e4a96e597
16960,013111a3-26d7-462f-b509-90824c65d22d
16961,fa36d57f-4ede-47fe-8043-69892c76d7a8
16962,8e3669cf-6f42-41ac-8df6-3bbf2cfcf6ff
16963,30ccacfb-a40d-4add-b40a-b730d5ab8013
16964,b3930feb-0ce8-4600-b09e-a034974610eb
16965,b4cb6f47-5d38-4faa-84ea-468a0c1aa0d2
16966,84c110fb-2e21-4bfb-ab46-315e797cd918
16967,a45d987d-ebbf-4575-8962-d95161205aac
16968,43d14784-892f-4b4d-87af-78e044652f36
16969,0cfab7b8-5453-4563-914c-47e53a110170
16970,8640f876-6ece-4f95-8d59-08663d742fe9
16971,fbd6eeb7-cf3e-4faa-b88d-f4324d83db80
16972,9ff01cee-2a99-4978-8e53-81e7859522da
16973,e67fff51-8f0e-4ef0-a9ed-9545d4ccf410
16974,10faf972-151c-42da-87ff-57358bbd3815
16975,3b234487-958b-4e87-88dc-08dff71af694
16976,cc8ae920-37fa-49b9-80d7-17a75e1b9918
16977,f2395424-cafd-4af8-8ae2-63e00fffc0b4
16978,54cff124-5254-4127-a711-5b91791b1f10
16979,dd9d04a4-2478-451f-8a1e-c8622c0d12d9
16980,db440d90-81ef-4ce4-a019-dfa7c67827ad
16981,3400fe29-627d-4456-ae89-4263aba5546c
16982,25488c29-bf47-4236-a5f2-91ed85122da2
16983,9fdeaec5-ef53-4ea2-8e95-618d10e0dbe2
16984,3b72a55e-d661-4310-a5d0-88a6c90bb4c9
16985,cd6b4b8f-b91f-4b99-9d4a-c6812e463a54
16986,1b0d1b27-57bf-4e22-ae8b-cb8dd3a8a9d2
16987,2130a5b3-48c1-40a1-ac36-1e8cbeafec49
16988,77f37b58-737f-4e4d-a63c-4cad651e0da2
16989,495a3ce7-5905-42ad-8d8a-d5732d0ad501
16990,12eb7344-0e51-481b-a34d-7a2744894056
16991,6b850298-3270-4b35-a13c-0335cdf4af25
16992,8023eb4b-d787-432c-9e9d-965188272918
16993,f8e51b1d-5921-4e14-a11a-ac14c4b87ba3
16994,05897da9-346b-4be3-96bd-8dec71eae3c0
16995,fa3030bc-d02b-4988-afc9-a116b3960a0f
16996,04737df3-f3e8-481e-a150-be3e95d43e66
16997,4bd616e0-d968-450f-be03-38d56bcdc79a
16998,68a6fbcd-cb5d-4fa3-8507-f91fde948925
16999,1ca281ea-e63a-4a2e-aefa-e61a9fadd494
17000,fe44906c-3e9e-47b3-9e2a-751c0a4c9d55
17001,1d8bab08-412c-47e4-b420-6a8d02fe4a71
17002,c65df651-5b51-47ec-80a4-a4d0ee1988be
17003,77597cf7-7846-4cb0-95b4-f4ef8976b6ae
17004,51f3d6a0-47dc-420e-98fd-058dd60030c1
17005,8b1029e1-ae7d-403f-81f1-e4cc6bcf0654
17006,3feb72c2-54f8-4c99-8ce1-a554b80d1364
17007,e63888a0-50f6-4644-aec6-14e3c3fa06ce
17008,cdd7481d-b6d2-42c5-804c-e1467c9c8633
17009,ff4414b7-f53d-4fc8-a82d-b266576b98ee
17010,b5a81e34-e68c-4f7f-8f19-e561ea67c61d
17011,9788e8f5-1ce0-4acd-865f-21c2db2ddd99
17012,b1fc8ed4-f633-4978-8960-adfb6d512f6c
17013,667fd6f3-fcc9-4a24-bb47-a5f97103864b
17014,ed5cd4ad-f9ea-4137-a074-d0dad779de66
17015,71352ece-6090-4978-bab2-2a37c910f296
17016,d53e83da-83ac-41e0-9bd3-f3c3566fb077
17017,41703c42-25c2-4bf0-a8c4-a8a47cca711a
17018,fb2b8cd9-6aab-455b-9605-2b3f11e9b6a8
17019,47a8e0e9-f5bc-4eaa-9b93-11e00dc318f4
17020,203dcac9-e185-4c6b-bd7a-7e2b41970fa8
17021,c53e3af8-c413-4f5d-b20e-fcd00697abc5
17022,17d25982-2314-4e59-ac96-fb314d30e8bb
17023,9f63b5d0-027c-4c42-925e-e6938215b06a
17024,5693833a-7f21-4abf-a4d4-11a4be6f575e
17025,7b8055d5-82b4-40eb-991a-b0f1530705c0
17026,733eb3ba-383b-4e90-9d90-7ca4b36a6afe
17027,7a854b3c-56ea-41ae-a3cc-6849030507a7
17028,c49f70fc-0457-4f37-934e-31d9a8e2f380
17029,9ec4fdcd-39b1-4a3d-ba9f-a29a07b52470
17030,56744fdf-0684-478d-9543-21b344b6ec1c
17031,30ac7aa4-3095-4604-abf9-85c38b80dc93
17032,db35edc3-438c-4763-920a-027d97f9e05d
17033,d9c605a4-7bfc-4554-a5d5-5baf9909ce3d
17034,a2edef66-8ac6-4c81-ac19-218afbdf4278
17035,cdd4b1fd-0609-4d4f-9daf-88f576c2a31e
17036,f68ef66a-4aa5-4b79-86fc-63f9e1af18fb
17037,b53752ba-06c7-4393-9072-e888a61882cf
17038,1781278b-4996-40c3-b8f1-a8d6b6e1fec3
17039,01075c88-23e5-4b76-9de8-c5a171f6807b
17040,8c454c4c-7ff2-4bf6-b7ca-7c52f2734bdb
17041,a252b1c3-476f-4079-b040-acf5244476ab
17042,45d7ff12-edf1-46f1-bc0c-e982399ae6f8
17043,8768c473-d301-4704-99cd-65b4c1e6ba70
17044,619361f8-4f3f-4e96-a76b-b07dcc9ec0cc
17045,42f33364-be0f-49a6-8063-a950002a2324
17046,5e4f63e6-91a4-42e4-9d52-aa1c6b263c43
17047,b98dd485-a8b8-46d4-aba4-1bea4ea107e1
17048,088de149-298f-482c-92d0-404e91beba3c
17049,13edcccc-521c-41d0-a3b6-49cb13d96ca0
17050,bb134b8c-86c0-4a21-9886-4ec1b67707c2
17051,bbe46f58-2a6f-456e-91b1-54caf111ad87
17052,074f20dc-398d-4e45-9eab-8134a832b5b7
17053,e2109955-c2e7-4d1b-bddc-8de6a9a0a8d5
17054,50ae329b-c2f7-494c-a062-530b7a9e0a9e
17055,77745050-1a18-4057-ab24-6d4cd6490644
17056,2e881c1e-ad46-4703-b491-1aead02334bf
17057,0ab91a41-8aca-420b-981b-8d2d0337c8cd
17058,bb8a89d5-db30-4608-bf4c-297584009db1
17059,7d9d5b65-367f-450f-a92f-48910a7ae757
17060,147499ce-cf1f-4642-a3aa-6a981938e31a
17061,825e647e-92eb-4d45-a92f-195c50556ea8
17062,21e4d9bd-5c60-444e-b9fd-ee0d62d28257
17063,7966e582-f5f4-4478-957d-94abb1920520
17064,2c049f87-1ac4-4c28-8ad3-a01243be20c0
17065,4dd923e1-e1a6-47e4-9eea-0153acbf18cc
17066,e8d43b51-cf86-475d-af2a-cb6b87100f38
17067,17c1925b-c4d2-42c3-b90d-57ab92cba33c
17068,7f548eff-1ab6-461f-9a56-31a1f0b6f11f
17069,930fb187-817e-4c76-894a-0a8b3846db62
17070,0f72c5d6-3144-4300-b770-f5ec9f350931
17071,9f61f88d-a0e8-4744-b9bc-23aea2ad1980
17072,d5183b7f-3f8a-4f6e-af3e-3a7f02a131cd
17073,521b9038-6594-4ffb-8690-596dca95bdb8
17074,86dc92a7-83e6-4406-a3e8-7dae67879647
17075,6e01bea5-b3a5-4dee-853b-c2b01e1de14a
17076,213e318c-0d0e-43d3-954c-f12cd30b0116
17077,cabf4e22-4886-43b4-9140-758ade72b636
17078,0f418951-66bd-4580-ae06-e2267009d6a7
17079,6a79648d-4267-4723-80ce-87858d81250a
17080,cb8d4c7a-1a43-43c5-9491-6fe0a8bce11c
17081,b51bb84b-9d1a-441e-b120-a73e64f3cfb9
17082,587fb56d-ca70-4e92-9651-0e4e0c59d047
17083,c9a39b18-0df9-48ea-ade9-3f69e3321e2e
17084,2c2dc1c0-11da-48b8-ae85-0401ac158440
17085,8fe4498d-ee1c-406c-adb7-94003f77f670
17086,3bc07d01-96a3-45d9-9e1b-d5b5f66a65b9
17087,2e73ae9c-a5bf-4708-8d76-ba32ea399407
17088,44e949d8-cd4e-49da-bb0f-ab423b1db45d
17089,ffdd5c34-7d13-40ea-94a0-520a15804b14
17090,8af01019-1c3f-4994-9008-9a48a66c8198
17091,16c29070-b16d-46b4-82bb-6c39272f9d21
17092,6710f2e6-8b6d-4452-8319-6dcdfaae7d82
17093,fc989690-ee81-4c43-a01d-ebc440cd790d
17094,105e35ab-9ce5-4074-b6db-39a5edab50f0
17095,b29a2a8a-f4cc-4d12-94d9-893ef5d63104
17096,669f51c7-900b-4f2e-93e1-e6f636b106b8
17097,4143480b-1e99-4500-bc98-e92c8781301e
17098,a1db4554-2054-432f-b34c-26fbf77363f1
17099,12cb6372-0f2e-43a4-8055-0f0fee1131ae
17100,a69813e9-cb7e-48e4-a309-3c1c40bfb806
17101,895c1edb-9012-4c26-8cf6-fcd87277983e
17102,29fcd49c-538a-4238-94a1-bb581c1b23b7
17103,08969051-f2fd-46a6-b789-4362dbe7bb5d
17104,bd79d5ca-3cb9-498a-9322-7b29d0c8cbd0
17105,9d48ba93-7227-41b9-8d12-70a5de84b0d8
17106,cb2abdd3-23d9-4757-b68e-835ff2d3cdae
17107,5546d0bf-dccd-418e-8689-7334173c83de
17108,78db4d6d-ff65-4c3e-894f-90504febbdac
17109,1df3f7e1-e971-444e-b7e6-debb9ad0a1c9
17110,11308a78-677d-4a95-8d6b-513c25b165d5
17111,8147b930-05a0-498a-bb7b-8c0c0b107a0c
17112,07cef054-b1aa-445f-9823-e611d0736608
17113,d1c7101a-011a-4626-bb8b-0b8c809d5db7
17114,3b56f31b-ff1a-4456-805a-daf64dfc679e
17115,26d8302c-ec13-404e-84ed-2323a4ddbf73
17116,c0a11ce7-1fa0-40f6-a587-428bb1ed1b03
17117,8cb6fa14-f329-403d-8162-b1ea68c13c4f
17118,cc60ee45-0e29-408f-9538-7c5d86eb8a63
17119,3df73625-3c5d-4b92-8780-a6bfc5fa65a4
17120,9a81943d-7d71-4e43-95b4-9c843ba4fe6f
17121,8743d31d-fa3d-40b8-8139-8ef91a65356f
17122,d9e630c8-1f8c-43fb-b6a8-aa9beccf9259
17123,4d0e2de5-5ed7-43d6-98b1-503bd044fcb2
17124,782a4ca4-2025-4e7f-a3d0-12ddbca3e024
17125,bf59a673-5ccd-47ea-b123-831f9df7879f
17126,5dc6a973-87a1-4c2d-981a-93708cde4299
17127,e4b25737-40ca-4012-9a0f-d2fcbe1cd19d
17128,09f68df8-a3cf-41c2-bd24-2b265b9fe28a
17129,53f54cdb-1ae9-41f1-b9f7-a336616c7ccf
17130,92de107d-3d3a-4c0d-a0c4-b7e34f9ba23e
17131,bca0fc84-e011-4de7-a1df-2bf2d4a21743
17132,0401d71d-474e-4240-9034-e7c7cd9b43da
17133,a6396327-b86f-49da-aca7-080d8f9c77ac
17134,03ee3066-b594-4eb4-96e1-8cfa8d9e7a2c
17135,c116c62c-6ae7-44e2-aa3b-2987d6c66481
17136,2f77a388-3a4b-4d43-aec4-a4b657ba363c
17137,a2a06673-683e-4340-b4c0-6f390313fb75
17138,4afea0dd-120a-4381-b0ff-6aac20cc1097
17139,52ac223b-5ee8-4bcd-8b3f-66e26156ab6c
17140,56e8b106-332b-4eaa-87a7-8eee340b21c8
17141,3a75c8ed-9470-49a0-bf08-a5cc1cd69387
17142,f376a855-80d2-4b9e-8473-49d0e15fe61c
17143,a08a9b62-8e61-473b-a108-b008130fa023
17144,1d4000ab-c29e-4365-8973-5cfb35e424b5
17145,8cb41210-bf7d-4fb4-a7db-814f481dd46d
17146,59abd02f-6919-4677-8441-abd4ad41582b
17147,0b0f4527-b2bb-4c55-adaa-364a6dc12fa4
17148,37e8d15e-480e-4e6f-88ec-3480c6a93c53
17149,9d07b06b-7847-49d6-94a2-f0b85a380e65
17150,29ab9832-0e3a-402c-a296-590079eebc46
17151,61120a96-f304-4ff6-89e8-b71c96d0bd2e
17152,e259ca8c-e82d-46cd-9ab5-5428fe3a00d1
17153,8afe852e-7068-41c9-8030-ca24066b801a
17154,6a782a55-a552-4337-8db1-b6e77abd7679
17155,121b5997-5a6f-4507-9edf-f9413a970a31
17156,f7f3ba04-287a-4e4a-9083-3069f220d10b
17157,8dbffc55-9699-4774-8564-35268a7e5ef7
17158,e1a4da5f-c533-4ace-9d11-6d37190fb2b1
17159,d0c39f88-bb18-47ac-abdd-4982b4458880
17160,706129c8-0713-40b5-9c18-7fd03d0f1570
17161,a57fb011-1e5c-4bbd-b7f9-c9685bb54848
17162,437ec429-442b-4dda-a872-bb4dbf530f26
17163,356284d8-e731-4653-bc4d-abee384968e9
17164,9f8161d2-a6ec-49e8-ad60-5ae99569aa93
17165,bcae898d-7e60-48a8-8e08-d6ffddf33bf4
17166,748ffc72-08d3-4825-b049-5db990a18c20
17167,82abdb2c-acf5-47dd-a953-ca4da7682d7d
17168,373e13ac-2408-40be-a4cc-4250426011d0
17169,57a151bd-d005-41d9-a33b-eee27563c45c
17170,bb6d0325-f304-498d-a268-8c0814fa3507
17171,31aa737b-03ea-4c9c-86bc-dce16dd71d11
17172,7dbfbc02-5720-4777-931e-3c3a442a9e80
17173,ec3724c9-bc88-4344-aa83-7f5c10157157
17174,80282f5d-2da6-4e73-adfb-efac3ae94a6b
17175,491052e8-6db5-4b8e-8713-afb315b668fc
17176,29c1cf85-2639-4f20-a90c-6bb6ef543729
17177,9609251f-edcf-463b-a3c4-439659f3be3b
17178,47918174-2b79-46b5-9f4e-3ac65b05d48c
17179,861f3735-6603-42a3-94e2-9c69a36d226c
17180,11cd37f0-8d50-4efb-b1ea-a8c6f9d77cdf
17181,0aebb43b-6248-4a8a-8634-f7724194742e
17182,35486377-e551-46c1-94f2-21e090e1935e
17183,63b9a93f-cc0b-4743-ab16-a76f68d00439
17184,fcae172f-b2f3-4214-b08b-1e8fdc1b33f8
17185,8ab36859-1ab2-4955-a392-b7768e18fcc3
17186,d64eb48f-82b2-496b-8f36-3ce57f6fdfd9
17187,26a70a4c-e7f3-4a6a-a210-a36fa0bad90c
17188,8ee212ee-73e7-4ef1-ad7b-b65171371966
17189,8b20934d-0a57-4a1d-b468-82ccc9af3690
17190,239578d6-9d6b-4630-8f64-cd86c0eaba30
17191,4d669f02-4d02-4454-ad18-602665cde158
17192,39bb6965-a4a7-4a3e-9fb4-9d5ba42cf113
17193,cbdb4268-4b58-4526-8360-dcb30bc71652
17194,3cc64d5f-35b6-4823-88bb-1c452a6ce0da
17195,76064f7a-42d0-4b02-9272-3b3dc66c9a06
17196,3ec6d5cb-1c21-4cb3-902e-6a8e2a03ae62
17197,36f4d4ae-e0b4-45e0-91d7-3e9316ae433b
17198,9c4eac36-fd50-42e6-bbe8-916330331314
17199,12355da5-6b4e-48b1-a3e1-ab8a701773a3
17200,1487fa77-a71f-439e-bf3e-fea1e8fc1367
17201,288ac339-2fe7-454d-a80f-a419abb195e6
17202,68abcbf4-4b6f-41c9-a1a8-9f928c5cfee3
17203,040c09e1-a7d5-4a36-b9e3-f65c70e79d1a
17204,b0a23674-1b83-4987-b7d6-f6e6a4dba00f
17205,1d9853d8-2965-4023-8657-79583f8c6b88
17206,fc58e95d-d119-4773-bd64-8385ede24f59
17207,296276c6-1323-4120-9157-208d7429bf39
17208,cd9a770d-c515-47f8-8557-6ce7bfb4a7ad
17209,3b4435c6-ac2a-420f-a36d-2b3c24fa59b5
17210,3b64b602-5e78-42cc-b1c3-9e7fa37ee336
17211,75ac3f96-8a14-4ee2-90f5-cc718195c8ea
17212,076cd30a-d830-4812-9514-4bf74f152910
17213,ec2a6faa-50f7-480a-b506-b44d2e02c2f8
17214,57b04ded-eef1-463d-9dcb-e395d79a852d
17215,2ef6ae30-e189-4ebf-863a-0f642e5d2274
17216,88d86a6f-00e1-428d-9e03-ae0299560557
17217,c4323346-50ba-482f-ba64-28bc63883216
17218,795a6ff7-14eb-4bf5-a5ab-9913a904c1f3
17219,78fbb1bd-ff52-4add-952f-2254dd4e3465
17220,1ace0484-bfc3-441f-946b-d5e271fe46e6
17221,9557cece-b49f-4170-bb71-712f4ed29af4
17222,d57cf1ee-13dc-45f2-85e9-7908d14a67ff
17223,e99c29bf-31da-4407-b13e-3cc17c61211f
17224,44bf221e-5634-4832-a1ac-428712e69502
17225,b536449f-0bda-42b0-a89f-9e66bbb155dd
17226,084d7e9b-fd9e-4351-b70e-fefd29d2bf92
17227,8eb8b313-5c42-448b-ad3c-fc56a2de3e93
17228,bd4cf906-5322-4ad8-a7dc-877643b09076
17229,b562f08f-006d-4e68-98ac-ae7b50741a37
17230,f53191a1-d199-4164-adf3-5d7cfd51069b
17231,5a30a113-6f7e-4ec8-8b62-1fd4d42dba5c
17232,5f521363-b8f4-48a5-8cd6-2065098070ee
17233,15e707ba-313a-49a1-a60b-1a7b410e9ac8
17234,f940ae4a-e586-4112-ab8e-9cf5ead55436
17235,8e8907ff-2937-41d8-a00d-c94448dd27aa
17236,bc78f845-dcdc-47c8-97cf-fe51d3fbcdbd
17237,c2d37caf-0cbb-42a9-a229-18579c8eaecb
17238,d4f8cbe5-8e3d-4fdb-a255-d57b52e9e20a
17239,115cf9b2-e7a0-44db-9dca-1943949aafe5
17240,4b3a70d6-00da-484e-b4cc-3489d3c25f80
17241,979184e1-532d-4302-a18e-172eea6699ba
17242,9d2fc1df-e182-4f43-9b2a-8624d0b5b741
17243,d893b24d-2cd1-476b-b991-d2b02da14825
17244,bde17341-bda2-46fd-b775-470d898f1f9a
17245,3cbe1d1b-cd9d-4939-adff-b6f9386566b5
17246,fd3e075a-3451-428c-815c-ab2db70f41cd
17247,e41f4122-192b-4f87-88c5-abb9e783c8bf
17248,6ff44a75-b0a4-4679-bb2b-90f70cdaa01a
17249,3ef97ff5-3658-48c9-b73c-9a4e33910830
17250,2dec3bf8-8284-43c2-bd4c-c290a2d9e934
17251,d8d21e72-99e7-40aa-b163-e837355dd196
17252,ced9798d-19d0-428c-98e7-157415aeb3e0
17253,c7df938a-b011-4e67-848e-225f06ec2320
17254,8e943227-edf5-4480-83de-433528b062dc
17255,b7eba802-2c4a-499b-a83a-9b5fa365e9d4
17256,0756273e-069c-4fda-8aef-061fa7bb6c91
17257,756539cf-d0c4-455a-9ed0-5776970dda71
17258,72536dc9-0e39-4eb6-9c1f-2c29119a63b4
17259,f2fcea1a-5bb9-4ddf-89a7-86fd23fd962c
17260,7f3decbf-4730-408c-9928-c5312d61cdab
17261,fc6a1f83-34cf-4c6e-9e26-b72b5c73f8e8
17262,e8febe46-4c8b-4d6e-b099-e5aa7017ccfb
17263,6cbf729c-1bec-4388-a079-83e56026db18
17264,0242dfe4-9212-416e-b57f-46814695821a
17265,5cae54a5-7403-4c05-afbc-d07fdc6f4112
17266,86f2078e-01b5-4aac-8bb2-3bda62277c2b
17267,951227f8-3d4b-4689-a69c-a27ac0bcd8b7
17268,66947209-9685-4f16-ba58-9c9ed05e9d7b
17269,751031c9-a21a-49cc-8249-240a9bab9e84
17270,9dc7b1d3-a184-470b-a485-11df1c4eaf1a
17271,acc2a477-7269-4d87-bfa7-a996e4e2a19d
17272,ae0b0cdd-abc9-435d-a6ed-7e1a90490208
17273,8472be82-cc60-49f2-a877-38e5cc830cf6
17274,bd68853a-3114-4e7a-88a5-aa39887fc49c
17275,f68adfd4-d6ac-4dc4-bdee-c3fb4e33a3fb
17276,79a3a17c-f5b3-491c-9abc-ecd5658250ce
17277,6f70be02-519f-4d7b-9409-aab635b08bbf
17278,226341bf-1036-48ac-b793-7d9d7bfc670e
17279,84f3e0b9-9398-49f3-a98e-5dbaff704f85
17280,5e42f393-bdde-441d-ad4b-025fb3a22da8
17281,75cca688-23f9-40f9-a6bf-5582738764a8
17282,7286e9df-db2a-4ae0-ae0d-d2404fdad926
17283,a9d054af-6aac-4086-8245-21c71fa3f26d
17284,b4754971-5a89-43e1-94d1-1fe0dba5bb33
17285,129a0e41-3d3f-4a4d-8821-c5f2b3161d4c
17286,31cb0fc7-2fc1-448d-b6ac-c3e818a4b284
17287,8c9daa38-aec9-44bb-8ff2-339cf05c0b87
17288,0f36b130-3c2f-4769-84e5-47444967b786
17289,b57d1ad3-a953-41f6-b47c-730397bb8707
17290,c5cfda7c-0055-4921-bf2b-8bc88b209c73
17291,e3d3084b-c68e-4dda-9e39-2bf1168b15fe
17292,08280765-97a1-404c-abd9-347cc9114498
17293,eda9e442-b98e-4344-a388-a7e7043ac0a2
17294,1e723270-68b0-40e5-84f4-ff66e0b9dbfd
17295,9463c2ff-60a2-4732-930b-4822a3725d4c
17296,b35208d4-a9f9-40c6-b993-e263eef04fa2
17297,b77aacf6-4988-443e-ba1c-ed20f20ac8f2
17298,9bfae965-1fea-482d-ac6c-1292f15e2cec
17299,d8d82df7-1395-483b-a333-75c0459ae3b4
17300,e85102d2-89a7-4ef1-814a-6a3d2481e4ef
17301,ddd1b36c-89a6-4842-9529-8558783904ea
17302,84fe861c-00c5-4465-a42b-1036354ba879
17303,15a1e635-60f5-4668-b270-d6987273a13c
17304,0416227e-a972-4b9e-a490-13eab6cce3f7
17305,39787075-7881-44c5-987e-fd31fc7029a9
17306,dba65cc0-d31d-4b6b-84f2-dd7079331065
17307,39e4f348-6dc6-4849-b6a7-294a6549ed43
17308,3a1eee4e-0947-4e41-b74e-9bdf6172dc6a
17309,62213eea-b6be-422b-8d52-95eed65113f3
17310,200de71c-e728-4ab8-bc65-8ae977cac05e
17311,c314051e-7b29-446f-9240-97f8eb8cb69e
17312,26facfc1-b3e6-4f36-8ecb-ca0ad5e065de
17313,c3de74e0-d629-44ab-961f-20dfc61c6edd
17314,0f282c28-e12e-41b0-bf8d-aae70b41ec45
17315,0102b239-49c4-4adb-bab3-4a1c74354ae5
17316,12d166d2-007e-4d0a-ab55-2c698ed09f7d
17317,c0ed0010-fc80-4d25-8c90-a3b58e415b70
17318,9cfdb89c-36e7-4894-b97a-5d6f9ac83a51
17319,66a7ba44-073b-4907-82ae-ca749b3c01f9
17320,a0cf22c2-bea8-4d47-820c-73a280503a45
17321,417ceeac-8032-4074-abd5-526e2b288c47
17322,62dd2a2d-1703-4b8f-b88f-b0ae533c9048
17323,39e5fd8d-75ce-4635-8198-d17214dbea31
17324,d4bcf7d4-8078-415a-ab6f-cfb3077cb847
17325,b23d1074-79ef-40aa-9b3d-c21bf76d7753
17326,654d18e0-64df-49b9-bd37-7482c82c6d73
17327,415d0d9d-42ef-4f44-9741-61d2fdd55a63
17328,235d5d17-b4be-4cc9-b747-947ff763e708
17329,4e10f949-d75f-4814-b252-05d4d6c61934
17330,11699cac-1bc5-49ec-b579-8961e55fa553
17331,2cbd657d-fa03-4b6b-bd77-1031a768faa0
17332,c1c88f43-fdff-44b4-bb17-cb3a10d1b439
17333,f8523ca5-3a7b-4260-b603-bc90c1d108da
17334,949fedab-bd7f-4c3e-8c19-564c122f48d0
17335,deaec21c-4c37-4e49-8975-6905a3a2c4eb
17336,cb5d877b-da50-4a87-bed1-dbdae8c6c5fb
17337,5554e3a6-2170-496f-a0a5-ac7986923d67
17338,106774af-acc1-47a2-8880-288699c675ec
17339,ab984ba9-cfea-462a-be49-a08d96cf9496
17340,a9ecf5bf-6cee-4d88-af75-3b4c17c08152
17341,8930a8aa-b0cc-49da-9fb8-a4141ecd8eae
17342,73828bbc-fb32-486f-a154-8cd2874b67c9
17343,a9baa3ae-7c37-420b-82b0-59747d2dcf80
17344,ebfe4f39-c773-4964-8ea2-2c6f67428446
17345,44570d97-8bda-42c4-bbac-6bce9702810b
17346,f9b07f28-7abb-4385-9b34-7f42734d5953
17347,c243480c-a599-41df-8f61-993536525dc4
17348,cbd5d164-ccb2-4e96-bb1f-15a90b7a6487
17349,84a300e1-20a1-4a0b-af9c-b8cb9c80b9f9
17350,07c5ff07-7452-409b-acb4-492fa69c76a4
17351,4b759e51-8a6e-420d-878d-c84824ce3471
17352,c455d288-d148-43c5-b8ed-17f51803b567
17353,0ae634f8-7811-40d7-a584-6eedf4c6eca7
17354,22e26b78-02b1-4400-95b9-76114b290ab5
17355,ba2fc208-caee-4327-87c3-1e39a7a8abc6
17356,daedb28b-765d-4cec-8b66-90437968909b
17357,94054780-748d-4d34-8a79-a64a0f1831d5
17358,51e3644a-9dd2-4146-b350-3123786e227f
17359,85c64114-7613-4849-9851-c16b6491e0e9
17360,7b2f0966-586d-4002-9e6e-626c7c1ed1bb
17361,ada26af3-8c5b-4fb0-a4ae-a84319119f53
17362,306e322b-06a6-4bf1-9729-54c36b38490c
17363,0ba4eb00-70c7-4281-9924-d752176af117
17364,ab1c7672-6c4c-4b1b-a43d-91f3122bf916
17365,621d074c-dc6d-49be-81d1-90e8f5935d04
17366,cede57aa-2dd1-4825-b51a-2e1ec0fe6b36
17367,92e00c6a-5ed0-4e8b-bd6e-93aa8803d410
17368,6bae5947-a29b-4830-abd5-e5116e7eb223
17369,1a6197e0-97b8-4757-882d-25cc8d5d4871
17370,fb67c3cb-cd44-4362-97e5-dcc1e97f3d52
17371,ef03141a-77b5-4d8f-af00-9a1908624655
17372,6dbcd12f-4338-4553-9c9e-78655266adfe
17373,caa106b9-4090-439b-a432-aa0c0c2c7e66
17374,fb2cf7a1-b04b-4844-8db1-c95cfad0b47a
17375,827910af-e879-4709-8841-6e28213f83fa
17376,a2500ee2-94a5-4ab0-819f-124387fc5a58
17377,05296d20-b48d-4d7d-8a76-dcf76a90aea6
17378,dd51fe1c-35b3-4b56-a8f0-4752f261d913
17379,95e8e04e-8629-4dcf-abb1-e099039e5e22
17380,dc505376-b364-4870-9cbb-1ebd634d70a1
17381,b5a39002-a05a-42ab-b7b1-1280b1affc85
17382,c4d8c600-49d2-4247-b8af-109b94bafa14
17383,953b71f1-f6e0-4a8f-be18-a4bc86a4fe89
17384,a2937427-6512-48a9-bb95-111937d1b543
17385,84db6704-b620-4339-873c-53f02741ff49
17386,0c04dda3-8512-4357-9d26-24c0b78a6c44
17387,327a6b88-3aaf-4406-adce-6e5bdb814988
17388,f8c778f4-fddf-4393-87ef-34fbd863a302
17389,69ed5089-784b-4e08-ba8f-21bd80706ea3
17390,4fddfe4d-7b88-4097-95db-bf1ef861fe3a
17391,5c3cbcdc-c38f-4c9c-bccd-38b194987fb7
17392,385b831e-5d53-4e59-83c8-4d2ee5a2dc6a
17393,319066ec-4882-4423-9caa-4cdcf50e8845
17394,536238e9-c136-410d-9003-e43243c99fdf
17395,bbcea355-0b97-4572-91f9-b03f2fb46eeb
17396,4e498d4c-700a-4f41-9bad-e28d4ee0016b
17397,60ede6fb-056a-47e3-8e4e-e0e895ae7f80
17398,96ae41ef-b934-4694-9c84-8189643750a3
17399,366374e6-0ced-466a-9706-903aa8a1f843
17400,428df0f5-806d-4a47-aa5c-590d581526e4
17401,5f877fa6-74fe-4f14-938d-e5dca6bf8a00
17402,32f4e79c-0740-48a2-beeb-159173d567ce
17403,2ab7228b-d845-4d2b-b285-d5fc68cf7eca
17404,bfc56f9d-10a0-4151-94b0-62c66e28e4a7
17405,d9c5aec2-4017-45e1-9cb7-139abe99ee53
17406,b5f04472-f1ee-40bf-9dbd-576ca536609c
17407,e7c82eca-dbc1-4e1e-a0d4-6b01e9c17de1
17408,2228d91b-d7bb-45ca-9cd3-38f706ee8545
17409,07773eed-17d8-467a-ba4f-607560343d89
17410,21352035-f4af-4f3f-bd5a-9c0fd72614a7
17411,66975059-6e1e-4091-aebb-0b6deb2ad957
17412,a937e1cd-f2e9-4ba6-878f-f9f11785716b
17413,ecd9d0c6-bcfa-4bc9-a7e8-62dbb7f87540
17414,9910d2e0-d583-4b05-91cb-7f6b69b8eb49
17415,c2b7e3f1-e16a-4227-8add-0ac2bfc3d198
17416,22fc3c7f-6997-4212-9be3-f5cbd918c99a
17417,2d4f458c-e44e-43c4-81fb-2087375af937
17418,073ba1e8-e62e-4c09-861d-272ec9f13e7a
17419,58df5b34-a237-4048-9555-b1c930900ef6
17420,ce8ad37b-477c-4d47-b6c1-2865a6888580
17421,afea22c9-f44c-4bc8-8295-db02977bf96a
17422,6d6dea91-8498-40b9-ac01-fded35b59cbf
17423,f0d7f518-07fb-4d02-a25e-499f6f795c83
17424,71aecb2c-9eee-48d0-ba43-9a67ef044954
17425,ccaaf8cb-199b-4920-80d5-5b90ff5281b0
17426,79ce0fe8-5040-45b3-8d04-ddb9f2ab6328
17427,ff03586d-5c5c-46c6-87ef-a75d07c20290
17428,a3a9c04f-82f3-4a94-8f41-cb8d4dd0b001
17429,6e5271c4-7163-47fb-ad69-2aa8e2c31d06
17430,57f84ed2-0fcd-4f4c-bcc3-412b43128132
17431,2fce3832-0beb-4914-b3ca-2f1254cef46d
17432,8d3917ff-9d75-4520-9c34-2f6e7359aa03
17433,e4633f8e-f44d-494e-b973-6b8de155ef28
17434,19561134-1ef7-4e92-959f-d7bf1ccb1bbf
17435,828f73c8-bfaf-424a-8e11-5a68840ce7c1
17436,28eab695-45e1-4ca0-ad09-ed8fbc57964d
17437,9c564c12-c52e-4e82-a0fa-484251ff9308
17438,bc4d3f36-d447-49b8-916d-10c82ffd71a5
17439,95434902-0c43-4fe3-87c3-94580eba3774
17440,6fbb0bea-4c78-4ca1-9fb0-da86d2bc5117
17441,5b163b48-98b0-44a8-9ad9-ecc6391c5ce0
17442,18c61aa0-b411-4e40-b173-b13c0f935561
17443,21efad33-2868-415f-8fda-a707ffba3c51
17444,47f8e009-2753-486f-ad64-8d345816ac88
17445,548aa1a8-59d9-4037-b8fd-4f69f4eebb97
17446,634bf036-de12-47e7-8ea8-556f2e1398bc
17447,8f327cd7-5b91-4fe3-b3d5-cd462beee729
17448,ecf0e19c-2fb1-4e0f-88ec-f27c4c9d3057
17449,32fb149a-aa21-476b-b981-b1442ee336ee
17450,2f6ae29b-9c73-4908-87e6-0280d988819d
17451,fc5ae663-ef4b-4943-82d5-a1e43ed1a2ec
17452,9f43473f-9b2e-4a1c-9132-a8b5179c327c
17453,85ab9acb-7a57-4618-93b8-57727d776ef3
17454,8564f857-247f-43a9-b4b1-703e09fca358
17455,2d670164-9d94-4a82-97e6-4e57bd55e8aa
17456,cbfcbec8-2bef-45fd-88d6-608467c8369d
17457,1b5f20d9-d2f3-418d-b40a-de536e290667
17458,65e4162d-383d-4d1e-bb75-85e533ddb5d0
17459,be3af3c6-69f7-4ee9-9a07-4fced6d5a35c
17460,c3d18666-2e6d-431f-ba7b-c6f835213a18
17461,cba49e1a-a5fc-4427-9032-e6071d6f7362
17462,7a244a1e-0646-4599-8219-4b180bca2860
17463,59f35c08-ea84-4e30-bee1-2681cd440068
17464,3cd428bc-8479-4d44-9665-b851f2b9c3b2
17465,7916322a-fc60-41e6-abb3-2c38ffc230c6
17466,f978be89-5afe-4779-8f88-c2a8dfdecbf7
17467,1bc0d2fa-2f05-4224-b92c-c2b2a24f8122
17468,cacfeeb4-bf68-4d84-9451-fddd8bf2b7fe
17469,572758e8-34bd-436d-b1cd-dc3d1fcb627e
17470,d8dc04d3-fc9a-4fff-9c32-5b3c3ac8154e
17471,aa0f9745-6b07-4b38-bc26-0737d28ba60b
17472,b5c0acd0-ebcd-4f15-81d9-42d2a16280ab
17473,7b3be3b7-13d8-45b2-9463-51e4407a8ca9
17474,ba95229e-1386-4ee8-ada0-b44c03f497e1
17475,018ae980-dee3-4f2c-b3ac-90aa47b3f241
17476,7bb62493-b473-4169-b73f-86f9f45a5ff3
17477,dff5d396-2ca1-4bc1-939f-817c6de122a0
17478,095c3cf7-ec07-4230-a1c9-24c08f230b64
17479,36c41d3c-769e-4827-bc9a-4f549f00fb08
17480,2d549cac-5aa3-4ad9-aebd-9fe6226dcbf1
17481,27b6ab19-8b8d-4b8e-b860-8dbe9f14c547
17482,f561f762-350e-47b2-81ec-b0e6b928b3fa
17483,a4b19995-a7b0-4912-a84a-b8847c3ee355
17484,c523de97-c249-4e5e-87dd-158c5bebcb76
17485,2e75d708-73c0-472c-b0e6-6d95c3460ec0
17486,5c9d0f1b-ea88-4fa0-a06e-6cad392546df
17487,2f56068b-9d0b-40d8-be65-00c9cc15e786
17488,63dc0d7e-019b-4a54-8a3c-3f53f7b278e5
17489,c607f01c-9972-4787-aa18-3070dedbf477
17490,1257837d-5048-436f-8e50-f0b357b4c165
17491,6d836150-cc81-4cef-a58a-d088d4703d97
17492,b44a2a71-e0b6-43df-8cb1-9809549b1288
17493,ee716617-0a2c-4280-ae76-f89178b960d9
17494,2322c9a6-a471-4912-86c6-2ee8a7d5820e
17495,e71fdd86-bbf1-48f1-af0f-22300dd9be18
17496,d1aba2e1-09fa-4268-a16f-0020f926ea66
17497,3204d766-11cf-4a58-8f13-a4869ff67249
17498,13efce6a-1b35-47ca-b603-608d66d390b0
17499,fc168a58-411c-42bb-87a9-b6bc98fda017
17500,c48c2d85-8916-4887-9c64-d5c932118e61
17501,7a216bf0-ddfd-4d0b-9166-cbbf5b51b81f
17502,41b4e381-1088-42f1-afd5-14fdf3007510
17503,37c31320-6596-4127-b5e7-c72cfca32c1f
17504,c7f9cab7-d6f9-4442-bb60-17fd96de6e83
17505,2b5a8787-500d-4e7f-9820-a51428a1ba31
17506,5e7bb356-f9be-4877-92d7-835feb6b5fe5
17507,c06492c3-e782-420c-9bf4-1e8cd657e049
17508,e926928d-1e54-41e2-9ec9-e1cbcfc8cde9
17509,e5e5dd7f-f4f0-4fa3-bb10-7c206d33985a
17510,0798eaa0-797c-4d85-b2cd-cbad2ae1f2db
17511,f0f86d26-133d-4772-b8d6-f4e4351b6358
17512,82d80226-4bd5-4b70-82f7-43682860cea4
17513,546fe8f9-ffbb-4e51-88ea-71b6d32ab2b3
17514,1a700cdd-09fe-4bd2-b3c8-fbd838e3ece1
17515,3ee4286d-9e86-496c-87a9-dec1fcece5b8
17516,32557f36-b0ea-49f5-af63-e89f3e0c09c0
17517,a2481339-9baa-442a-90b0-7a9fd01ef6e4
17518,e4201966-2107-415d-8020-8f070f207f5d
17519,52b3d315-5f70-4bb6-a032-b94f9a92d2d5
17520,9187cb6b-2fdc-4407-86e2-e8dbdc4f7f83
17521,e1f7e990-c659-4858-9c78-25a32aefa47c
17522,10adf975-5117-4c77-accd-d4ecc92be315
17523,aa1081f8-de00-4f27-98a7-d50a8d09a3bc
17524,a53d5ca2-4fb9-40e8-8615-405cf9c02e31
17525,88bceafa-16ff-409c-89dd-ed2f709dd890
17526,83cecaaa-c8ae-49de-8698-4a940205dc18
17527,2743e2c6-a78d-434c-8893-7d29ae596b0c
17528,7cbe5ad3-78bb-4176-8f84-66ca894c4b65
17529,3fb7e10e-7067-46a6-ae94-f4dfe59b9477
17530,3353b10c-d5d1-4971-8cf3-4dc723e1d26d
17531,d74b1576-97a3-4d6b-86ea-a16a23d63636
17532,27b0926f-0415-4437-b892-f1c33be50c04
17533,ab029108-22da-4afa-b5b8-0e2d368604e7
17534,878684f6-90c7-4a80-b39a-238a363621be
17535,55e26cb7-767f-48ae-8329-f3968b160ced
17536,230864dd-cdc4-4394-b43d-932abb53d737
17537,75e7cfec-f355-4a8c-8d14-7f87750d2431
17538,5e84a4fe-da1d-4992-861a-2e6d06f72ca8
17539,490377e2-a387-4be2-b5ec-771894bca9f9
17540,27164f03-59ab-4e22-9eea-7ab83e6a82fb
17541,23b85fef-d718-4399-81d9-537efba8c24b
17542,96fbef19-dca6-4f0d-8bef-2a692b88bcc1
17543,f425ffbe-9679-4208-8dd0-f906277c4dcf
17544,25de1b8c-d5cb-4a6a-bae8-adacdae6e6aa
17545,80d13cbf-0614-4f8b-9cc6-ee4898fcc1cc
17546,0ce86fa9-9e24-4d6a-a142-405b703ac2c9
17547,4f5eef5a-4aa1-41c0-8ebd-786c47281c0d
17548,c87a468f-e9c7-475f-9d9e-03d4f73a84ad
17549,35350a6c-a6e2-4f4a-8ec8-aeeff8c38ee6
17550,0cfc0201-2e9c-4e26-af4c-c81097c559fe
17551,b27ca4c5-f975-42c1-825a-fe949ccd578f
17552,590587c0-f14e-40d6-8b17-a98920c481a7
17553,4cbf5826-dbb3-4fce-903f-e0e0856a1d94
17554,fb4a41d4-cd46-49aa-a729-f67c11ceb501
17555,c899a142-e2b1-42c6-9fc7-941db575a39f
17556,fa437894-19b1-4b94-84c3-b74910e3c607
17557,80f4bb00-1883-4528-8073-91b702a0c6b9
17558,2ffa5b00-cbbf-4ff4-b125-a5c0196d832e
17559,ed3de76b-5c8b-412d-a17f-3f596926dbee
17560,12569856-0950-4705-82a3-905aa97c46dd
17561,808c7afd-e8d7-42dd-93b8-155d4ee4a93c
17562,4a37ff44-d128-493c-b8d8-7ac65ff1559f
17563,23229307-d5f6-46a7-86c6-c18ce6a9bff7
17564,6cdd8bd6-39fd-413f-b6f9-779f4fd1bdc3
17565,d6ea7f93-600f-4924-9656-da581f6ee6e8
17566,bb3be76c-91f7-4cad-8109-eb7e0088248c
17567,04713619-9ace-4d89-b545-48d23b73f104
17568,80adc911-0aa5-4b57-8bcc-da2feebbc14f
17569,11da3cff-7d0e-4f9a-bc48-15ed6d1bf758
17570,e559762d-a962-46e6-adaa-21f9f825422d
17571,f4c44c31-99b0-4c5f-9bbc-8068cc725189
17572,ca595f78-bd21-479e-b9d1-b1dfda40dd82
17573,f8a829f4-2976-4a28-9d08-ba2ced80e1b6
17574,d7fb605b-9a43-4b0a-82e5-8f23462ae297
17575,c4defed2-9253-43cb-8750-414652c38506
17576,4c6dd422-f2b8-4d35-84e0-f20f4e526fda
17577,8e25c0e7-0a54-4c27-aa9a-a6292208443e
17578,b9a9653c-90f9-45f9-9e7c-7d37b4ecc866
17579,8a926206-b3cd-45c1-ae00-8a0049c9ce6c
17580,82e1f6b4-bdfb-4488-b4e4-ad452956878b
17581,6acab1d7-ce50-4d0f-b0b1-ff759d183ea7
17582,71330046-9597-4fd3-abd3-d7473d74979d
17583,c9bdb3e3-b69f-4451-bcd3-ee0c7c733790
17584,6c41e36b-76d9-459a-92a0-b8d6919a5cdd
17585,b9ebd091-9403-4065-b3e3-52a9e4d0ff9e
17586,58813cf0-3301-4571-9d0e-e409e979e4ac
17587,e5e42134-7e35-45f3-8752-dcb44bb1de49
17588,b815baf2-b895-40d5-8e68-2eecb563dc34
17589,54ed0fab-b43c-4c26-a34f-591300eb4404
17590,a0a0c979-bf4b-4824-bf66-f74ce261792f
17591,a9dcd27a-d303-4b1c-b9ae-91e47ab266fe
17592,ee22d62e-9c77-48f8-8961-598fbbd50225
17593,52d5fca4-db86-4838-9f36-224877977a5e
17594,233b87be-22a0-4dcc-8418-b4e17ae4cd52
17595,27131971-7be0-4bd6-a674-cd66abf5b25f
17596,d8e310a1-41b3-4336-bfee-ce7edfa84177
17597,0aae3f60-d81f-468c-bfa1-2f7478e911ca
17598,038075d7-d1bb-4ea0-a7a6-c20e33a609b0
17599,c543e974-b9ed-4d9b-b1ac-d12e4b85522f
17600,1bc8ddf4-6271-4a9f-b427-1bf5c450fd7a
17601,e65594b8-b6e6-4351-8508-810b7f3aee89
17602,76f74d0f-1476-4a20-9b2f-474f06dd7f3e
17603,991e2863-b04b-4197-9ed6-bf03b0429380
17604,dc489ebb-27e0-4729-8414-cf3c5b0b1110
17605,165fa459-e3e7-47e3-8cd7-d46a7399e479
17606,e3ec852a-859f-4705-9654-bcdb7d5a6036
17607,2adee56c-a20e-4191-8283-7a31bcbece0a
17608,8fd5bbba-e67b-4804-a685-ceeef228f7b7
17609,ba1b8896-8e3e-404e-aa17-cdf9cf8ced25
17610,9ea06523-0301-4f02-9181-119a3946c4db
17611,d165cabe-f635-4fef-ac7b-8c7fd93fedfa
17612,3d0ffa51-2e0d-48cc-ab04-6d191f7e93ef
17613,5e5966ca-0f8e-4ab9-a8dc-a02b1265801a
17614,c6774300-6b60-469b-80a0-90273b064c82
17615,0096faff-db50-4ff7-804e-4d6e35029d78
17616,36707bad-9763-4924-a533-f2afe7c83b55
17617,9f22801f-bcab-4634-98ac-bf007a9a5fef
17618,772254a9-80d5-4fb3-b082-586c2705ba52
17619,09395fd8-3745-4496-8b2d-03ff893b369f
17620,efe00a8d-ccbe-4876-b59c-56f8ff56bf5c
17621,f58cd10a-5de0-4480-a964-a8d6a3d2a3d0
17622,160b2751-8f4f-41b9-abce-8647d6499e6a
17623,1ffefa68-8c4f-4b9c-8311-22fcc1dc99bc
17624,12517178-0773-450b-83c1-3591bfaaf761
17625,85625b5b-c08f-4ae3-b9ce-8e1be97669a8
17626,b309f541-cc4e-4400-8301-c477bb33b379
17627,3e7255b1-5b66-4df9-b527-804fe9e25ec3
17628,4bbe360d-32c4-4905-919c-9cf2eccd8f42
17629,852f0ed3-6735-4ade-b482-5b64281291e0
17630,cdaf46f4-27bb-4806-a4d8-48b889018b81
17631,45eb1311-72a6-4126-a475-be13558778f2
17632,7a50deee-95fb-40b4-93a1-31876a738804
17633,c4942886-f152-40a0-8469-7c83dd04efe0
17634,99ed8e98-a088-4dbb-9ef9-8e7ab9326ed5
17635,a7ced171-edce-4cf2-baf9-4559c18ee1ce
17636,4cfcece5-66d5-4f62-9010-e83e5a724203
17637,413745b9-4474-4796-a5dc-5ca5f2cc38bb
17638,2dee3e1e-7c50-432f-bed2-e0ba7b8490c2
17639,2458771b-88bf-44ce-afcb-74c4f60d6e92
17640,63d6532c-de1d-4fb4-9779-3a37c7bd5c29
17641,ea72fea6-d949-4533-81e6-d6d22ea28e6c
17642,0d9e61f6-6757-4b30-81c9-cd0becf7a98b
17643,869e0afb-f184-43d7-b46f-8c3a2dd50330
17644,d2e49a0d-5ee1-49b1-a275-06273bf4d8b7
17645,87079838-e5a0-40d3-8273-da7ef8b78026
17646,4259da4e-56e3-41f0-9152-3c9dde39745c
17647,d63f8ae1-2dc3-40fb-b2b6-9dd499a80d19
17648,23ae33e8-c34d-4d54-a6c0-3130430486c4
17649,090f1e3e-1ff3-414d-b324-f0781db73369
17650,1bbe881c-a32d-4413-874d-6b69725e97d5
17651,3544fea4-04cc-4c8b-9928-e48d1f02cdf2
17652,be29ce02-b96c-4da6-9fc3-15323e1a4493
17653,df260eb6-73f9-4262-942d-021fc74aed60
17654,06f18c14-0ebc-46e8-88df-07e182abce41
17655,cb2b67a4-6602-409e-91e6-9e063fd5bb80
17656,cac72f93-f7dc-4fe1-a65a-51a87047850b
17657,ef0357d7-2b98-49e2-b4ca-b86cceab195f
17658,0061318f-df82-4189-9361-3c8fb236f778
17659,a6c1a287-8599-4882-b7cc-80e096523efb
17660,7e174637-81b4-49e5-b8e3-240cd004dc1a
17661,4c6ab718-a01b-4f98-82a3-1c3d4dbd979f
17662,33fddfc9-fbba-4b1d-b9d4-a484609c25f5
17663,ce1f7224-4974-4fec-be4f-426f8b7d89d6
17664,5a9f3db1-d599-4061-9590-8b617abf7b0e
17665,d3bd8334-9c3b-4d15-82c7-09ef4fa3a39e
17666,c49de499-2596-4d2d-8994-99265802718a
17667,2976bc36-9f51-4838-b151-a6bf617337d0
17668,82cd34a4-418d-4b14-b710-e661fd172730
17669,3cd10f5d-359b-4de8-a31e-54249b0f6ead
17670,7ce05d57-572d-4d19-97b8-9e4e75797cb6
17671,454e8b97-f86b-4375-8a44-58ef813f2412
17672,b281d8c8-3a0a-40b3-8845-0159cb3a770c
17673,5a85950c-2edc-48f0-9597-6acaa6285339
17674,e1d379de-115d-462a-a698-989ba69ccfb5
17675,c26ac3c2-175a-4ef1-a76c-3690b78c179f
17676,9f6e97f9-091d-4ab9-960c-124436a314fc
17677,f5fa291a-2156-40c3-8a39-db51c5a97e57
17678,95be1fff-fd0a-4619-bf51-5b363c243143
17679,6eb74aaf-6ad6-4225-be6f-6689dfae0b44
17680,d8225c03-530a-4275-b484-3bcb7078367c
17681,daf976c8-24de-469d-9978-e0b837032398
17682,51e2e9ba-ad71-49f4-9970-e2bb2d9337b8
17683,23dbd13f-7c5f-4c3a-8ace-a3eb6891030c
17684,6ff277e8-0d23-4221-97a2-5fd7b6658ca2
17685,87f4f7f4-0880-446b-9b78-e34f05e16710
17686,38b7d66e-49a0-40b3-9927-7a424883b6a3
17687,d9885b40-e3d0-479c-8a7b-9a26f28df01b
17688,4763ca59-8cba-404e-9938-3fa458db5037
17689,5b001cf4-607f-407a-be0d-40371e19bcc6
17690,89815c17-e7a0-409c-ba62-7a6768bcef2e
17691,c85d0169-6dd2-4128-8931-60b5b85b9d18
17692,7e4c773a-fa7b-46d8-890c-ddad8c34912d
17693,dd0230d8-dfd8-459f-a580-c555ebc40f4e
17694,642f5abd-0b46-4fd4-b591-cd0584d59cf7
17695,e9d771d7-0342-4d80-9392-54efc1b59f4c
17696,03d6473d-fa94-4092-ad64-a9f7357c7ccc
17697,851db68c-b9f3-4d84-90d1-fc3d2066f6a5
17698,8f9d63ab-8778-498b-9e72-9360b589c80a
17699,18f6d7e1-a6fa-476b-9e91-5730b2d12b27
17700,9174f4f9-4895-43bd-b2aa-34e002992038
17701,4d8c92a8-180e-4f4f-a39e-f8ff81c4f428
17702,1ff629d8-b89a-47a5-876f-64266b9c4365
17703,3ce0fb70-6f82-4aac-a3eb-4844912fdfc3
17704,ce067d1d-752e-4a94-ac71-50d57bc65b40
17705,83fb96e1-5217-4a8b-9967-3c68f58bcf47
17706,01731e4a-a7dc-4878-aefa-f57151fe0713
17707,fa3a7360-f20b-4a05-8848-2f2ea6d2a9ed
17708,9f886711-b5fa-4aa3-b50c-d9a5a87a0034
17709,192ced42-5868-485a-8a0d-ab8c987e1a3d
17710,a37831ea-3e6e-4d73-ad16-42cbdf461c5b
17711,00980440-c42d-406b-afe1-a4ad4f4247f7
17712,03923d4d-0115-4ecc-94b4-cd572c530ae5
17713,bb64b4ff-fc6b-4828-beb4-b158b55af06b
17714,9ac0cf56-6d04-4817-9d5a-370c3580dab4
17715,2d757e34-d407-4b8c-bc8c-72a97f8e6481
17716,eecb68b7-2f90-46ae-ae0f-6f34f911d6f3
17717,563d13d8-8368-40de-ab23-da8f95ea7198
17718,c9b895a5-e604-4844-85a1-e9c0205eea55
17719,cb88b6ec-7fbd-4bb6-a625-b979320da199
17720,33fee36d-c628-4dcd-bad6-57075f7aef45
17721,33127e25-edec-4ecf-8668-63944fd67a4f
17722,019eec12-9114-4139-947b-a78a44f3c108
17723,423d4f83-6724-4dfb-b4fb-23608fb9ad48
17724,e5e00a0a-efd3-4659-8efd-4615dbd9a7f3
17725,9599d218-5f04-418a-bbb2-fa61d02cff31
17726,1a6fdda1-7064-4899-bb50-b4199491cd4b
17727,d70302f0-147e-4690-8c47-97b9f266a76c
17728,5c800ce2-6b80-463a-b5d2-6388dfc63b24
17729,a1ad3a48-83cb-4275-87ce-0b2f4152280e
17730,fc77a3ed-ce14-47ba-bd73-a33d67b7198b
17731,63bfe893-ee9b-44d2-b0b4-5eb63dc9c39e
17732,46b8f9da-649f-43df-b4dc-10b40f1b19be
17733,c183440d-b4c2-48d4-a88a-38c10163d876
17734,b8655da9-a793-4c38-935b-9ba07d6064f6
17735,5367da00-eec7-4581-9782-dace4085cd79
17736,780dbf16-cb40-4a74-8512-d0aea0d7b634
17737,ec193b6c-9344-4dad-98d3-784ce69ca7e0
17738,40fc5ac5-bc82-4002-8e8b-bc9255566fb4
17739,4cbfc10a-2461-4660-bea7-2f7c9a4eb265
17740,347c8b2d-ebbd-4691-ad40-17ebf4ce90a1
17741,5c9804f0-0b6d-412f-a620-9f82d648025d
17742,81fe3f86-d42f-4a2f-9799-c3f1874966d0
17743,b887e794-6e1e-4dd2-be2a-637099ce9864
17744,a5bc875d-5958-47fd-b8cf-cc3b158c7a3b
17745,76904a3c-827d-4214-8bb1-93566ddddcae
17746,21585a05-857b-47bb-8faa-cd9535a5dd12
17747,0d24cb88-3c22-429d-b10e-eca5f49ff357
17748,2fb699c9-a656-4b1f-a47a-e63dd7337cd6
17749,9bf07366-6100-407c-abfe-a654b323570a
17750,fa09aa0a-9e52-44af-a060-2c72608de9bb
17751,a7b95082-8df7-48a4-8bbf-8b06ea6bceef
17752,9ecaac06-2bd9-4149-bdc4-b1f967ab571e
17753,9f1ad596-4da7-4f71-b2da-ec1ad0605fba
17754,4888ce15-443b-431b-a6c7-4bf7c01d7bff
17755,3bce5ea4-c56b-481d-a20d-53311ffb0913
17756,74fa9541-4853-430d-a527-7ccba0edc1b2
17757,3870fd85-caad-43ed-a3d7-9a457fca28f5
17758,51b85feb-7816-4dab-8936-eb8c7e1d446d
17759,caa9864a-10b3-4bfc-8fad-78e5ab5c2af0
17760,cb0c343c-e28f-4b9f-aebc-b5d1f85a31b1
17761,919c65bb-e81a-4525-a872-2b1ce359d647
17762,6e872ae4-ee5c-49a3-bdcf-47c231152044
17763,5d7f9a54-c564-4234-afb9-644646a9c078
17764,c4070cb4-1cdf-4acf-8f5c-2d52c65640b8
17765,5d735bfb-b9db-42b4-8fd3-fb447cb054b6
17766,a1215ec4-4c40-4bf7-8bce-850b1500c0ce
17767,3cc5f24e-a45e-450c-820f-291f1c844dda
17768,bf327018-1159-43d3-9aa1-aab082a4a2ab
17769,7e68ddca-d33d-471f-b5d9-c507670cd2fd
17770,5421e3bc-c190-4e1e-9032-af9efae8c54a
17771,efaf749d-a2f7-4b3c-864c-04425b6d9dd4
17772,b95a0b4d-c0c6-40e1-b0d3-015e28e8ca24
17773,971c6664-4a64-48f3-af8e-942082628a6b
17774,72133388-4b27-4cbe-880b-d6b2c5d29fba
17775,bab7ca19-8e9b-463a-a86e-2975f1a177f6
17776,640c1e01-59e0-4abd-a843-634b1af52760
17777,69168aef-5e83-434f-bb14-ed7e493258af
17778,04958b50-5b67-4de3-8d3d-77c35a1c5886
17779,18363d6f-14e2-4e69-bde6-2cec907cf779
17780,4e1f4ffc-15f5-4c9b-9611-87a4104c4cc3
17781,e1461e2f-6e71-4da4-b597-903e29652d5c
17782,80b20a4b-e39f-4907-a7d4-737864a482f7
17783,628dbb4e-a8f7-46c6-b6fc-3b4b03dd1645
17784,3b4811bb-879d-4d3f-9ceb-065da822eb34
17785,b7577c45-490a-4403-8317-886238562d54
17786,0d8316f9-4d3a-41fb-ba89-5fcbf3e6d7ea
17787,e88cb114-f5d8-4d61-9961-3ebe55f96876
17788,0abef3ba-b71a-49c5-8dc6-eac4dc5abe77
17789,ec22286f-c5c5-402f-af0c-9adb6cca2e03
17790,c5aade85-efdf-4283-a8f8-31e7f82f4cec
17791,48d9827c-08c4-4210-80ce-7b5c2883b854
17792,7a94ca0c-c3c7-46df-8e0e-c20ce5cec6b1
17793,dd60f7ed-b4b7-4f1b-b28a-bd6c2761a38f
17794,4a0cb61a-3e50-4747-a60c-d0a440917df1
17795,fb05a6a4-5158-48a5-b00c-387211af9db9
17796,a4555eb5-1aa1-4568-bd69-801be96a86c8
17797,ff7aa4f6-4ba7-4780-8750-1e6af7d96f38
17798,d3319067-1c41-4d92-adca-fbe95fcdcd1f
17799,f95ca905-0f79-455f-8f69-f76b6ea83c78
17800,a2eb6aee-f44b-4dd0-801b-f6af535c3439
17801,09e5d5dd-2dd6-4158-9977-52d6d533c655
17802,a90cba1d-79d5-4f27-b95e-4430f8c9f426
17803,0b8469ee-1a45-4d43-8d7d-e9eaac4cdd65
17804,6f42387a-87bc-42a4-b2a9-7f72bf6c9a5a
17805,ec21624f-23a4-4cb9-b41f-544df4e5ff4b
17806,5d4caa5e-5a71-4f58-b314-4ba54f368a01
17807,62260b1e-a62f-40bd-9bf3-f07a40a0c05d
17808,b81f2d07-557c-4a67-b8dd-d01010dbed83
17809,db5d5b6c-2d11-49f1-a479-d02cd537e498
17810,4dedc743-c51e-467c-b6fc-37a4c733df8e
17811,69840eb9-cd54-43c4-96ca-5aebd42f0a68
17812,be8ec09f-4f33-4d57-a705-91dc4a30f02d
17813,7fe43167-3667-49fd-b461-fbbc10e81286
17814,437d1727-0c69-4abd-9b0c-04d0659899a3
17815,ed849d12-2f1a-4420-916f-503f96e23bd7
17816,affa2f86-1ef6-4f5f-9d97-45bb36bc5501
17817,cb2bd0bc-dd58-4d0a-a21a-4927f1f39e7c
17818,33438058-a17d-4dc9-bf0a-921c1d4f3e8b
17819,81e9c510-df15-41fa-a317-3c0399324450
17820,a2fa067b-9166-4ea6-96b2-b1671572f370
17821,4dd4a065-2349-46e2-9f07-d9869ef6f751
17822,081be714-4e21-4aaf-94d7-6fe4e8c7043c
17823,13ca6971-6dc1-4ff6-99ef-19bd5ac181ad
17824,28478534-92b4-4c31-88fc-91cde0d5116a
17825,907b62a9-cbc2-4247-8211-cb03221a7f98
17826,6af14a07-946c-4751-b9f9-9e11e44243bd
17827,e078d769-677f-4dc5-afca-69c4e13d6653
17828,c11911bd-c9b2-4aad-9c24-e03caa7e09b9
17829,715aa4e5-4110-4431-a144-325168cea5bc
17830,f29d86ab-6277-4ce0-931b-a6548c35f2a4
17831,20fa26e3-d866-4e7c-819c-dd230cf0578b
17832,91e2884c-df83-4cdf-9347-7e602449132d
17833,4010f7d3-2e01-4b6c-9d6f-a67d1177da56
17834,840638ec-9e28-4637-b2d4-2a93e6dcafcc
17835,3754eab8-6a9a-44aa-832f-f5c2726ed9d1
17836,312e849e-73ce-4106-946f-fae43295d66c
17837,e2611417-a6dc-4947-83b1-c8f4a82799fa
17838,22469998-817b-49c1-b8b8-1cc4f5632a0e
17839,17e4be5f-5ea7-456f-8d3c-ccfead70f82e
17840,5affed40-652f-495a-92f2-4267902c2bb2
17841,545ca35a-97c1-4eb1-994f-dd9740588386
17842,9acb0ba6-922d-4c46-9ba4-70a5043a7c19
17843,9a7c110e-ea95-4e7b-8379-78f37499d8fa
17844,43146606-7dd8-43d1-bfa1-e4af42374584
17845,b9f6284d-2de5-4a2c-a400-8317d872f3d2
17846,783dccd9-321c-42bd-bf85-066e99c7aa89
17847,4ad14fc8-543b-436e-8918-d8a118fb5fad
17848,77172690-aa9e-423f-aa70-1c9db90a745b
17849,d9e8b758-39a4-4bfb-b318-62a12784e75c
17850,f67648c9-0deb-419d-bcd9-ce7e94234062
17851,afcf3d58-f1e5-4bb6-96b9-4d63c5e3824b
17852,0007574a-bf26-44d5-8c2a-0c789a1d148a
17853,89526b08-4085-4586-b00e-f4c6685944b6
17854,c019027b-ae61-4327-b295-2b0307570fb7
17855,3e3827d1-8f34-42a6-947a-dc6e57795976
17856,c74a2c30-02ae-41bd-a109-0a758ac3bc69
17857,85636a3f-c98a-4859-b076-ec52906a4672
17858,b9784b62-81f0-47b2-9500-264d6e2a338d
17859,1fe84407-82d0-490d-bbc6-604e0eea3878
17860,4635e240-5844-4b40-a100-57557cbbb447
17861,c54b266f-934e-4182-932d-07bebdfb1b17
17862,bf81659e-a4b6-469a-b627-db1f88d03cf2
17863,ee3b423f-8636-4959-9bd4-84fd411e78db
17864,96e4fa15-c024-4ae9-b409-8c5ad2d3b226
17865,73bab888-5efe-4ac6-af85-513451a84a65
17866,701e81df-8a63-411f-b173-331a5f67aa5f
17867,9ed1da99-9030-497c-9cd2-8b8d1ec52edc
17868,bd40e831-21e7-4910-a559-47187516fa79
17869,5d43a7b8-f831-4c45-9f7f-d5684924eb43
17870,c5cbf170-1844-4a72-976f-ba085c991429
17871,44e9a0a9-b523-4e56-ada3-cb7c154c6a00
17872,03b0bad2-cde9-4a74-9b41-c4ffc8934f6a
17873,cd5fa119-6ae3-47dc-af43-54d29303390e
17874,b728368d-8ef2-4008-a294-82524f7b0df5
17875,68e30dee-3714-4d01-b511-05151af6f1d5
17876,ee99802e-d469-4d75-a1c9-95b8e3acd0ce
17877,684e2568-7aa3-4ccb-bafa-32b55e900d3e
17878,c604889f-ba60-4bf8-932d-eba6af28a120
17879,3a93d37e-191e-43d7-bff5-815517d6eeef
17880,4f312506-5b4f-4d82-b91a-6a46993be1df
17881,be5f4385-23a9-4a26-912a-1d5224c8510e
17882,ec327d0b-95ec-4e53-9d09-3b4b3fc68d1e
17883,ceaec86d-e3e4-4a05-b1cb-d4700b09c51e
17884,6d6806b5-2720-44ef-9a35-91fb570eb431
17885,b35c2d7d-865a-42a9-bdce-6302e95174d6
17886,ac801f04-bffa-43bd-bf6f-ae55d3c1b163
17887,837100f6-1ee3-4f9f-bd1c-b3369998c714
17888,9f28bc81-93f0-44a2-ac82-ba2930fc7621
17889,7d6cc9aa-e8ed-43d4-8c4f-e479251af668
17890,bbddc0f3-2866-4c9b-94d5-8256c1271796
17891,93e0b6ff-a2b4-403e-bf34-c4a71c3daa4a
17892,3dbe213e-c23c-4ffa-bd9f-20b322f684fe
17893,a0a7e2ad-52ed-486a-bfc9-71d7aa7118b5
17894,fa40bbb2-902e-4bd6-866b-2552ac6a06ab
17895,6c7cc9a3-b466-4621-b176-879fa818f8e4
17896,4a42bf0e-fed5-463d-8462-ddc532f9d53c
17897,db27c6dc-aff3-4b0e-a595-e33f6b631b28
17898,836aef30-2b34-4a72-9c35-2ddb1b240ccd
17899,cc7c295a-28f6-405b-b18d-8900b6cd2ae0
17900,2070ea57-04cd-45c1-abaf-aded792d4f8e
17901,22b1df4f-0b44-4e7c-9251-0b466a392ac8
17902,d036c237-c533-4cac-bb25-50922c8f682c
17903,66601569-4d8b-4624-8915-0b3a4263e862
17904,405e05a6-8e56-4479-a5ce-2e7bca9d59f2
17905,0debc343-adaa-4c69-ab47-26eb3c00be50
17906,38779953-141a-43f7-af27-b76de92e023f
17907,59492371-86ed-497b-ad5a-08c0bedad715
17908,2af8a252-0285-41e4-be9d-f55a7a14f701
17909,e47cd70e-f554-49af-b758-d4724e820381
17910,cd12e82a-eff5-4072-9aa5-862b63496ea0
17911,62f12999-3444-4700-bb8f-493debafebcc
17912,46219eb2-5d2f-4cc4-a9ed-d4c7740c8ab0
17913,9c021b44-3658-4740-968f-2669d8a0bd96
17914,2ed05499-cc89-4619-8fd2-3943a9ae6987
17915,8c25f95f-f1cb-42da-8638-34036e22e3ae
17916,854a87e5-e93d-40b9-b78e-c12eca27de18
17917,15865d6e-5ab4-423c-a022-93e93f708b46
17918,e660de04-a6fe-4533-aae3-1c0ed0e67313
17919,86675ddc-16ec-4243-9917-fa276e545140
17920,90159077-7596-4d34-a242-a69c543a9e93
17921,3d0fdf90-f327-48a1-bd92-4df6eb2fdd24
17922,eeb5269f-3ebe-445b-825c-5c2170df3946
17923,cbd7270c-c30a-4b73-9644-23d477bff6e3
17924,ddff57f3-558b-43e3-99a7-04599f18ecc6
17925,b9c632f3-cf92-4b81-b512-7d9263456d17
17926,63a659b7-c163-4e1f-a57f-6766869c3033
17927,999ddd60-6efd-4d6d-9706-782512099263
17928,a2f06232-0806-4b3b-904e-241318d9dcc8
17929,c8b9f419-d86f-4b6a-9dbd-a695122353fe
17930,4dff62ca-e5bf-439b-b86a-e0c63c84c3bc
17931,9aa7c29d-4946-4b48-ae7a-d17e8ca5ad59
17932,36f10bf1-bb10-4e84-b671-27b284c55504
17933,25e30d60-86d7-4872-baa4-b40fc6786aab
17934,47eb8713-bcbd-4f5f-98c0-77d1ddcf3ea6
17935,693f7260-7b92-4687-80a2-a1633615cc27
17936,fda22b03-427c-494d-976c-13ab458048c7
17937,eaf94f2c-2a4f-459c-8edf-bb09c2565615
17938,da21fb22-5e5b-4c97-b126-a743f74dccbd
17939,75219727-db7e-417e-bb38-fe2838e5e1d3
17940,dc727687-7d5d-40f8-a9ae-9d585b5d1ccb
17941,c337a98c-fec4-4d00-a848-ae2ae45c268f
17942,4f70a8ed-275e-4387-81bb-1d03da6cf928
17943,efbaca1d-1b48-4721-aaa7-8aa96349741d
17944,aabc322a-4ddc-44be-8c61-9bed049aadb7
17945,39ab2d96-4984-447b-b1e6-9dee587dba57
17946,dc5bc069-d08c-484b-9d9a-9e81c0cffe9c
17947,23baa356-c918-4360-8a36-2d11a16736d6
17948,e47338ae-caa8-4dc0-9fdc-41746d78e8ab
17949,722224e1-2d77-4814-9fb9-8b656f648793
17950,a45275d5-ed74-421b-87aa-c345846a00a9
17951,1b6002a2-1654-4cc2-9bc2-e9da8962d335
17952,f3fded15-5442-45e1-8286-45d044c7c4df
17953,5f435667-7541-4b07-b061-efd8afb472c9
17954,a633d48e-b82c-4298-a704-f297c86a4a5d
17955,e98281a3-971c-4b88-b053-36dae3f41037
17956,d2bedcdd-341b-4704-8996-7ce8108e1851
17957,3141cd1e-9ab5-4963-8afa-208fe15fa251
17958,fd471562-a07f-46cb-8d3e-d92d33a4f0d6
17959,65c17fee-05fd-4005-8ac5-a7642d061d54
17960,05afee4b-f9da-4ae9-898c-ffef141f3d5c
17961,2c84e2c8-530c-42d8-ae5a-07e437478b97
17962,1f547603-2282-4105-bd5b-d3de9aaa2293
17963,0f8fd71c-9124-4420-bba0-1497fc12e387
17964,60e02966-3604-4d85-bba8-2b8eb5080463
17965,3f9598be-935c-4be1-9202-a091283b2f91
17966,c5bca817-d38a-4707-9f87-6003f0a42753
17967,8c4936dd-0dc1-4538-93ea-08c84d7973bf
17968,8d47b2ed-dc02-4240-9419-682bd79021cf
17969,725fe069-3392-4d41-8c08-af4cc134c9c4
17970,3c406bd1-e3dd-4ca5-b438-3eb687029a1a
17971,847d2ea2-2464-4cf6-a9f2-c8923359ebc7
17972,b71763d1-32c9-4460-80a8-0d17af6ed08c
17973,9458bb4b-1642-4697-9d53-cef0594d42f7
17974,c1f6d27b-de4d-4e28-a1c5-0dbf6b36a540
17975,4fcf40fb-4c52-49a9-ab3f-989b279b657f
17976,f785eb01-bde7-4058-845c-64aeba956bee
17977,9c74e8ce-1a19-4e25-8188-70524246d36b
17978,45aebcb3-7606-4913-b817-4753649f7351
17979,1bd74a5e-b9cf-458a-8e8c-147158d1c5d3
17980,0b224d17-c18a-435c-80e2-539bfabd4855
17981,c4fcda8a-82b4-4260-ab39-6ae723a49a76
17982,228f2d16-0bd3-41a0-9e81-80a2f1974cfa
17983,4c879416-cb1a-436d-b061-47d3d8022e35
17984,6cd1a4ce-ff82-4732-affb-23bfb45c0039
17985,76565a8e-dd87-4c20-ae84-7e567fd591d1
17986,9194a021-8d9d-42ef-905f-7dc18c09f640
17987,791f1688-ac39-4e50-bfd5-c6a9e8c3d040
17988,50358bc3-7ffe-409b-abb0-2366e6e59bd8
17989,eda5336b-90c1-425e-92f3-790212b04974
17990,a180d6a5-1e5e-431a-8972-8a495c070a65
17991,bd983ebc-0cad-4354-8cd8-28a8f5dc527b
17992,a8944190-72d0-492a-81e9-e3ceda8d36b4
17993,406dff93-02de-4236-9115-98a0d82af462
17994,f9493c50-68bd-46a2-80b9-199516d8852b
17995,ea3cb046-5c12-4c62-8866-27d474a526c0
17996,711437b3-257e-4726-bf36-dd170060e688
17997,d60030f5-f3d2-4b43-a864-70cf852e4827
17998,ca5846d9-b6c3-466b-974c-dee178edf8b1
17999,a59004cc-2644-4022-8a9e-53102f8732fd
18000,a1e04a76-412c-418c-92b5-f9b504a9726e
18001,053e1313-7c47-4de7-80b9-85f35ad5a0f9
18002,43ffa8d5-14ea-4ac5-8fde-325478f1cfab
18003,de89cc04-1079-413b-91cc-b144b3a736f0
18004,2bdcfa4b-825f-48d4-825c-0035d6e2406e
18005,5a2af1c9-811b-4ca3-9b47-319916cd33ca
18006,c7cd14cb-510e-405e-ba4e-f384f06253cc
18007,94aeebf9-9c06-4bfc-a8e5-137b049d5599
18008,b02bd8bf-3a36-4511-bb11-23c4f5701705
18009,696ca1c6-e43f-4d02-8a14-9bfafbdbac24
18010,74591b17-eb73-4cab-8acc-7d2daa0afb74
18011,ed632326-613f-4a77-9817-ec27c78449a2
18012,c073f096-1ae7-449e-8e50-cb2ad7304d17
18013,9d13cb41-6500-4b51-ba49-2ed1a8a189b4
18014,15b4eaf7-f16d-4cd3-9344-24da82fc4263
18015,9ea599c9-29ac-4d53-ac96-afcd1af6c771
18016,50ea2248-7514-40cc-8457-32e0b6efe89b
18017,31645c8a-1214-4f26-9102-34584623e984
18018,a7cf9338-26ec-449d-a371-7dded85ad1ee
18019,8a10f0a4-785b-43bd-af42-72839ebaf7ee
18020,27e7e0e2-3a31-481d-b028-cf1ed3480fce
18021,229b2dde-bf17-436f-ba35-d0b59f4aa892
18022,4a73434a-9e53-4d9d-979e-5c39980ef49b
18023,d10558e2-46f6-4def-993d-7749fe13135f
18024,80efdbe8-06ef-4b2e-ab44-2cac5b59011c
18025,8c0d43b4-735e-4091-aa21-34083a5e5513
18026,332af03f-c4d0-4d79-ad8b-fee67316cf60
18027,dcd8c330-c914-4b3d-8588-56e18db5765e
18028,84e69041-7df6-437d-bdad-51ee43778cdd
18029,64244632-7025-4aa4-a343-fdf906d5d788
18030,ad63f045-f8f4-4e46-8b3f-daa85de4fef8
18031,42a0c3ff-e235-46bd-9132-86f39cd4a77c
18032,2f8d4117-a0b9-40a4-8894-7ea4120bdeb1
18033,12716a4c-fef8-4dd2-a6a4-c0aa116950bc
18034,f67bbeec-d125-421c-9c0b-03eea69b640a
18035,809d7c1b-e264-4d06-8525-190be1809b67
18036,a4b5005d-99ec-44f3-ad9d-c7df8861e104
18037,97bcecce-e101-48c6-bbab-82a767a2a583
18038,a99b5141-8860-4195-98f0-c32d0d8347ac
18039,c2f9d719-b69d-4f70-9a4f-629cc2ade4d3
18040,4a8b567f-69a9-4e00-8b89-c5715d2a0f17
18041,86dfa0ea-d34b-4d49-80b0-b871fb82c0a8
18042,ccf426d0-5f60-4311-9fc7-a06cb051b263
18043,2984f39d-c603-443e-a8a1-fff77615e411
18044,59e9d7af-3919-49aa-8f9f-26f486dc24e6
18045,8c62cc2c-76a8-4de2-b5c8-af6a32fbe82c
18046,394f7c5f-2d98-4a15-9943-f4ad6cfc79fc
18047,08818f53-05a4-4dcf-9a07-84dff233cea0
18048,b890eb87-529d-49d6-ab12-003af080a4ec
18049,ce46d222-9b85-4c12-adae-d09bebc52e57
18050,5f3c163b-62aa-4ce4-8789-1bf8a4241e54
18051,efde07e1-ecac-439f-a003-6134c07b5a66
18052,03f4af9a-1974-4f06-b4e5-cfa5b777988e
18053,9c036f5d-9f02-4a9b-9f6f-b586ef3a46cb
18054,2cb98130-165f-4ac1-816c-5d447e945670
18055,a1f214ce-04a9-413a-986a-73ee5c2587ff
18056,e32594bf-53ac-47bc-a813-58c0e95cc58c
18057,769f8926-1187-44b3-9c8e-8abd33f23384
18058,b9f4fd75-8875-4197-bb55-91d2028f3423
18059,83b80357-f0a8-4802-8596-ca5d10c52724
18060,c234db5d-bec6-4f5c-9134-5d346ff67c16
18061,bb2e92a1-c921-4fa5-9953-13748be69f79
18062,2c5d2255-8e75-478c-b398-26d9f5567784
18063,05b5670a-934b-4190-9da6-e38d2f5efaa6
18064,2554c0ce-3e48-4289-86c2-dbcf196fdca4
18065,2914df8b-faf6-4122-b5c3-f073ca050c37
18066,eea68401-4f5c-4602-a6c5-040db987e9d3
18067,cc80934e-920e-4927-bec6-da37635c3112
18068,4a7a29bc-58e2-4168-be13-284363ce9e13
18069,594f3b2e-250d-4b8c-a47a-c0af079136a4
18070,8d738f44-b36a-458d-b11a-36262e07408b
18071,f3cc15a2-6cc8-4200-9e36-0a3af53d608c
18072,dc1145b3-f47f-4527-97cc-5510ef20bb55
18073,4935d1dd-0a3e-4661-9e82-6763a6731da3
18074,93416821-ebfb-4bec-8632-09320445ee1a
18075,90caf74c-b516-42ca-80c2-b0cf79f30da1
18076,2717980c-7a73-4faa-ab12-693a56e49f4c
18077,1253b32d-d73e-4545-bb2e-e05853eab65a
18078,ce22c0cd-be04-475f-9758-c9c13e25a912
18079,0cfdedc9-34de-4b61-8fe7-a1c59ec87157
18080,f8451ddb-4b2d-4ee6-b7c2-b7434b0232b3
18081,7e6de852-cd92-4bd2-96af-e86adcab8793
18082,0eb0a15b-40f0-4a4f-8379-7ead17402ec4
18083,e133a03d-8d8a-4b51-a9e9-1dd1a6445cba
18084,00c1d473-db23-40e5-b714-8554cb8a3cf1
18085,dae7c196-3a37-4379-9ea9-77248538b9aa
18086,07e7bdd3-ae7a-4c21-a950-a55138ddf819
18087,204b726a-c8f5-4f79-b9c2-7267b32a2cd0
18088,4ba53d13-7bca-4ded-9e81-6b62321afcb4
18089,1d99b321-9a56-4a97-832e-b18b64d09b8e
18090,a289b0b3-d2d1-431a-b26f-e451515d5683
18091,a102110e-8fda-4a8e-8164-90668cb667c5
18092,86419f5a-2285-4d56-8d03-15365aa0ac23
18093,f3b4416c-4444-4e3b-9e8e-fca09a552fe2
18094,210a5ad7-119a-4690-9da0-0e043040d7bc
18095,0601e97b-b943-42d9-a611-415bca2689da
18096,e35034b0-4d9e-4886-957f-2b35a926efda
18097,bdb5ac11-68cc-4791-897a-59773982f55b
18098,2bf50f06-8793-48ea-b25b-a8e70be6851d
18099,96712447-fcc7-477b-b6c1-8ae749bbbe2d
18100,feaae156-2b2e-4831-b456-64f6a16d2f5d
18101,13a46436-8e83-490f-856f-8859e6f361eb
18102,3615ef94-3178-4c38-aa52-bbe4e53d91d2
18103,4935250a-4592-4a9f-b4d7-aa33f247657b
18104,8bca401b-1741-4a3a-9495-55971e5ce786
18105,c83e258d-9f1f-484b-80b5-3d445f224f20
18106,f5f28d41-2e3f-4571-9dd0-4607612814cb
18107,630434c5-0de2-4f31-b0b0-63abc212d34e
18108,cbf43419-ec07-49c1-89ed-86f3bf305bac
18109,40042b9f-7a4d-490a-afcd-f55932359382
18110,8448a07d-58df-46ff-bf1d-8121e563eba1
18111,5106932e-9dbb-4b7e-9f70-0331347614ba
18112,319b548a-9137-4e0b-a29a-c769f69bd542
18113,0e4740eb-4650-4b31-914a-b9fd30f8b062
18114,cd0f4f13-dd32-4ecd-bbe7-6a04ac0e61cc
18115,2852bdf1-f6a6-4916-b86f-f1e2a6fb10d2
18116,d88c2205-6ae9-476b-ba31-c8304d801287
18117,6b1adcb3-cb5e-49a3-aea1-d5664a8b3804
18118,cb4dc676-bedb-43a8-a829-b1e42fca5e04
18119,6fbc4e29-b7c1-4696-bbdd-f2d46219dc9b
18120,1d227dd5-0174-45b7-9bc8-ef08e9e4cf71
18121,080cb067-96bd-41c6-9abb-f3ba13037099
18122,dedab3cd-dec2-4b7e-946e-b4f2b2eec2ea
18123,012b06c9-60ca-41f2-a3df-a30c8c086f32
18124,449e4766-d931-456d-a696-d9b09bdc5094
18125,6dfddffd-7377-493d-8dc0-5f7e7f651c5d
18126,cef3555e-e2da-4091-baca-7e35423dd1a4
18127,61fe94e5-6565-4049-944c-1f8702aa1c58
18128,5f341c58-aede-4e12-9816-2374cb44b657
18129,517c7418-de3f-45e3-9a16-1f65c45247bb
18130,c0283019-3141-46d4-8968-7864934dde75
18131,59dd437e-7ea9-413e-bb8a-4e067f89df4f
18132,9b7f0287-37ca-4827-930b-66fef8957f5b
18133,42d72333-5cb1-4472-85c8-51f2b28b75c0
18134,638c9184-2c9b-4bc6-94f9-fe8ba2b2b381
18135,122d5392-1f4d-44a1-a811-a6793c048a8f
18136,426e9435-ca29-48b2-9350-7dbf024ec84c
18137,6b707376-ed1b-4bf3-a64f-377f9fc6da0e
18138,6a666cba-f13b-4ce9-9449-824ab2d03988
18139,76593e99-9213-4ad3-b99a-eb23eeaaa909
18140,4784b733-e3c4-4654-a0c0-38cc9dbf3c02
18141,770b7dc9-afd7-4c46-ab35-e45e2ff6fbb7
18142,500e575c-41f3-4835-a861-7f1d188bd1df
18143,832333e1-eac5-464c-812e-2c1877ce5fbc
18144,65421777-0a22-4698-853f-25378b978021
18145,52886f85-a781-4ca3-9ae9-4102cd94d3c7
18146,69c30278-ca36-4a5c-8838-c637eaa45342
18147,5dfaa541-351d-44e5-b2b5-5ff731c81cbb
18148,43764342-5199-41e2-a4db-83d4791d72e6
18149,8b34c182-165c-4775-8002-2cc165ed4af3
18150,c1758817-6ed9-4bb0-8ecf-3070df081c08
18151,cdfbfb06-0974-4edf-9807-d6846342324a
18152,2cce5aff-c91d-4fa4-965a-6c2b6a2d276e
18153,f74209a5-3a05-46ef-b0d2-0f6b6826646e
18154,a7876db5-8946-4d40-8963-785805722202
18155,89bb8547-bee6-48e8-ba22-30e5cbcd3838
18156,83cca90d-7c2d-4589-855d-91f3facedc81
18157,cd89c7f8-3a36-40c8-8c23-5de9e1b0a8fa
18158,adf0f6be-ffe9-4af9-b52e-3021620a892c
18159,ecea0a93-3b3b-468b-a10f-14ac509533bd
18160,64ea7d11-48db-4b40-8980-b10dbffcf538
18161,cba56094-c534-4007-a8ad-d950556c71f7
18162,10a33a4c-65f8-42f5-87af-10dddd5d7e9c
18163,50e19241-8a56-41dd-91eb-8b782b1386f0
18164,cf60ad22-11ca-4b9d-b088-6d3c4ca418d9
18165,50b8711b-b1ab-4c51-9ea1-d0986f70e7c2
18166,63378e39-5f4d-46f3-94dc-0cc31153fb11
18167,560d00de-abec-4f97-828e-c05b06dffd67
18168,b28e6334-05a1-45d9-8af4-e63db8b23e0c
18169,6f370465-5117-4fa6-804b-4dbcc7c1a4e1
18170,30bf3c96-9031-48e1-8589-8be848547fb9
18171,41bbec29-072c-4353-932d-ed23e23898c0
18172,500bf6be-33f4-4255-8e02-c6d74373ffd9
18173,bf74b699-645b-4886-ab08-b71593613207
18174,8a48adeb-bef1-4b35-b551-dabc3fadc5f7
18175,a879a755-4432-43ff-a07c-88268a129fd2
18176,a03d40de-a990-44d7-b61b-9f981d70ebf0
18177,5348a65e-a207-4386-9033-bf17c4eb6e6c
18178,39bf9129-5488-4a6e-b3fd-e53881f6a9d2
18179,d5c8a82f-3248-473c-87b6-7417ddbb7e01
18180,5d56615c-4e9d-4d19-a460-1dc4f27afd04
18181,a65dacc0-5361-46e6-8a3a-2881977367e6
18182,5ee135df-4167-4bdd-934a-21927ff7bdd9
18183,2a9e0bbe-9686-425e-81cb-1d3743a16e3c
18184,37e406bc-f401-4b06-b60c-9f03f655a1dc
18185,f5fe9cf6-7e4e-4f76-b518-eeb850e377f6
18186,003f7e40-bd4f-4f05-9ae1-54fbeb0e86d1
18187,1e3012db-ffd1-445e-bf3f-d89560561b4c
18188,7e863f32-7501-4405-a29d-1b7b98f44d44
18189,e45f351d-feb5-49cd-93a9-a76b11d14fdc
18190,efedb4b4-8839-458b-a2cc-c77da54aa1be
18191,2d50e27c-2df7-4305-b6e2-294e6ccfc36e
18192,99ff204c-defa-4991-9ef5-a650735386c5
18193,907bad29-453d-4e6a-b9cb-5d5ea1c96d6b
18194,c14ff15f-d044-4f53-b989-2950372dbfbb
18195,1776ec47-9e4f-45e4-a331-8bde84e489d8
18196,4799d8e2-4f35-42bc-aace-d72dac8c5ec9
18197,ad4529b1-eeb5-4dc6-9677-3f4e47c8452a
18198,2fe31958-9ec6-4a35-9226-6d290e628e34
18199,c201215f-755e-4602-acf7-f7ae10e60de1
18200,2428df3a-85d8-488d-a336-056456627b87
18201,e9001777-41de-4a87-938c-0039196c37d7
18202,28484b80-8d11-4de3-9139-5bc9d0404128
18203,6e6cb590-3aff-4aad-8fbb-ddadccf8c3b6
18204,547be141-7757-417e-af08-4f67d0a43dab
18205,d5e1b869-25e2-4281-8d1d-c1aab4c2fb0b
18206,2345a6a3-8fb5-4df7-83d5-2693915d9baf
18207,f79b94b2-a9f1-4f79-8a49-8856f52edae3
18208,2caeef0f-d44b-4f53-8edb-baa3311c6ee3
18209,bea0ace8-3c6b-4ab2-8d61-57e257612548
18210,b90e7a11-c3b5-4a3a-bc9d-35e2a531eb78
18211,96bb4d27-267c-4439-af46-79c4f09cb9fa
18212,b25497fd-b175-477e-a93a-aae5b6d952ad
18213,a0e12583-a300-4683-9045-8f7e229f85ad
18214,36ddf00b-a939-4ca8-b91a-0bf79f7967d2
18215,1c82210f-5a9e-4c58-b5bf-fa1ee9934865
18216,2e5f4617-a174-4308-bcb5-071162c0f2a4
18217,b23ebe2d-b7d7-43ab-813a-40a317109ed8
18218,c4f02a83-7034-45e1-a746-e52a22e5049c
18219,972f0688-e026-4f82-ae17-d829e5d83eb7
18220,1e13f05c-4630-4fd7-b809-13629caf0ace
18221,485df3ea-d378-45f8-8c42-474ec05a2cb1
18222,fc1069e2-9600-4637-a36b-4ca066739aaf
18223,95d2c465-c562-4ad3-b6c5-e0103f4d394e
18224,6bdf7461-79e8-4a37-b156-e3d8fcf3d600
18225,8748a898-e881-4bd0-a9de-bec38c5a631b
18226,1f1129ee-0d3d-42d0-ab2e-c40c06f5949c
18227,3305c9fc-7121-489c-9340-835f6ffdfe30
18228,ef8b69b7-7467-4ee2-bd26-e7ab274f3a12
18229,87300db7-2ba2-4899-8677-d1b1fe7a089b
18230,2a44a419-188c-400a-9956-ff7fd168ec31
18231,8abecc9f-9f97-4498-84fe-c131c6d801fc
18232,848680d4-5a39-4f29-9756-9e44bf76807e
18233,99847b9e-3bad-4e30-8064-30061af6b04e
18234,4afb37f1-20de-4b9e-9de0-ba5bc5d0e741
18235,9499bb64-db7d-4eb9-864f-6bee971a698c
18236,d57f035a-f24e-4db0-aead-b0b2304c1158
18237,8df933fa-2e80-4706-9a14-981f75cac2ce
18238,36145fb6-605f-4962-9df4-52da2354c7c5
18239,dcf1f19b-5d69-4a9f-9afe-6da809ddf1a3
18240,ed758e65-f5db-4e6f-831c-1fb9023da2cc
18241,352d13c3-fe16-422c-90a2-89c0e3d6ba22
18242,14565f6b-691e-4b45-92fa-6a696c3833d0
18243,f80187e8-9913-461c-a44a-13eacd7a37cb
18244,3950c4d0-afb7-4284-b9b4-b7db28f6b91b
18245,a4860b9b-7bf4-4b06-afaa-45825f5e09f2
18246,93edc602-b3bc-42d7-88f7-1e0f8ff750bd
18247,3b07e841-49d8-4acb-9d81-aed2520566b3
18248,64a1d84c-3c8f-400a-b947-0b2404ef609b
18249,89b00ff8-a01c-4f3c-ac5c-562c384678e9
18250,ebb31f22-29bd-4a65-834b-680a8ad9a15c
18251,95f72bf1-8f19-4e14-bce8-a7ca8cc24ad7
18252,32745e6a-8bea-408d-b6a6-51668ebb659a
18253,c1bc48eb-6a4c-47d2-a89b-fd051a837dde
18254,aa56faba-e8cb-42f4-9f64-9fd8cb2002a4
18255,5d4ba268-95b1-4a75-81fd-56c104642b5a
18256,024c1e65-9696-4917-81ba-c5b793174458
18257,e98964e9-6181-4f31-8e9e-53fd64d63591
18258,b441eb12-a364-49bd-9656-9b94930d6632
18259,fc301e89-2d1a-42e0-92e0-c15a506cb2cd
18260,2c5dc7f7-33d0-4e1f-b638-571eeadeca89
18261,d053ef3d-fe2c-4185-b929-1a7334b38c1d
18262,936b3f2e-f0d0-4433-bb02-21ef69d56563
18263,61452d73-d65e-4e80-af54-8d2be593396e
18264,319d18be-c5b0-4a5a-a43a-5ed7100fc87b
18265,02eea8d3-c53a-4820-ae7b-7e71ae7adcdc
18266,90e7d94f-e7bd-4d8a-a85e-38b958591835
18267,f07afe84-5a30-4ac1-a445-31c7a0ac1688
18268,e6a7b2ca-c8ce-472e-b747-06012d922f3b
18269,ff27ebe9-d683-4ab0-a6d5-de2c8a0f3ede
18270,42c382d9-bbfc-4a7c-a0ca-6046826f758c
18271,891c42d7-f4a0-4757-93fd-79e6c27f6d47
18272,7792d778-ced4-44ec-8d9c-58f9c5ea6293
18273,ee530e13-e286-424c-bda0-83c14de50870
18274,18fa1fe3-42c1-4aee-804f-7afb81a8a21c
18275,5060f784-289f-402b-997f-7bec29fd3acb
18276,b6edb3be-cf33-4f08-aa43-d71c36f8c415
18277,8c2622b6-74dc-4ac2-8f25-9df7a548d025
18278,8c895293-5227-4fb1-a312-4b7c2f3e5478
18279,1d3ea6f5-b575-4e4e-900b-a37479689804
18280,0615c25c-808c-4556-839d-af3585dee6d9
18281,bb24b53a-2b0c-4748-a8e1-28d0afe83b8a
18282,08c532e7-a18a-4379-80e8-d63150e63482
18283,1f587b4d-c2ac-47cb-88e1-048befe49e41
18284,74d0f03b-9e82-49b9-b537-86f66f90e2fe
18285,6bfbacf7-ce5a-496f-88c7-fc4435aad71b
18286,5fe25eaf-d958-4f68-894d-b9b4ed13f5ce
18287,a1de6118-e62b-4d3b-9163-2606fe3ae1d8
18288,123174cb-c5a9-4a00-8983-09a7417bc0ae
18289,a339a7d6-1555-42cd-bdf2-4093436c3e51
18290,d229970d-47d5-4e3e-97d3-26d762b83665
18291,0cb84a9c-a863-4502-a5e0-3baaf238147e
18292,aa094600-5a10-4a9b-82d9-1bf767f7fc3b
18293,f9ffaa67-f4f5-4973-98a5-5a559b999427
18294,041933be-a366-41a2-b568-34d89a9088f5
18295,88e04082-9e25-4c56-90d1-824e104dcf30
18296,b734d081-e4d1-411c-b190-c5aac5bbc9a1
18297,ae34e306-f9f5-44a0-9951-e6b3ac55934a
18298,a7e48995-8e6c-41f9-9c0c-65b5af3a57c0
18299,427829a6-d5d8-47f9-983b-5c5600a535e9
18300,710fede8-27ae-43e8-b809-46c896fcae55
18301,836fa4e8-a343-4427-a30c-48bc5424e7b6
18302,1bd7fc31-2391-400c-a4e3-df095fe23415
18303,6f345feb-269a-4882-a02a-6b722bbed4e3
18304,ffbf42a1-6aca-4117-850c-65b44570c2c2
18305,06255196-f42d-4bf7-94b2-f6811d045a9c
18306,0677b2cb-be0a-4650-95b1-b72a78c0ed65
18307,d0040bd4-f5d9-4516-9cb3-8a841239b452
18308,2f4735a8-bde2-4b96-9d2a-afd3754bb4bf
18309,4c35f8c4-5ce6-4471-8125-8a89477d2723
18310,13c9c2d9-3c34-434e-a492-24ad3ea18637
18311,8b457956-bf96-4244-97e9-3f4605257408
18312,fb52ff7c-44ce-4072-940f-2222fb963581
18313,ba5d52f6-1e57-4a84-b869-e07107187e51
18314,3ca4e60f-5bad-4183-a558-b22097e973fa
18315,50d07e55-29b9-4956-b433-eaa3f11fefbf
18316,4d0fec4d-4397-4ed4-b7e2-c270f62420c5
18317,d44f0ee5-e4a0-40c7-8a39-ff5031c06c96
18318,88940f97-a0c9-468d-a404-a10cc67fb05a
18319,b77fbd0c-c3fa-439c-ac66-4152b497106f
18320,893989c2-afed-43be-93f4-61fc2ee3905b
18321,0ab4df93-1c0a-4a87-ad01-5475315ed5b8
18322,bc9a43cc-5ee0-4bf4-a708-eec0b2b763e6
18323,7253ed83-a0f6-495f-b707-5ba5022ba18a
18324,670761a6-4c16-4715-be99-ba62fcaad950
18325,9477b1ab-58a5-4212-8cb4-bbe6797693a1
18326,57ec8cc5-6808-4d93-a419-a9d91190ae2e
18327,dcc32d73-c4d2-41e3-a576-4e3d5a7dcc4d
18328,f1c0fffa-3c5f-4b23-8454-5b890896fc60
18329,5c0d21c5-a354-43d5-af45-3091f84c9d61
18330,2ef85cad-e2de-4294-8da0-c3e3a2789f15
18331,3ae2f5da-7401-4801-a62e-85d106417362
18332,a5f5c1dd-d06d-46b7-bae5-a4ebe93530a5
18333,4f665f6b-f559-4a17-985f-e35c406afd64
18334,9344453f-a996-4b03-900d-b33b4b8ffd66
18335,dece9c43-627f-4ffc-bb7a-e3386bb36a37
18336,c0277470-e9f8-44c5-aa40-25b085bc70a8
18337,175283ed-5089-4e71-bc91-8701d8bf5107
18338,2ed33b67-edd6-48d6-ad94-858a82726c09
18339,8d86bdb9-2bdf-4b3d-9a48-5407569fdcdb
18340,c13a890b-d5c0-4237-bead-c60dc9ecd6de
18341,eee0519a-a6b9-4b8c-9a94-2fbaf34269ec
18342,e2fdd3e9-0894-4466-8002-b5c61f07d647
18343,e21ad802-0431-4a6a-abde-5ddbdad76815
18344,feec48bd-b20b-4064-a587-a1d83b0b92f1
18345,6d503789-2c11-4893-b934-4ddf04a3cde6
18346,7c43dae8-d7a8-42b0-b1e6-87c0330d9d3a
18347,3c1f5402-c780-4144-8f4c-37ea1ce34554
18348,c2773deb-4fb9-49d3-8c25-8aaf24988628
18349,6af9973a-65c6-43a8-9a7d-03f85097a520
18350,9ccad9a6-7b6b-4110-94a0-dcdc842f2fcb
18351,b78ff35e-7c2b-4466-a232-5e93840141cc
18352,ac9d5f2d-24bf-441e-aa07-490a370ecd6e
18353,60da6dd0-de91-44ca-a1d0-d1de52f530f6
18354,f8db9bec-e8ac-4289-9c29-9a60376e4b2b
18355,645cdd9e-7bc9-4ac0-a1ed-43c3949c00bb
18356,9d23f0cf-2eb2-45d7-816f-83ec506c813b
18357,f95e26e8-9555-4858-96d8-de201c626ea5
18358,11e505c6-7f6c-49ea-87ca-55cfc51a4f58
18359,130bdb0e-da20-4cd3-9d4d-7f60f594c327
18360,4cc136ce-88bf-417f-a5c7-f23a4491b710
18361,2e4bcfe6-60e4-4810-97f2-e996f956acb0
18362,04160da8-bb1c-422c-9ec0-76a22dceb364
18363,07775744-35a9-4725-bae3-17ac0bbf060d
18364,2c62e959-eb0d-4e21-9365-04b49ce5a5f9
18365,5b36f195-eddd-4e12-a4e8-f8d521a202cd
18366,27234c3a-414e-4a73-b4b7-a565797b44ad
18367,6aedf8f1-db20-49c2-81d2-17407b07de3f
18368,ca2a09ac-9e7d-42c3-ad56-51a9aa0bf1e3
18369,5b6ac926-e054-45f9-ac5e-ededfbe5439c
18370,098c65a5-aa3d-4a08-b6eb-05051285b7be
18371,f26f0284-b67c-42bf-801c-eca29880926d
18372,8a7bf808-46a7-462a-ac0f-041679996579
18373,f40ec2bc-2b47-435e-a3e2-235d09bdfe29
18374,8e382465-44a2-437f-8973-5bbc167d55a3
18375,876d6c12-889f-4d81-8b24-1a1e8b0f122b
18376,5d5309d4-0f9b-4c54-a5fc-af2ca6ea9b0e
18377,1d47c01b-c95c-40c2-863e-d9219be95c3e
18378,7bc2ae34-e662-4556-a9b6-e4c3fbd313a7
18379,2319e328-5b9f-49eb-8f46-cf43a7c3feb0
18380,3fdc801e-7540-446a-a1ff-42a4893a21d5
18381,66a25f23-e28f-4042-98f3-21a8f482687c
18382,f89bdf4a-2133-4034-a6a3-f98d0094e00a
18383,99e92caf-3c98-446b-9d31-51681fde2e17
18384,188a8aaa-f8f8-4b06-8855-574ed02eba30
18385,ee1960ff-d07d-471d-a15e-2f60f3584fbf
18386,8468e0f0-08d4-418f-8e9d-3b79cf746b84
18387,1ba40a2b-94df-4b31-8af5-f4896c784e68
18388,8ab05d91-ec68-44ff-aa84-e61e65cf8a79
18389,55145a93-d270-4148-aeea-39ceec9d75f2
18390,508c27fb-ea48-4bb5-84b4-c0130a36dc27
18391,a8b508aa-69df-4dc2-abb3-aa40dd81bb20
18392,47e639a8-4d72-44bd-b8a1-151f3745cd1d
18393,97e66c7d-2b04-47a5-bdad-9800757c4445
18394,c64d4857-3e6c-49ba-a1f1-35b6d0cb47a8
18395,a0eba486-6072-408d-9118-fdb149aa6bba
18396,b561fea2-24f7-4769-9f89-8da9c696e073
18397,6cdf8598-c789-4819-bb48-ede015def283
18398,727daaeb-26ac-4108-893f-9984937ba12e
18399,39acdb76-d8bb-40ac-8512-26ef538d2003
18400,c4bbd371-86f8-4137-9624-6ee125db54c8
18401,3059d6f9-040c-4496-aaa8-831445dc2771
18402,7e1175b4-1350-4a6f-933b-16b8882bb217
18403,1253dcdb-7bb7-465f-bb6b-c5227ae4b7aa
18404,77776ccc-a33e-48aa-85d6-9fc20694e73b
18405,2e42e770-a8f5-4377-a5d9-b4c55c39592c
18406,5f27f965-8fb1-48dd-b771-f63a9b4aaafd
18407,a90b75fb-c1c2-4cdf-98ad-bb26e252c4dd
18408,3d03ce5c-6a0f-4881-8407-57e332719e1a
18409,82014cf7-ee6d-4053-9981-3121c3a9f237
18410,d83a4bf4-8d4b-4af3-b84f-3144cfde9878
18411,0b29b658-1ed9-48a2-b709-8ad8823d35fc
18412,ff2d0b7a-b697-4224-877d-23e757363748
18413,12364271-9cef-41be-85f3-317745ccac18
18414,c6f3498d-93f9-4e10-a272-549613f39fcd
18415,a44ea490-8c77-488f-8daa-edae4f412ffb
18416,b1066658-ae9c-4020-9c77-1416690f1d89
18417,8731f63b-7642-4397-9db0-cd2a4f7de633
18418,016d9520-d7ad-42f0-9e0b-181f7bc16339
18419,45e23e9d-d9b4-4f79-ab34-53607ea4eb98
18420,3777a98a-8216-41c2-b569-e8d12675f24a
18421,b4da9bbf-6613-4fbb-923e-13af02bc30f2
18422,37199aef-b8de-4e75-b68a-0204b1fef1df
18423,347bc93c-7bb5-405b-9093-72dc13428b7a
18424,311d1574-7e07-4dab-933a-267ae72464e3
18425,a9f38f6f-fe39-4c3f-8e63-098dd25ec2ec
18426,d33182ef-9551-4952-bf8d-83a6fb559f74
18427,bab1eed3-9c94-4d6f-b03f-6eec65ab9af0
18428,9f8714e1-b2b9-4796-8529-9eb7627c16e4
18429,9c287c3b-af82-4279-a85d-968772d05fd4
18430,156fc237-d439-4809-8e43-8051944c497c
18431,983a0ca3-5cc2-4033-9af7-7f5afc3a3b82
18432,8545a904-4ac7-4909-844e-e516e57ffd71
18433,055f010e-6fa4-4615-b553-48072e05cab4
18434,34d49f7f-a58c-4b87-ac36-dedae6eb1125
18435,0acfb729-fb27-4d8c-b281-cd78c09112b4
18436,c7e2f926-ced5-4971-bb24-9cbd4581317d
18437,e7a43c5b-67b7-4f42-8a1a-e21abbec2be7
18438,b66eba08-6493-488a-83cf-bc0fb0a8ef04
18439,69b5456b-6c3b-4c2a-8479-368180af6b58
18440,ad225ca0-2341-47a1-a128-9c7efc06a230
18441,2cdd695c-efad-4290-9105-ffda2ce0e6e1
18442,a8201a41-1820-4ad5-87a4-2b65319d6d43
18443,465f43e1-23cd-4724-9664-0f3769f178c8
18444,27d620e0-cb55-40ec-a554-8efbc6f8807a
18445,8395e1a5-2b96-473b-b87f-cb2a518d091b
18446,7d3bbe57-4a0c-4b5a-9d5c-3cde6537d90c
18447,6cddc692-a8b5-4cee-ae15-ee57b2ccf2db
18448,e1172e34-b6c5-46bf-96c3-8f191c170856
18449,2255f02f-fc00-4ad8-9829-c12d4c94fb00
18450,b30493e2-ad8f-433c-b145-072762623f36
18451,4c894e8f-8906-4e20-84c0-bc7aad03c6e4
18452,d98c6fc3-6f64-4469-94ae-1d0afbdedf54
18453,e565fc2b-101c-42b7-8229-9d3a4cf2bef4
18454,5ba8980d-1111-4026-8f06-b5157135acc0
18455,31cbbb30-ca90-4876-b3ba-9a3313718fde
18456,ec9ea1c5-4318-4922-9387-9807459022d0
18457,9d2363fe-76c5-46e6-a793-e13ad51e179d
18458,911a407d-fa1b-4347-bd84-0fce68d4c336
18459,a70b69f7-9155-4333-96ce-2539192b4408
18460,c98a2bf8-fb48-4772-98c0-1249f944c5fe
18461,cfa72188-f168-469c-9163-6e42c020da02
18462,24fb4cc3-3f2c-44b6-91da-6de2347d0a7a
18463,8f7f7bbf-95c2-4cbc-8c3a-37f12e186c51
18464,73a63762-ff86-4592-bec9-ff91d54f28f4
18465,6d4c50c7-88ea-4b52-8630-aa86db109bf2
18466,8a1df0e9-231b-4a4b-8756-47cd737f356c
18467,b1b276c4-3c2c-4565-9f2d-7e7ad8fb8b32
18468,2b513b74-bc31-4418-8c6e-7e3dbe12e748
18469,fc4eee94-3463-46a4-a336-d0fcb33da342
18470,79e87e46-d837-4abc-9295-965c9b305174
18471,b502eb2c-4415-41de-b486-e9304add2d08
18472,26ca3804-8c53-42f5-82da-4b3a02147406
18473,9f071807-594c-4abc-adbc-5576a6605745
18474,100ad41e-94ce-40d7-a231-3a45563a41ef
18475,cac2a612-bbcf-4cee-b4cb-f22d0c9ac3d7
18476,d3add796-b2ba-4f83-a665-661775ecc8d9
18477,db536ad8-31ba-4af9-bd42-965d246343c0
18478,83e4262f-eb2c-4061-bd88-1dfc1005d55e
18479,a9dd72f4-3b39-4a5d-8296-a344cec254f5
18480,cff4fc56-4ea4-4e18-898e-4c389c8023c2
18481,9285cb5c-a6ff-4b5e-8c0e-40aa572cb3ef
18482,deb623e1-c74c-4c93-8554-70790e17cf05
18483,b7dfb1bf-b260-4826-ac79-ef86d09ec17d
18484,50c9d288-e6d5-41f3-9cb3-d1475dc99efa
18485,52494014-55ae-448e-bc0c-efc67bb73027
18486,0759bce4-6acd-468b-ae6a-1b3928cfa0e2
18487,a2bdbce0-3320-4a35-a78b-c9f7f72f5225
18488,a4629b70-9800-4857-b4d2-d2eeabb3dd70
18489,ad4db2bd-7176-4c95-8be6-5e8aba0cd5a6
18490,843c5dcb-fe6c-4c03-b946-0c3a6edb7919
18491,a327bd61-6eab-4cfd-8439-5102cdb936e7
18492,d50ccc4a-c325-48b3-a3de-d64feb7dd171
18493,a756560d-e1c6-4982-b036-ec5a4b09fd25
18494,07f2f42b-6fb2-4140-aec5-25d4737cce3b
18495,a6439d21-fd57-4f6d-8b88-fa9256b45a29
18496,ebeb22e4-20ef-408c-82a1-715c06af5930
18497,c9195608-bfc0-40f7-91ad-24e883426613
18498,16378d94-7de2-4480-a27c-eebc9e2b5bb1
18499,f1a59c0d-2c10-4b18-a4a0-0094e7a41a92
18500,0947b21c-a5ea-40bd-a210-fc9de2f8f19b
18501,e0a71ceb-2650-437e-b125-4928815472da
18502,5e6267b4-54fc-4db8-9553-58cfeb047d66
18503,1db04620-f59f-4a50-ad71-da3be7fd0902
18504,60b8ad2b-a90c-4137-9290-54ae5d77a8fe
18505,fc62779e-13d9-4107-8341-1d9381f525ce
18506,e42e99b1-4e87-47a5-82ed-3bb9f679bc56
18507,06b2b9b8-8da8-4af9-91d4-bdfa08192157
18508,220a1196-1327-4340-b7ae-beb18c2b164d
18509,f6aa1afe-ff07-4adc-9ed7-933c295e85fb
18510,20c7c4ee-c676-49df-bbc3-7d8cafe31a98
18511,990d783b-c202-49ac-8f63-5919151af9da
18512,da64700c-5fe7-4a73-8738-014c372ea14f
18513,7bdec878-b71a-4466-bc23-669782622eba
18514,df7e575e-4296-45fc-914c-cebca2906298
18515,c8726ec4-bdbe-41a7-a102-45a69958be04
18516,a9308245-9e04-45ae-91af-6c3162151287
18517,a1bbd2cf-e320-4adf-9e82-371e120987c3
18518,c87dd735-3222-4317-9751-50a344bd5c80
18519,e68f7ced-0a68-4006-a025-07d523071cc5
18520,8bc8a737-1aa4-4326-a89c-7317ad25adf4
18521,acfac230-70fe-4907-8a91-dd24aca128c8
18522,b0cd95a0-22fb-49dc-b798-f2961c05b869
18523,ddf2d6e5-856a-4dc5-ae01-643f8612c808
18524,b30bfbe1-3bc2-4edc-a4b0-6d14efe6be48
18525,f9b04c80-cbbb-4ee3-9851-90cc6154b6ab
18526,97be661f-573c-43da-a7d9-247a0dad61c5
18527,d4501128-1009-49c1-9586-c027e09dc203
18528,c4fbc3da-5c79-450b-beee-1b2ba12ba911
18529,cb44e9bf-c960-4651-b591-1993ae491565
18530,1ab19ee5-36a8-48fd-870a-54d30adaf667
18531,5ef00fa2-4043-4eaf-8399-4ea9a6e8025d
18532,69dac7a4-a46a-447f-8cbd-7be12848a2b4
18533,426b05f9-6809-4893-bac4-c48ac22c6fdb
18534,0b0f1e95-3a17-4671-8377-4728b7838b2a
18535,76d7bb9d-5305-4b51-84fb-d824cb81df45
18536,df73db5f-4535-407b-b3aa-50dbd44fcec8
18537,6993dca8-fd92-4e91-a1a8-78433ff46dd8
18538,bc0a5efe-3464-4ed0-95d0-445a372829ff
18539,8c4d8abd-30f9-42ae-9296-f6a73ffb84f5
18540,001eef98-5bf0-4a0d-ba80-913dd64ff5b5
18541,6dcca1d8-882d-495c-8fa4-5962dcc4cfdc
18542,052a0e31-28ef-48e5-9c06-7ec4daa48913
18543,9c652c3c-00bd-4324-ba5f-3ec9fb24ae2a
18544,eb1f9098-8d14-4e0a-94bf-b691b7696443
18545,85c94dd1-aaba-4b96-a8fe-4507e83f092f
18546,d9215e7b-20f5-4d7d-8641-ad7967670c30
18547,22c249ec-521a-41aa-bbb0-ed962189221d
18548,dddaafd6-1beb-44c7-9f8c-0d9f92f23b75
18549,2f2d25df-fa37-40c8-8b70-44f38927f15a
18550,c3362cad-698a-430c-84e5-52d95706d3ae
18551,572b4619-0ad2-48db-b869-65c228bd67db
18552,f9cdf881-b82f-4755-8e4f-421237a3729c
18553,77692a63-8637-4a39-8b45-7e6a0b4780c9
18554,ec5f71fb-e7c2-4dcb-8a92-8fb3f8495952
18555,898bf98d-467a-46d9-a0f8-854f78725e5b
18556,5b076232-f2c5-4e81-b1aa-a0f4334f0424
18557,12093179-4395-4794-bc9d-1f26d26b2ddf
18558,ae3cfd37-0f5c-4370-8578-048339a0837c
18559,adc5a23d-a435-4ef8-aafb-bbcf49bee594
18560,148a4c7a-7470-4980-83d1-e907d407a97d
18561,a1397fab-cd01-4706-9c23-7f3ff535ffa0
18562,7a72c219-025b-4403-9952-0041997d96da
18563,7a6dc400-4737-45eb-81d7-3428da05b180
18564,f8cffcab-e0bf-4dcc-bfb5-4fcb8dd6175e
18565,917495ff-1bd1-40cb-9559-fb82cc25b7b0
18566,63def3a8-8ed6-4dd0-9522-553cbfee565f
18567,9ff03c65-edee-4b3f-8a06-192aa6b3e6ce
18568,d504a602-ad17-4d65-93ea-c171b1c6bcf8
18569,0459990b-300a-446b-a465-d156f791c36c
18570,45f09198-e72f-409b-950d-bb2be846f003
18571,9e559e84-0652-4919-8ee1-3fd765a3ed7a
18572,d47e994c-3f73-432b-88f1-c8d19ccc4c24
18573,0d57c945-6bba-4d66-adc2-5c68a6070e1d
18574,d3e2697b-86d0-4b19-8b0b-8beb44c1fa43
18575,eb6474db-b285-408e-9958-d6762650f5bc
18576,7f7198bc-b0f1-4a23-a4c2-f99402c4daa2
18577,4cd5d387-8719-4a6e-a372-6b43642cf337
18578,25ffb728-89b4-44d8-826c-6965a65232dc
18579,e43b26e1-987c-4b4c-89f6-2e747b0b3a65
18580,0f4acff8-e700-4149-99c5-6b85070ddbdc
18581,05a7cfc5-66e8-40ae-9534-21bbbba15ac1
18582,ac793b5b-de14-4c71-96e3-40411d96472d
18583,e2e496db-97b9-479e-8018-8aaafdd4b082
18584,2180caa5-ed39-4db4-9403-a09e75e673ef
18585,565625cf-de2f-4667-8b53-b8ff619b3dc2
18586,576c47ef-5049-42f9-b0b0-0d2cd3f48b76
18587,5c23451c-cf9d-425f-a346-cced52070faf
18588,a39a8d01-c20a-41fb-8c4f-6b4949cd49fc
18589,a77e0b01-1973-4724-b5ee-1fee742a45eb
18590,647736a2-a8b9-44be-ae56-9a01e44f37a9
18591,08db7464-ed8a-453e-951b-f21971c8a6f9
18592,bc2d6edb-f18d-4c10-836e-2ae7868833eb
18593,a3af276c-246c-49a1-bf77-dda81ac891e9
18594,be666c5e-1e7b-475c-b732-76f8e493ada3
18595,6a606d90-9f56-451d-a276-825587f54b88
18596,b8a62200-494d-4457-bb8a-fd5cdf8201cd
18597,e01567a3-9b25-43d4-bb2f-fa30b85dfbf9
18598,f8c55c24-3033-47f5-b72d-33ac40e79f54
18599,0694fad1-a80d-43e0-88e8-82f3a1d905f7
18600,ea4e74d4-14b1-4c35-8ba0-9c58d95b7a02
18601,3e9c0ca2-9de3-4a15-baee-7b43ae84f107
18602,097b6930-9377-4646-a8d3-bf91ac248c19
18603,7a77e301-ef2f-4a14-b462-c84191d5694d
18604,bd1959f4-272f-46ad-89d5-56af8be22ad6
18605,ee62bc5c-895a-47ea-8aaf-168b812757ad
18606,f39f8387-b9ba-46ad-a4a7-998d3bd4504c
18607,fe6f37e0-851a-460c-870b-3f9cf49f8ebe
18608,5495dad2-682b-449f-b549-858ae2afc2c4
18609,135e2399-7757-4e8c-b510-4814694ee2af
18610,f4437f44-294e-4e55-a226-1aa8f329998e
18611,5f390fa1-44eb-4cc9-b2da-fa5bc7cd91a8
18612,e16f5964-5b56-4878-a478-eda266ec482e
18613,cb041040-0ee9-4c65-b817-45523d46f857
18614,90f41cab-156f-4454-8ee5-246f7390e570
18615,2f4fabcf-aff1-4681-adff-01d1889eeb55
18616,e7b7edfc-4bed-4c81-b222-ffa0c0166261
18617,2801dea1-6d33-42e0-8320-9781c4cb7c4a
18618,1416d5d7-14d1-457c-a503-c3f0db741e57
18619,47565ac7-427e-44fd-85e1-8526aae3627d
18620,47d183d4-5a36-4072-9ed7-2c3939c4a9e1
18621,2023339a-fa87-4d88-9b26-b2202db9d204
18622,d2be2197-3ede-4f4d-ab10-0ac00084bc1a
18623,895d67fe-79dd-495f-bae9-8c10d8dc4064
18624,ca92f340-b3e2-46ee-9650-d61e4e770e39
18625,9a502ee1-6222-4ca3-8367-f1f2fa6a3258
18626,33268f3b-fab2-4d0c-a68f-38f3ca02828b
18627,b55b78d3-b291-45c1-81de-c8e208b5d1fb
18628,53b24e98-99fe-4388-bfad-a348e951c469
18629,90817aca-e267-4938-932f-672ce38f9697
18630,288a5569-5acd-4798-b615-d218d2b566b4
18631,332634fd-92d4-4434-a213-88d591ebf24e
18632,f12cee41-993e-41ac-a2ea-47d271bd04e9
18633,1f25f01c-81da-4dd0-946c-19cdafa1daf7
18634,c628be3c-4dd2-4ae9-8b22-30d3b3407337
18635,fddbafaf-b9e3-4f42-9183-2e129e88dabd
18636,8efc52cd-eff8-4c73-9749-7e1b0615584f
18637,0e3cc706-0f6a-4f44-bc82-96621315e485
18638,0f930096-b6fc-49e6-a8de-2abb57121675
18639,b25530c0-49b2-42ef-a185-51f35d4279cc
18640,6e32f2ea-e6f1-486f-bc71-8af75ae0bf8e
18641,287b94d0-af66-4ae0-9b1f-576b8695f6e7
18642,9c0b4da7-bc67-427b-a90e-e67f1dae2f2c
18643,9d66c152-f811-4d3a-bf25-67b29bd32691
18644,01daa96d-a29e-4ad4-b842-a0e8dcd3d199
18645,75faab79-bd78-48b3-9580-1e0291460f79
18646,64c9ba9a-67da-4c9b-ba2a-fb5498c28ab7
18647,a2171b55-6d17-4a45-96c1-405b6c71caa2
18648,844048b8-eddc-4d48-8805-985418701a13
18649,309eab96-29c3-482a-ab2d-54b63382a85e
18650,b3d57475-7523-4964-aa10-9169e5621e8e
18651,6bdd1531-b83d-41d4-bd16-2756b6b5ca74
18652,b7ffcf8d-1226-4d95-9f3a-841625e390ac
18653,e9dc1c89-64d0-4a08-951d-a66a9d7f0a03
18654,51358f7d-6476-4ba0-8020-5256f5869660
18655,a1255ed2-bd61-47f9-b5b6-b5bf0770614e
18656,3f24125f-4795-49a9-b9cd-2ad7b8297ba9
18657,de446285-941e-4fdd-b846-d07305f65d42
18658,8e971760-a5fb-448d-afb9-dca8d602baaf
18659,48a7ad59-eccc-4715-91e7-874eaa6d74c1
18660,812112b5-9f80-46c5-8377-ba9190efe3cf
18661,b339819b-9c3f-4461-bb4c-842b0db1c47c
18662,8e875a1a-ba24-4d84-abad-5f32eb46b5c0
18663,aa925664-f4eb-4878-b68e-26502e532788
18664,d80a076f-6afe-49f1-878f-3bc357c7e9f0
18665,df4d1878-33c8-4a4b-a033-ec554251cf1c
18666,9c944595-61a1-47b8-94a7-ea6190543f79
18667,7c3ff4fe-fd8b-458e-bdf2-2629bddff594
18668,ee6c7f0b-d49d-4b8e-8ab4-29cc8d76f120
18669,13926c0c-ed21-4da5-b671-235ab14d798e
18670,91c63586-447f-4bf1-bc66-b53fc963f0a3
18671,624ecd0d-0a26-4943-8bd2-6bfceb947535
18672,c4d9dc7f-9d8e-40cf-a0e2-81e44a9703f1
18673,38ab9bc6-e391-4182-971b-75070d98f0e2
18674,7631eb87-4e14-4f1d-b2b8-5323a791d396
18675,b01c82d6-949d-456c-ad7f-155d3342ef8d
18676,cb1925ae-5073-4704-8571-95353a93e29a
18677,cf1e8580-0090-4d97-a3ba-de0744567abf
18678,66b54503-31cc-4eb8-b260-66ad7e42a5a5
18679,950e6b65-8d22-4f28-b5c6-042dd41c88fa
18680,980f2a0b-0568-4f37-8ed4-15bc8d89f2ed
18681,2fbb1303-b491-48a0-8334-72949824d074
18682,6825f12c-1e20-4da8-90df-e41bc0d83625
18683,43ffbf19-9908-4d3b-9590-cc0850af47ba
18684,caaaaa1e-ab2e-4446-ac21-0debe77d8bcb
18685,7aa715b7-6e56-4e7d-9b88-58f3bb153cbd
18686,6889bf1d-4446-4ef2-b981-294fe53dfa61
18687,dc48d9ae-c25f-4075-b9a8-2fe60c1f7d40
18688,a18c781b-ac6d-40c2-ae24-a8075c4e6e60
18689,9911668e-28a9-49d9-8fac-d0098bd15116
18690,cdbf0fc3-730e-4250-9251-0df66402c21e
18691,b733552d-ef7a-401d-b417-8c89990c0912
18692,67d125df-5d5b-4f54-93cf-5327512b253d
18693,a752fa17-4ad5-498b-a4cf-9878a7b532e9
18694,1ff2dfc3-a9c3-4555-b215-be030b9bb144
18695,9f9fe4a2-5bf0-4415-bb71-d22c284386f2
18696,ccb83dfd-7ea2-4447-9e6b-d3ac39d165d7
18697,097d0478-0235-4e4d-8a14-180a36b44afd
18698,b0718773-b094-4eed-a4ca-fcfefbb2b56d
18699,c945aed8-2fcb-44e1-852c-f44743cfcc06
18700,f04057a1-5bf6-4417-9a7e-0cddc170ac84
18701,f62bfdd5-d22e-4a5f-a1ca-7532514d11c6
18702,9d74bf35-37d5-4252-b776-0210533e59a0
18703,9e9ca10f-0483-4aee-a659-8980abd557cf
18704,14365eb4-3b50-4942-bbd6-96c348d49a43
18705,3c52f506-7b4e-484a-b95e-70dd18d53b24
18706,e29f308c-0f03-4f8c-8cf3-7254c77cdabc
18707,7c99b236-fbf0-4d4f-8fdd-3c4d16ff0a82
18708,a97e1edc-5547-4224-b4d8-af05d70a6f02
18709,d4f8b7e0-8cfd-404e-973e-47432fc378f9
18710,1e18ab50-29a8-4fbf-a751-8043682a5436
18711,dfc1d49c-5229-4290-9a92-87c81584e03e
18712,9dc0a713-57cf-452c-b543-d3cd6b08737b
18713,7644351a-7c06-4b25-b427-8db1e7093301
18714,6b104439-b5dd-47e7-9a25-481d32506e60
18715,8ec649fd-46ce-4d19-ad6a-517d2c36057a
18716,180b4cae-0e23-4b0f-b091-fd71cda9d619
18717,5e0d1e9c-877e-4a09-b988-8311d59da664
18718,8a90cf2d-e8f0-4542-a852-c9879e897619
18719,c2705335-8ea1-4d7b-8866-8c5cb66f1ca1
18720,cc00cde5-6219-4440-b819-38fe35c534b6
18721,b079d09c-ba06-4f80-a619-dbfa698ea4c3
18722,6d2d6358-ce4f-4358-98ce-0fba3694e780
18723,78f7006a-e21f-410c-bcd6-e07b308e3a27
18724,5b5f836c-2be1-42e6-b37f-e5587d3fd463
18725,c31d12b0-3f69-4aa4-bf40-c9df05a0dcfa
18726,0bc94d28-662c-42f2-b44e-1448266cd42a
18727,b60c03c4-22f1-4c05-ae18-dfdaf9135b54
18728,33e7a518-30c3-45ad-898e-7c99c895c658
18729,f68e8d62-9778-40a4-953e-dd1a6c557052
18730,4160caeb-f3d0-4824-9cb1-5fe6d4f1f357
18731,306f4e00-eaf6-4d5b-965a-002cfb572deb
18732,69611b48-a068-481c-aae0-1908d866877b
18733,c17f3237-e448-4472-aa5f-4691ff9e92eb
18734,fd3ac07d-ebfa-4ae9-8941-4a44ec82c2f9
18735,6fdac28f-ff4f-4928-b211-e58b2fb62dbd
18736,a04d5f4d-1f76-46bb-8be4-89c2c8cd8127
18737,2ec5807e-9e93-45fe-9c2b-2b693a0b30f9
18738,c759f385-b87b-418c-9581-471acd1587d3
18739,419346d0-39ce-4d51-b7ac-5d96b097d7a1
18740,0ee032eb-1f57-4d7e-9be2-3ca56d9fcaf9
18741,bc3074ad-18c8-4e7f-9470-2eaa80bc50ab
18742,f5e0aef5-02ed-4a2c-aa05-773c500d4bd7
18743,795561aa-dda4-40e3-a2f7-d68e7f14f0b6
18744,add5e937-c60a-402a-9b46-1be5536b05b3
18745,b5378856-73ba-46b6-9e6e-56bce33a55bd
18746,c2ddc9d8-f687-43b9-ab53-83b3e66d78d3
18747,39cb8d9b-d635-442d-b04c-22f77bf91a03
18748,df9c609a-a083-4c06-a977-18088abf24f6
18749,13380a48-cd72-46bc-9ad5-e3c9e729938b
18750,c3d447f6-3be2-4ee8-971b-da3237972cb7
18751,f06b8387-b8bc-4bcd-8fd4-de15d187a105
18752,12939822-74dd-40ff-b8ca-4c829f9f8679
18753,8d07870d-fd97-4c05-ab34-2a3fe97ea624
18754,feb2034d-2f5c-4775-a133-872ee54ba242
18755,1d9cbda9-09c2-44c2-b86a-0821c2312d1c
18756,fad0d91f-5386-4f77-8397-92a55fb0d81b
18757,8c1437a1-c8f4-4816-9b30-8074661a31e0
18758,3a103a11-9ff4-4c6c-9fe7-62c35429a1b6
18759,dcc077ab-a862-4002-8eb2-f982166ce255
18760,43bfd2a7-281d-40c0-991f-a989ccb14df7
18761,235c2ed4-5050-4643-8096-0cbb08b8b5be
18762,6161ae13-ede2-41ae-93b3-5d91a690e0d6
18763,7eacef98-ed30-464f-ac06-16037efd2f10
18764,a32793db-c657-440d-9c0f-c7b4952dea8a
18765,6c3c2f6b-5181-4f3c-b615-37d740e5fc33
18766,8521aab6-91c3-45d8-98e9-871d41c6926b
18767,a0fc62c4-f2d6-476c-b663-f82403333eba
18768,07dd7ebd-11a7-4857-8f6f-397372b1b86c
18769,771c7726-af6e-4c4a-901b-27543f6dd611
18770,8c363836-3cb0-485c-bd1c-f93d1c8d570e
18771,6535d8c8-26e6-41e8-b999-abdbcbe017f4
18772,c87a9a91-6379-4faa-a1fe-09de52f4b921
18773,4bdb05e7-a239-422a-89f0-801c3ca94335
18774,ca64a5e4-5344-45cb-868a-64f9338b49a1
18775,2abd3f1e-d5fd-41ad-b924-d570464caf6a
18776,809da297-4c2c-4bad-bfc1-e5420b75e397
18777,0371963e-e2b8-4a3c-8138-e076f9660901
18778,cfb12aa0-4bf3-44a9-a614-6ffe9a7800fa
18779,13301351-979b-40c2-908b-429a5b768097
18780,c169585a-dac4-4462-81bc-7916f0078b13
18781,02405b4c-3baa-40d4-b1ac-7d178cb94a11
18782,ed8acfd9-80ac-432b-92ca-450c270b06d4
18783,6e264848-3ad9-494b-b99f-87306d566682
18784,2be47726-9755-475f-9041-e402c53d139b
18785,ec8a62ab-0c66-4c95-858c-25dc6dec0b49
18786,66b1d42d-efd7-4d3c-9839-3f377b2adba6
18787,7ac59197-82df-4bdf-a5f0-5ee5362d1b62
18788,50fe0e61-0c75-42ff-8bf8-ff979ca740bc
18789,09d77962-866e-4dfc-aac8-38677f181db6
18790,2b5977d3-ab35-476a-ac10-195ff14f58d5
18791,8e1b0b70-d1f2-48f9-ad42-bede57285bd1
18792,698523b3-a38c-460a-a6b4-86ea20013197
18793,9745fbfb-e140-454f-b56c-4067e324454f
18794,8f48d1ec-61aa-42a9-ae34-b8a03c7d2779
18795,f247d5b9-5b87-480c-ae58-0af2c57f0f66
18796,c4a6e647-f14e-4fd5-ba0f-f5afb843b921
18797,4621d2ea-2980-465a-ba34-9b83831472cd
18798,ebb23a83-2926-42a4-b616-7a650fc8f988
18799,8173b6bf-0a29-40e3-b4de-99e1248c6537
18800,01daffbc-4232-4031-a8ca-f79fb27a50fd
18801,71fb7954-175c-442f-9a81-5ad68aea6c56
18802,f7501dfc-2265-432e-8c5e-0accfaa06663
18803,4a189d14-03de-4390-a491-2d556d339008
18804,28eef647-bf44-4e79-a6a7-49922b62a405
18805,f93d6788-b52d-45a2-8169-ef0e8e8e4172
18806,b26175e7-1ea7-4084-b35f-07ad79fcd332
18807,a9a39ff0-93d4-4d9b-bd4a-303bdd6335ff
18808,54889965-a468-48ba-96fb-75982f86f2f9
18809,bf53cb14-bb9a-49fc-99c4-f91e235bdad3
18810,fd282719-94b3-4bf1-a32b-05edc48f57e2
18811,642ffa03-be37-404c-9ce9-e64a2f6e5743
18812,ae659f47-e9f3-44ef-8878-2732ab360e41
18813,083e2295-9af8-4971-9a57-316409c2ae3d
18814,95fedc93-a816-48ce-8591-0b32edca3f4d
18815,59cae659-cf2c-4633-9af7-f0abe3fe6f36
18816,0ddc162e-dcd8-4707-9819-58a58fb39202
18817,0a50a8c5-d3a8-4305-a946-516fc4db598b
18818,ad772a3f-2e83-4905-b00a-565ad97215a9
18819,99dc904c-9c7c-42c8-a543-ccf5fc4546e6
18820,63b69ad4-edb8-44e1-a2ac-9cd78a6fd36e
18821,94cc7107-5557-4f84-a56c-b1f043d5ab25
18822,0057edd3-8288-4c73-9bac-3b349c34a014
18823,a763ca35-dfb1-44b8-a85c-e470e553b24d
18824,82a36d40-bdc4-4a9f-a385-681ab26255ec
18825,8f8ba205-e698-43d2-a579-0053c671fb03
18826,12fe051c-6e68-430e-bcb1-a1f1b6dd8ce2
18827,0dab0912-dd93-42d2-a0d4-e9c48d376fc4
18828,d8651238-9362-4eac-a37d-ccf35f9bae81
18829,54729bfa-a6b9-4664-b8e5-36ca6dfa2b42
18830,a54c624e-820b-416e-aa83-3294d94f2170
18831,51c7d83a-34de-4435-a5b9-379890b38a45
18832,90a5ec3f-ab86-4e29-aaa5-e3da917b57ff
18833,14cf95ac-aefb-46f9-92bd-f36486bd110f
18834,f9547bbd-aac8-4a7d-86bd-972812c7a8cf
18835,6096ae2c-6b0e-4ab0-bb41-262e4d1538fe
18836,e226c038-d028-4f02-8562-8722cf66d291
18837,7c371449-ec7c-4351-9cde-6b5ef7442f9f
18838,b951f79d-3984-407b-a473-40036451cb53
18839,b9018d3a-7186-41e7-87f2-9e75770c319a
18840,dc051c68-1a6a-474f-8877-dbabbf88c6c7
18841,c0ba5335-6364-4432-8535-8cd3ed2fbb4a
18842,2602b111-9944-4442-880e-defa6bd79753
18843,7381463c-cf14-49a3-8d02-d0376085f237
18844,74ed4694-d4be-4dcc-a506-57c0d92e69e9
18845,ee30e016-bc3b-4907-a760-1b8cc1335cb6
18846,b1eb82e4-f540-44db-aae1-735b497f0e89
18847,0d5e3b63-0964-4e3d-b290-4c22124f7f41
18848,b4c6c948-0616-4ccc-a459-041df100a92e
18849,52598b2c-beef-458b-8e48-7610c101839e
18850,c9160d0e-55c5-427e-9eaa-de7704e9fb92
18851,da1f4ff6-232b-4df3-8c8d-c61a44501f13
18852,d528efa6-b4f0-496b-a78c-5bf3314a1e6a
18853,51bbb0b8-d3f4-4338-b254-731b9b4d0858
18854,5d024170-ac06-404b-8575-31b26023e6f3
18855,535ea05a-5fa8-497d-8fcb-b07228302665
18856,d43dd078-5691-4e23-85e2-9d48b2cbcfbe
18857,f138b3b9-ac1e-40b0-a1b8-497fe89366f0
18858,cf608b89-5e4e-454b-91f2-d195c0ddcfae
18859,cfd7daa8-1cd4-4304-bbe3-a1390969e932
18860,9030ebf0-d968-463f-b157-701c6c40cd67
18861,869dfb40-dc10-49ee-ab27-8b943b95b72d
18862,9ab497be-7b51-48a5-953e-5a958d7d7675
18863,91a05981-c70d-46c1-8b54-c4ab84e22cc0
18864,b42b196a-dbbc-4a2e-a242-5dc8a541bd97
18865,ffdf5d34-8d83-4624-ba20-51f1fa7855e9
18866,06a1953c-0201-4aa5-8032-76763c246b0d
18867,9a379dc6-fe0d-4a22-b204-2b80c0bc95aa
18868,87b68461-f1c2-4a72-8692-f195b3314221
18869,89897076-6e2d-40cc-98db-ebd764c3cc06
18870,1df66129-1202-45b4-99b2-bb1b77b6b8b3
18871,f58f650e-021b-4de4-8ff2-6ca8cc6effbe
18872,a92b2c78-d5d0-4d77-a52a-b37662fc5eef
18873,e6f37bf7-a494-4012-993a-e3dc73745daf
18874,b02d91fb-cee5-4910-827e-210c910158c0
18875,e9bbc5ed-4514-4337-ba39-6d946b2e8ae7
18876,20ae86cf-9a7b-4f50-8f78-b4a3ec51ef82
18877,fb85629e-761a-4c2e-a121-bee10e90f815
18878,5133f425-0797-49b4-b27e-8c021f2310b5
18879,d5b1362a-622a-4995-8187-cec41400d51d
18880,374e3a4a-ad80-4b89-9a6d-86a7a0824a79
18881,f11e8807-db33-4e7c-8d1a-8da156501e7c
18882,53bf8f91-78e4-402d-9cff-10513da943cc
18883,86d4edfa-3cb3-4420-a882-7e3fc203506d
18884,ead912ab-166d-4d58-9efe-ebc278272f98
18885,c59edca3-3bcb-494d-b680-8e3bd959343b
18886,c9b16a48-eadf-4d3c-bd2d-c4b1c08615d2
18887,c30a2bf6-9ff3-4bd5-b710-c100596efda4
18888,8fc5b5d7-330b-4b7a-8850-0c457a6f9a50
18889,07383bcf-1fab-431a-b05f-7af5ec7bc938
18890,9e21a9b8-9385-41c5-8146-8f2140ac4041
18891,0b4847fc-57cc-4b1b-bb30-29e3deb57c43
18892,491a2693-5528-4e59-aebf-706515b8f910
18893,0357ab4d-a6a3-425b-9748-910058655206
18894,af6db10e-d5c6-45e2-92fe-b6f0774685ad
18895,146091be-cf75-4a17-89c7-350400c4a2d1
18896,867efa7d-48c3-4071-b191-8803d3fd308d
18897,365aea6c-4867-41d0-8493-edc88ec4222a
18898,2ca9904e-c16a-414a-b6f7-38e7fe28f43a
18899,3fb90433-4f29-4b1e-b409-031d25138481
18900,6832e622-d7b9-426a-9443-56c2762ead8e
18901,37c841a4-a48a-4ef9-8450-7042f95c4fea
18902,d506cfab-a9ea-4580-aa02-708e8db32031
18903,09b44aae-e200-4ceb-90f3-2042f5851626
18904,5f24250a-e03d-427a-ac57-7edac61ff7b5
18905,d04621a7-6336-48f7-a04a-af334cfb84f0
18906,ee9e38ec-830d-4f83-b063-cc9d9cf7edb6
18907,d7a59271-b8ba-4685-b7a3-0f1099a11995
18908,2bc5f922-3fec-417c-8ae5-74d85a3e69bc
18909,f7330f4d-d8cf-4f99-bb03-adc9a531722d
18910,9962fb0a-5d46-4b04-9ce2-c05287462e2b
18911,cede1a69-4415-4b4e-ba53-9777ea5d0a2b
18912,d1807e39-a0a0-4cb4-b3a9-46be0250b261
18913,73337512-38eb-4405-bde7-4bc48775a5be
18914,d28d2022-4fa1-4641-aaec-f274c0c9af05
18915,95a4047b-6336-4075-920e-00b744ef955c
18916,aa7d3691-595f-491e-ab46-9460d1b924a4
18917,aa4dda2b-2b5e-48a4-bde0-0ad85a306504
18918,c08f810f-3991-43a8-87d3-434673f41b00
18919,29536f7a-523f-461f-9ee8-3f4d8fec5102
18920,4e19a91f-ab18-4df8-9b88-89bfe0cc1686
18921,89258ab5-2671-4b63-9034-301aa364d6ab
18922,afa2da08-67a0-4f3e-98d5-b18c5696dae3
18923,8f19135a-0952-4d5e-8a42-d5e7207895ac
18924,f897f8d7-657c-4b11-8e7b-cd8100333984
18925,6b426e21-b3ea-47e6-90be-63aae02b4e64
18926,0f878aa3-469b-4b5e-bace-d2c947cf56df
18927,cbe78650-9575-4b03-9b02-398e2f1e4656
18928,639025a0-9ee9-47c7-889e-64e7b85dbadc
18929,147880e3-4a8f-4ead-aac8-319d82b9c224
18930,13226733-b6ba-4b87-8448-68a814d3bb74
18931,01c1531e-63db-4b17-a2b7-82610ee4aeec
18932,9cc5ead9-dfc1-4caa-9546-4dc5e4245dd2
18933,8da632de-b0fa-41ec-9fd0-8f778bb37415
18934,b0d7e66f-216c-487a-9dcf-be5447fa381f
18935,15532840-545e-49f0-b470-559c1b8970d9
18936,d2132106-0ee2-4c49-af01-73f9c32414f0
18937,d2e3065c-112c-4f69-948f-9beeeb858135
18938,054d075a-5276-4654-bdfb-41bd48fb8119
18939,3318158f-f708-4723-bc10-e55f2d465109
18940,46df3ddb-61a2-4c44-b6d2-f2c06aa32440
18941,efb98a25-fb50-4194-ad37-9bfa718bddf5
18942,4b719cca-5ab9-473e-9ffd-ccd75ccd0848
18943,380c40ff-ae12-4ab9-9f5c-ec685ea5be4f
18944,facd621d-c7fd-4c83-b82b-14be58546ced
18945,2d3242d2-0198-4f86-b3b3-dc125dcc6eb9
18946,09d4db15-c716-4f56-ac1f-1619172a46f7
18947,bbd8854a-c423-49cc-bfac-4ad4b7de75ee
18948,af32e75f-61b2-4010-af64-98a39da8a82f
18949,cee0e222-1abc-40c4-b49e-e99ebf41cb7a
18950,3e3289bc-eac0-43fc-ba4f-0404543dcde0
18951,2fd1b8b2-df36-4e59-ba45-3efdc98dd8e7
18952,14eac4f8-5033-4bca-917d-3809e8d0141a
18953,e81e14b2-3e53-492d-8312-36ac9c7086c3
18954,3b907145-2293-4e37-ab50-22ecf5d3b911
18955,2298ea7c-5837-413d-8fe1-f5a5a9821e82
18956,ed65aac4-c68b-494a-af6f-5d5ca8afe330
18957,53a4d9f0-cd55-4b37-9868-ca9f12aef6e0
18958,511ec302-9d47-4852-a00d-391267577e02
18959,378bbec1-27b5-42b4-9344-f02cdcccc185
18960,62452777-a386-4210-9104-aea44897e781
18961,9a646ecb-537a-4573-9a53-617730f126de
18962,0cf9efaf-2cb6-469b-831a-0cc6edbff1e0
18963,6ae19fd4-ec01-461e-aa3e-202472d1cbeb
18964,3a5cd00b-f95e-499a-b692-dd218cd92e17
18965,fd73f2c4-c883-41dd-ab0c-ea26c8d8760b
18966,49ce92fb-6ddc-40bb-84bf-7cce755583d9
18967,1fc74a34-36ea-463b-9b95-23237b3d1d6f
18968,6a355df6-362c-4775-83e9-23cc43e2d65a
18969,22dbb660-23e6-4a86-89da-ceb4633b087b
18970,f0cb27a6-f27f-410e-b5bf-ef07503a934e
18971,895f7e4b-f214-4723-8ff3-fdea542be566
18972,4d3c91b6-4ff6-435f-81f3-4e3fd0af6684
18973,69da1b01-2e4b-4270-9215-ba564d676285
18974,6974204b-b061-40d0-b312-db6321b28180
18975,120a2565-02b4-48d3-9832-2c30f8571066
18976,df2bf477-7e6c-4d38-8ee2-8d481caac37c
18977,98889f7a-3c61-46eb-bb0d-7e990b3e9342
18978,b61bedc0-8078-4d5c-adbb-484581146e3e
18979,dc21f458-29e2-4129-bf9b-07e2e47e1522
18980,e33e2afe-75a0-4dbe-993c-6799f0e0ec85
18981,09741860-62ef-41a9-9c5b-77bbb0a0b286
18982,6d39de05-a0f1-4b8d-9971-a242f364f405
18983,6d2df0b2-ca8c-480c-a095-d8f4229ee7b6
18984,4be0e466-4845-42b8-826d-d0a41668bcd1
18985,41b9aadb-9bf2-4cbb-951e-292048d9e225
18986,48865739-64ae-4366-9096-f763f46c84db
18987,b213a65e-5f35-4573-9d2a-e84830e078fd
18988,76ce04ba-9b96-4b5c-8ccd-39631bddd0f4
18989,35a8973d-1f1a-4c30-b08d-cb50829d3276
18990,d4b38172-656d-42f9-8e75-6a160fc20931
18991,26b3f667-defa-4e4d-b380-23ff67c41006
18992,512c2ab7-978b-4c7d-ae40-b058d9deffd7
18993,e9c43806-cbf6-4f1f-afb8-faf92427c1f2
18994,20f60fed-e71e-4f08-9b27-96a4908f1fcf
18995,979edabd-ed7a-4379-8758-b5e3ce83fd36
18996,010505a3-4642-4bed-ac69-aa85dc7431c2
18997,b9e2f2ff-d88b-4683-b781-42214a4c1fb0
18998,80b495ef-7cde-4b46-b461-36537cd0b1ca
18999,b18d90b5-b6af-4241-91d9-c00aa248fb24
19000,88175283-909c-4a33-b2b2-a23dc8ea3ac3
19001,43c833a6-80ed-48ea-aa6f-2d15afd7b4ae
19002,27fe0799-0b13-4a34-b82b-109053dd2d27
19003,40d4402c-4a35-49e4-a7ee-6ede9c0049d5
19004,31a64432-774c-4c55-8b57-9f7bcdf744ad
19005,21415746-2c95-4ceb-a3c2-d978d7452a31
19006,43fd1475-523e-4058-93ad-e5640b4d1c22
19007,89d22a04-b085-456f-b9cc-efc3e866373f
19008,66497ee7-3748-4aef-af6a-6b2c40a3f620
19009,a052fee1-2524-4c4d-910c-eb46eca788b4
19010,2d0eea9b-8a12-48b1-a49b-1c90d46ef67b
19011,97ebed87-4fa9-4ce5-a1ab-4aaed122e30a
19012,1ba6792a-018b-46a6-bd7c-ccd6582e9841
19013,7fa53533-9499-4777-9c63-8951f982b59a
19014,54a9e454-58d3-4fac-b31e-868e927dd6c8
19015,ec489b33-aba3-46e9-942b-55df825eb9b4
19016,db4a676b-c46e-49c2-94c7-e368ce3e3ae7
19017,ce68d5ef-040c-462d-bda8-4e5f4c5da69f
19018,42e59c9b-9243-4257-9f5a-5049feb0f62a
19019,f515b12a-fbc4-4fe2-bb15-13ca49b4516b
19020,a30c2455-609e-4cb6-937b-2ac8fa1efa57
19021,3375d7b3-8eb7-4cad-8b34-0bd580851e72
19022,c0c26b21-08b6-4ad6-b644-12b1c18bcb7d
19023,6d0bef51-3082-4e2a-b0b7-e576ee60bb96
19024,26163ff9-ac7b-44b9-abea-83ac95987adf
19025,d7016b0d-2cae-40c5-9c6d-531998b99c81
19026,108427b9-3406-4fc8-b642-a55d26205885
19027,30f12b78-9d33-4948-b1e9-97176591fc72
19028,0a9b4b61-3729-4c76-bc81-a006bc127513
19029,e75e8c67-940d-4135-a2a8-83e831b821af
19030,69b20251-951c-49a6-ad54-c7456b982e15
19031,d3dcc62b-bde7-4fcd-9205-cc6ecf71d7cf
19032,128cdc1c-7df5-42b6-98ee-33994c36dc7b
19033,fe78f6e3-c47b-4445-b0a8-5673c52f02d7
19034,e3254231-0c01-481e-aabd-089ba77b00b9
19035,2366e7f1-5019-46ab-a38d-1a75442cf0ec
19036,34292bc2-5e21-4353-aa3b-84f85702be53
19037,6dd9f7c0-c017-483f-b9ea-054332c9d4bf
19038,4d5d8d1a-fcd2-49cb-9d8e-46a1018293aa
19039,f4438578-f61e-4a00-a944-9269d0bf2948
19040,e04d7c80-8d21-4fde-b7b3-9415447b8a20
19041,8e970dc8-4a56-4ea1-9ae5-500250fdcd5d
19042,e986dfcb-70cb-4ccb-a623-f3e6b039a963
19043,0566b6ed-da2e-466e-af59-897951b732c6
19044,4a2eb9b7-b6f4-4073-8ac6-c6c1ac3dc8ce
19045,af7849fa-14b1-4501-a963-fc05797e8e28
19046,b8b84acd-e38c-4e75-ac2e-0bf106b62a56
19047,1de13825-7b27-4bee-b745-1004d2610ebb
19048,648f00e8-5188-4998-a43e-a410d4efa1c8
19049,e2cdbb01-caea-4241-8f58-e242413e4bfb
19050,abd24de9-444a-43ed-862f-40f2694f1326
19051,06bc167e-1e91-494c-b32f-c1dabb166051
19052,16074837-20f5-4e28-b52a-c4bf76d60dce
19053,f82c49bb-64b8-4459-9b06-ca4dcf10a538
19054,c097244f-7af1-4a2e-bb43-118f6b53a62b
19055,6b83dbe1-2cc7-4034-8eba-32a24973860a
19056,9dff06bc-3903-4cad-8596-434f1144a7a6
19057,994abf30-2394-4dd5-88b5-f0bade111cb5
19058,ed287aac-6965-4b71-bb7f-ad7a2ea755e0
19059,c418f083-9d17-4433-a859-7a6bcb69ad1a
19060,c8c94318-8112-4892-b5e8-0f589de71d79
19061,260f48f5-cd68-4dd2-897b-677aa6bb02e4
19062,bc46e4b5-dfa7-42bc-b5e5-d0d8b5e73ba0
19063,401b91f5-210b-44f2-9c24-9510126569c2
19064,6120fa75-5a39-4fcd-a45e-f1691cac137d
19065,d765b07a-be23-4326-ad69-0b312a1e8297
19066,8e931f95-28a6-4b14-a551-942cff2ae6dc
19067,45dccab8-310e-4f7a-98ac-bec8ceaaae28
19068,81b091a0-17cd-47f4-ac8b-34cbea852a6d
19069,3e1a8439-fe5f-46f8-87a0-75d48cee2634
19070,d3988fe6-ba37-403f-95c7-ac21fd4769da
19071,48fe3596-72df-457f-93bc-610ff367257e
19072,1db0ce31-3138-4160-b729-99bc25278145
19073,78937d09-0790-49c7-8219-a444142ddc3f
19074,a04b676c-ecc3-4f03-8db4-4701587b467d
19075,66127754-63d0-4b5d-a0ec-87d10d081a2a
19076,131f0aeb-6564-45e9-9a0c-c213605aeefc
19077,ca094c56-118f-4a15-9812-51f88441c106
19078,aba7ef2c-aa02-40ff-a98c-88ba9d5e72df
19079,a1397067-10e7-48ad-8ff4-0859dae16a54
19080,dfcc3bf7-771c-41e2-bc4f-69b455fe1a16
19081,c6bfe2a5-215d-400d-b1c8-a0bafcb1fc0e
19082,0b953869-f0ea-44d2-86be-b2cfd46c0939
19083,4dd766c0-4457-4c49-a6f7-cddf73c87aae
19084,fa367e4f-9e53-4847-9e63-7eea3903a4b6
19085,9a21adf7-eb93-4a2a-81ca-c2f02b291001
19086,87a6b8e8-1305-450e-a799-1ed6326f0ee8
19087,99896d27-a1a5-42af-8cfb-5ddceb7c10db
19088,573d6569-fe19-41d1-9154-4fc1f8025164
19089,fb01c1e0-335c-4c99-b868-dade074ffac7
19090,5e66a79e-53e7-4191-849e-167c52edc541
19091,6ff2ffd7-bdb6-4590-b9ae-e7b1b116ffe0
19092,cc9b849f-2848-45f5-88cf-25889aa76647
19093,0fed4823-5a3e-4cd6-9717-16afe62d95e7
19094,16eb90eb-2b9d-464d-b5db-0b22f8eabf8e
19095,ae5b4131-99ab-431c-86c8-4c35a9907606
19096,4842fccf-24ec-4bfa-8d92-f7c778d17190
19097,3c4bf558-9bd9-482c-a504-aaffb22dd37f
19098,a83b2447-19af-40d9-b66f-eea327b443b2
19099,3e73f108-3772-41d5-802c-1c8dae453245
19100,226c5dfc-fac3-4657-85b4-667f7433ab78
19101,08da32fb-3802-4ac8-914b-d7992fc92597
19102,4e5dc234-c6d7-4ba2-8a5e-fbc3f7963cbd
19103,03cebba0-c206-4998-8e33-755bc566f697
19104,45840c99-9bfb-4c3c-88da-26f298fa12b4
19105,db49686f-889a-4b8a-8b34-24d9e7622cbe
19106,41b8828e-b0d3-4d25-b645-c1c6d5ea1c45
19107,00ee515a-ba77-453b-894f-41bbfc676cdd
19108,1444498e-1f5f-4a77-97da-32f4b0c7a902
19109,b9c7034a-3902-455e-b6ca-a005cc8a1abb
19110,8ddfec3d-757c-455f-b065-1b17f5cb10b9
19111,178522eb-b92a-470e-8855-17ff3b64c6e7
19112,b4de57c9-4a57-4e36-8488-e8cf50061a89
19113,e2e97d4c-fc09-4dc3-b7cb-e32125ec5028
19114,f55b78b9-10e7-420b-88cc-64f1c5478890
19115,d42433dd-473e-436f-b59f-16d011733d5b
19116,85efa292-3488-4b70-91b9-94f3d2633d69
19117,27309c41-7ff7-4683-b67e-350b4583bdd3
19118,5e8c2ace-efe3-4510-a375-5a7dd65bff59
19119,71e6349f-d407-4280-9b5a-5917d8845a03
19120,84730903-8319-4b1c-9b3c-cd81ec30ad99
19121,fb577f1d-de81-4d53-9a40-433d5b7e1961
19122,7c880dc4-6d81-4276-8654-40175cd14131
19123,21a73150-40ef-4fb0-acff-f7f2ebef73f5
19124,dd9c6382-913c-4054-a402-50973c2e77a5
19125,6a76b492-309d-47cf-984a-cdffbad2ab7e
19126,83dd1795-c984-4890-857f-b2a960ee3d8f
19127,6a73f3c7-9a10-45bd-82e5-aa3e01c1d639
19128,58bd3feb-fc43-4b03-bdff-051c0a3f4329
19129,bb06bf1f-6b90-487b-88ff-ddb5f4b2c564
19130,b3378832-c6ba-42b2-b25d-94749b2efc04
19131,df1c66b7-1f84-40cd-a636-61f884aac431
19132,40330ca8-f856-41ff-b977-b0fa7241e088
19133,db711f94-4685-46e6-9927-81c6455d5051
19134,2d4e3472-bb26-4109-a27d-9f3af1b98804
19135,b2ff3b04-9c5f-4c14-8af5-e0314a943a38
19136,de224e51-063f-4d2c-b36b-f9155c9f5b12
19137,ab99c417-4fb0-46fe-9cce-d3296cbec4ff
19138,ec0ee133-7d6b-4ac3-8fd7-0dbce77db844
19139,0f8920f4-db29-4ca9-84fb-7e0ab719ab56
19140,c5ffb76f-5574-4269-b513-87cc3f6ccb90
19141,35294fb1-5ffe-44b6-abc3-37bc2e7bd648
19142,419f8a80-b7ba-4971-8591-fef2f657857a
19143,118b9bcb-586f-4ee2-b2d6-98446c6af65f
19144,b3587613-72ec-491a-811e-2d66ec74ee1e
19145,c6e38349-6ade-4006-8f16-422e7ac7bd0f
19146,2f268fd8-fe1e-4e0a-933d-225dd0a86158
19147,b18dfc14-6a38-48d0-b37d-9af0f18ccf1c
19148,3adc96bd-0c23-416e-b766-347ee11f899e
19149,fd4c1f3c-6df7-453f-8faa-c56465c036f2
19150,5af8dbae-adda-4523-be30-ef6cce3dfba6
19151,31504818-d5b3-44e1-9680-d0034a00984a
19152,b445333e-e5bb-46ae-948f-5b483d39bb5b
19153,5f444f09-2f7f-485a-934f-71eb46a79d33
19154,5859cfbb-b3a3-4368-9a11-b63a01592fdd
19155,36eccf68-927d-4eb9-96fd-4050da0135eb
19156,cbae0928-cd33-4d36-b10a-c554c7bace77
19157,42540515-4dbc-4561-97b0-d4b427480dda
19158,40199d05-8a63-410f-a803-983fe33d7482
19159,c353bab4-0708-4c38-8e2e-5d288f959d65
19160,a8739d89-15e6-4eb5-897c-bd45fc71600c
19161,783b11a7-4678-43e5-a001-4b1dd68403b7
19162,d74eb05f-a2dd-48b5-859e-079589e63fd8
19163,b3168bcf-e99a-420b-a9dc-85afd14a0897
19164,7c23fe1c-9220-4bbd-8004-4e0d5381a5ab
19165,07b176d3-82aa-4f89-b0e0-834a3d474323
19166,837fc59e-fb6b-4d25-b71e-b3fa60dfb504
19167,025682ef-0136-4834-9783-bec25cf1e4ca
19168,10e964dd-bea1-4faf-bedb-2a449c209a5f
19169,c1244ce4-0b10-4438-b639-52e16df96839
19170,fbfdf428-b3ce-435e-999d-4b752bd2ea8a
19171,edee7022-4f5d-480e-ae5c-c9938d14eb25
19172,98335afe-8ea6-49ae-82d0-bd05501fa99d
19173,f5f0970a-b7a6-473b-a673-aec7153a45a4
19174,54fddadc-ed52-440f-a404-4892023c8ac5
19175,06b86d62-2f41-4d1c-952b-30cfa877b887
19176,6df88606-0ae1-44f5-a61c-21e933b489e8
19177,f7e5e820-38ed-4d39-82c7-3261e32e42b1
19178,4a652114-de07-43ba-8254-25c3bf1a8e4b
19179,81910a16-4f16-45a3-bd85-5e96e56f7338
19180,a0b750d3-f8f6-46cb-b0c2-75e73c363cc8
19181,718125d4-902e-43fd-91c0-3aed4b2334b9
19182,6aa929d0-af9f-4f81-9b30-b4c84784a531
19183,821ef43e-5a49-4009-b34e-4edeea773737
19184,76b727dc-2700-4ae9-a9a9-c485bc0374b8
19185,15afcb16-45bf-4ddb-acef-2fc4c997a36f
19186,c33442e1-cb9c-4836-af5e-ced2e1b941b1
19187,9c97dd65-8d9d-4535-9f54-897b18212bd6
19188,bbf23258-3425-4081-a4d2-a4941722b11a
19189,615507f0-49e3-4a48-b4e6-582fa603296f
19190,5cf9b03c-bfdf-44f1-a2df-c397fd76759f
19191,f51c9171-6b6f-499b-9ade-c7290e5cf006
19192,86fb06f9-24bd-4324-9b98-c12ff3566311
19193,b03f60fb-f9a7-4380-b8c4-64c29bc104f0
19194,011b04e6-c7cc-4d53-8b8b-462fed67d3b6
19195,5dc2d41d-21b2-413b-8c4d-f04e2070661e
19196,6dfb8940-064b-4d39-a0c9-68067972728d
19197,8af55962-1b85-4899-a98c-ac689f554043
19198,f25c252e-1ac9-48ee-bee1-62294fcb1ff4
19199,a35ac4c0-fb76-47f0-83aa-8eee0261e38e
19200,670221bf-8018-4224-9dd1-45e464ab101c
19201,3be1f473-a7ba-4eb9-ad5d-e0cf136f42dd
19202,e945463d-19dc-4f79-bece-51b4e22d5155
19203,7584447f-8640-4cf0-a1d8-8b863e2fcef6
19204,cb45e034-9b98-494a-a3e3-4c9c07b0f94e
19205,aeb0205f-4c30-4acc-9085-d472a1f8f2ee
19206,4ff84a3d-0a08-424a-b003-f716ca5411e9
19207,be076d16-6ce5-47be-8a55-1c9a7ee9fd05
19208,008af0d8-b5e7-41eb-83dd-b21b1e3b7d86
19209,44e7159d-1646-404d-bea6-9246119bcc40
19210,35f08b4d-b4d1-4a7a-8fa9-598e118580e6
19211,7627a15e-44d3-4f8a-b552-53ffdb4db2fb
19212,0318971a-8f98-493e-950b-e2958aefe7fd
19213,bf902b96-0701-4912-b49d-34e684378c05
19214,e818e3bc-8ba1-42a4-bdd2-10194ed3c3a5
19215,04ef55f3-c9c4-4aa8-a25e-a0e5ebbeb783
19216,833a1ed3-7dd9-4ae9-a453-88bea5e898d0
19217,a8b816bc-4698-431c-a022-a55ea9f15a32
19218,32558f71-ece8-4c7c-a504-6cbfd16e3f5b
19219,57cb09d9-3014-408c-8847-f4889ae2b04a
19220,dab29df8-01a8-4752-ba6f-fb75ca81bccd
19221,aa4343c6-34c9-476a-a75f-0b6754e65247
19222,d644b09c-ff4a-4a99-8d51-51c1feaf5c0f
19223,3b999f36-3e58-40b8-8f87-4989d6ccde73
19224,f49a3b57-2a26-479d-877a-7d8f5382916a
19225,2277bff0-c263-41bb-bee6-6433b3cce3d4
19226,9c32dd3f-309d-4506-a510-468b30c9abdb
19227,0aee36a8-bce1-4c56-8759-750594ad4d65
19228,a9fbfea8-8124-40f2-847c-a1eff31cd7eb
19229,3128445b-7f87-484b-92e4-1ddd1843c762
19230,4dbd4b0a-1512-49e2-bc4e-213a159c7f09
19231,f9678399-1ef1-472c-b7fe-888465ff0b7e
19232,1ade45e0-1416-4aba-bb6d-84ed1c7eb323
19233,19ecc7e8-02d8-4a0c-b42f-fff571a531e6
19234,3469da5d-c190-49bc-bcf7-e979f60ba868
19235,763674fa-e9b9-45d5-80fd-3170f60b5be9
19236,59b04ec6-54ad-4238-a726-b0d0079eb234
19237,bac055cd-18df-443d-93f5-854be781b6ec
19238,5e4b80fe-a864-483d-82f9-667559a9bd03
19239,c3b3645d-81f4-493d-9219-8b919a236b47
19240,c98ec442-e08b-4943-baa8-6176f3c809d0
19241,02372571-3eec-4fe1-9bcf-6f37f72dfe2a
19242,c5b1ee45-6c58-425e-adfc-f89d728f4b4a
19243,742f3662-5e73-476c-92cf-a7196c652f45
19244,a26fba10-e507-4de2-84b8-d4204a1565f5
19245,5e43e09d-fb9e-4f77-902f-b370f437a762
19246,fd4e8687-7a54-459d-9ba3-1c30c4a1d957
19247,f497aa9d-af5e-4d06-8b65-5bd820d44d28
19248,2898c042-552a-48cc-b326-e2dab618ca54
19249,e5ff48ca-db8d-43c1-9171-c0c36bc88d8e
19250,83e84cdb-6d44-4e21-bb93-f5a9c34b5150
19251,0e90b9c3-9eb4-49c9-9a34-8659657844d8
19252,3291ddca-18f7-4860-a93c-10fc01125849
19253,843621ee-ff16-44c8-a786-fdbbdd8c331f
19254,d569cd1a-c294-4f29-b169-ce59bab91176
19255,b03515b1-1fc6-49a6-8820-5a198cd7290d
19256,a3874ec3-5c26-4ac0-bcf4-7b2619ceb3ce
19257,6cbc7a39-d180-4d8c-900c-8539ef361ccf
19258,a44709fb-6c14-443f-b0fe-cf64e3c2f146
19259,99b864cf-22c7-47dd-ae2e-4b2c88e4ca23
19260,8162a7a5-57df-4742-831a-058ef4ab0424
19261,d2567987-640e-4642-ab86-14b4da381241
19262,db45ba0c-e653-4287-8751-9b35c086fe15
19263,674edced-ae73-4ce9-a9f2-6755a93824f9
19264,8f089772-7d25-47de-882f-01cd31662444
19265,44f11b1b-cf5d-4bea-95b7-938f60627fed
19266,42fe7254-59be-4c59-8a9c-59d8ef0dc340
19267,fe186f2f-df76-48cd-9b28-cd8a2d51d2ed
19268,89f3d082-0b7a-4754-a345-2330d578bf78
19269,cddf016e-9026-409c-80d1-b0752e406507
19270,9ab68116-eb10-403e-8aec-1e8c604062e7
19271,82e35891-1c90-47ee-8693-4cf2f8f82a22
19272,bfd74848-d99c-46ac-8ada-be79fa06056c
19273,15489a6b-7c91-4124-8bbf-d21b4873f94f
19274,edd20d83-d969-4511-a6ab-ade57687a01b
19275,bd180673-13aa-4713-b7cb-8efd14948f32
19276,d387c310-8407-4893-ae84-0cf7a0f24cf1
19277,98bbc96a-2891-4fc5-a3c9-d80363de64c6
19278,7afd9d95-4de3-4001-af85-5abf06492fc1
19279,b30a9a1a-f3d0-4b3d-b778-117af5b2fed1
19280,abbad4ff-0841-45da-945f-4fb325914129
19281,50b54fb3-fda8-4c0e-a963-0613a587113e
19282,6c3b69c6-1f90-461a-b435-97080d6d0df0
19283,d6f8e9c5-918e-4fb8-971e-64d05cd331aa
19284,d2920c69-7628-44da-9dba-abc841d0aaf3
19285,cdae855e-1ce0-4ce3-b5ab-1e93ec502316
19286,67f39edd-7f6f-4f7a-9f1e-127c989dda8e
19287,5ed19e86-8d33-4dd5-bdca-e03ed7a0b49e
19288,2eac0a48-28d8-4568-9391-49953b8594db
19289,9f27f120-ec55-4223-a113-904b1fa3cce9
19290,29a8db5f-bf52-4593-9970-e337fdadc94a
19291,4218a510-a868-4a12-8da0-a9d6af717ce8
19292,390293e5-33f7-41c1-b724-e1b8364f68a5
19293,7fc8fa36-6a31-4430-a314-ce5d01be0917
19294,71c179f8-d66c-4224-9128-a238f3b6c9f8
19295,8542d5ee-f4af-425e-8c3d-b9e2d0838377
19296,4336141e-0043-4857-8c74-d36d88803fec
19297,efc43aeb-6d21-45d0-a16c-028329262a2a
19298,d11b4d15-efe0-4a63-9a74-b3d6e2069399
19299,1356f5db-64e3-4497-b8a1-01fbc53a2c14
19300,d20b1ded-fd3d-44fb-90ab-34fb9fd7a09a
19301,92ef45fb-8361-4e34-b5a2-118277f6daae
19302,ae7fa6c5-8b42-4beb-aa81-73bbee0c34de
19303,d8442d78-d99d-48ad-906b-a7fa3298373c
19304,a744f3f5-4430-438d-93af-c8dbf416911a
19305,cf7aedd5-be38-4923-bd39-fadb9d7d66a0
19306,61157a23-b64b-4ef8-a889-77c3e47f2daf
19307,5efaa254-bb19-4964-aefc-4a58db4259fe
19308,188d5c85-566f-4427-bfb9-8ac513db8435
19309,cfecbc03-0e67-405f-a7b8-a8017e7f3ac0
19310,270efcae-9351-4796-8d80-3f23f83be2c7
19311,03eefc4d-7c73-4755-a56a-4354ea5c486b
19312,2d8f8cb5-7e60-4f03-88f0-f56f9192cafd
19313,808b763b-f342-4833-b722-59081f252246
19314,cd3e904c-1ac0-4f56-9d4f-07f0142aad76
19315,7852076c-1f5c-459a-8eda-b6d380614211
19316,f4b9fee4-f56f-4b76-a3c7-4ba6330435b7
19317,6b19dfee-8005-455e-b440-9301a93addfc
19318,88042759-52fc-43f8-a22f-a9884b989fd5
19319,8b1375c4-79fe-462b-b6c5-aac067c028f3
19320,2229106c-7534-4166-ad86-703a2020e83c
19321,3a9f0ce3-a0b0-428a-a60f-02e1136dcf8b
19322,2ee44b4c-4da5-44b7-bbf6-093614d7031e
19323,368a007b-6678-43d2-b9cf-bef4f682ae5e
19324,ee0de3e4-1fd9-4c39-9278-a9a28956b0bd
19325,3f43ecd8-37f9-481f-8914-fe0217099349
19326,9f81558e-88b8-46ac-ba95-302b353bcfdd
19327,22001f49-2fad-4798-bff2-1180140489b0
19328,70084da3-cd1f-41f5-ab01-fd4d0ed1faf3
19329,c38a0a60-6143-4988-bfaf-f249a01fb73c
19330,fbf3d1e8-095a-4974-803b-f657a479bde0
19331,622f1a9d-f7a4-4acc-b864-40f2ccdf016e
19332,1c597ef4-00c9-455e-9a83-4d7567f645a6
19333,c172e66b-656b-45a1-97f2-56dd684734ee
19334,de09ab85-db3b-45d2-b08f-e2c6dc1857c4
19335,9b2ea9b4-24dc-4b52-807a-f8762ffd0a76
19336,92116f4e-d738-44c7-9be5-0139a0424aa0
19337,2eec833b-5344-41b0-abc5-86a14ed2244e
19338,b2075bfe-4c3e-4fb5-baa9-17624250e5f8
19339,ceb750aa-4c8a-450c-8c0c-8d86f194260b
19340,edec15da-6feb-4b3c-a01a-eb94a382bb71
19341,147da65d-4bc4-4e82-8bc3-71e617729ff6
19342,2b175247-3c57-4458-829e-720dc3be7191
19343,fd7f82dc-55f5-441c-aebf-243c4d8e236e
19344,3898539b-2f15-46f1-adbd-369845c1130d
19345,ea91bfa9-221d-401b-a1c5-b16be3236620
19346,700e3609-aa06-4c23-ab63-e4ea1806c002
19347,cdcb6c4f-c814-4766-9f5e-69eccc5c50a5
19348,9e317cce-aaf7-4bdd-b823-1f7b1df456a1
19349,65c75a35-3511-4d67-af07-4e0dd74b98b4
19350,374a50c8-e44d-49fd-90ab-c9771b983826
19351,e15c8705-17b9-4e62-b24f-92d46a95e4c6
19352,2ffb91c4-d3b5-4f55-8105-7d4974687d1f
19353,5a70f645-5fc3-4202-b3d7-b117cffd59bb
19354,992a7f49-7e30-406f-87d2-ae7e22d1b272
19355,10c507c1-0f2d-4bc1-9eb3-59c35b4b13c0
19356,f51b4d94-44df-469b-8daf-0b33628a1de9
19357,25a6db89-44f7-423d-a5ec-1d8f2311ab30
19358,45250d7e-7d5f-4e42-a839-6ab75b233895
19359,3011fc26-a475-4eb3-89be-aa66cf46b681
19360,9426393f-6fe6-4882-9f1f-99716b0a6405
19361,051ebe11-9331-44b0-bcd3-921e26eecc3f
19362,71f38ad6-57ef-4c94-9a0e-b86cc4cb9592
19363,a635df54-256d-4567-8d81-d554596af550
19364,8c86984b-8300-445e-8ffb-62fbd0f9286f
19365,56b5a0c7-6f2a-4621-96c5-5a095630d530
19366,d92f9598-dde6-4fd1-b5db-0eb8d811a16d
19367,75c48d7e-19c9-4cd7-a86e-207687815587
19368,b6a91346-9a36-4d6d-b7ac-f03427ac38cf
19369,af373e7c-7e6d-4660-8e51-aa79748212da
19370,8f1191eb-20ca-4010-b8ff-708f548959de
19371,40af5cb6-07a5-4fae-8596-51ca0e6ea595
19372,074d5c39-8954-4e40-a6fb-9adc2d26a25e
19373,67fdb5c2-a5b4-4be3-9e85-e6426dd94867
19374,31a8955a-d9cd-46fd-b4cd-dfd1de6dc4d3
19375,8da411aa-c6b0-4bfc-b6f6-7322dee5bcb3
19376,e25663d1-d25e-4a18-96c3-2b01f3be89bc
19377,c9c54e6a-6490-4d00-ba15-5df2e2e26484
19378,2415db70-b310-4558-b1d3-27223c1e914b
19379,feacd74f-4a0a-4c12-9979-47525573ff7f
19380,4ca2498e-7f3f-4c21-9744-60f12801c161
19381,e142879a-7976-45f7-aa20-b63762492962
19382,0ef104d0-6d83-4c5c-a429-3f432458fbc4
19383,518cfdd0-5dfd-4a62-820c-1b56ad7bbef9
19384,43ee99a6-628d-41bd-af57-1912b7160d51
19385,8f34f521-1384-4859-9391-1aef235bff36
19386,8cb8b087-b726-4ebc-b3c0-78844909fc6f
19387,62b919fe-638d-477e-9fd8-62b74975c2c9
19388,028d42b7-a07a-405d-91ed-64c32104343a
19389,92f23825-9970-435d-b6cb-70ebe2f1b226
19390,aa5c7ebd-abd3-40a9-bfb2-fee025da31a9
19391,16b3952a-3218-4025-a869-8352145ad677
19392,e737b3b7-add6-4afb-bc15-90c4e716303f
19393,e027a7e0-64f0-4352-9860-2988b4426b90
19394,358a71d4-dbbc-44ee-89f6-99c677fc10b8
19395,96f5c776-2337-458b-b42f-0249b92c7e07
19396,57a7d399-6c0e-4e8e-99ee-b33c28296aec
19397,d93a00ce-d530-4c20-92c8-8f8a4dd079f3
19398,64d14e19-de4f-47e5-8322-08dfcd756af6
19399,9aa6b43d-39ef-473f-8ccc-b651fe39941d
19400,4b2d1e38-5b2d-4a15-a6db-9a5369d5600c
19401,8f507ec2-e880-4b89-b07a-89b86363f56e
19402,0dfd1061-79f7-4a2e-8679-44483184d73b
19403,3a623c42-d85f-4e73-a78c-c9a133075fee
19404,489e7dbc-5134-47b6-8905-8c9e3b7ddf66
19405,1602d19b-3ed1-4fb1-8689-c0eac8f705f7
19406,d01c51b7-7a28-420e-a0a6-d969ea2d5f5d
19407,24ad55ba-fcbe-4563-a73f-29c72135d4e4
19408,97cb91ba-4874-4113-9d51-ec3d47b94735
19409,3c10a906-29ef-4538-a6f1-70469907c368
19410,632cd35b-0322-4f05-a45f-a7d3b6fbd5fe
19411,d1ddbd8d-aaed-4a62-a3a3-52d81b26ca45
19412,a4f151e5-53b2-42ba-8bab-4552b1868256
19413,8820220f-601e-45e7-b841-ac658be311a9
19414,04b8f6aa-c23c-4b3f-879b-5a5c0c073f07
19415,ef5eff22-83ba-4461-b1d6-9360d9657ac3
19416,2e1a2f75-fedb-4bd3-ae87-c8008ab697a3
19417,70b98420-ef78-4919-bc72-416c561f29cf
19418,3bae5f83-3985-417e-b2b5-ed37ff05fc16
19419,a6db1760-6e2a-4de1-b006-b4c664feb22a
19420,1f321a8f-4043-4a5a-8a30-7c86cc2058c3
19421,6bd4d06c-5df2-4457-a7f7-a772b3696799
19422,53c7c05b-5cf5-432e-b1d5-faec8b2427fc
19423,0a55c0b6-f885-4db3-ad83-12f0eadea927
19424,cfd0dab8-fed8-406a-9d4f-3222a1cacf89
19425,b11af056-a17e-435c-8326-5a76de69a31a
19426,fb427d66-4bcd-4146-9575-36cb9f15437c
19427,6e5fd7f6-43e7-4621-8fd8-7e788d5794ef
19428,ebba31f7-ae48-47b7-89ea-5d9289b1023e
19429,b6262d06-c505-438d-9c17-0fc4e61b3b75
19430,a3bddd41-98d9-4d84-87cd-c4c428ec727e
19431,6d789f0b-d8a6-4f92-bbcb-186663049276
19432,dedd587c-9bcb-44b4-acef-0cb5dea52db3
19433,d71f2c63-1e37-4cb0-893f-eab08c4146f3
19434,26e0f339-e173-477b-acc7-5762e3616b2a
19435,9944f941-f69d-48e3-b2e7-c69f77f31256
19436,089fe690-1e7a-45a0-a484-f23f66d5673a
19437,c65c4df0-db97-40fd-9c93-8507d12d5dee
19438,3ba847a4-886c-48ef-a27c-34d1cb013031
19439,49599723-b318-4491-8403-fc497a44f952
19440,bc0b8322-28bc-44bd-98d6-de5c016476b0
19441,c688707b-10c3-4c84-94f0-d060c99cc590
19442,8b6141e7-c896-4ca6-9fa1-703d054ff15c
19443,a86cdc6d-3341-4a9a-92c8-b9f201dd3514
19444,70b99cc9-052c-461e-bbd9-de084b4fff6d
19445,c4e59614-c7d2-4dd5-a7db-b9a59aca1ccb
19446,10ac456f-9f59-4d64-9216-0ffe17af1837
19447,00f762c1-99c7-4c8a-b7c3-3ff60710725a
19448,d555126f-4360-4dd5-a2a7-6abd6f365aad
19449,e480236b-2ecd-4d2c-8761-e6289d74fa71
19450,b1593133-d4ab-4c1c-8543-d508e0001428
19451,b3df2670-1e14-479b-82ea-004efc8e6581
19452,ffaf02fc-610b-4ee6-978b-163e5e8e0440
19453,c8f1fe19-e211-4ff3-a2db-3a90775b71bf
19454,2ece553a-d7cf-4d90-a78b-b7b533041082
19455,82010cf2-ecd5-4da4-8c00-cc554b9edc4d
19456,b2b11494-83da-486b-b356-59fc49671ce8
19457,a8d89ce2-91a9-4ec1-818f-1c69a253f7ce
19458,d80a7c40-e36f-4a1e-961a-7abeb737df35
19459,8b4c56d5-8e36-4ed1-8e75-2b88fff6d9dd
19460,6d57f85e-84b6-4b28-a3e4-953a208c0dcb
19461,e16a7033-2e26-48aa-9c43-4085867260db
19462,52f2900c-d013-44ff-ad8f-05564739801e
19463,9d5a7dd6-26db-4507-b89c-d96a4732db7d
19464,191665aa-da5c-40cd-bbd9-6dde6a35909e
19465,da817299-19bb-4ea0-b6ed-d75c46abcf7d
19466,d4f40a37-b030-4986-a48e-bceb980546a4
19467,eb0addf3-e6cb-41a6-b109-d4f7bcb53095
19468,36a577ac-3ad7-42e1-85b4-9a97f8e228a0
19469,b5386522-e8c1-42f0-9ecb-88c28a11e3da
19470,5b863a74-e1a8-469c-9112-f4eba7097497
19471,13442669-c37e-48b0-b9a3-a12946e4c4f5
19472,89863ef9-9125-4613-b728-2e0ff0573dee
19473,bb494e4e-ad41-4c36-9776-0ac4ef766562
19474,0bb51d1f-6ce7-4ee1-9dea-71dc6e4c7bfb
19475,d7d24ba4-3449-4cbb-818a-42a46e6e1700
19476,7b5ab02a-1ce1-4244-9c29-ac68e54e31b0
19477,afa98548-63be-42ea-bab4-cf9aa33e3345
19478,afa8d493-d26b-4d4c-bf71-8c2f449c4239
19479,1a79eb53-c9e9-410a-9d38-209e5e571de7
19480,982fecbc-8949-4d81-88cc-ddcf6b02da84
19481,e05e7275-9d8b-40b5-8738-68b2e2ec0e13
19482,6f68edce-6e79-427e-98be-60c65ce19795
19483,43861ca9-d043-474b-bf5f-e7ad85b0179a
19484,9c73817e-a6b9-4870-9a67-348bff635bb9
19485,dba03f52-25a3-41bb-95e5-d604e01005b7
19486,3fabbad7-72a5-4265-8124-9c881ebdbbbf
19487,61213f51-680b-4fd7-ad76-b7b10322dc00
19488,5b2cf3e5-538c-487a-8f2f-b271f44fd9b2
19489,faed1d8e-b930-4c20-bbf0-ad5446daa850
19490,3b50cec5-36c0-44a6-92be-c6022fd75298
19491,e10c3413-6b2b-4f99-9663-bc96f00424b4
19492,d69330ab-47a2-411e-85a8-b47651514ce7
19493,34c03dcb-4734-4013-b2a8-900b70559610
19494,2e903ba4-4a90-4450-9703-5289a03d22a6
19495,a3bc97c5-2400-45e6-a403-a585ef1b84b0
19496,508ac304-0137-4f22-b927-a8ebf502b393
19497,1f5862f0-ac4d-4490-8e74-78e671da9e91
19498,f3b0958d-553a-4858-a442-48cb67b2b05e
19499,b1a2f72c-78a5-4d23-bcae-79032d885021
19500,5e3b5d23-22f1-40d3-aefe-53334a55cd3c
19501,ec32a8f4-e124-48b7-b6bf-6f0f6909d857
19502,f600b372-4b6e-4c99-8449-1dd2d72487a3
19503,76091fd6-04b2-421a-bb04-3e00362c5b09
19504,58c03833-7a2f-4f09-a674-cda2362769ca
19505,75e2b07a-2f28-4861-b56f-a70d64cf5f2e
19506,64e3598c-f30f-460a-ac74-49172f5b6389
19507,77c26320-5609-4ad5-8a6c-8c6ea7e7d439
19508,aefdf74c-7c02-472d-9d46-aa688b1f7a4f
19509,db8845bf-14d0-405d-b08c-ceb91be75d4a
19510,38527b94-cc62-41de-b53e-98a2be1056f1
19511,557d5efb-a917-4eec-a097-036616013f6f
19512,89db5c7d-7d0e-4e99-a370-13a38c37d28c
19513,1d5ade96-f30b-4b88-93d1-6372d35223ef
19514,e7a05498-05a4-4af6-b08f-4c815b78b4e0
19515,6d62b9f6-c06f-48ff-a9de-3f1e7be3a9ea
19516,f95e1154-4e8c-4e92-965d-f1c33817f205
19517,c8182501-d039-4d29-873a-dff25e088adc
19518,5ef5350c-c59f-4157-8af7-405b168e37a9
19519,85f966a5-10d2-4eb9-bb6f-c8cea1208767
19520,c92b8939-f2bb-4e58-83ca-7eeee624aeed
19521,eaf8e707-2e77-4d4e-a847-80155c777ca6
19522,25bf02c6-9b4f-4d25-8266-6484fa797a84
19523,06e19ae1-4726-4941-9557-a387e1f9fe1e
19524,43ec6a2a-fdfa-4787-bb48-69d84a6a7a5c
19525,c4a058ed-dd37-4359-a9f9-00474019d010
19526,6be28d66-205c-4947-acd4-5994460dc4f2
19527,96d332a3-41a9-4c97-b531-6195fda1800a
19528,eed2d8f9-e74e-43bc-ac3c-918eaa5fa9d7
19529,17db59ef-ff85-412f-b6c1-eaee04762220
19530,ff086ec7-8047-4ae5-b932-9d9100b3ae7c
19531,aaad484b-d7ee-40b3-ad58-4ba3bb2036d9
19532,9d3e5ab0-612e-4fc8-9eca-34b446450304
19533,0c38edab-0153-497d-845a-e3855adf8fa1
19534,e9c16836-18be-4a11-a00f-c5e662231e90
19535,1fc46236-302a-43d7-ac13-1545e944d9ed
19536,b95b725e-8129-46af-a1ff-45291ce57b03
19537,aace3d32-e21f-4dd5-ac54-8fe53f3b12d7
19538,daafd0d8-3998-4ed5-ab64-648b1b0e45b1
19539,cdac0a2a-3e22-48bc-a6df-38c6d4e4b6d3
19540,16d89a8e-b82b-41ee-94b8-37c80a2176a9
19541,7c0c60cb-186c-456b-b3f8-e99640e84cdb
19542,3e9a68ab-3617-4396-92d9-5036ea8431c7
19543,b79d5620-dd6a-4a42-90db-99ad1101dcd1
19544,c1568c79-fe2f-4a60-a9b2-96badfec4f41
19545,62765735-c629-4652-b599-c73bdd527a9f
19546,2880e0aa-8fa1-4ac1-a168-04fa09e5a7d5
19547,71bba959-c171-4679-b59a-463825430556
19548,100caa05-e9ed-48d8-9974-eb02f248582e
19549,dd7686bf-07ee-4ce4-854d-24d2183567bb
19550,6fb5d53c-6aae-4fc0-b4b8-a8d87423afc6
19551,324af722-2350-434e-bf76-243a186c3763
19552,47c60e9f-9d4d-46c7-8683-8b212e98f44a
19553,3d310839-08bb-429e-b7f4-bad44b5a4c97
19554,eac70f3e-ae4b-4005-8b80-512314e2d151
19555,705ab2d6-3153-48da-84e7-5ce28b92144e
19556,474b7ad2-c695-4d8d-90e1-246fbe0cf03f
19557,1c82aa14-576a-49d7-8daa-3c54fd79052e
19558,773bae96-cdec-46b7-8430-799a9c456494
19559,e8be8522-ccfe-4b1c-9e98-2c544cdef900
19560,d4795dab-f4bb-406e-869f-a702674a36ff
19561,849292be-bed7-4d44-8073-7fc6f78a7c60
19562,e1b51a39-8ddb-475e-b66e-c95a23f47f87
19563,38935856-acf3-44c4-a2ae-1f32e97686ff
19564,8797732b-fa6f-481c-9f00-023934a32098
19565,348cac26-fd9c-4f59-bcd8-da42c0c02a09
19566,d477d30c-1a6a-401f-bb8e-34f0f16dc25d
19567,1627b818-502f-42a9-8698-0dcfea950f86
19568,a81d3066-d7ac-4988-8cec-98d348835161
19569,001c8abc-feae-4f88-bf0f-a1b2fdac9c6f
19570,0e3abfe6-3fc6-4f7e-b961-fd1d4d122fb3
19571,04607c4c-a863-42f9-9cf8-995c8e813ff7
19572,9772df95-1128-4cd3-b52d-a6d0b5bf773f
19573,96136b7d-f9f8-4390-8d26-a2fc7ac9e9a3
19574,19c2e8af-f36f-46ed-9726-2df3e04cc964
19575,2a23cec6-314c-4fad-bdd5-c44228a3b5e0
19576,24120595-8254-471d-800e-5ff77df58eab
19577,5c8e9179-b85e-4352-a7ce-439287ad8257
19578,381ec7d5-bca1-4982-b338-45ac31036b53
19579,cc7c2f17-332f-4d22-8f26-fa0ba5b0e841
19580,175f6ed1-b3cc-425e-b9b7-854fe10d6853
19581,e839a0aa-0387-42f4-94c8-60bd919e5fb1
19582,81e21d34-e263-485f-b6f8-c7c9fb49948d
19583,6529ea54-6bea-456b-8290-f916582bcc8c
19584,e16cabca-18b9-4114-88f5-ab50b9a64e31
19585,0e515b08-5da0-4200-9ae3-5516cfd544f4
19586,cfc4e19a-2fe2-41b6-b019-b28f006ef119
19587,624fcf83-408d-4244-a3a4-6e7961388453
19588,08e7032f-9d80-4fb1-90cc-ef245884ce96
19589,e2ad052f-6b40-49d8-8eaf-0b7f6d1d0c47
19590,4a2d9aff-94b6-40a6-b605-e6a1e4fd2b72
19591,26b56653-7b8f-4cfa-b6cd-298269bd0452
19592,489d5b25-04ad-4263-8bfa-0efddc1036f4
19593,dc648594-d262-41f0-9e5b-6b819b7b364d
19594,baff0580-6436-4fab-a199-277196ca2529
19595,9b222170-3214-4fd8-a12c-06b2bfd76ca4
19596,5f6f46ca-438b-468f-b936-203711c12ce2
19597,78c4f816-3656-46b1-aeff-190b8c05ab29
19598,9e2894fe-9737-4a5f-a07f-b31eb9002fa9
19599,1a07557b-a018-4876-8c23-3bca272c0044
19600,bb7ec9a8-1150-4ee1-b7ee-0dee32b81821
19601,642a023a-82da-48a6-b59d-bfb7d7d1a581
19602,ec7601a9-db71-4dec-903a-c45284dcc9ab
19603,f228f943-16b3-4d3a-b06e-a64d0bb6115d
19604,4ac0b109-649a-4038-a99b-842de1934b52
19605,2875255b-7188-436f-b082-6f069e7a9ecc
19606,fc77a1a2-7d17-4948-a2f1-183a2b7de52a
19607,269fa102-c39f-4913-86cf-06794a319f10
19608,f97f7d6c-efa4-4576-972d-e9a796642335
19609,1dca98b6-0750-4567-8f4a-86d60712dd51
19610,17239d40-00f2-4c04-8d70-1da35a12cafb
19611,c5566c3f-fc73-46fd-9bcf-bbd7c6aa8510
19612,1de79ba2-6247-4574-abef-b24567fb845f
19613,72313e17-f4f3-4cd6-ac3c-d261cbe045e4
19614,a8e27a22-f76a-40c2-ae1b-47c13753d92b
19615,94d0814b-ec23-4a42-a760-bb441a82ecb5
19616,6ec6a58f-c5c2-453e-a08e-501fc1583211
19617,f5564f50-9704-4c75-9c60-a1658da07aba
19618,7fb0c33e-0810-4d4f-bee6-f38b0408ad8a
19619,1fe10062-c288-463f-bb38-8b8631eb9736
19620,97ec7631-a034-48da-8d80-2c82e3ce0da2
19621,f129f3eb-c8e3-4c10-a73a-44f9544ba1e3
19622,1e434c8c-f6bb-4b6f-ba0d-9ff96e809ffb
19623,0cef57fb-0729-4e9b-a698-40e3e63100fe
19624,d3d3807b-1da8-42c8-a835-f5a2ca5e925e
19625,fe266503-3e5a-4ea4-b7fb-b759cf3782a3
19626,815490f3-5f36-4314-ae38-d882c2d37aa9
19627,cf6b2dc6-b553-455a-a7ac-5841b8d472c1
19628,117c6efb-ed63-42d6-8895-cfdd3a28700d
19629,05891c9a-b72a-455e-83f1-ccb54cb95e8e
19630,19093ea0-d878-49fc-a499-7fe8ca07355a
19631,f4a47558-2a7c-4f0e-8d0b-cf7e69400ba3
19632,cd3abcd8-43a7-4e62-af7b-410448729764
19633,964285cc-1973-44e5-a5f9-68ea71da2008
19634,d4ec96ee-0495-49b1-9cd0-01300ba22b6d
19635,32d9f314-125b-45e5-8766-97fdc1607259
19636,e92f223b-09e9-4da9-95b0-2182aa58346e
19637,e01fb3da-7346-40c6-8209-d24d697fcd52
19638,ae50f2d1-7bc7-4cbe-ab84-f82a23f88e83
19639,be37472f-a8b3-4cb2-9392-52553f4a568c
19640,0b7ff541-ba17-48d0-bb5c-4d8f27a42e47
19641,ffb4f113-583e-4644-baec-9d0b566f71a4
19642,18d9d656-8be8-4f13-8974-f43f26ab887a
19643,77759dc6-497c-4e06-bf40-9385a8e717eb
19644,0d865a7a-b3bb-417f-907b-8f6a122872dc
19645,369a2c58-84b9-4af5-808f-8842c836f311
19646,14396083-9ee9-48ef-8393-645c973bc196
19647,b1c2084e-19b4-46a4-8017-003f2ab13bc3
19648,8d69206d-818a-4617-bcc9-5f91e8c3340c
19649,b3961b24-6543-4606-bfcf-b75790afbe17
19650,80090acd-ee9d-4bd0-a6a4-be8959176308
19651,9908033a-cc94-49ec-bc30-7e3e509b6590
19652,93fc90a1-d0f3-48db-a064-0147d1e04199
19653,9e008080-f036-400d-9fa0-d4ddbb2440c7
19654,4ceb1cd7-7298-49b3-bdc3-01fb372c9fb4
19655,8e871982-96ad-48ee-8caf-ede1d67122ef
19656,b21ae986-9a4b-48c3-8071-4c9bb5fc6bd6
19657,7822dae4-67f1-4c79-a310-7d0baa844991
19658,170ff4f0-9933-4550-9ee0-d43c7a3471a6
19659,5c869ee5-b354-4937-ace7-ff3f460f5111
19660,0350139e-ec32-498e-b6c1-942a0b6b87a3
19661,659bc2fa-7da6-4cb9-ab3a-ffe6e31941d3
19662,df87a7d5-72a2-493d-9504-e24b4ef5e87d
19663,f68f1d44-1f51-4b71-a0fa-affa452cd9b7
19664,c39ba424-8290-4424-931d-93b98ce53fe3
19665,f13df194-b5c0-45aa-9e12-84f8d5921239
19666,7fa40077-c958-4a7a-85f4-bb8831a63bc2
19667,01f9b7eb-84b9-4512-ae0d-07274c3c647b
19668,2003b5fb-a504-4871-8006-46eb8854365a
19669,6a0086d6-f3b5-4b95-87d1-557111f0976f
19670,2ea8a091-a9ad-424e-b952-61d40297fbd4
19671,77dff079-54e7-4da8-967a-9558598addad
19672,50e7e6f4-840d-4348-aac4-0eee9c3b7f0b
19673,057c9cf6-7ce2-4d82-9dcd-7fb2e3a77e0f
19674,ecdadafa-3fb4-4d08-828f-f526a941fcc3
19675,2f5a4e38-0051-40b4-9619-1be86b620330
19676,25624977-7e9b-4ea6-a284-616b0def2e24
19677,c8cf91a8-3bbe-4de5-b107-23c489a025c9
19678,5ea0ff0a-357f-4d0e-87a4-fbbb06615953
19679,a32cfb44-0a97-4e55-9cd4-bf2581f10adc
19680,4440694d-b50b-4897-b2db-4c8e94c40540
19681,162b6f1e-2273-4473-a742-515a905f889f
19682,ec1c664e-0050-4ca0-ba71-2342e4cfc3ed
19683,b2b7f382-f370-4565-b631-110840f27549
19684,d344cee5-293c-4863-89f5-029f52b17587
19685,feaff3cd-cfc3-4aa5-ac66-329b97c4266a
19686,8ffe0b73-9157-4974-8b6b-eb68c2ed7b16
19687,325ce393-07f8-4a2a-a272-eb02b976775d
19688,4e895bd6-e001-4960-8f0b-3a1953eb0218
19689,c579d71d-7ea8-4bbe-bf59-9a13d0c3adf6
19690,cad4757d-1da4-4b8c-b89b-0ed16878247b
19691,9fcb929b-7251-4339-92b0-a713d0a33b6b
19692,97dd6db6-1e89-4f0a-907e-f92b0c00b7ce
19693,29c91c95-b0c5-4142-af1c-f08c603fa921
19694,79cec4dd-f233-46de-b617-603c6930c940
19695,192e8ac0-ecc1-4233-b6f2-9a8266d7dc06
19696,de6ded4d-772c-4417-b337-9d6a743d752a
19697,5590cf0d-4210-447e-b813-ed53d3f88a99
19698,c59cdaa9-af72-427c-832e-268cf973088c
19699,7d319991-eed9-4d57-b9a1-bb69937e4374
19700,066b6238-2648-40a8-ba20-49a51bc71728
19701,08cb534b-2d54-4326-8fb4-a6a154201010
19702,d762bf0e-f8c1-4667-9d3a-90428255d12c
19703,f6fbcf12-31b6-473b-8c4e-5661a0b2b5c2
19704,5ca78bfe-f954-4eb5-954d-69ed3be4c4b4
19705,bea90dfe-7c4e-442d-99f8-db5533e72bed
19706,e64304ca-131b-4c95-9dc5-aceee65b32d6
19707,bd2dd8b3-1603-4e73-ae0c-2dfe9ecf69c3
19708,0ee028d5-1c2f-4750-81ae-f5362223cf1e
19709,eec0f436-52f5-408a-a8a6-f90a2849d307
19710,1136628a-9ae6-4c04-b381-3f4ab06a2e3d
19711,6facb8ee-71e1-405b-a301-72cd9edc7fd1
19712,d0336f0b-7ea6-4e82-a028-a6cb43bca131
19713,62940586-86c4-4596-b35d-719c459b9431
19714,e45c5e1b-2a41-4ebd-8009-d27aa01f307b
19715,e83e7304-a740-40ba-91bd-11c7e2f2ea11
19716,8021f0d7-5eaf-445c-95b6-3edb6c2513fc
19717,4f0a0e45-0d51-4125-b07f-202db180bd49
19718,7e5bfef0-2e2d-4fc5-9ef0-2fa4a2e9d9b5
19719,f62b94d8-a297-49b0-98fc-a1a83d235f16
19720,e17b1ce2-2a85-42ea-88b4-80e8a688e1e8
19721,20cb2bb8-a2a7-46b6-a00e-9025568066bf
19722,65c39753-7e36-4ce4-b098-3deb43c5c948
19723,1b0a8f40-21f4-41ac-8e75-54760efe6da9
19724,7458d5db-2cdc-423a-8db6-745516c8e7b0
19725,83e11c6c-d205-46a8-9fa6-24891c00e5bf
19726,308522a3-a3ac-462f-ae2a-67272f59be6f
19727,fb75b82c-be9f-4d90-9845-c1fe1809bebb
19728,0f774af2-8e5e-4449-b8b7-9e253899f1b5
19729,b18e3698-2460-4ad9-b0ab-eb820f50f44f
19730,1d928a51-5a0b-4d0e-8808-c521372f3aef
19731,a20c64c3-7577-44a3-8530-dc094276dc3e
19732,dc7e6584-84c0-4f91-ac1e-ad46aaa633f2
19733,1815671b-d26e-4d0b-b9c9-98463bb48e31
19734,2c121ec2-4f09-4949-9665-33f1e7347fd7
19735,6a95fcf8-e3ad-4d69-abb3-1a6b41e78de5
19736,889ab332-b8e5-4f78-ab0b-7b33de596430
19737,a0c0d9e9-56d9-4422-8a56-e77501d054e8
19738,3d6c4432-c155-4219-9386-5bac73c4b610
19739,29a5b32b-3bed-42e8-a6d0-6ddd4aaa7ab8
19740,50096a3a-3227-4dc0-a6ab-e439080d1e46
19741,59003444-1c25-4398-bfac-7d1be207ba01
19742,da9a2393-b03c-419a-a67a-c7aee859e6f0
19743,19e25cdc-b920-475e-b43f-e72d7c6fae20
19744,68347ddc-a76b-402b-9f84-b05265d0f1ed
19745,fd6400ed-490a-46e2-8cc9-b820e741f96f
19746,82447b62-2fb1-49ee-8f5e-d2706475c30c
19747,393ddc98-e804-4450-9c2b-759f88e32c4f
19748,6afd4065-976e-4cb3-b2a8-fe832192505d
19749,28150cda-82ab-4ffd-b333-56dec70c75de
19750,32ad9552-a3fe-4b42-9b18-2b176b78a18b
19751,d700d64f-6b03-4f95-b9e3-9ba2e31abbe1
19752,e184be7c-4780-4e78-9e09-a7d44f2732b4
19753,1445a2d0-97ae-466f-876d-b7325e670cab
19754,67a42e84-8e4e-4d7e-9b60-c7759b2d50ac
19755,0c7d8fb0-1df6-4483-96fd-b3c9dddb6674
19756,28d48f94-bb62-4407-9b75-23b928f69110
19757,f10d7851-5755-4967-b747-8aca9b49d5f2
19758,9cefb6a0-3f85-4751-99eb-e56043aefb27
19759,2170f857-672d-4711-a46c-b8cfcbf6115d
19760,7271e2c4-7f2d-4ab8-9201-6ddf78149e57
19761,6fff5df2-fd07-42cb-a0df-600ebf0247c4
19762,25de46f5-2dd9-4eca-9ced-93bf50d83120
19763,8b056792-b06b-4309-93d9-ff8c4678f6d9
19764,8c8d2ec3-8ba8-49b9-9ba6-b48390f7899e
19765,6f988ea6-3e11-4edb-8dab-4ed0f1fe3032
19766,6f3c0e40-badd-40ef-96a9-1f5df0c5f7a8
19767,2a4eeffa-a8c7-40a6-a0d3-2f0a185e052f
19768,92276e2b-1422-4b38-b07b-99a1e89307cd
19769,83b83772-9acd-4216-b63c-a548e3cc673c
19770,fc889bf0-5422-4c66-b417-4aa2931f0b61
19771,a6140488-6ff9-436c-b37c-560d7b975d4a
19772,248b9f58-6bb0-4221-bf14-852d068a1954
19773,afab5dd3-a53c-44e8-9e90-b9b2b4ead391
19774,c2d9f0b0-8059-4d82-8bed-c0e3307128ca
19775,70150c2f-273f-4b73-af3d-000b98e780e9
19776,0586d5f2-cb74-460b-a91c-efdcf32979a8
19777,8fce77ea-9e4d-4e3e-8f9c-9812a4c371bc
19778,8245707a-1852-4ad6-93d2-e6e7c7e97298
19779,32ff8a42-cb57-4fc2-8baa-0979ecb25472
19780,a395c08e-766a-40c4-94df-232df3064ef1
19781,d6b6c857-ac5d-44ab-a1a6-9afbd5075cda
19782,ae034f60-dbf7-4580-997d-227da7774263
19783,8bc375ba-bb08-4d7d-b049-77255b413865
19784,2230f68a-1c83-4bef-89db-594ecd53c19a
19785,21029191-40f9-447f-adb4-a4b347e7a9b7
19786,61afc6a8-3ec1-4f0f-9d6d-d257122945d4
19787,82e7d70e-073d-4069-bc20-47667d73484a
19788,0a25058c-91df-4dd7-a0e6-3b3fb40ec053
19789,d51800f6-2c43-416d-bdce-2c3411b425b5
19790,5f5bb44b-ef64-4520-a143-2f107f3f5536
19791,92ce80d3-5ad3-46ef-ac4f-a10ea1e176ee
19792,bc01fcb4-a0b4-496d-a4d0-d1260d8cc99b
19793,8f1d258a-04f5-4f9e-ace8-36391c5a1a21
19794,d6e67b70-0cc5-46ee-b8ae-4943a2c9e650
19795,539779c5-268a-41c1-9093-557becd844ff
19796,bcfce2da-7fd8-45f1-9ab9-48c0b094a7d3
19797,456e0903-202e-44f4-93e1-4a3370fdebaf
19798,7e5df763-badf-42de-a422-e33e9b0a4d1d
19799,12af9563-22aa-481f-8192-6fe1d3dbfda2
19800,2f56bd72-cb0c-4bca-98e5-51abcd5316fe
19801,aa46b8b7-f935-4c78-9cec-d6b7e64c7d3b
19802,c7db7bcd-ef4b-4328-9908-7f9773598a5a
19803,0c2f44dc-91df-476c-99a8-15fc986bea64
19804,b5977b8f-3ebb-4174-86b9-2f12d64d3332
19805,c601ff77-f444-4e1c-b35c-a5acbc5573d7
19806,91de45d3-f2a3-4c20-944a-f9a1ced5299d
19807,36beb106-cbfe-4529-93d4-cd57c728ef8d
19808,8d7a1370-d42e-4684-8574-13e869c18c53
19809,5b347aaf-7782-476f-9afa-5668ed9c6175
19810,efadeb7e-334f-443a-972b-9d936ca3454d
19811,36b0929b-315e-487b-a37f-4af69e2546fb
19812,d7e5e50d-6cf1-4b12-b9ce-4592842b4bb7
19813,9bc79cf0-8402-433e-8730-d8a557d262a2
19814,bdc23e7e-4b18-4094-af38-b195d7cd691d
19815,afd7152e-eb86-49af-8a34-d61800e63de0
19816,a1d08722-3602-4c42-8969-d787f3606efa
19817,6f6ea831-ed49-4a67-a228-2113ee62903c
19818,9696e751-b435-4375-89ff-a1bfa24c418b
19819,08a4467f-504f-4100-9236-d4d1e12b7822
19820,4066144e-1fba-4b11-a323-4c87d6f74873
19821,6d7c9fc9-083a-4e94-9f3d-e9794e7d1933
19822,e0e3398f-a4b1-4555-8714-d65a3db71bd1
19823,0ae53cbc-78c6-499c-88d6-b12866f438f0
19824,6d3784be-2908-4bca-8b6e-604bb9b8a41c
19825,1fefbb27-0072-4f61-881b-886866263ebc
19826,26c7f765-5ac5-4d27-8fa6-00816662ad09
19827,eaf934e5-1b22-4e87-b241-1f28bf1d1d41
19828,f9620ede-2927-4f39-ab03-e069f60048bb
19829,c6308fbe-ba50-443b-bc4a-1d08a930857d
19830,d0d26925-65db-4158-98fb-99ebc641276a
19831,61655d8f-1828-4ed6-aabd-801c3b9df202
19832,b84fa7ef-17c5-4fa7-8c89-ba52a2256111
19833,9ce75402-5480-44ed-ac64-e8d669b25fbb
19834,151bb494-3f8d-4d4a-a2f8-360ffc39a091
19835,78c92f17-57af-48e4-bff7-ea94be24d0cb
19836,2e819e46-7b1a-4923-bba7-a435c8ff8861
19837,d9ab623f-d1fb-4451-97fb-1451e86f57b9
19838,9bbfae0e-5fc7-4dcb-bce1-f25de9f455d0
19839,d0838c7d-45e3-4a3d-98bf-a089a01bc1fe
19840,8a384feb-7a4b-4c8d-8403-24c35eb66018
19841,a8190558-6bdc-4728-a0c1-863aa0d491a0
19842,935b3c1b-7266-4ec6-998b-1fbf7b5ed9d0
19843,868f01bd-ecd2-4a1b-8f1c-b8afb38452d6
19844,18fd8c84-2cd3-4d20-a0fe-18e766bd2645
19845,0160d664-49d6-4e1c-b6ea-aee67547566b
19846,f5cc94a4-d3ea-4232-91e2-31bbf8c5321a
19847,bce50909-96cc-479b-a6d6-ed5f1fb3ffad
19848,f6b43794-40ee-4d5e-adf6-9a2a092a632f
19849,f566c7e9-65ef-4dbb-b170-40d795c81d05
19850,c2f377cc-095d-4468-9d5b-2bb71c255643
19851,c044ccb5-3633-490a-9f09-d4c6d37c3565
19852,05456edd-360a-4d77-aa09-5c393d2141f0
19853,3107d248-a807-44c3-89a5-6f36bb8a9679
19854,f6267704-1210-4a9a-8bff-30148c6722a7
19855,8edd6b9e-48ed-4b81-800d-5fa8406801d0
19856,8bd4cf41-4824-4290-a0a0-bbcf742c8285
19857,bdce6d54-e4e9-461f-9e72-0787efb7f599
19858,f86f502b-bd5e-4d5c-80a6-b805ddbb87b8
19859,25a92d27-5747-4f76-81b8-d1b75ab0bb7e
19860,6810b59f-da4b-4547-8e73-61ed2e31b9e4
19861,fa04e1bf-2c75-4ed5-8a10-bcbd98527e16
19862,c755107b-0bd2-48a0-a889-8ffae44a915b
19863,1d52d86d-4c3b-4d15-bfc4-dfa51b4541e1
19864,575ed8e8-67ac-48f7-a0ae-b0a6b86ada93
19865,0dc85885-f883-4512-9953-55ac124a498f
19866,d5c4122f-dd0c-46c7-94bd-f17c7d7aaabd
19867,72dbb8a7-3e92-4b83-84c2-576d774af908
19868,798f44de-cfa6-4282-88b1-0a6b9ad05389
19869,d558f7a0-accf-4bd3-ae68-6fff77217874
19870,bc4bec35-91d0-4c45-8d76-3f309bb7ed8c
19871,88d0036c-a9ab-496d-b486-a18b152e437f
19872,cc02c27e-a90c-476e-9dfd-fa1794b59611
19873,6903e8a1-7e2b-4f3c-9614-ca507f4deda3
19874,95eba15e-cd2b-479f-b7ba-e352e68edcda
19875,e68ebd99-43a6-401c-a56a-733a26fd3775
19876,fd29b23d-572f-429b-a464-d56f5acd2b0b
19877,bd6a661f-ce6d-4c0b-af2f-14b3316075be
19878,ab7b3083-1ecd-4609-9949-1a8c2c1aa1a1
19879,95008918-3f95-4a7b-9499-500c7567a281
19880,4e24f14f-4d68-44eb-a6b5-87138a7773bb
19881,06743e85-6893-41f5-850a-63fe06f38632
19882,41e6a717-7aee-41ab-95f2-0e2185e8962f
19883,622a252b-94dd-48c9-96f6-21bcd107dd97
19884,1f4725ba-dc38-4954-9456-5f2a59a4dd12
19885,a70abfe1-769d-47f3-8633-8c143a2ed8f6
19886,d8da4587-9b72-4ba2-8d05-952a8526895a
19887,1f6d3b86-ff1f-4985-916a-c101d0a32216
19888,57503f59-94f4-45b7-b512-47c955de2580
19889,2864825e-b0d0-47ef-9b3b-0feed8142d79
19890,880964d6-6fb1-4dcd-9c1d-613e4becbb23
19891,ddfe7fad-7e07-44f7-8ec4-64829451703f
19892,e907c7c6-df72-4d41-98ff-a2d6895d77ea
19893,cb22b012-4e9c-4ad0-8859-dacbe80b3f1b
19894,67f739d9-f901-4eee-827e-cdadcf730798
19895,edf62f2e-ed61-43da-b49a-7887783c0f3e
19896,d3f9bb95-d54f-4df6-a0ab-e65beedaa9fb
19897,dadf9b8b-349b-4a87-b60e-3ab41f659d54
19898,006b95bc-4014-41f0-8b32-e3028a0fb3bc
19899,2b2b9d99-9cca-44fa-a483-2f880dfbb64c
19900,7ce7e6ed-e2b5-450b-bde8-eea61fba9044
19901,53a0505e-a254-4ac4-8144-0a72fffc6662
19902,51958ebe-2b04-47d4-8653-eeb3fe1de7f5
19903,ea6b6a15-0d7a-4b70-ade0-b1daff06124f
19904,b23e6e0f-cd2f-4e3e-b150-17ed17b2fa19
19905,fb820de5-f006-47dc-981d-5aa4694d3a48
19906,19ae19a9-16a7-4fc3-8d89-90f775f9c1ec
19907,e7eeb1c0-5330-487c-9f27-6d6ef3220973
19908,387c16e4-4e8d-4c35-a5df-376bbeec053a
19909,32220b85-db73-4023-8c33-720d2fa63e86
19910,947c16bb-a5da-4ba8-9e76-5a6e3e51d732
19911,0af62755-0020-42c8-8633-c02665a48de2
19912,4accbe5f-fedc-45c9-80e7-70529d197ee6
19913,20c228ab-5cd2-47f3-b239-ba21bef21ad1
19914,6e28eef8-cdb2-4e0c-b3a1-8251e8905d5c
19915,01652654-360a-4cca-9aab-9e4a270ee8a1
19916,d35bbdf1-654d-455b-89f1-25be20fa5116
19917,3a037353-6a85-4507-83ce-2e5142246765
19918,cece2a46-c54d-4773-bd30-e9bf9d36e0c1
19919,26d1d92e-56bd-405b-bec3-ab1eafbb4c73
19920,8347018e-7b40-4a1d-8976-9af9db607d79
19921,bb03804d-2806-4750-be61-69b5fca4a6b7
19922,546c9c7f-0b36-40ff-af3f-c6ece0ab97eb
19923,70cc0aaa-64ac-43ca-aa60-fb1b6df3c463
19924,445b1182-187a-4119-b1c1-75452884f5bc
19925,ba8986d7-aaf9-4f1b-862d-ca4d05b91144
19926,7ef6af4b-2b3e-499e-b0f0-fe1b2a3076df
19927,eb15ae96-b48b-41a1-87ac-e880e42123ab
19928,22098c8e-2962-4533-9501-f85c912cefa8
19929,3fb1356f-e3ff-4717-8dcf-7c020fea9a1e
19930,fa2d9e8f-5d01-4c7f-9543-1756010f3c48
19931,9292f27b-1cc4-423e-b9dc-5da48a8e101b
19932,c2687dc1-1702-4758-ac16-ed504ff2ea3a
19933,7cde48c8-858a-4ca6-b077-5caf440c9973
19934,d8429d23-9a96-42fd-98de-127fa74ae335
19935,0bb4f471-5273-4990-bc2b-a9b931d87e06
19936,68c503f3-d33c-4869-a163-1405cba92b55
19937,3aecc83b-feb0-4083-b628-cd807af32538
19938,a44928c2-4685-4298-8ec5-e18a5fa15eee
19939,5bf8c0d8-8e8f-42fd-b416-4a0c926a6a38
19940,e9e912f4-11a0-4aa4-9fb4-d233cbfe2a0f
19941,ad7b2add-e171-44d8-be69-b3f2284b9512
19942,a046c106-13df-4ecc-bc38-64dec93c22d7
19943,87949ec7-79fe-4504-a2c8-88c02481cac1
19944,f8c933e8-68ab-496d-964e-1ddd98881fa7
19945,01610e86-6d25-4dbd-b5f2-0a3d3c748b99
19946,80a7a2cf-13a6-4666-8a40-68b33ee91850
19947,c8e78d3b-0422-4231-85b3-eb70b282c247
19948,94b06db1-9567-4f8c-b4bb-a9ba369252c6
19949,952302b8-9842-47f0-9713-b1ee042bfd13
19950,9ea6ffaf-0426-44d3-ab2e-3b26fbb4661e
19951,6ce06cdd-1dab-489c-b888-b12ac2103674
19952,e1183905-22bf-469a-827e-5a43acac6e3a
19953,53407cf7-06cd-40b6-9257-21676654cfb2
19954,b466800d-fd94-402c-8161-2a5bc5c316c4
19955,3e06bd5d-37f2-461f-a391-71f3dee8b883
19956,79079098-59d8-44b3-bb9f-79f1e9f30144
19957,640e47cd-d6ad-4889-bbe1-0f506770aff9
19958,a177220c-491c-4179-9bc5-42a0dae06758
19959,14977ef8-e0a7-4995-ac0d-271b6e9b21ab
19960,3360b8c4-efe0-438a-9b2b-692e07b0e581
19961,d16c9baa-7cf4-4dde-8df2-298fcb0cc4b6
19962,adcae9e5-122d-431c-a6ea-6e332c0866b8
19963,b7d31c13-69e6-434f-a582-4dcd94844bcf
19964,f2fb298f-dc30-4206-a965-a143645925a1
19965,339028fc-e034-4bef-ad16-ebbb5b099ffd
19966,3fef1cdf-2847-4f7c-bb4b-38338521db76
19967,024b5862-dd8f-4c40-a2c2-91c95053d059
19968,dcc32257-6c09-4dc0-ac85-2472f36a4c88
19969,2b30ccda-3625-445e-aa03-8227de3082fc
19970,3124da7e-b322-480a-bb92-976772d241e3
19971,60b5fffd-56d1-4da0-9d09-f4dec9b35f6d
19972,edf3a072-a7bf-47d5-a824-6038fefb41bc
19973,1be29209-ac93-4843-bb66-a76c7a83432d
19974,3781dee3-7939-46cb-b2c0-574870c99fa0
19975,3b70b8c5-aaa0-496b-b947-b36f01406b45
19976,cb8952cc-b367-4bdc-b70d-bb9abe187a52
19977,846d3435-d042-4f99-8b24-b15aa753e044
19978,93942185-2bfe-418f-92dc-a49ecc0865b2
19979,0d8a6b17-a76c-4595-9362-a389a099d9f8
19980,2dae726a-0a77-4c94-acf4-f9fa25f36fcf
19981,64bf6c02-0965-4e52-b850-d8e25f585bf5
19982,a425a176-8912-4c49-9a57-665121cfe916
19983,eec92e77-51db-4f88-85c7-bf64933bc6c1
19984,a12d09c3-5701-4c37-822d-7a54fc8e39f8
19985,07e0c4ce-80af-41f8-b90d-d7c5407860cb
19986,15be4ed6-0920-430c-9556-c50496247493
19987,d3ea0f93-f59f-4f34-b116-f6c7899e675a
19988,2769f865-dd8e-4463-afaf-48a4bb88a62d
19989,32448bf5-e305-448e-ad9c-3adc28a3e15a
19990,c4b22afc-9eef-4750-b336-f1027de3aee0
19991,a311e267-74d6-4b4d-af14-37a6bbe1c7ae
19992,1808c565-78f4-43ba-9cd4-e72a0bc01375
19993,bd4a0d41-76ac-4475-a01c-b19bd3db6e3e
19994,24618d55-a5f3-406f-8843-1df4ee422857
19995,29ce6c5d-e922-4b6a-9b2d-d323b926d66e
19996,df7d3f02-d243-4a6f-be6c-6044edc51cd8
19997,c58da5c8-6c98-4132-b4a5-c052cb12ac19
19998,448d0e54-75ac-40fd-87f7-0e425da81763
19999,52e047e6-37a9-4fcb-abbd-f5c24a25a8a6
20000,c8ded9bf-32f2-4a9a-b193-47eebba2f17e
20001,0758b86b-f578-4077-b442-b9b5c57b5648
20002,1d651b9a-4c64-4a9d-903a-dc3524821d50
20003,752ebdc1-ba44-47ce-9fdf-38b1e70292ad
20004,664fb9b8-1749-4677-96db-c2254a1376fd
20005,43414ddb-a1a3-486f-b1f8-01932c1e62b6
20006,ab6ebcef-1594-48a3-b7cd-ab65106ce3d9
20007,6efd2ba2-765e-46dd-9073-a6b658140608
20008,9eeb12fe-325c-4aeb-ba16-43d852be4ab0
20009,80138c45-fe83-4b1e-b175-79e2a7602efe
20010,58f59185-18a0-414e-88d3-0373ee444671
20011,d47314c1-2ea8-4ed6-9fde-21b994d1af65
20012,59b85013-e2e4-4795-aadd-20fa73bd7ce7
20013,bf4283c7-e3fd-4c22-9874-bfc6678ba528
20014,691492cf-d444-44ed-83bb-9d8d07436899
20015,81f3c31a-fc20-430a-b983-3f35aa1e3fb3
20016,8a17de29-b372-491a-8af5-5c8a8eca83ac
20017,017c1742-57a8-4050-9c74-7074b714b849
20018,8a2c6cc1-9704-481c-a9b1-223bb2d8e86b
20019,36af5ae0-8482-44a6-b194-94eccf6f3d62
20020,c24d9425-412a-4332-8f50-86a9bc7d2b48
20021,95295191-33a3-4dd1-b370-f01327d88356
20022,5bcb2888-3ed3-4a7d-87b1-777c405fe87b
20023,77647580-399d-400c-8b20-8f4f6af270cd
20024,d7e6feee-d08e-44f0-a01a-317e07b96cf6
20025,31232a55-dfef-496b-96fc-8ec7f5edd599
20026,9e1cacb8-3969-433f-991b-c11b8756e1f4
20027,d1ea634f-03b3-40cc-a720-dd0c2e836d86
20028,388f9c12-39f5-42b3-b2c8-6a86c5e93120
20029,91125197-cd98-4dfc-a922-282eb1fff5d8
20030,d174a00c-e5d9-4e5c-bcc6-22420806ab5a
20031,d13fd455-da1d-4e46-a720-476995e5eb17
20032,ac04ccf9-828c-4042-af03-159186f18b07
20033,4c74973f-2e80-4d4b-9789-7579a78e0e1f
20034,01788eed-e171-426b-a23b-61d0087efdfd
20035,dabe4615-4ccb-42be-bbd9-fcddc16f20ff
20036,aef9321f-27b9-4d9b-9e27-9fb64d7b32be
20037,49a015da-3b8c-4df0-bdf9-fadbd17237b6
20038,7d4101df-66fb-4738-a738-84d2e2ab9fb5
20039,a7aac84e-ec96-45f5-a738-b281ebfe5dfb
20040,3f369b90-893a-4115-90e8-60e4a01eb526
20041,e8e9cebc-8ec3-452f-a431-7a1523b9ee72
20042,a2d89b7a-845a-4fb7-97bf-da45664cd398
20043,1d49c683-1e04-4d27-812c-2484ba427e5b
20044,93ce96fc-a3be-4098-a736-6ff8f739d3a3
20045,0f54ff9f-2277-4526-b20d-3c7cddb868c2
20046,c491fbd7-7b55-4c40-b85d-403f680fe00c
20047,c5e18cff-9b14-4b8f-911a-f77dd6a38961
20048,20673566-0e85-4c7e-a8f6-c518d68c91fd
20049,54f45c1d-37f1-4bfc-8f44-2c21c930d588
20050,d2700aff-886a-47cc-8209-3677bf050589
20051,1a568c5c-5957-4e35-a21b-a845a7a89638
20052,c6e60bc4-945e-4796-a6ca-78643c4cd878
20053,e56fba01-b4f8-4a7e-acd6-437b77ae0c28
20054,9401bea5-2d7b-4f79-81c8-50f3c5143124
20055,ba479db5-02c2-4bda-a325-ee1397c4c776
20056,5b542de4-939c-4747-9fd4-84a4d0bc5a41
20057,b3bab4cb-d74e-43ff-a503-ff0f3e124dc9
20058,05115ddb-ebca-416d-a0c9-3d5c8b1d0ad4
20059,6dfda159-fe37-4fd6-9603-0abac55e45a3
20060,03f3753b-b37b-471a-be61-4854c4903b2c
20061,3dee6b21-4a01-4265-a3e7-8886122fb86b
20062,d4e9fc7d-ce4c-4d22-b0fd-bc92a5fae1a3
20063,8e847cea-f9be-40c0-b95c-17bc202a90bf
20064,f1d905b5-493e-41f5-926c-b8199684ea3a
20065,3bf2aed1-dad1-455a-a0ff-63f27576d94a
20066,cfae2b3b-c1fc-4987-8c10-db44d76012fd
20067,a35163fb-767b-452b-a504-616b62846532
20068,20b4c9ab-269c-4e93-8bd1-c38a6e4043a1
20069,09cb5544-1036-41eb-8b8f-41ebde7aabf8
20070,a1a207d8-b45a-412b-9fc9-e92d3f4f14ee
20071,675171c1-249e-4e27-8649-148e165a9706
20072,8cd79f73-3ae5-4c60-892e-bcf3db6fa36f
20073,47578d8f-ce95-468e-b662-23fc46f7dd15
20074,99b86bcd-5ee4-4c87-9994-fef6ef6a8c8d
20075,fc3e9cc8-bd59-4584-bbe9-3989760dae23
20076,94bb90a2-2662-4f33-a88d-b4fd07c40cba
20077,cb2d6d34-723e-4248-8760-448785e858c4
20078,82200834-20c8-4696-985e-778aaeffa46e
20079,4f6590bd-b855-4aaf-9808-69e3aeb37c74
20080,de299406-ad9b-46e1-ab3d-aa83e761fca3
20081,fc82205d-a156-49b6-a486-8d7dc724a1f1
20082,65de9f55-abd5-4b98-bfb3-6e06a24c7335
20083,58b5053b-b865-41ef-9aa5-681b52aff90e
20084,a1ade2ff-a84b-4591-97c5-bd89e6f916da
20085,dcb9419b-8d3e-4d82-9beb-d6052f1f601a
20086,ce3776d0-baed-473d-b278-67a33318349f
20087,d42af891-3ca8-446f-a22f-d458952abce1
20088,486526d8-3598-4278-8353-b362c0e63a68
20089,0e3d004c-d9f4-40d2-9708-88bbe1717850
20090,ae95c1c1-75c8-4d8b-92ce-5b51d2617480
20091,e334df82-4677-4d54-a298-f72126668dec
20092,4b70f2e8-b9cc-460f-89af-58e0a2b3a053
20093,12b319b6-bd67-4b9c-9a89-a635c11d9e76
20094,85f7fb60-ab96-4eab-a0ee-3ed4fc716d13
20095,be8ccb0f-3291-4d44-b58a-15c410ed2f6c
20096,38f6fb78-2eca-49fb-b10c-ac772b0909e6
20097,612777a4-263b-4ce3-96e7-71028cf42341
20098,8b70ee34-976e-4fd8-92af-b2310001b377
20099,58e31839-4141-40e0-8e3c-be5fc82ee119
20100,8673c165-2969-4e8b-ac73-36805fa609de
20101,73675105-fa7d-4738-a658-5d376bb41174
20102,aec2a943-0d9b-426c-87a0-09596b33f331
20103,7e3fdfe2-71ee-4c81-a6e7-fe8b92594b36
20104,aaf088c7-fc81-4905-a67b-b5a329f87512
20105,b8d3590c-495c-4141-a21b-4c57e5cd737f
20106,8f0a0391-b91a-4531-a9ff-69c636493e3c
20107,0ffe9aab-1e05-4cc7-abf7-f0702e29b06f
20108,2c87c58d-be74-4464-abaa-2905d6352851
20109,ce7c5222-96bf-4428-89b8-c5390bf4e5c2
20110,b77d0e27-9927-4c32-8546-f21b79536ec7
20111,5b154d57-b247-4e05-bc2e-4e77657c885f
20112,215b9a72-fd94-40ca-b913-0fa5c6d6f3b7
20113,c8a3c0fb-1ddb-4b35-8040-078dfcad149f
20114,72e9de4c-2791-48c5-91f2-fad7739869b7
20115,c31f7b52-667a-4f8e-b554-9646fd782794
20116,fb29060e-52f0-43cd-9a1b-78f9db149868
20117,3cb02e86-3518-465c-8840-27f415659414
20118,b1bcc1cc-d006-469e-a8b4-64d5af836c9a
20119,4ef6d0e4-2637-42e3-b497-dd0070ed5f5a
20120,32decc94-37c2-47e2-b9d6-ab51d974bb77
20121,0a311adb-55dd-49aa-8cc6-e47f4093145c
20122,30a7aad2-0436-41e8-86fa-53b6f8b6b061
20123,295ca7a2-3693-40fe-9677-6711e3b6939a
20124,2f709ab3-11e7-4c4c-b4d7-3ef42fcada10
20125,378ec6be-1b1a-4af0-b867-de77b292c738
20126,bbcde052-5e27-4a36-9087-dd7a3193dcc2
20127,1236f729-12dc-4ee0-aa1b-c11ca4336b62
20128,f990271e-9a73-467e-86eb-ffd28ba27772
20129,15d1e055-d95b-4606-8681-3f223c018940
20130,884f4be9-1a8f-4501-9061-64b7d4d0f1d5
20131,7941b7a5-9607-4c04-b247-0d90adf14b76
20132,9ffda691-fc52-47dc-93bf-041eb2eb3974
