Influencer_Key,Influencer_ID
1,020d4653-f752-4176-a694-21b10355604e
2,a25e22a3-07ca-4d00-9fe5-ce49cd491a10
3,f57670f7-6544-4214-a304-d0090d971e80
4,e052d5e6-25cd-43fb-b956-85eb7ebe5060
5,ac608679-ced2-4164-892f-24a1fb5672b8
6,cd293fe9-316f-42e9-8aa4-c54988f5c64b
7,24097ad3-86e7-4ede-995d-166a43f36806
8,6aee41e0-aa56-4165-a156-261d4429d98e
9,0286c8c2-4b54-4db1-bf5c-ced9a70810eb
10,ecc29822-ae79-4bb6-9090-b68e953181a6
11,37c6384a-e1f9-45c5-a983-caf5b21462ce
12,3477a8ab-c4ee-42f8-8069-4a5240295486
13,3cf59f0e-f6a4-4147-b98a-66338a87935a
14,a6fb51a9-00a9-4341-86b6-2d61f9bd1fe0
15,3c45e310-8a46-4709-9eab-900e8a5c4fcf
16,65d7af43-e9ef-4a3e-9f50-f017587a7c17
17,20016b7d-ed86-47c4-8803-ac4688f93e9a
18,42299c35-64d7-429d-8091-e31082e8ed30
19,9c9fcd20-b91c-4375-8f87-697c155fa731
20,452b09d3-a16b-4ae2-b74e-eaa7b12f0b87
21,af92e777-a9b5-4f78-ad6b-5b6acdd69963
22,9cbc3287-fd90-4579-901b-baa44bae44fd
23,6237411d-e424-4171-b14b-ba5165e3fdab
24,310edc01-138b-4c1a-b78b-d34af983a836
25,60371967-2155-432c-9f6c-72100e6d0db5
26,7499e159-4d14-4f08-a4b1-2c4bdcb0680a
27,46decdc4-542a-4f7b-ad53-879aa0676b1f
28,4c413460-e025-41a9-a643-be5f31712059
29,7a29c119-c755-4a06-b44a-5f6f50069011
30,40a403f3-b10e-49c1-b928-7b645d558a70
31,cd610c2b-d084-4c8a-a1a1-8c77721dff70
32,c5d1beaa-9282-4dae-8d02-db40b22fb1ea
33,4699ab5c-fdb4-4e30-baa9-c3a7e0c0fcef
34,2dc9f4c7-d242-401d-8d79-0bd852bed575
35,4ce23a09-c910-45a3-9aab-3d664680b821
36,b5601bd9-69e4-4e60-af9a-a6881270e1fa
37,6c95b03b-0d37-4d00-adb2-6f08efbaea02
38,75f52b67-d619-44b8-a20c-16d9858f045b
39,4310e265-4809-4661-8741-757dd29965f0
40,cdfabfab-adf9-44db-9bff-eed544d3f691
41,5e62d73c-62e3-4eeb-91a2-cd31e06d3547
42,426a1197-e87f-4a53-9056-a451e4616912
43,951f1528-33ce-449d-bb9a-96ca6c3330e8
44,9d0b950d-64be-496c-84ed-81767ef34166
45,42e894bc-6317-407b-841c-9ff1a64cbe7e
46,501a4d5a-c6a1-42b5-997e-7fa3783e030b
47,444f9dd9-2a9a-47de-9271-bf7677b9d8cb
48,6bc2e346-acf0-4dae-bcb7-e25cb643e5ae
49,abb03312-05fb-4a0e-960e-b4aff16d102a
50,9eb71d72-052a-4a62-8fd9-fd76bd90beda
51,8f1a0bd2-7f85-46b4-9e50-6b9de6abe4cd
52,5bfbcabb-cb2b-49fd-9ab1-73e8e269dc0d
53,be319da5-f90e-462f-9021-fbe2140cca9a
54,9b113e90-34c0-4a7b-9541-0092926651b0
55,5f8e1299-d1c3-4d57-9536-563909859561
56,278e5e6f-7205-43bf-94d2-72f73d1d5ed8
57,704a3243-a546-4c45-93e2-b9ddf226bb52
58,6cef38a1-c899-4a7b-b78e-968bb2c1eed3
59,19789a08-0ff9-484b-bd68-6f1ba7694bd3
60,68ee82ef-a12f-4f61-a3e5-9eb1c4fffd6d
61,73f6cca4-caee-4c8e-9946-1e661bf0e4a7
62,d14b5c12-5c79-4feb-93f7-3029f8451e61
63,bfcb0e5f-f583-4841-9556-4d6d32dd4907
64,0b699478-f14d-4446-9772-5c9c82e0de28
65,ee607172-8543-4c1b-8a42-a637c73ac2b4
66,e18d9199-fc42-4351-8a67-47e7df0d1f46
67,f8aae262-1848-44db-8bc8-e57ac20fefba
68,c8256864-7640-47ad-b69b-f8c9d44aed4c
69,ce1e0858-4587-4dcf-9b8d-c81a5508b529
70,ef0f31a8-3ed5-46e9-8e7b-caeb9618d3f7
71,800585e1-3934-4490-a2c2-a07282f03609
72,cdaf9f40-d2de-4b08-abc7-47848eb46ed1
73,c93e56a3-9243-42c5-869a-85ebb98b5c88
74,5b3207a0-bb8f-43aa-9311-7a6c3731692d
75,ed0b9b9c-d4d3-4997-b6d4-4aa7b6ba052b
76,225153c3-c905-4f51-bae5-2f4aa13b31c6
77,3dcec10c-c420-4b4b-af16-99f17ecc1ffb
78,26751ce1-6153-43ad-a13f-4084f7b4c864
79,a3069f04-b152-4e3a-bc1a-8e70d4a8441d
80,8eeb466a-55d9-47d1-8a10-0e1ae1c54162
81,ae463936-a493-419d-a6a2-c5f93887d82a
82,8db6176d-5fb5-4d1c-ad57-00999fc5bd69
83,bf43de7f-d4ba-450d-8eec-218f46d6c4da
84,771a71ce-acf3-483f-af85-9a18b689557c
85,8c54e39e-0971-4742-9ff2-146e0e38caa5
86,5bf56503-7147-4b89-94b3-2f36ecfd0d96
87,1cfc2f17-5098-4e5a-9e69-453fd7c590ca
88,a76b1b32-8ef6-41d0-baa5-055f837a137c
89,3f0a531b-2e3d-4cf7-85e7-68803e6575cd
90,27ee7b85-3b9c-4397-b0a5-ac625d8e32ca
91,9ef5948d-fce1-4b4c-82ac-6e1288250be3
92,0e68ccf5-df60-4e37-b7e1-570a204e04ca
93,09b74d9d-8465-4e19-8264-8bfa4ddbd555
94,71413cc3-5e5c-4961-9e70-08e07434118e
95,5adfb299-df5e-4b5d-9635-902f0e464eec
96,ec11eb76-a886-407c-ae3a-d58286f5473a
97,ceaa1fb6-e570-4c8a-be55-caa07de09b78
98,ce2f3319-44ad-4a54-aa05-cd1e872763bd
99,76089706-3b36-4315-8c7d-e18f8168fb1e
100,5c93a827-06ae-4956-9d34-bf418bf301db
101,12a9484f-f35c-46d2-ab50-cbfd24f60579
102,8f94325e-3382-41e7-9105-38555f899673
103,d2ef5a5e-a33f-4759-b7a3-531590347f8a
104,97e6811d-ac07-4f74-97d1-d0c08a5ac671
105,5a00fdaf-3a2c-4df4-90f6-08adae9f1bc1
106,0bfdbbe8-f12a-47aa-a6c9-f4eb3fa09e6c
107,99c9d22f-dbfd-4e22-a553-7142b49031ff
108,1b1d0b54-0bba-492d-ba74-68f1150ab3c4
109,632f3504-d7a1-42b0-890c-620840f0c7a8
110,c52610cb-94a5-49ef-a337-ca91872869bc
111,4e0fc7ed-f722-4759-8a67-8da18df46032
112,a7b9c334-5f79-450f-bcf1-869286624236
113,50e50aaa-3371-4dcc-9728-568fa15ef4c6
114,38dc473f-9963-459c-911b-69846ab0e325
115,9090440e-641f-48b0-9f57-c2d623a9a9c9
116,f44866d5-71b2-4e7c-8fb0-17339ee71a14
117,54e1782a-8bf2-4dd5-b74c-748ec88bdfd8
118,ced3265e-0621-4059-b8e1-28389fbab57d
119,3f27af97-f328-4089-bbc9-30a6a58032a5
120,f30b92ad-b7ce-4d29-8a0d-5270627e607a
121,c9da39fa-34c8-43fd-977b-6128a97a2d71
122,b9e7112e-2133-4297-b59c-d5188ac97a5c
123,a1118ca7-54c6-47ff-8472-910caa5747cc
124,a98ddd77-24e1-415a-a303-55923d599605
125,c761ed4e-a52a-4d24-9071-af9d63cba550
126,9a0932a4-a402-4e4e-9604-426abdb93359
127,6639e243-3666-44dc-950d-f537b14999c1
128,1f29d60a-d6dc-4e11-bb06-e5799f0a6d44
129,086bea6b-32d1-48eb-9091-9b16b8a484e0
130,a493be0e-9381-4326-a806-9e97b420e395
131,79582718-07f2-4e25-a783-5fb75ed17c0c
132,e1a6e986-0c60-4d7c-bb39-b9c6a6a651ac
133,e1d8b089-a5b6-43ea-96dd-012ab59475c1
134,5ae8d5ad-651f-4196-bb2a-b291841a54e4
135,0a6f2096-b16d-40ab-ad1a-b630db59cd95
136,fbf2591e-a9aa-40ce-9a8d-eac735894b1e
137,e8be453b-03d8-414d-84e3-15d4ac366193
138,e6f0eb87-024f-4a95-8750-f40af7dcf6cd
139,a0f26e20-4722-42a7-8a6a-41cf934e2d82
140,d25313fc-ba02-4215-9bbd-6ed277695a1f
141,a89a941f-720e-432b-9683-d3d7016d5487
142,4045efcb-973a-46f4-9788-9b2447a10170
143,80c38f03-1648-4aa8-9a58-a4e8a5e4a1bc
144,e68487ba-f071-4f25-b543-4a7571e91b70
145,92abe6b4-f88c-4075-b1c5-c6c8886dd2ee
146,832cdd73-3744-4c8d-aec9-6d3ac6fd1acc
147,96dce28e-29b4-49e1-81ed-a58cbd494b70
148,42b21166-70a3-4f0f-8a10-cac241cfea57
149,2611a1e9-c277-4988-80ea-7d031c64cf24
150,e6221a1f-86e2-4356-a765-0cfe3f0a42fb
151,85b2198f-43dd-48b4-8531-193448541301
152,6e65f265-b624-4355-8904-5994102388ff
153,6a3a3e7a-65fd-4466-a14b-0312e8dfb6f4
154,362ffada-95c3-48be-ac2c-50e83298ced4
155,5ef07466-8847-452f-a967-67c1681b5bac
156,1158794e-5617-4e6c-8c57-efd383b52d2c
157,1d459371-9737-4157-818a-1e97fb788803
158,84f59cb5-7f26-4f42-b878-749f577e8260
159,f4410c35-d20f-4322-8faf-5b8e4c2c5194
160,a5045452-ae47-4531-9f63-09b9749fe1cc
161,f436acd2-0438-4df3-bb5f-03a9a17b3eae
162,39c0f2b1-3ae0-4990-b9f7-4f57753bdf9d
163,2705184b-c300-4a0d-976f-dcc131017f4b
164,ddd066e1-14e4-4887-8915-e5052d221739
165,764b5555-757a-4ca2-a08e-3d0c2715f859
166,6cecb1f1-c2fc-4e01-901b-903bdc175830
167,0c7be7af-c034-4e48-918a-2e0a71a8f07d
168,382717e6-f8c2-40fa-9f67-cfbdb91b64c3
169,a6e4dd2b-65da-4d98-a0e7-94f3e9c1108d
170,009a3968-f03f-4ea0-81a3-77970a62eb56
171,5300190c-6d62-4e03-9372-1aa60338c824
172,e10291f7-0a35-419f-ba42-ea7304df9230
173,efbedc68-6234-4e3a-b8eb-1ef58a54161d
174,d24531d2-0958-4b2f-8e98-3e62385668da
175,b5ec6ec6-eba9-42b7-8900-ce88dc44ab03
176,35c0c161-fe56-460b-9e1a-60e54a342ac8
177,9ffd35f9-2577-4bd1-ba15-85503b56d2f3
178,8c98120b-4477-492e-b15f-d0d60b8cda7e
179,fcfc9224-853c-4505-9efb-8212ce1bcd9f
180,db3e1df8-f890-4076-9d52-77f6b47a2051
181,c250501e-c814-45bb-88f4-49f7f77452f5
182,2f1d33f6-d8fa-4929-ab90-ca7974c1d2f0
183,d31655e0-6410-49de-bf1f-9bbf884b1660
184,3817bf5f-c452-42aa-b315-bf5a9af3786b
185,e7c53f9e-7e44-4f84-9abc-0fdfec08bf28
186,df3dffc6-139e-4fed-bf2a-5d3182274cfe
187,234ccb94-8dde-4dc1-8fb4-d9cd26382251
188,9e211760-056c-48b3-9895-26e1110b6bcd
189,6bdceb84-6594-43c4-a607-cc2a8c44836a
190,5806cca1-7467-4866-afce-c50c9a351d23
191,5f045073-55f2-4a16-97f8-3a31738ad89b
192,71ad254c-0a7b-4a4c-9059-30bf7d0fec70
193,c0eedb57-38f5-4590-84d2-9b63ffc3f2d7
194,e552e035-dd09-467a-8626-c663b95f23bd
195,051702f3-a6e6-4083-9a9d-fb0838bf8a56
196,6e00ec5a-c644-451c-8113-0fd2a9c65817
197,2de2729e-c8c7-4fd7-b329-5eb4ac214676
198,f914420c-0f8d-44f3-b5a8-d71bc6a7bb3d
199,cf60fd42-7d42-40d9-81bd-d8c763c85343
200,01d8e52e-1ef4-4a42-8bb4-485e066af680
201,1bf50bcb-40b4-4382-8061-d37c5ab55e9d
202,1da5f32a-13b7-426c-b0a4-699d417bc863
203,6a3595ce-bf51-475a-8fe4-4f06c0791400
204,2c33a6f3-5901-486a-946c-2d251e214404
205,5e485fe5-6e6a-4abc-94cb-5916b81bc0ca
206,057b7869-1049-4778-8257-17e5317d11a8
207,1e38a0cb-b7ea-4a74-9e71-0b4dd0b18e1e
208,5a2c0f1f-4abf-49eb-b1d8-245f7e6289ea
209,8f7617a4-e1d5-411d-adbb-916e50f9a685
210,809eec25-15a1-4d3e-b9f2-ee34e1edea5d
211,656efb65-7956-41b6-a112-3e814ed383b7
212,2235de33-5587-422d-bfd9-e796e82bdd48
213,f478e82e-3163-4a00-83e7-e7aee14afa46
214,31c80da3-a780-4f14-b16f-12356d47556d
215,183437ee-3e5f-47f5-aef8-bd01bc2a1226
216,5a0fef29-2b55-4b60-9034-26fca6e79d49
217,c796fe0e-06e9-463c-a5b7-e2a3d938a668
218,291fa7ec-eb7c-4a41-a8d4-59bb45ac3127
219,0955b948-9097-4c9a-85c2-43e81181cb2e
220,c2760e38-17bf-43eb-ae45-9d821ef0acc2
221,2334c08d-0baf-41a9-bf71-905d40c68229
222,6867bd24-1bcf-4e3d-b75f-a2f125c231db
223,69948abf-e9d6-4da9-b732-55b5af30e75b
224,4ecb5636-c914-4450-ae00-8d5e3f1c61bc
225,85425ff6-c398-4919-a182-69d30fda6aee
226,9a9f8fe0-9a3b-4db2-b339-dbc7bb091d64
227,9f81a1ac-8591-4245-9511-ea88270604e7
228,2af1ce6d-3d40-4d87-948e-5e99d9ecd4ee
229,1a9a0155-f058-4626-9530-7cfdf017a26a
230,e493dbb6-72af-4b6b-b6bf-112fb0554191
231,c096d066-9cf6-4521-b333-d9c9ef40416f
232,1c5bf998-efaf-4cc8-91a0-1eaac5e5457a
233,3b978f46-2d10-4801-8858-2a06ff7b956e
234,60072411-5e8e-41bc-8398-e4465cacb7f3
235,c2b70588-25d6-45fd-8506-93ede7078811
236,09025419-d515-42df-af0d-038484fb77a1
237,839be1b5-ec08-4d64-b684-1cfb1c553764
238,ae12e350-0e90-4b79-a1ae-d3bfedd2981a
239,1ab3d193-6555-4364-a8d2-3e5f41692f65
240,74a04702-cf1f-48d1-91d3-6fa238a81c18
241,ddc8ea03-a575-47be-abf4-ca53ce972613
242,6f44a911-f9cb-4072-bddd-e404eaf52dc7
243,2efe8095-87d9-42f7-9535-eba36afb5bc2
244,06233e74-9c74-4d33-9596-5bc368e85d5c
245,0ef660a7-19e7-4f39-8231-7f13495d431f
246,c76f3e65-d5eb-4eae-ac27-085b2317095d
247,cd488670-3a07-4ae5-b977-a48e23efcb11
248,a50ba83f-fb88-4fca-b124-1aa2cce7faf7
249,11492d1e-d30b-4e03-8873-919563aa74b6
250,67e8b3bf-d374-442c-90d9-05c8a17727ed
251,093eb924-1486-4a57-8791-dc0fd4a5166c
252,3ad56626-f4cd-4755-be92-3038054ffd9b
253,74b133b3-ee49-4855-9c75-7c468b31523b
254,2e19dcb7-d4d1-4a6a-a989-5131390ed262
255,f6dd9959-de88-48f4-ab97-4c8e68d6d51a
256,c7f68f18-1d86-42be-b090-d0d8211a8226
257,f0a03048-6192-4c0b-8835-d1dd8acfcde6
258,3a190f48-37b5-41be-be1c-1f8c4f275727
259,0901dde8-8e24-4a03-a6ec-f19195a6972c
260,43227ad3-f16b-45d2-b5dd-70ecd8a94c19
261,2af39f19-a354-43e4-98bb-3de940f620c3
262,9b12d7a1-1019-4ce4-9022-8029c5fccebf
263,2bce090c-6cf8-4ecf-a3d2-b704130acb52
264,77e6857e-0da1-426c-b8f9-a0c4ee8fa523
265,778098ed-f8dc-4e85-b01c-beb258596151
266,19b71c7d-1ecd-49ab-94e2-7c6ba1e05c31
267,9f10a4be-09b9-41d9-b4c6-335ff7e62fab
268,7d4f18e6-95f7-4c28-a58b-2f4c18fa65e5
269,4790c530-b78b-4624-abda-a06f338a3822
270,c39e4cc4-c5ab-437e-b54c-69812bf48147
271,880b32c3-d264-4ee0-8818-1009ffc36680
272,dad78b8e-554a-409e-8bc9-6c59ac3ec474
273,203b6b03-ec0d-48b6-a8ea-14d71f43bfce
274,3f82a3ba-eb6e-4f1d-894f-6f0c9b535212
275,60c87f96-0ba7-45a3-bdcd-f06eb4c24718
276,c6ccb21e-850a-4a9a-b40d-d69c0fa1c49b
277,95ea0165-556c-42ab-b5fa-dc7d382a6f8a
278,c8e8dc8e-29d6-4561-9fc7-f1b1b4f520bc
279,4d7a3e5d-e495-41e8-bd8c-37cb182966ec
280,77526468-ef40-4415-b93a-882d2283fd1a
281,43298ad6-dd78-41f4-90ba-3cc21c248e58
282,746b3111-e15b-4c83-aa7b-40675cf6fad9
283,e40b57e0-483e-4981-80f5-cf37f5e685b6
284,af40c66b-8cb6-4624-a856-c3f79232f7ae
285,677d2f92-3616-4f6e-b9fe-577f526bfc32
286,450a6d36-d2b8-4c6e-9481-be17a2629492
287,e0603da5-ea15-4ed2-8e92-710abefe6c6d
288,4e94250b-74e9-4a8a-9509-779fb166abac
289,1d785d25-b7f9-4f67-b0b1-6e987bb6c991
290,1458e673-ea30-490e-b465-38afccf99d66
291,95e5b865-6c77-4108-acaf-7276b662388c
292,bb7ca761-a5d6-481d-9f27-b88a12a2681a
293,e1b1eab0-8b0f-4d2a-a18d-e61ce176fcda
294,c13f378e-862c-44f7-a48c-fbeacaa5cc8c
295,50fc7e79-a6a8-4bf9-9005-d37862527a11
296,ceadb725-ec2a-46d6-b8b5-67ff9d8ba83c
297,98243511-983a-4ce3-b23e-1a9c8b4caf02
298,e04a9773-b799-4877-b8eb-1449e5e29b0a
299,75ef89b2-794f-461f-8763-605059954f5a
300,cd890b34-36d3-435b-bdd1-ce56b4c75f1c
301,d3092d3a-5e52-4b1b-8ebf-138eb510ccd1
302,17ce7542-0d3e-4aca-aa05-74e2c6be9927
303,473fc618-e71f-43a6-a86d-7c3d9ea96b48
304,099af797-acd3-4bcd-81d3-1276a3936a41
305,6a67cdd4-f696-42a8-be2c-cc73f652e23a
306,9f2c0f8a-9c1b-4f14-aed3-907916572515
307,7204e5a5-495c-4f41-8b8f-57294c750429
308,d72d649f-0c93-4e00-b8d6-f0c5c518fa35
309,23da6448-6512-4d8d-b5d4-f0d343f57cba
310,19ae74c8-d9b7-4f37-84b8-71ed9bfd5740
311,47243203-16e4-47fe-bc54-b11784ae67ed
312,07a423cf-6468-4171-9be2-44849be65e80
313,947f1773-4de6-4105-b6af-ed8ab7d7fdb1
314,8cd76266-8edb-466d-a229-7d45245efe82
315,e909349d-f754-434e-8759-23d09ce81c6b
316,ec4bafd4-a510-4f73-960a-1d66890b900e
317,73db24ac-ee68-40a2-827e-cb258efdef40
318,bbded600-0f6d-4ea5-920a-1d8dc6c5c898
319,f7a03189-b1e5-437f-bdc2-de70110e879f
320,c73e4a9b-0f90-4e8a-aee2-00bdb97d979d
321,1ba92b1e-8358-4da6-bab3-1fb399bb27d8
322,02bfee7e-d456-417e-9e05-134fedd94458
323,5e6c09f2-a60e-471b-97f3-1907aa87b6be
324,fd86b3a2-eb89-46ff-9ad3-2ec259be73ea
325,3e31fcb6-c3f2-4463-b34a-5acad1af7368
326,f8b99fb8-af94-4c76-b78b-f35e7076bf3c
327,2f7447ab-82b6-4db0-9812-e53e415034e0
328,9365e75c-a4d3-452a-b19c-9bcd0ade3415
329,12af8464-c9cf-4a3d-a849-f624bf464a76
330,65fc7180-6d84-4350-9b24-1200e2b821fa
331,3538c086-eb5a-47de-8298-4023ef4dc7d3
332,f44ccdf8-9b78-4fe5-9766-7ca7a27bdeb7
333,482d7ffb-f21c-42a5-a138-0c75a5cec105
334,05fd5c2a-e45d-4775-9339-703822c3db90
335,012e92a3-1274-4dbb-bdf2-62d19f049950
336,de1100d8-2c09-4551-81c8-59c5681eeb86
337,aaa3b803-8fc9-40b9-9bed-b966f784a7ce
338,320bc629-8443-46df-91e5-726e2bf5a1ce
339,723cb2dc-e352-45a9-9f3c-ce22b02d2680
340,60a4f0a6-96b2-4c91-aeca-1e7482a206c6
341,1110ec5d-f612-41bf-b562-4eb8b47724cb
342,86758d0f-6e48-4680-8353-b84eb5206a1f
343,01919b69-643f-4992-acdd-2b797f6c87bc
344,86352b27-c13d-4a39-82bc-4d602a9e88c0
345,57e0b442-41f8-415e-82aa-0137f78084d6
346,7f428462-9412-4b74-a129-43e4e66294f9
347,3fc6bb87-73b1-40f5-9af1-a63631d45e50
348,81223c8c-fc27-4c90-b250-01026d15db3e
349,3cff3835-5170-45c3-b00c-5bc482720224
350,9df121c2-01e2-4bc3-8112-7abfc665861f
351,5f29a815-71fb-47b6-adfa-0830286f6bb1
352,330b8bfd-84cf-4b66-8c63-3f0fbd663003
353,bf716d3c-cdeb-47a6-8e36-6ad744b71d20
354,cf89011d-cb3f-4283-abaa-09b248ca64ae
355,e2439d1f-3ab9-4e0c-bd8b-5f6761714cc2
356,52f07364-b868-4b14-8b30-b016ca9dec0e
357,2f9620a9-4977-4851-ad53-bf0753eab5eb
358,bbeab2c2-65c4-45be-aca2-df54ba6339f2
359,a6020200-a04e-43fa-985b-a2dc9323bad1
360,2c174248-8984-400d-bcb0-55518bb804ca
361,500c07e4-84b7-48bd-abc8-8633bb19b9d6
362,39e8b60a-44b8-48c6-99c7-1838510528c9
363,424c3290-3fa7-4672-9e33-985f8e4c8766
364,af6f6f19-f522-4c96-89dc-f010830c3eb6
365,0e0112ca-07ae-4970-832e-c1012bcd0fc1
366,e406d4ab-83ea-474a-8973-9a301038510b
367,138fabbe-950b-4e69-b198-c221f530cea9
368,7337e1bf-b238-45d4-86f9-25942ea620d4
369,441a6a72-7f9f-4cb1-b940-bc44aa0fd44a
370,74e7255b-c185-4eda-ac1d-516bfea0a64b
371,0c301885-3bdb-4a98-908c-c83124ef10b7
372,a8cb3ac8-3dde-448c-b62d-c93b8f1f0404
373,4c27607a-f903-49fd-91f2-7975622287d8
374,0f70e924-f706-4e10-a6a0-780de3319ace
375,8ad6fcad-cbe0-4310-9831-05a009ea0d76
376,81e338d7-1792-422f-b05e-fdbc6201705b
377,13eb3855-8dfa-4635-9e97-1506e69c62f9
378,30b00932-c23c-4373-bb6a-51db48113af9
379,90b331d5-b94a-46b7-8d1e-aeae76455211
380,51c4f710-37ec-4eb3-bebe-68fca6a7bd44
381,28715950-9f84-404d-8826-fd2b040dc5e8
382,c043edbc-2b9a-4e80-a4c4-18dccffc51ab
383,b9ab4ebe-2647-4848-9aef-1a2047cc17cd
384,e04fa841-3170-4ac2-9545-574501184c6e
385,7961057b-f6a5-4964-922c-95c00a29f6c9
386,75ae0bd5-448f-41ed-af19-a1138dab16d7
387,83f1e6d3-8c14-4fdf-9cd5-d177044bb590
388,24681e30-cbeb-4969-9f9f-a251ac4a9450
389,cf8d1f4a-0562-45e5-a8eb-4bd24402bec7
390,37681237-c942-48ad-b9a7-0b6ed8ef7bcc
391,eb9fda23-9b2e-4aa6-9275-7b51e95d747d
392,94487d43-0140-4169-95fa-6600da0b6dc1
393,14ee481d-5aff-41a9-88e8-84c3677cd6cb
394,f86665d2-9a50-4a44-9923-a96c3c3a3216
395,5db85d68-5086-47a6-ad62-b94cd04fbec0
396,f77daad9-127e-46b9-8a26-18c4ad40913c
397,7164351d-147d-4492-af83-94e68c9f3219
398,4fb0b1b5-14e3-48db-8a9d-3f9deeefa5b9
399,89fa417d-25e0-4fc9-9719-81968adaced3
400,9a885032-6bd3-44dc-9071-8085bf107439
401,20fcb8a5-0369-4b01-9b48-7e12dd13c745
402,b7e0c0da-d4ef-42d3-87ec-d966ffb8b9b1
403,099662ff-0e3e-42e1-a848-7b2de8020407
404,3a0c1d42-1996-490a-ae81-878c19db62e9
405,bf572d44-c47e-4284-af78-2a649fdabb49
406,78e9693e-8f0e-4c70-a111-c365d9d1257c
407,caddfc29-3fca-432c-87d2-74bb577fd74f
408,7415990f-ad84-437f-938f-d4180cf21a82
409,60121e02-d37a-4705-9d22-043c9c5fe5e4
410,84f7ea0c-0756-4d29-82a6-5f9e0a4cb089
411,c65ebe6a-c07a-4a13-868c-9c2c102c01f4
412,31e91bc5-55af-48e2-a2b9-97108f65214a
413,206838aa-dd25-4f38-9667-c6d105efe7fd
414,6a74d750-f1ca-45cc-8d3b-48347fc7b8e4
415,8bf01db9-e873-4f52-bd82-001f4a94b6d1
416,9f3b6609-ff84-495e-af7c-73d5facf4524
417,8bd7ff7a-1bbb-4d69-b07d-f985e102bc53
418,f5abf711-259c-4f35-adf5-a9e175817a0f
419,4105eb81-d691-4cb7-9896-b6f3846504f9
420,4bbe40d0-83f2-4287-b2bf-4363fad28cb7
421,d0d87085-669b-483d-8b3e-d9d65dfcede4
422,be6da36c-214b-424c-a479-b0b9a9e04cd8
423,2b0ebefb-2af6-405a-aa70-d50cdceb28ad
424,ddd5852c-80b6-46b5-9011-7b3554007e68
425,55ba479e-1553-4401-82fb-4774397a34b0
426,932b9bba-5e92-4771-ac07-5dc9ba242bca
427,975bf38f-46ae-4ff5-a92a-3e6d36ffc584
428,9feb192b-7eff-46e3-a810-807db6b62bf0
429,b9f82425-3633-4bc7-aa63-de6fe188ea0f
430,c67c92ce-bf29-4e4d-a670-3d32fec76d92
431,fd39d5c3-bba4-476d-9894-aaa50d0194b2
432,16155213-adb2-41a3-8d47-fcdae87151ad
433,56118e6d-86f4-483e-b5a1-33b2d7c1e52c
434,653d0da5-c27f-400b-ab5c-47e20caffbd5
435,b783bdf1-0160-49f2-af72-4b4ee3ef1f36
436,898661af-8865-45af-a502-6f586bea003f
437,fbf87a94-c09c-4d1f-8508-2a19ecf2324a
438,64e14db7-1e2e-4dba-91a8-d1ada8e4a500
439,f971257d-aa09-4719-9f15-30ad83d38cda
440,588854e0-986b-4830-afb6-e5894dc76ab2
441,e5a19435-331a-4f9c-81f0-3fb5d6cf25e2
442,963123e8-7389-4176-8c61-e1415dee0b7b
443,9353caf8-0475-4087-b221-c8ad810beb6f
444,04e05816-19ca-433d-a44d-cb2433e60c1f
445,7e53b3e9-762b-43a2-8b6c-1131f8ade70e
446,0b27d6d8-3946-4695-96ad-a3d15c5ea988
447,bcc6191d-ebdb-4e9f-af05-76d53c831fe6
448,7b3edf99-5b46-4a62-a009-ea06421e9980
449,6bae8826-2c55-4ecc-84f9-93f2357d5d0d
450,0a77382b-c3fd-473d-82a9-021692cae30d
451,db17bf14-e558-4d5c-8e83-44203586a504
452,69002e2e-5c49-4e69-a6fa-143832f40223
453,78cc7bff-f83a-4ea4-808d-92a35199a6cd
454,56ca271a-59c2-407a-bf24-33621b7a11f1
455,6b4901ba-40ba-4417-a7b5-61dd1b044c48
456,6ea7c4e3-7209-4732-9991-0ffee857f106
457,5350ecdf-c4c5-473f-9925-3e7cd73fc6c9
458,09c21495-6ced-491e-9104-b40916ddddc5
459,15345a74-8c15-4fe3-a1a6-5d55a9fd06d7
460,72f66c35-2385-4e03-8c01-bfce3993f3bf
461,a195727f-8a26-49f2-9d36-64f502a34506
462,7a62ba8b-b423-43c8-94a3-4e7c206056dd
463,81db194e-6349-4b2a-80c4-dbca1e7ec794
464,f56ecf82-4203-44f7-8793-04e9638b6d26
465,2dcbe46d-8da2-4a45-89da-fe1a311d1188
466,a85a7640-6b92-43c0-b109-30a68e8dfe5e
467,0674182d-abfd-4037-bdf2-85cf408c86d7
468,04b263a4-fd5c-4db0-8d31-12c6764d8374
469,faeaebe2-2181-428c-b539-8ed5b68b2067
470,344c964c-36a6-4d77-b5a9-c0626386f80a
471,7f580b9c-3caa-4d66-9867-a821f1929048
472,f67b2d6e-780c-46af-bf16-6bcee844ca32
473,df662fbe-5abb-4732-a260-d5ccc3e2d8f1
474,cd86b971-bf6f-4c1f-b6bb-6f93cfca4522
475,d0554504-c93b-4c90-bfa5-20811cfd076e
476,3b72999f-ee0e-4a97-a376-58e71c446f43
477,2912348f-f119-4647-a299-cbc71d6f179a
478,f0d2dee8-12fe-41fa-840a-c4f6e9b6cb51
479,49a81d36-14b0-4eb8-aab1-e4f21d26db92
480,77e97acc-eeb1-4b61-952d-5552222abe7c
481,078a78a5-84bb-4240-be65-f5f299a49be0
482,93b0a0ab-3cff-462d-a77f-987a6dd5dde8
483,0ffd8306-7d7c-4cb1-8d5d-1c88b881c519
484,9c2ff686-80d4-41ec-b02f-cd0ed344c27b
485,35b5970e-659c-4a3d-9be3-392321f7bee6
486,13710084-fb4b-421a-9ec6-1a5b5294946c
487,72855229-5b59-46a7-a643-9bf82190d0ee
488,28d1f452-3952-40f5-bdd6-82835cadd08b
489,e229964a-eecc-4ee1-8d08-ad2cc309bbea
490,16b73373-5072-4632-9011-f3ff6f49bb6e
491,32aa2ba6-7778-4161-be74-b2ca53dcf4b3
492,e3636272-4b41-4d12-b802-5c6e0e3d9b93
493,a7b6b087-9539-43ce-b171-9a91ffa77b2d
494,e03f5d1f-a6d1-4aef-b430-73cb3d3e3c34
495,fed1d9dd-e091-44c5-a796-054950f6bccf
496,5254b13e-5758-41f0-94b5-23fcff52e61c
497,befe8069-0afa-4953-8db7-5a0b3d56a2ba
498,a9a663a7-55df-4dc6-bd50-da41d0d40eb4
499,238b8aca-d1b4-4601-bd31-8d7a90e02f61
500,88a29e07-d50e-40c5-a30a-e93e5e57a568
501,28765144-de7f-4db5-b79b-dcc7d9fc8d5a
502,3c5bb4c3-11c5-4bae-ad95-188a4a3ae547
503,4ffa38da-d276-42a4-9025-a03e17139bb4
504,78cbb212-ba21-48a6-8098-bbbee2c9b2c0
505,e1b92bdf-89a3-484f-aef1-d6081691c162
506,f4415ad0-7d21-4d58-b23f-656063172e56
507,45dcdb28-781b-4ba5-bd0d-e58a5c84936d
508,cfb25f8f-190f-44a6-86d4-e74d9bd0d104
509,b8880a58-ad43-4438-a6da-a8a74b0e4605
510,93ffb4ea-cf0b-454f-955e-fb19325f15bb
511,dd72fe09-48ee-4964-ae98-853bba7ec068
512,821dc151-1c74-4fc0-957d-29577cfac1ac
513,95109a57-10ee-4a2b-8593-b172aa8cbe1a
514,0ecbd70d-56f7-4781-ba63-309b054ea85b
515,febbbbd8-6723-46b6-a81d-236f90986f15
516,ed0490b5-69bd-4964-a801-72a3775f5936
517,6ed92625-3728-419d-b7d0-5acb47550bba
518,71c5082f-8240-4fa2-8397-eb0c63545189
519,cdd0f1e8-ebdb-4c58-b291-b2f5a98ee609
520,8e3c664c-dd6c-40e5-924c-5922255c2698
521,7f521f87-0163-4065-a4cc-0b8918a522ba
522,52f37561-3138-4e0e-bba4-531ef9e8e4ef
523,07d815b9-fb7a-4d02-8fb0-f40bd5f02bc4
524,10597fa9-04fa-4927-b203-39479b6474de
525,358ceb50-88cb-4d58-98e0-6acee82f61e9
526,e1025fe7-b6ad-47af-ad9e-94fa489bb2a6
527,c2b5895c-c538-4e32-b5bb-22c776920032
528,eaeaef66-756a-400e-97ef-619426c17ec5
529,4665c354-f436-4df3-804d-f12a018fb4cb
530,38494e55-7dd2-420b-a44f-c996c547bfe9
531,62aa2aea-f986-444f-91e8-72b7dc9ee437
532,fb46cc65-0111-48b7-9326-c8aee3f56f3c
533,0978b2ce-51d5-440c-9aa1-106e2862978b
534,2db762b8-79b8-4a08-98ee-fd3acb6f15b1
535,a2bdc0b8-7d52-4d9b-aed8-64ba5495323d
536,965993e3-bde3-42ca-a010-251963b2d3e2
537,0d149113-ff96-4f49-b39d-d195e94618aa
538,2d4c5bcb-a512-4eb1-801f-15d089487f79
539,ddef70a0-46d7-44c1-88e1-00e8069cfc63
540,164bd3c7-9e02-4f8b-858b-c4f31dc9b2b5
541,f97794e5-f88b-43df-a2b4-87c370228df5
542,d7a67312-adf3-4ede-91c1-828a9c0edfa5
543,c1f91c22-4e96-48f9-87a5-9a5416a3fef8
544,d18da4cb-08eb-4e85-b010-8590c01af5c8
545,ee2577fe-5b8c-4b64-9a5b-bd2021fd9b1e
546,2620fed0-a019-4ab6-9453-9ec8a89da91b
547,3dd757dd-8ade-4215-afc8-f90258521183
548,608e8013-1fe5-47ee-b9c8-69e65b7c6c66
549,7f70672b-6ba1-4dc6-8b73-3062e5d88b7f
550,e7b64718-0f81-4705-94d0-b25839e124f4
551,c8787345-6e12-49ea-a724-2dd50658fd51
552,bda822b1-50fb-49fa-99c2-58b5b8c1392d
553,6d41b59e-a135-4a53-8608-c7a951bf4b0e
554,f26e671f-7c1c-46de-9345-5e8ba2b96c1b
555,f69e179a-4079-4632-b893-e54c50b0f79e
556,f3ef616f-1773-489b-bc0c-07c37e95c00b
557,ce69c145-430f-48dc-863e-5c480d2890ce
558,3e050b30-b473-4849-93e2-262637298887
559,b765ef72-24e8-4789-b160-33ad8deffbe2
560,b6e84564-ab8c-4f53-901d-9d9b982b77dd
561,ca72bacb-2060-4f88-97a4-8d359f9d11ba
562,ce8f518a-febb-40e8-b938-f22b501e2a7f
563,02f78059-3a7a-4658-ac50-e342e5ceb265
564,cb50d440-4cec-410b-9dbd-9295b60fc3c1
565,fe06bd83-91ff-431a-a682-e69a31756b2e
566,1fbc7acd-ec03-4347-ad33-e4984f70afa0
567,6916d6dd-147c-4c72-8c9f-a8a3aa32db4d
568,c691a7ea-d725-43c8-b4c6-b8739d028863
569,983b73d0-1a5a-42ba-b5a2-bd82bfcd5412
570,fd184373-79be-412a-ab69-1bc322de1c9c
571,9b9382b6-ea33-4d81-a677-cd974f69870a
572,14b00339-ab6d-4a71-9977-9a7147ea786b
573,93d4eb4f-18b6-4de6-a0f2-9ca3f7dea9f9
574,6e479b35-8b76-432a-a0ad-7a12be7a1382
575,89eff89b-1a6a-4e00-817f-36e848dfc3b5
576,9ecd538f-bd2e-4366-8100-365f86330d69
577,5b9f6180-9479-45fe-80ce-f42a2e66fd8a
578,d0f401b9-4170-45f1-a77c-301352c05ed0
579,7e355c27-4137-46e5-9d97-ed7070b4d0c0
580,2300962d-c37e-45e8-88b7-6d9db10e80f9
581,32482b15-f248-4341-a085-3c4058db0c25
582,017b037b-7884-4f14-93ed-ef52a3048637
583,41a7a576-d71a-4c2b-8be2-593aea602b38
584,fb96239f-cf6f-41bf-a2c6-4ec6d1d4245b
585,2ad77abb-5eab-4a1c-913a-738990525565
586,e846d787-b4bd-46b6-b039-e76d8e1b3d06
587,db7e35ad-0364-49a8-bcf6-308488a2ef7e
588,b8b69fa5-4e9b-481e-947e-6cbe2f872921
589,37bd7367-a440-47e8-be2b-d3300b38c565
590,f478242b-a1a7-4944-80d2-48ea7544b6b8
591,0093543b-6622-443f-823f-3548482c85d2
592,ae4dcf98-af1b-4991-8381-e514424eea38
593,a92f3393-f832-4431-ad9c-0f560cfc1f0a
594,5b3f59c2-f7eb-4bc0-8072-b22d7e51e9ba
595,f8026880-e9ea-4fad-a1ba-b3ab8c87c2da
596,9daf89b6-8e11-4bb5-98b9-bc30b1aa643a
597,6788e0f1-bad7-42a7-a90d-85e2243ecae3
598,8005ad5a-a32c-4482-9202-8c8024eaada2
599,dcecfc24-2665-4bd4-9061-82d8daf331ae
600,abe76e98-21a4-4d22-9796-010444664173
601,6ec304dc-8b39-4761-876c-43b7d3ab0cd0
602,c4e577d7-333c-46ae-9594-8ebe1fa33e61
603,b0c6bebb-a05b-4507-a12d-8dc4fb51ea68
604,cafdbb70-72c2-41d2-913d-665dede85afa
605,bfc37ef0-e6ec-416f-b294-5eb960877f39
606,eda18c19-c0c2-42a6-abb0-889f93fbd691
607,2644bcb6-6cff-4bd9-b785-cc23f9366de9
608,1de884a1-0c01-484a-87f9-6e563bc4a3cd
609,93587b18-7a8e-4586-a11e-79fc70c69d8e
610,c9f496d1-fbd3-4602-a74e-ccb69237fb47
611,03b32846-4d0b-4f74-b5fc-5319ba92954d
612,8d3718fa-4b12-484c-ad72-92c5df4a6fbd
613,f138a064-5948-444e-8c4c-af5de7e35643
614,0a6e95be-9a64-4cde-baf7-1bba56b03502
615,d0a24263-4104-4fcf-8ee7-0293a632c22f
616,0a8a4905-aa28-4885-b2a5-44fe663854d7
617,7c9b8e73-f0cd-443b-a2fb-47617aab2b9f
618,8d350aa4-beea-49dc-868a-38253f3f4827
619,48d397af-7fad-49f3-b02a-5876ade73b8d
620,3e6ccd84-88e2-46fd-9e21-a523de80b480
621,01fe8f61-ccb4-4797-86af-bc0c37a0b2ef
622,9cc45cd5-e332-4a60-97a4-36c8291470a8
623,c710a6b5-d812-4ea7-a68b-6b2494d86bc3
624,f920a67c-d972-4829-9ea6-bf600583d570
625,ac26ddcf-5828-4864-937b-b5feab534de1
626,4f9f5461-0cf9-4d23-b764-df84d483acff
627,c40ca9a0-d545-400a-81cb-11943605d9af
628,78332b30-d2e7-4c75-b1c2-7d24b001a495
629,c3dc3c2b-5e4d-4149-b31f-1caa5edc93ba
630,23271736-ce7a-4b97-a32e-b5a1d3860988
631,fcbfddab-3b0c-4bab-b388-6ee75433b355
632,4a68d15e-8e43-40ae-971f-6756f0f84f74
633,11389d65-13da-4af0-95a5-e0bfb85b8655
634,67809785-522d-4a68-90fa-be2f828d5c82
635,6dc4887b-1eb0-4917-878a-7fc0a62e4479
636,38707c1b-1168-4253-9df6-091c57217e43
637,40233661-b952-4796-b459-ac06c2f1f35e
638,94a55547-d89e-4581-a822-181fe1632828
639,a693b3d5-35ad-4882-8255-eab7db9d01b6
640,34fdb4a2-f7be-4837-a39d-717bb29d4b75
641,4681a1e2-d128-4ed9-922e-c7cc3d753a44
642,ad9b4adf-12ab-4472-be92-99d5b1c8180d
643,e235bc0d-42c4-48f9-bfd8-61f4da3efc29
644,c7e4b397-32f1-408b-9aca-ad8d6a985268
645,efd0b593-782c-42e8-ab9d-dacf584e9eca
646,fcb9211b-5cae-4a65-a895-d6df4f0f882c
647,641e00cd-f543-40cf-96db-e22229dacd63
648,f786abbb-a573-4ca2-9ca2-52dea02c7e8a
649,2f74d5e2-8809-453c-b999-3014eb834c8b
650,638225c7-760e-4f32-b265-3d105a80dc39
651,06301c1e-52ad-4b98-92e7-71036bae0bd1
652,090d984b-6c12-4a3f-8de0-22678f4e6137
653,549345ce-4168-4a65-97a7-ce84086bec9b
654,8f7bd465-9b81-40a2-9833-5a0e41cfec66
655,df4281aa-195a-4ab7-b369-020bbda69364
656,5ed7aed6-49e1-4bd0-88eb-1ac2965aead1
657,f5060764-31b4-4f00-9a8e-22046453b9d8
658,45b8ba3c-7785-4d4a-bd7d-f6f600ff234b
659,80f66d57-5a80-4127-b6d7-9ff072862d7d
660,0efebef4-9f9a-4399-b7b1-eec023ca105d
661,17548522-3828-42f5-9131-6d5b7f8fe732
662,1931611c-07eb-4c73-87de-9f3c43737e7d
663,7c7c820d-4c36-47c3-afb8-71dacfdde955
664,7672e2d8-b8d1-4ffe-bf37-0b099ef56c1c
665,a6f09845-10d5-4d9f-96b9-85889fd8a36d
666,6f89ef8a-8520-479b-90df-87888689014d
667,e83dd5b4-580a-45e2-837b-567f6529c138
668,b663f400-7ca5-45c4-a083-0b1b435b14f7
669,5d041147-6078-4472-8680-3817adc37194
670,b162da04-c927-4bf2-8bb7-68f73041f94a
671,962c564b-639f-4249-93bd-3c28f5172d2b
672,65b1b698-93ec-4e65-a817-7667032886a7
673,9329ef69-67ad-445b-9c07-682f95642fe2
674,18c07f6d-0bf5-479e-86db-13074996d697
675,39ad0ce2-8312-4c01-99c1-2f794aec73f7
676,8917ac9e-3966-40d2-9624-81a91e979695
677,002d40f5-b6de-47d2-ba54-579eb0351a06
678,1b72ee47-253a-44bd-b02d-66b6eb64d11d
679,23f1526e-8bca-4251-972a-9cdb5a57787a
680,4cfa74cd-75ee-4d20-ba27-a29d8ab4ca35
681,8b10ebd1-71f8-486e-84c3-c4c825a17725
682,378f3f33-6038-447c-95cd-02dcc8939792
683,489f9665-86f3-4de8-8d71-487f7574e714
684,cd5eabf8-ea1d-44cc-863c-a31665d7ce35
685,eb7accb1-8f0e-4d09-b47a-5ddae17da72d
686,fe5c3917-2b34-4daf-921e-3a6cc1f2c264
687,1f385890-d1cc-40d4-91a1-6d075abdcd16
688,e2a68822-f835-4371-bc83-93a68ff2e48e
689,f7f24b3c-1b00-4971-a817-8523e7049e40
690,071e3867-196b-4b8e-b550-0360bbce6b35
691,9711f867-f7db-49e2-b28d-4faa6156a626
692,fda7aee6-50d0-43b5-8a2e-e06499acd352
693,6cabd90c-02a9-4c8e-8a5e-d489b1c6b1be
694,72dca9bc-9d3b-4233-b947-6d327ebc553b
695,4e021789-a2b3-4893-991d-82b37d6a851f
696,0a69eb25-67a1-4615-b44a-682fa42cd1bd
697,3e1b95a6-5ab0-40d0-9c3c-0f83025708d9
698,86e8b0a5-ed6a-4f7a-b2e1-071e332ae6b3
699,81550056-6d82-477c-8197-34a97887ffb8
700,c768d65b-26e1-4de6-a204-f52bf29ee63a
701,8da01ac1-509f-4b3a-a070-44888cf084c3
702,5dc79481-4278-4bc3-877f-215be5d11a01
703,9c98215b-1a3e-449b-aceb-10140fca24ed
704,9102135a-a0d8-4b78-b9ea-ecc55c2c8c4b
705,81df0fe7-07b0-4ee9-8530-28923022b60b
706,566e4e6d-e743-44d9-9725-4932e428c787
707,941dc95e-0be3-4361-8224-b8ab3a7df6ce
708,923fd4ea-2960-432f-93c4-bc8b208ce789
709,5a55a264-4355-456b-a0a3-b3e684e71745
710,1dc781d1-0332-4c30-b1b8-0c8e8a43542b
711,bcef168f-7418-47c2-ab03-1c204686dd43
712,b49ccdf4-c19e-4d6a-ae9a-4560c3ba0780
713,a2b7e61c-7f60-46ea-99e5-fba6cbc4be67
714,4b5d47f1-4022-49f6-ab73-4e1418422c3b
715,394bd4dc-114d-40ca-a53e-d05be18bde32
716,ac976663-a6ce-47db-a068-74f28b3faea4
717,8306952e-3524-47ed-9607-3c1b2be8bcfd
718,1d961d11-dc94-4155-acde-ee11f04e11a4
719,5010a9fa-8bc8-45b0-913e-863f1b432642
720,cd0c4473-e23e-419e-ba14-4d118ab96ff2
721,a07efa69-7a63-409e-9723-69f9ec921ada
722,de28867d-54c8-48f5-ae04-c149bd71b32e
723,70a675a7-bbb7-4db2-8d30-50c471b86250
724,e2b2b94d-0304-4291-a2d8-cf6faff3533b
725,bf9919b4-31c8-4e7e-bf26-b3e47472d398
726,96f335b1-970c-4620-a794-12bd42d8d59e
727,e5235c32-f700-4661-97b9-01d57c080204
728,82bc75f8-a81a-4602-8bc5-bc8b747102ab
729,5256d2c1-6e8f-49ab-b2c1-e314ae5faada
730,d35894d3-acd2-45cb-ba2d-b11861b2dda2
731,b978ea0f-ac87-427a-854e-6e0946719f9a
732,d61cf569-36d0-4e44-9893-eafb65c3afbe
733,6f721fa5-5fcf-4f8a-9bf5-b6fe2c873013
734,5239ff74-ba8b-43b9-8275-631a2754e9a1
735,ef8c14c3-ac12-4387-b3d4-48e313428f81
736,1e821ba4-01e8-4bc8-857e-d34d80d12fdb
737,21ca5f63-b17f-4399-a957-0672be4835a0
738,c4acf3d9-6980-424c-8989-3e35fdc1c1d8
739,5df1991f-39a8-44d6-b375-5789c99d72fd
740,d6e1393c-e0d2-4bb3-9352-77cb36c14a2d
741,88329f99-e1a5-4561-8fdb-c6f6488515cb
742,b906bc76-65d4-41f3-b69a-ee2adee784f2
743,19652ad3-c3df-4908-a237-534ecda9ea3c
744,b55d8ae9-626c-4f9a-aec1-72b2d6219aa4
745,cd13eb80-77db-4eda-9e5a-5cf7143ba6a1
746,42e3136a-c42d-4735-a9e5-6d9c4eba08a8
747,2cdde31e-96de-4202-b5fd-d952ce87a68a
748,6e055bfb-9ecf-4fc6-b7d2-a5cfb6271c44
749,395a52ae-b4f4-4ee3-b6b2-3280d5c6a2cb
750,4d4ebf79-0390-4282-8552-bcf276351f1c
751,50e963bf-03cd-480f-a11c-914fbeb1076f
752,f006acd1-d4b4-4b58-9f5d-3f7bd1481088
753,8bf9b082-33fc-497e-81a1-9de53b81aa6f
754,1bafa12c-9353-410d-a2dd-a2eb62ec1a9c
755,b21efa14-7613-4445-99e3-542d0339b612
756,98f79b09-6b85-4398-86ee-537ee894f1d9
757,ea3fe2bd-5803-40c6-a1ee-4b1734278901
758,a2557748-768e-4cd5-b7f3-241f6f3bbe60
759,18118d2e-3d7f-4a52-9c1e-2ee96bbfecc5
760,1ac6f565-fd29-4990-a705-e6ed8aa03435
761,d254df93-3751-4fc5-a21f-185912336adf
762,e3112573-daa5-453c-b3bb-c9d8a6c8d0d2
763,4c394dec-e78e-4e5f-bc9e-9eaea5374328
764,eca1cc79-de76-4949-8652-9889edd6284b
765,2d558450-3063-476b-bab7-970ac5c0907f
766,5699185c-98f0-4917-b22b-481d7ed55355
767,f9948989-1e65-4a7c-a9c6-9b3ea67a1359
768,5b5b4b5b-3a12-4281-9ec3-f557b4876cae
769,cb0f8824-a4b8-4299-96d4-eb05c2822b0c
770,9dc7c348-04da-4eb5-9cfa-d5ce79b58ada
771,79cf8d5c-0e95-492f-b725-d4eb060dd69b
772,d402aeb0-a107-42d2-b676-3f5b2c17bb75
773,bcbd37c7-aa2e-40ee-b00b-f327d3b57512
774,8fbd9ff6-48f6-42ad-85b9-aad8260d70f0
775,fd0b05d6-ed57-4d0e-a7fc-bbf24ccab571
776,58eef825-155b-4323-a785-f627e981dc34
777,28a5f118-df78-4bb5-9a78-8ef2d3739e36
778,626bea3e-d149-4677-93da-3bf7e2976653
779,12e2d91b-cbde-4bfe-b7be-ed6e37c47960
780,c3a2d38b-9d72-429a-ae6c-974e0dc86200
781,74841392-25d0-4878-893a-58a5375c62cf
782,30e21544-6212-49fa-86d5-750619ab03d8
783,d93f9c79-f092-4893-81cf-f8be7e86e85a
784,2d123ae2-ec08-4d54-a628-f11a06d7fa46
785,c4ba9817-d741-4d28-8c72-28dc923bae53
786,cbc32603-b516-469a-b837-10cddf88b9e6
787,73c88706-538a-48ac-af3b-cde9da590016
788,7902261d-5a18-4fa1-b57e-36cf1a181f71
789,b083c1b0-f0c7-4497-b732-fe46777beb6b
790,43ef6011-f28a-404c-8b05-39196723d4e8
791,85683ed2-b6ba-4370-8170-95c9f1e7bcdd
792,994b438c-17ce-4322-a11a-10edd9f57194
793,ecb8bf4a-f688-440e-a48a-45a16a50e436
794,0ca4f7ee-b7d1-44ec-a9eb-fe7c44b21d0a
795,3c3b4e56-e5ed-4d06-9133-6aecb8c1073e
796,ecf6b970-1e55-4def-8af8-439b1b6bc3bc
797,7ba69e6f-eff8-4b93-97c5-cfbcb8e939ef
798,0e204410-0ffb-4ea2-a360-6dadb9d3acd2
799,910e4467-6846-4021-9a17-6bfdc32385f8
800,83c28f39-f9bb-474d-9daa-5ae3b1709af9
801,14e6d4fe-9a93-4b46-9d29-4fc20c79df49
802,18004ab2-c159-44dd-8fc2-fe1e49c97970
803,33f1dc19-8935-4b2d-a9ce-8fc91b85adad
804,a25b4a88-67a5-4313-adff-e602edf45002
805,5be37e90-993a-46e7-a404-fef59f096b20
806,ae7abb4e-843d-4f93-98ef-12e98c4a0a3c
807,5c413a92-f7b3-4b66-9229-32aa79d4ae89
808,08019345-8f0f-42e6-bfa6-8a0eb3120c14
809,a3afd3b0-e434-4677-b556-84340aaa260b
810,10542f9c-94ea-4125-9dd4-f01771423e12
811,64dd5441-6b2d-4415-8147-595c77f9ebb6
812,94daaa25-7196-4663-b6e3-8f08d6708669
813,b6ef38cb-c762-4b7b-af3f-52417888221b
814,badb0478-91df-48e3-8fd9-dc944ec1be39
815,446126c7-cd4c-4285-ac91-427aabe31fbe
816,a6954846-8587-43c6-b7ca-625c7467bba1
817,be7f3184-5308-4ff5-bd0c-3b1f8494acd9
818,c2f7870f-8911-4407-a4dd-4e56fa25cc9f
819,08f66cec-047f-4633-bf64-e37f7f51be73
820,1cac4471-4503-43fa-995e-13e1e5452b61
821,8b91f249-0507-4492-83e6-a71ba32e934b
822,5fcecd8e-9908-4cbc-8009-0d6deca78a5d
823,28d3be8c-db89-4a36-8e93-50129c5c4dfe
824,afd7fdfa-85aa-4e58-a534-b16f33055c2c
825,a626d600-e7e6-45aa-8f1c-8e644a51b4cc
826,0505a242-da39-41d8-ac38-5934e3b9c63e
827,5dbbe22c-b589-488e-a043-d2bac957a007
828,cb938320-4d82-4829-9fe6-665573cf7980
829,98e132b6-37ea-4f44-be85-c39183ce7215
830,af1d229b-f29e-4492-b61a-cc0ec1327a71
831,dfafb4c0-375a-4c7f-82c6-e556d4bb929c
832,96444335-54e2-42b5-af23-b2d834de1736
833,617910bb-1340-48cc-9de9-2f6e6610a4a6
834,eb3ecfe6-d55e-46fe-8954-dc4a1982315c
835,7d070ff2-2052-479b-a1ae-0337e8ce4de5
836,10e5fc50-5c08-4124-845b-4bd8bd6654b9
837,36a49822-80d0-49a8-9c74-1d44283cb9ec
838,5d1bfb4d-76f9-438b-8882-5904c4decc06
839,143f6bff-aa4f-4677-b618-58b0387c7985
840,b9d42779-d116-4b4b-9c55-9fa667541677
841,2fad91cf-969e-4570-b886-2519b5d1899a
842,19dc3fb3-4ae4-41aa-969a-c18eee125b16
843,2d5078c6-8a95-4c9e-93c2-c0608b8f1a57
844,590209e0-9dc3-45b8-915a-5650344f5af6
845,899d7b93-ad70-4b43-ad4d-47aea4787f96
846,050f3e76-df51-4ebb-8b96-45f214e1ea3c
847,35b17620-a943-48cf-9d04-50059ad94bc6
848,d40b8e5c-e58c-4475-9798-049e40172585
849,6f2bda04-daea-4dc4-9f5d-c62cb3a00222
850,3084eae0-45b6-460d-b894-05b72898ecb5
851,6be830e6-97ef-47f2-bd9c-89a6928cb2c4
852,7ea11dd9-8e9e-455e-a4fa-f2d6dc94af31
853,167a901b-e90e-4aa9-9a6a-d56e3debf100
854,167b341b-b13b-4c82-b84a-10991e21989a
855,e6d6b722-24e2-4132-9a7d-cf624086b75f
856,0a0779f3-e99c-461a-b67a-2671c2e9f12e
857,d1058775-d8e7-4332-bb80-af5168e21357
858,6a810da6-d009-4963-a9c4-297c59b3b2b1
859,04b775ab-cdee-4a71-b0b2-f65599bb678e
860,c90173d0-43a8-49ab-82d5-f8cc13da10b0
861,b5d60267-ab72-4d1e-937d-43e04f4b7a41
862,47d53ae3-6229-4bef-b6c4-13d74cdbe611
863,cc096f9a-73ef-44b6-a7e7-591ea430fe2c
864,c9bb23ea-3392-4ce1-a7ff-6af11a02edb7
865,26306282-e761-4c77-ac7d-0b1fcd5e9e88
866,051e5687-ed77-4d67-bdd8-6fe55058e2f6
867,3bf62626-a046-46d0-ae7c-8c045e387d0f
868,3175d745-a9fc-4f65-ba18-87393f78c6ef
869,5a2b92af-902c-485f-89dd-da7acfa093ef
870,3450b4d5-ab1f-4d61-a07d-5b3ba630e9dc
871,452c520c-371d-4b22-ad9a-33d3678c800b
872,e26992d0-6432-4288-8f90-833622e7f3a4
873,7e43d447-f94e-4da9-9c1f-d05b75f91948
874,76c0cbca-9274-40fe-9ac3-1fa79913d38c
875,dcbccc7f-c3fa-44cb-864f-d32229481dc2
876,88111864-9c4c-477c-b9c2-501c167b7052
877,380225ac-21df-4686-b938-dcdbaa5bf075
878,5b82b070-02a3-4fc3-a0cc-96674d1f9c22
879,2075a335-e1f6-463d-969e-bc91474a3f25
880,072959e3-6fc7-41a6-9296-47f33b7256a0
881,231af119-8496-4f68-b620-7758d1ed72ff
882,26bd701b-6744-44b6-aa1b-2ba537260685
883,bae931bc-0a7e-45c7-8b5b-c42d24e38db3
884,1ac6cca6-62cc-4649-986f-3981bc216660
885,f7a98597-c4b2-4fdd-ad58-6df1d3b0af7a
886,5478ec60-67bb-4e2f-8b40-45da0f07af30
887,c3cd4f36-dac3-46cd-8e67-f89feac11dc7
888,829340bc-e8f6-4e49-a30b-0caa9e43206d
889,12d6246a-fbad-4cbf-93f8-bf846288f3d7
890,89564908-c7c1-48fd-a154-24008c49526a
891,5e49867d-a461-4490-89a0-26391349f4be
892,a70c55cc-42a9-4ef1-ad19-0cd38dcad3ca
893,e66706a3-0ad9-4efb-b374-45160bcaee40
894,a81e76bd-9aa0-4d72-90b6-62a8e7c43a77
895,e5e608cf-adc7-4a80-85db-41a3c0342187
896,061273f7-a9e8-4de1-94ad-3e2162d0819b
897,50b97068-8736-4671-951c-bd0f7360d879
898,4f1b79cc-4c96-4bcb-a6b6-e0ef1470f790
899,6a202b72-6434-4732-a09b-0c147ead07bb
900,c663f036-4cd1-477a-b705-215dc4855c46
901,de33ad4a-2595-43f9-a4dd-974ef44c5b98
902,b824f325-02f4-4fb0-a6dc-e31ccf870c71
903,66da41bd-2646-47e1-9ad0-a9a37500d807
904,2c2fe830-56de-4e02-b2b7-a4e24521bbc3
905,2b1d292e-5562-4003-a894-5e0b08703fda
906,5cee6902-e300-4f9e-a3c1-35c4800bc999
907,d4dc0880-57da-4c4e-9c44-c358086c134f
908,157c9a42-e188-4f38-b080-dffdef24310e
909,5e9fd4d1-2db3-40d2-aba1-aceb02ae525f
910,ccd20c24-3f84-41bc-afca-ac72931cf20f
911,ef724a28-8b14-4425-b81f-8762d9dfbbce
912,51da887d-847e-4ec2-8bd5-6fd2cbdfcb6d
913,c94193c5-9ac4-4a5e-8cbd-c4c358f36a66
914,10c7d27f-717a-48a0-94c3-ce545e28d822
915,a47cc667-0b3a-4796-8482-314062248903
916,df2120f3-e10d-4bf2-913c-a6a9c8bbd512
917,9b99b9d6-f211-4ee7-a9d1-8f593ff35645
918,0984fe27-4922-418e-8722-be9ebf826f33
919,a1035cd4-4a94-4074-8f9e-0b5b1f10a7ff
920,4aae3cd3-436e-466c-b603-35985e7f9fc0
921,aa969b94-00dc-4326-a658-52b01e06b9c2
922,34a7fb26-7944-484a-9b6f-7ab296f26cac
923,35bf7f7f-4a0c-4dc6-be4a-f9fe587fc084
924,a8f88299-7df3-42e1-a1a9-a7f91195c150
925,bf5673ed-6c73-43f0-acfa-82894f14054d
926,830a261d-1054-4bc3-99fa-58e08832ca15
927,b37dd960-9016-4822-b98e-9a4b2b35d623
928,d06b5e7f-063e-447a-8e37-251931a8e86b
929,e715660f-3854-42d6-9422-b4299ec01f45
930,9ab49cc5-090c-440a-be42-30276e70bd07
931,56e397bd-20ed-43c2-bbb1-0f3f62870ed3
932,5d39e14a-b59d-410f-a2b4-2331e0b7e303
933,98a00dc0-be28-4e05-8731-cee0d70baf0e
934,28cd2e28-30a4-44d7-9ada-3384f73d6eaf
935,e83c5877-4ec2-40cb-8962-41ea62183210
936,9d018796-5086-4565-9da9-5c600b5825f2
937,ab34840a-7158-4a7b-a524-69ee031a4ab0
938,f0bf3cee-9b7b-40d1-b5c8-63d2c520a7ca
939,f918091b-c47d-4724-9e89-80b8275e8e1d
940,b8863d29-21ee-4bee-a4af-9d635675e0e9
941,eedec579-47b2-4975-bd1c-45dcbcd5a5fb
942,5a69875e-e85a-43f8-8fc6-bffe19a011ff
943,4c8bf3db-ce8a-4032-bcbb-1663b488a7eb
944,8ac97087-b039-4b0d-a965-aed3b506f518
945,6653473e-ffdf-4109-8dcd-b0f4bfe65484
946,1485fd0b-c09f-4a43-b71a-07db351227b7
947,19f6836d-d0cf-4bb6-bb45-2c70c82acd40
948,5d4331b6-bfa2-456f-987f-32e6108f1dcc
949,6aa18fa6-bcd7-444e-bc5a-c655495ee4de
950,41179c85-c5e8-4f48-ac7f-465a5cfc95d6
951,3d590361-b535-4f4d-9fba-6916d202577b
952,a36ba42a-4804-449e-9234-673008dfdc14
953,3cd3def0-2b87-4f38-8491-cc092ad6b706
954,8299e946-7b49-4bf8-a359-e3e07fa5e329
955,d098a3ea-7832-409b-909c-f0f6d4067b19
956,29abaafd-e7ba-4d91-a4e1-5796767c160a
957,0e1253e0-fd87-41b2-80a8-9ecd1a0ce838
958,81f601b7-8306-46ad-a374-3eda7e56fb9f
959,4e732314-d038-460a-b75c-dc9f7a80317f
960,7ea4ccd4-78cc-4f3c-9c78-3457fb406de8
961,ae28331c-3773-400b-897a-4bfa447b514a
962,cd46f18a-8765-4cdf-b804-f12c5e0ae914
963,9305b48d-ba3f-4d2f-9add-a6a874aaa847
964,f2b97e5d-d085-4d24-b05f-d649ce985c39
965,a0467de6-f81a-4d6f-b7b4-4fab8d0bc96d
966,51957f61-e776-4952-8a50-e92c7b772436
967,f8c14d9b-d7cc-479d-85bc-7151932bcbb5
968,c341446d-36d5-47be-babd-374df30c4131
969,4e338c48-e1ce-46e3-a401-ec0e6159f300
970,38441ecc-adcd-40ec-b29a-e41bf33d19ba
971,69a9a2f2-94a6-411b-88cf-a740f0ee38ff
972,d7bc0e0f-146f-419b-aa55-1931fbed1bef
973,288020b9-cdbb-4609-b607-a55549369008
974,dbb9921d-7d2c-40de-8fa3-3d2bd76a8965
975,54e0436a-7758-4ee3-b19f-e502f1b9db15
976,e551dc5c-c6f5-4921-afca-43fe9b4815e2
977,99874bf4-8f97-4dd5-90a3-7312e44081c3
978,4f09bb1c-3500-4d49-b94d-046a1bde3112
979,e45a9046-8c36-4dd8-bdfb-52bc49000c9d
980,be5b3f74-3639-4503-bb5d-3fc366aaeee1
981,42103033-54a1-4c86-b5b5-6de7c5cd4c05
982,586c5ce7-e20b-4af9-9127-1d35e159aeaf
983,467647cb-132b-4208-a82b-fff70e7ac4af
984,04999fea-601c-4e99-ab96-c25483ac13cb
985,24f494a5-49b3-487f-b7c7-bd4fdeb57e27
986,1cce0f70-d4d0-44e6-9fee-1141f4885735
987,460ea319-a3c0-4424-a5fb-7de644755fd9
988,df1db0df-27a8-491d-8f79-07111534a8bd
989,c7e83f75-0f9d-4f74-8d54-d3ae2cebe9c4
990,e39fc762-cf01-4d13-817f-39afde2cc7bc
991,bb727698-bb14-4cd5-a423-282ef60d31e4
992,bfaaa85a-b0b9-4f84-8a4e-e1f360810c65
993,7e0fe1e2-c798-42d3-9329-791cf4cdda4a
994,ccc6020f-7e76-4502-993a-25a0ec8f7d87
995,2b6ea5bb-ae7a-454e-b3dc-3f82e9635dce
996,a20478ca-9f8b-401f-bc4e-893aa4f484a7
997,2eaf8fc2-9d25-46ea-80d8-08d3d8efb459
998,cfd248b8-cdbd-4ba1-92d2-32237b2e5e68
999,d016dc8c-b078-4d75-8106-a8f0e43afdf1
1000,ecb97bf7-023a-4e40-9d30-22be8ee29a04
1001,5d00d80e-5a56-411d-9619-611f80a79c69
1002,06529aef-8810-496d-9194-bb6a154fc872
1003,d397bd1b-eb1c-4d80-a20e-df5be4bbd05c
1004,28ab3006-8925-4384-8322-29b5e23d9a33
1005,eb1a107d-4cec-4e71-a260-ba0a0a2a484b
1006,f4a165f0-737c-4f61-a6b8-b456619938df
1007,651a60d5-8319-4478-85e4-2794b9de1344
1008,00d3646f-7a69-44e8-bc51-af83886c46ab
1009,21707a6c-8b23-4c9a-8a94-51cb2ea63b92
1010,9aa43d30-db75-46ea-bd98-66c085043b94
1011,c7c18bea-19e0-4e67-a19f-30152d37cab6
1012,14d64a7d-7ece-486b-b21e-6537ba5c3672
1013,acd24640-e18b-4203-bda5-c51815a7996b
1014,bc6804a0-e584-4589-be2f-f089a39cee6f
1015,bedd3fe7-72f8-4f9d-8c43-3cc80356ce6e
1016,d243bf9a-3bf7-4a99-b421-f4a42f0226d7
1017,f3deb474-3a78-4434-bd77-486909a3734b
1018,55a3e90d-ffa3-4cbe-8ab6-7c03b72affd6
1019,9a7414d0-cd45-4470-bd23-9237d4099ade
1020,45329ec2-7eca-474e-9de4-53cf3969bb98
1021,e600c9a1-7e74-4bf7-b2af-07b8a6d8c408
1022,bdf7b5a2-edda-444e-8c15-df1eb9959053
1023,188f658c-5679-4eb7-abe3-8bcb7437c5c4
1024,7d97a040-2a88-46f3-8184-da6bfcd6a75f
1025,a4515499-8bf5-40fb-8520-e76d26eedfcb
1026,5f41df58-21e9-436b-af1e-6ef730cfb6aa
1027,72373a67-7673-4939-8970-ec5fe7afb049
1028,1fcaad8e-ae41-40cb-891f-47e20948e005
1029,21143146-228b-48ea-b889-c40ca7401ac3
1030,f86fe080-1daa-434f-8d25-44bd634c77e4
1031,37459ea4-dac8-4e4c-b15e-b20fb9fa923a
1032,419e1bbc-5e7f-409b-a50d-028f262da289
1033,c04b6cb3-8acc-436d-a325-16bd8c39f986
1034,5f3a9233-d886-42c5-a4fa-0cca351e98d0
1035,906c2925-9d27-49b0-8cd2-2d432a74f2e3
1036,bfa43bb8-d447-44b4-bca1-b045f847ebe0
1037,592cade0-d68c-4817-877d-23e715065592
1038,a0e03c25-4442-4e80-9a11-51575af93994
1039,7502e203-1e08-44e9-b291-ebb8c5719885
1040,828cdc49-baf7-4ddc-9f58-79d922b7ccdc
1041,e9ccdfad-551c-458c-8295-8d97c93bc553
1042,1375fa6b-0b13-4901-839c-f3c628acf3bd
1043,d3630d42-6542-433a-9ddf-f130adf46d90
1044,8aaee721-719b-404a-a48f-445ca9291ad0
1045,b391e9a5-ecb0-4010-9e37-9a8907fcae79
1046,912e3928-2fa5-4f49-aad0-a3bc0d64b69c
1047,bd051a46-4b34-4442-896d-09a924f2105e
1048,80ac8826-6566-4587-a27d-78cfa0990540
1049,80ffbede-856a-496a-8e69-966dfd5a5e21
1050,d5118d6d-d274-49a0-b5f7-e1f07bf1e2bd
1051,e3e28ede-3d0e-4c78-ad6f-a5282f99f5f4
1052,ff0c112b-0a01-4735-8467-43da259055f2
1053,e405fdb8-c814-4904-a028-244da7aaf4eb
1054,77b9e866-b25f-485c-a204-10ab7a962440
1055,3d613320-da34-4b7f-b71a-487f3b60d19f
1056,ac72c0ea-2574-4716-abc2-931019ce843f
1057,06628f05-3d0f-44d3-ad2b-2e5ad2acbd49
1058,7e98d3d5-9781-4479-8b4e-f2db0685c6b4
1059,e27292d1-c09b-4f7d-bea1-070feff20c0f
1060,36628276-e1a7-4fa5-b304-b34d3720c4ee
1061,085a294b-2137-4fe9-b6a8-7577b52e237c
1062,365da01a-aa64-4eb1-b54b-b8c39cd5fd23
1063,0f2e1c25-d919-442e-ae81-57bf7f838ced
1064,2b996c5b-dc6d-4b0c-ad36-61cefe737e92
1065,45e2c711-638b-4dfb-949c-362fb30dc599
1066,1ce4d27b-aa66-47d2-95ff-7bee08b0b6f6
1067,4dd3dab3-031a-4e2b-ad18-9f2bd32107d8
1068,25911fcc-1ff8-47e1-a197-41176f2d465d
1069,82cc597e-41fa-4d02-ae43-324d28638699
1070,73bc22d7-1aca-48bd-8fab-b8a33e06c2c6
1071,b7e0531f-7dcd-48c8-99ae-273f8fe832f8
1072,24dd08c5-08cb-43ba-9e69-4278e9dc2bd5
1073,6662b121-16d9-4c59-9a1a-e295cad4b3d9
1074,9a7c5d71-d61a-4752-83d6-d15b239050b6
1075,4ae80643-70e7-42c1-a480-9e14aa59e556
1076,e35331ae-4efd-480c-ab4a-f812033047a0
1077,a2bd327b-b2e9-4df9-ac06-9f6118b8bcae
1078,3e1531f3-807b-4a9b-891b-4b1c88323810
1079,8ef6d252-4c2c-40ed-9781-5cfd0d0cb741
1080,7be0e77b-f8e8-4aa7-aceb-5b11520539a8
1081,7da67380-dbcc-4a38-a3aa-07c3ca650704
1082,b4b5b106-f3b2-4310-a0a2-25ad8c69bd1d
1083,81fea8d1-5370-4a14-9d4c-626a8ba6643a
1084,f0f84c32-18ac-4156-9aa6-979fd33c813d
1085,f9bfa708-6ddd-4904-a022-50738731c9e9
1086,65e939f8-e4e9-469d-8ffb-f6152e8e3ff1
1087,0b72e735-e202-438f-8b9e-18c81b49f267
1088,a1623ec1-f598-40cc-88da-a047e76a5c6c
1089,554501d9-9cef-4922-b2f3-8bbb3ed4df03
1090,b438bb1f-ad24-4b8e-bc8f-6bed0f3d9e15
1091,cd537eed-3047-41f6-bc7f-673f87b63ea2
1092,f293011f-d843-4732-b894-7f2bea514880
1093,1984dc88-eb26-45c9-960f-1140bbdfd419
1094,64f3f7e8-d0c8-4bf0-84d5-e3a2dd37a20e
1095,f8c7ea14-309b-4dae-8e5c-b27e93378053
1096,c61ea13f-442b-4813-8089-8b06c57b054a
1097,29abc6c4-118e-4f1f-9d0a-a050094c2f1a
1098,098fa80c-fd3c-4ff3-a905-ed2c385f014b
1099,3b344a00-200f-400e-9b18-b3c711417270
1100,c1c121d7-4909-4485-9af7-055bcc4887f0
1101,16a67299-fe7b-4ef9-91e8-dbf577b73a16
1102,81dbe277-e2fa-4a58-ae35-d12f0ab7957b
1103,71714e67-96b3-451c-81e2-f04ab145c5b3
1104,2244ec85-c0bd-4283-9f27-371aed0e3450
1105,73801d4a-5d7a-4d48-b98a-7d8138449e73
1106,05ac2180-a46e-4a65-a2b5-07609d802a7c
1107,e4d20342-b110-4320-85a6-ddea5ac62c74
1108,f3e12ddf-da83-4534-aa3e-6e88f3e3c68b
1109,7413da87-52d2-4bef-af93-ca0590633c65
1110,59a594c0-742a-4f87-bfd7-34b72c68fa18
1111,ffd9fe82-63f3-4a9c-aa89-edc1c5586a0c
1112,e6b9a13a-cc93-4e20-9e90-4eb1f2405e70
1113,8f5a0950-ee8c-4c17-a176-cf889a1b2e2a
1114,380d0e1b-1d28-442b-add3-3f57da48e532
1115,e5b20ab9-5a10-4078-b7c2-0ceba695a5a6
1116,8cb21996-7037-4479-ba84-7028662f8e50
1117,26031890-d98e-44ef-bc06-c476803f76f7
1118,0ced97ca-c283-483f-948d-c1a07cc6e917
1119,1d4aa988-649a-42e0-9536-adfb2be921cb
1120,25148d9a-e9e8-469a-aff1-43ac3e40250f
1121,59c9c36c-e88f-41f3-a33b-5ac7be051624
1122,18bc0a97-cfe1-4bb1-9a23-d27faa8e866d
1123,982619f1-708f-431b-99d4-268264ac2403
1124,1ecd26f2-31f6-4210-aae1-ee265576b5b5
1125,03d71d64-9ff4-4fe6-a90a-bb457e10c47e
1126,b707c6f1-cc7e-4afa-82a5-5b0371794376
1127,07598908-cb50-4a83-a146-2411a2bbf784
1128,69a01b8d-67c0-4f93-bcf6-a8688a27927d
1129,edb64be4-5f1a-43e3-9e5a-dca0ec1813d4
1130,73259c92-73c6-45b2-a7ec-5d07b0c7fa15
1131,0e5fd8b1-06f6-4d49-a4b1-5f3f6021f8f5
1132,717fa210-00d5-4ef3-8421-3a3b2cb7caed
1133,404c3302-dbe6-40af-b414-b58b315404e8
1134,f7dab151-f93a-41bb-b04e-c967a0a74971
1135,4f6e7e4f-a032-4d40-aca4-ddb0dc464024
1136,0e7c59a9-c020-4385-b1f5-c1d6a9cfb8b0
1137,805df478-faf8-48e4-b882-14c16f4b7cde
1138,e3df2d2a-9efd-40cb-9c42-78fb44be73d4
1139,368f2f76-ea00-4e88-bae1-c24435589ac4
1140,b054bf54-41c9-49c1-bf6d-1cf7c433aa81
1141,10d37937-f6a9-40bd-b729-d5f115b3f0f0
1142,03456dca-65e5-4845-a81e-0c9792320e53
1143,cf994a4c-65cc-492f-a842-cb14630b8d59
1144,0da2f11a-85f6-4491-a4d2-4360b1c54c10
1145,53903243-4446-43d1-9db8-75adf3130a1f
1146,33286206-118f-4fca-81cb-c2441c068cf6
1147,1cd83032-1cf8-4d8e-9285-7c7700f13342
1148,58f90113-908f-4d9b-8786-0f4ddfde8204
1149,f119d82e-ffa3-42b3-8514-62a82c555cca
1150,48127098-5e7b-4b27-898b-71b46ae11c79
1151,dbbe3251-a715-4baf-87e2-13d251e3c1cf
1152,adc6012f-d615-44b0-9d66-ef7ecdaf74a1
1153,fda5fccd-8224-4b33-9162-4fabd51cbaf8
1154,f70cbca9-29bb-4dff-82e0-428660aee8d0
1155,6349c86e-7a48-4734-8f8d-09e89d55e67a
1156,fd289bbd-52b1-4ba8-928e-f4eea91eb779
1157,f638295d-8b54-47ab-b7e9-9784ff4e3bc3
1158,9b49590f-4dca-40c5-8d8a-77054f5df0f4
1159,da2f0423-73fd-4243-b9bd-edb318af3ed6
1160,3a4b39bd-f179-42c1-a463-0467c85c158b
1161,d63d86ed-b68b-4df4-b0fa-b548084b179a
1162,f1db96e2-3fe9-480b-a6c7-10602daa7b69
1163,fcf01eb3-0f27-40e2-b1d9-107e19e05809
1164,c6719851-7d38-4ad1-9798-1838a8700e21
1165,a20d1546-06bd-4102-aeee-654505538164
1166,246be8d8-9616-4721-a512-e4a3609f20d1
1167,a27e5b9e-41a9-40e8-865e-f3d941fd1edf
1168,e7b673aa-5c02-40d2-811e-0beb1f0916ea
1169,71b6c48f-3fca-4858-897d-7c374f521815
1170,2e6f9114-68be-4cbb-b305-b711f6899d47
1171,589bcec6-be9e-4326-9c85-3f5ad014f268
1172,0855f2c3-aea8-4538-bfb1-fdc40865462b
1173,4dffeb71-3bed-4daa-9579-1ac04fd5eac2
1174,78d0505c-a4e3-4f2e-a3a9-a3582ca0a2ab
1175,d1102e26-ff4d-40b2-8df5-97c588af7b4a
1176,18707118-939d-4803-8452-6f410a0b76e1
1177,cf9dd500-3314-429d-9da5-c0367a60aa2f
1178,1a7466ab-6791-4fcf-93fd-889ec17f81e2
1179,03061709-9701-4df4-b9d4-8ea3affe9448
1180,2c19e3c9-2d05-449e-9ec9-133fe668bcbc
1181,0972f0c8-eb4a-464d-93f8-bf9c79dff0a3
1182,804af222-8278-41d5-8de6-51f90bdea8b5
1183,928bf19e-678c-4af7-8aef-128a7deee449
1184,13074378-f798-4071-bd98-074e2e3cf81d
1185,55e04ea5-60c1-4e59-b0eb-52b8a99cbc67
1186,8d5f92e2-67fb-461d-91e4-c46a38fe692c
1187,10413e50-15c6-4163-af3c-ade30380f550
1188,36e627b2-6d27-432e-9aa1-a5cbc4729cc3
1189,96f72a50-f191-4a7c-8db3-7e39ff4f9596
1190,2f095eaf-f89a-4b3e-82df-0a556e317c6c
1191,d960b1d3-0a39-4801-b506-6fc7a986ce57
1192,aa1e7f88-debc-44a4-a247-61ff485c4892
1193,12c6413a-123e-4cac-b324-675b13b0e1bd
1194,1eae9a63-fade-46b1-bcc5-8bf34f4281af
1195,a2586e0f-3796-4542-9a04-c9c84fb86ad5
1196,60f85560-0aa1-4726-a4b6-178ed2d6154c
1197,df9c71a8-f043-4200-bf35-6a1d21eb679c
1198,3e60cf70-de4e-42f6-832e-07f5608e8174
1199,558a19d8-b67a-4140-a2de-89d3c82728d1
1200,2d247c66-c81c-4039-adea-812b945135ef
1201,922cf0f6-12f9-4552-a5dd-55cfb0cb69d2
1202,26a01f03-9304-4526-92c6-35e14a10db1c
1203,87448c03-da6e-4575-bb22-c725dae662ee
1204,d9a6a3f5-6d92-40bf-9276-7da4d3747930
1205,3e9ce22a-1986-46df-b3b1-952699502760
1206,27e44d0d-79df-486e-836e-82062d40c189
1207,28402a42-c009-435d-9090-d6d1d9ba2bc7
1208,f473b995-3a34-451f-97d7-bd35e4a7b9b3
1209,15349438-5c8d-4cbf-9052-54f75d93cf2e
1210,d9de0861-32a8-483e-aeac-909e0e793d92
1211,96603dd6-f1af-4cb8-acc3-fa2fc59919b3
1212,991d4dde-ce08-4346-8636-2b2aadb46f13
1213,b1e8bba6-8f56-4920-9366-089eeeb62231
1214,1a38cd99-6d5f-439e-b0d0-5feb60b1b8e9
1215,766273cc-7dcd-4975-97c3-75670f9ad990
1216,504f4dd6-d0cb-4e03-9fb2-753ac870957c
1217,fa2f2b75-0246-4fed-8bfa-21584aa9206a
1218,1edba815-9df8-4cd0-8351-b877c61d1bb9
1219,710a0e13-0d6f-4418-8845-aa789014f02f
1220,4cc7a6f1-06ca-45f8-8f84-3fde5f6c8eb3
1221,8dc11a02-972a-4711-81fd-4acbc57a3265
1222,827ba094-395e-4f1b-9470-c3aa3bc6c808
1223,acead811-21bc-4430-b2de-7de86d43b20d
1224,b6c0eca7-b92e-4fd9-8be2-2f8c90c06b33
1225,44a67f3a-f25e-4136-9604-9b959b9a4908
1226,4ab325c4-17f0-4a00-9a58-220c0b76d091
1227,2c768f2b-2c47-42b5-ba31-bf4ec91157cf
1228,8bfcfeff-349c-46a0-8a7b-1041f99bd879
1229,8d081127-fd53-40c0-9549-8c28862f7ef0
1230,ad80b4e6-bcc1-4deb-b0de-cd818b6d39be
1231,cc241e64-777f-4747-a650-9ab868222f62
1232,17a62867-3d6d-4456-ba13-e580c8f9c364
1233,0fdd6efd-9823-48e9-ab44-645898966fb0
1234,dd1c9b81-49ed-454c-843f-cc6e8b422c61
1235,65a910f4-9ebd-47b9-9c63-4dea16e77c58
1236,58db7152-a3da-4711-8660-ca59be3e583d
1237,8c54bd2a-a543-4e2a-b1a0-8924d3a77791
1238,3d6fc5c7-cf37-47e0-9e04-23c8211f9f95
1239,50bdc673-d1a8-4d25-9c7a-32cbc7a3e8c3
1240,765ee7ec-d092-482c-9fc6-2e19bdb05fb3
1241,f3028885-5b3c-4a03-8fe8-9caa21eb3700
1242,ff364462-bcdd-4a8a-9880-9dc4920a1b11
1243,c1cde165-3040-4566-996c-32b2e1a3fc2e
1244,0fbce669-d7b2-42c7-bfc7-3e0ea7748096
1245,f511c4d1-1430-4fd7-a551-6f4dadc7331f
1246,21cfa7a0-6bc6-4e4c-b3ed-72fdc91eac28
1247,cea1216b-f0b1-4861-b78e-f16d3411d9cd
1248,293f1dfc-9499-4132-b473-51b453237be0
1249,8a8a6219-91e0-4e68-8a2a-03969266a71f
1250,ef4ca810-1fd4-4f43-9572-d9c8ba75d103
1251,3623e98f-35a1-463a-8d3d-38ba8860f15f
1252,a644d8bb-b2f6-4734-b8b5-4813b1d51f3f
1253,f4df0048-90e7-4edc-804d-170511fe7e03
1254,272caf53-9c08-4317-9eda-d9c00d282736
1255,8b1183ea-aa73-4086-8111-2215c01e8b15
1256,c9d993b4-b17f-4beb-87d4-4b46b91b2b9a
1257,9d944d88-1868-469a-ad56-8f01d4d9ad78
1258,6ca9c522-0bd2-4fc8-94dc-7f4177a915f1
1259,75d0613a-f79c-4340-b631-d65323a3653f
1260,bbce21ef-0771-40bc-b783-c13fe78732f0
1261,d0e48a3d-e28a-4231-9368-f81c12cac5a8
1262,40cdd9f6-d053-48d9-96eb-a012a6c252aa
1263,24c2d620-a919-40c4-becd-b3892d770f61
1264,dd83bb87-ceb1-43c7-ae8e-a42e5314f228
1265,5f9016e2-0545-481f-b535-2114eccf9de4
1266,b39e298c-4c3e-422b-a9bf-d94e19f0b3d1
1267,d7f717ba-9c69-4971-9428-a4c1f3303126
1268,dac0ba9d-36c4-4038-95f9-53e0a90f88a0
1269,3d629e72-9a6c-4df2-9c25-f64dbd203cb6
1270,d20583fb-3da6-449d-9cf3-2a3258ea92ae
1271,ea1837aa-9e4d-468d-b8df-6dbf14bf9cd2
1272,acde88f7-1a5e-4caa-b60b-a620f0895da5
1273,b565b622-854d-4a19-a2f8-a488450d0fb3
1274,9bb09919-c1ce-4f77-bc36-e060a5ddd106
1275,edaa6573-3784-4c32-90e5-13f8cff33b58
1276,e8bca5d4-b02c-4d59-934f-dd321fc356dc
1277,ca2fda0c-b74e-440d-8f16-1eb870f96440
1278,6a336c25-f034-4710-8aa6-608afd42f0c9
1279,0c5a825b-b04b-497c-8429-566f922b1fcd
1280,ba207ea0-b22d-48cc-8fcd-75850d41d40f
1281,ab47bf25-b43d-45ba-8711-5504dfb28b24
1282,c9e9e430-a780-435b-9aba-da2ea166bbdf
1283,bd43a03a-e691-4441-9867-fede47d6749d
1284,32b11f90-d9d9-4880-b93d-bcf29044c551
1285,ea367565-1f62-484f-8c0c-8960e7516c25
1286,768f607b-8d08-4429-b89c-3ac9bccd1069
1287,7b2007cd-e592-4124-96f5-e0b6447b372d
1288,f001b029-41b8-4f58-a435-50a62eaa6149
1289,1123ff4b-afd6-4ba5-b0eb-c2cc919909b1
1290,3f543f91-bcd8-4101-8bdb-15e7190fa074
1291,5d0026ca-809c-4ee3-b336-378106fc8f2e
1292,48902d8d-73f7-4eb6-9e9a-4bba801a6b8a
1293,ce163f89-80dc-44fc-be58-130c80527cc8
1294,eb729bf2-f751-4cba-a7db-12962d32fa84
1295,f00c60bd-0aa4-4e2b-8d3e-5c270bfeadde
1296,36b2ee40-5ce1-4670-ade9-814282c72bee
1297,96cb3d4d-d04d-4ee1-9911-71d79d38e4a4
1298,0653b20f-dfc0-41d7-b44c-f4f6f6bda896
1299,ce5cb456-7cbd-4e42-8e8a-f8637753e465
1300,104b3875-85f7-4556-a0e3-44b10b951df1
1301,f6e6a159-050b-4b63-991a-5adce9f6ce60
1302,4dc4b686-440e-41b9-9634-f6bc6394986d
1303,445fb772-eee9-40fd-ac26-3844aa7da912
1304,275277fc-726e-4355-9fbb-77acff97a4f8
1305,9e673daf-af74-4c66-9833-602cea0321ff
1306,911917e7-d6cc-414e-8e52-406accce6d38
1307,21bc24cd-8ed8-4697-b2e6-50b48221a20d
1308,d1227521-67cc-4277-a018-dcb8f2487bf2
1309,ddcd82f1-5757-4afb-b389-a628bcdca131
1310,a590db31-ef46-4dc4-b690-79a687e7b906
1311,7b8ea99e-d255-4d4d-aaaf-d0b35357f98e
1312,edd71422-68c1-46df-a22d-7a10b03339f4
1313,5b5977ea-b9b7-46de-bf62-3b676cc9e325
1314,2c945433-0e2b-4a33-b8f2-4a1ba5ef309c
1315,1ebbb96a-8a70-42ad-ac19-5a88887e5e14
1316,21731683-7a50-4e53-8572-63f12eb7fb2c
1317,24a54e99-cb8f-4a1b-8b5e-cd51d9a40594
1318,305bf945-0a3e-4147-8f97-8c474c65b06f
1319,4fc62ccc-a0b5-44d0-aeb9-a15d77d610f2
1320,693644b6-b823-4889-a088-6982bf294b25
1321,e34ae245-1aa2-47d5-baef-7088b3b252ea
1322,eb008851-2389-498f-83e4-284a70f16a64
1323,71de2ef2-e0a3-4eb8-b887-a15b36834390
1324,3db4452b-170b-4952-8fb3-a2ef7240d0be
1325,bfd2e399-44b9-4122-aa73-5108e00f358c
1326,e9eab324-200b-4e18-85e5-53867d48f4a0
1327,5a674f07-dfe3-468a-acd0-c167f95689ca
1328,ef8c4761-6ce9-46c4-8f14-3dee8b7a82b2
1329,7aae8ccb-f8ab-41b0-8d0a-6fd6e66e52b3
1330,fbfcaeb0-cdc6-46bd-ac7d-c47a9f7449ef
1331,c32c0101-2cdc-4680-ab79-1c6e84d11fd8
1332,d1c4636b-7685-4704-b74c-913d018ca285
1333,6b14ea6a-41b7-4551-8f4d-3041ba31f523
1334,df579254-f68d-4510-a148-4f01f0f4f551
1335,c9f33397-3df5-4bdf-a585-4fda064c7262
1336,967f6966-f32c-47a3-9406-1696a28ee0b5
1337,2ff1e16e-ee05-4e0c-ac78-aa288c295128
1338,cd9b2026-4f2d-4a0f-8b7c-5a0f845cadd0
1339,a674e13d-d8d4-4e5d-971d-8c7f52a81873
1340,0e862ec6-5717-4937-a32c-6a595df10fd2
1341,a19714aa-7079-4ba5-b8ae-3a1b04244752
1342,4db4d4df-c9d5-4cfa-aeb5-bf71ed25b92b
1343,6e634d2d-87ce-46d7-8f68-1a8658d585d2
1344,d882bb37-b0fb-4c83-9301-39bd46ab2309
1345,f0bcbf63-d9e7-4384-a10d-f0d9c9ebadd2
1346,ebe8768c-4c94-4bea-9074-9b11d4bf6bb8
1347,c8c05e61-f5ec-4101-b44c-c4ebe450b6ea
1348,bedd3454-ec94-4bf3-81b7-e674d1564633
1349,0487ba48-0492-4a90-9245-d0f207564c30
1350,6b61e146-0fc2-4dc8-a0ef-1acd583a4cb0
1351,32c7d164-fdc3-4cc0-9e39-26224a4d9845
1352,95854db6-11d3-438b-8335-f90cab057d28
1353,36334136-e2b3-44ae-a61a-b74d28fd9e40
1354,4b5dd9d2-7ae9-4278-a420-40878372611f
1355,cab78bbd-2688-4a82-9d81-b5f102cae29f
1356,c0900fc6-bafa-4121-aebc-a7904f2a8bbb
1357,73426634-f3d4-4de2-9861-ec552b8a66ba
1358,94d28c28-e2ef-4d19-b8a3-c1eeb713ff68
1359,c317aafe-2528-4747-933e-2ffa03e9c76e
1360,70ea08c4-2ad9-4f5c-a823-378a7a121b2c
1361,5c49d068-3aad-4c69-9136-e1b51c8730b8
1362,af2ddeac-e0d0-4b30-a205-cf95d9335376
1363,cece8762-2fb6-4032-bf7a-c69dbe551498
1364,3fd636d1-a741-4fee-a1ac-dbdbc280ac1b
1365,eb938b28-943f-4fe7-8a18-7125abbeef2a
1366,99d2ccca-8613-4c43-bab6-a070171e0969
1367,b99f9dfa-a743-41e1-9a33-0fe55c77d3bb
1368,1cf5626d-a6fb-47e8-8388-e812aacc4b06
1369,9d47ba18-b4af-4d10-bc2f-66190750a765
1370,827ccadf-da48-4293-90e5-150f2d05c001
1371,f8542e3f-729e-4fbf-a536-6272c943d707
1372,52f13d42-750f-4977-a4d1-f5a72b6475fc
1373,2ef23af6-8bf5-4bf7-847b-96627440f7ec
1374,c123c10a-f9df-45a2-ad78-f9ce053790be
1375,8499b569-5f84-40df-aae3-6088d9a2333a
1376,d6bde452-a5cc-4e06-ba31-5040135c83bd
1377,b16ca07d-7bc7-43cb-918c-12d7fd1b25e4
1378,2002eadd-fd8d-48ed-938c-5523d1fcfaa3
1379,6a7232a0-8519-4247-ac59-905c30002ac9
1380,9c763403-99bb-46a1-bb22-4b60981b5420
1381,f677b7d6-78dd-4bf9-902a-f2c177fea90f
1382,010ae9b9-35fb-4d1d-b518-79b89847988d
1383,4701cc03-5d7e-4ffc-aa76-ba41b8d9228d
1384,0a326c28-ca15-4f45-851b-7e20ad0f1da8
1385,ddd851b6-cc8d-4915-b13f-9dd44cb32898
1386,46d0d762-d852-46b6-aff2-1872ae0f8954
1387,07409030-2bcd-4dd3-94d4-ad811585d626
1388,1bb7a173-df96-49ff-9b39-52f9928adbd1
1389,c2129fd9-16a4-495c-bdb5-2eaef9e4e728
1390,68e8444e-2925-449c-a55e-20b580f07df5
1391,8c0ddb7b-b523-4fe2-94e0-f38b2735d108
1392,787f4b71-9255-43b1-bd22-2ce2b52b2450
1393,b44f6487-b3ec-4b72-a0a3-7daa94f7f7e6
1394,fa6fd0e5-eed9-41a4-839d-51bae4f0729f
1395,3998c0b6-0bf0-4850-8ecd-6db9a6ee2e43
1396,8be7ba34-d666-433f-9627-4e6760ee7e10
1397,b8d9394a-2563-40c7-b448-edb86f101086
1398,1a36c1da-e58d-4ca9-b6e4-ed247810b9dd
1399,358ddf79-09b4-4d65-a89c-4260cdd210b4
1400,6fff2868-bb39-4b45-8bec-8f502511326f
1401,4f5ce617-1737-4451-bc6a-b8695b34ab7f
1402,c4313d9a-311d-41c9-9483-479b3c6c8349
1403,c6e8e679-e998-4ab8-a230-94e4dcf87133
1404,fa31ba8a-0d14-4039-9dab-0ead2ecbd43a
1405,f836c04f-7177-4134-91d5-5b86494499ca
1406,936547cd-4880-43f5-8f95-5aac3abc0259
1407,f6e3a570-820b-44a1-9140-38a0b57fd1fa
1408,15586c91-58c7-4649-8a23-25c6251049ac
1409,1a574bd3-fd47-48e1-9740-da3b3767285f
1410,a7067b96-fb86-4884-9294-1f692a4abda4
1411,31eb2c60-291b-40c4-8f16-89f25b1607a5
1412,2a5854fa-320c-4a45-ad4a-6632ed26b340
1413,eacfe403-b578-41aa-b64e-a70e279ceb04
1414,126f89d4-73d2-465e-ae8c-3fc5eecf5f54
1415,270613c1-15a5-42c7-aa0a-795a4efe4689
1416,a95d7318-f129-45bf-bd45-41464f2639be
1417,a622490d-ed21-4ef9-98b1-0a92c32fb051
1418,215e4723-bdcc-4434-8a12-503e695730ef
1419,be911d3b-1b44-4d0b-8c6b-3ac6ccd348b0
1420,867efbb5-adec-4afc-ae0b-2b8d780f01dc
1421,3c036df8-c72b-4df9-af4a-971a532debf6
1422,8e73a84a-9e1e-4492-830f-0ff587cf69e0
1423,572869ef-153f-4ef1-ae42-e20dc12e56a4
1424,7b9b9747-2d76-41fb-91ca-f82ede08dd97
1425,123c1c2d-b689-455a-9ea9-4ad086064117
1426,5beda267-1eca-47b4-b69d-e023acb02ad7
1427,ab61e102-3962-471e-94d2-e424fba2be5a
1428,6e39ddf7-1cef-400a-a28d-7a67e90f8b7b
1429,8ce56b1d-c75a-4939-9ce0-0d18e79e632a
1430,4b42c005-4141-4ba4-8252-31fcb27ae9b8
1431,8af1d120-f567-48b9-9d04-5d4841836d0f
1432,10e14192-f072-4981-8eee-50a2ce3ddccf
1433,02ca60b3-c3ee-4f52-b348-acee41c510d7
1434,5cf7ef7d-cc06-41fb-8f45-b75e0cb3d3b0
1435,8d7d8d7d-1caa-467a-8910-d3d5e60a926d
1436,09afa654-5758-44f0-b404-bed61296099e
1437,e1857b0a-f0bc-4a99-a8a5-edbaf1850460
1438,67dc5f72-e84b-46e1-90c9-0d2d7b4a39ab
1439,590f9e0c-4419-4cae-90ec-95497f2e9af3
1440,e885c213-bd96-4dab-a4ed-7dcc67016f47
1441,41a834f8-2210-4e54-b30f-4321094be90a
1442,e514bdb4-80c0-4134-a715-5e0f0627da1b
1443,f6132372-4310-41a0-8535-13d729eff91f
1444,506bd742-bde7-4f90-94f9-2089ad20dd72
1445,ecfa2107-a5fe-4b39-a9bf-6b7811289bf9
1446,a673ac80-5d3e-4472-bf73-1a406fb24b32
1447,1cfdecc8-2bcc-401b-a93a-5ba6a59c742a
1448,33a9f57c-6cd7-4ced-9716-d198897e04e7
1449,bf4c8f25-4ae9-499f-9d79-dc21d8eb1288
1450,88be5525-46a4-4489-9513-ca3b52e896c7
1451,72845650-9be2-4f86-baa6-d69db2c8fe75
1452,9e80b2f4-7ced-44b6-b59c-8037ae0fdc5c
1453,12967f2b-5078-4710-b8b6-e31ab8e25606
1454,26ec63dd-e5ce-441b-b844-6e5f5b9674e5
1455,d77ba0e3-dbcf-481c-bd61-844ccc87c026
1456,d22a65ac-923e-4443-9a9e-aed5bce1f039
1457,0005b2ba-d628-412f-89b5-72fc7a195351
1458,04229b16-69e6-434d-8460-14972acb5d72
1459,8dd26463-750c-48f3-9e05-9f965dd4c442
1460,93546c88-e72e-4d6d-b485-c5d299abe0df
1461,a6f29891-70b4-48c3-9da1-804fe5f354e1
1462,941a6c8a-a9b3-4664-bcbe-3b30fce47c2c
1463,6751e188-f59d-4c31-b299-48d23e884625
1464,ec2813c9-b86b-4d60-8474-32e10e917631
1465,b8ff1187-8ed2-4834-a66a-2e3b918c072b
1466,50a159fb-57f3-4c6f-b232-943af7f1a7fb
1467,d9347347-8db3-4a64-bea3-104ff7e2ed10
1468,b9688cc0-1919-41d7-bbb6-bf8775bc0f58
1469,c78fcc2f-6cef-4bc0-bb74-6ddf71251e07
1470,600ac7c8-9140-4a8b-b584-453372f3ca58
1471,4e00652b-6a7a-4c9a-9add-a9097be5b03e
1472,fdbd3f2a-6862-4691-9e23-89879a5270b0
1473,aa31a0b9-11af-4b5e-98a0-4d85cb332fcf
1474,20f82277-1975-4cf1-8ef5-b96f66ed0d53
1475,12929e11-c7f1-4d5e-914f-af911e6fe875
1476,517bf4a4-f3a0-4e8c-a3dd-ba41f3e621a1
1477,90009c02-0109-4222-afb6-11ad0b056f03
1478,485e68bf-2f59-432f-985d-ef43bd050312
1479,0529aaaa-af0f-4ef6-be53-08fb0e9e4175
1480,4eca6fba-ad34-4dd9-b833-c782d561d653
1481,b987d0e6-eed9-423f-9000-7ef8550882ca
1482,de139f69-d6e6-40d0-924d-7b3021a41f14
1483,70937353-e30e-4b40-98ab-f6480f332666
1484,ef52cfcd-8d4e-4772-b270-a8d5fa37bd30
1485,2b88f72e-411e-4551-b22a-917146f9406d
1486,48f7c436-73b2-4be5-84b3-86e21b755a80
1487,b9fce937-4afb-463c-90c4-b7c6729befb3
1488,553987f1-4802-4da9-9cef-e8475e623f3c
1489,0c68ee52-ac71-4e6f-83b9-0cea7c988073
1490,d6ecf407-4fb5-40dd-89b7-84c056fb533f
1491,5a6c8dec-a203-4b83-ba93-fb3f3b8c9a4f
1492,d25af4ca-26ff-4c5c-bb9d-7f353c09ba13
1493,1aaac482-23ac-42f6-a183-333d613ecdb8
1494,49786cb8-0d17-4591-9445-f4e0fec065cc
1495,a7774859-ef65-45fc-9904-c02c860f61d7
1496,5a705f86-4a54-48e0-aca7-7c217a0a29f5
1497,f2422ded-2011-4eaf-97f2-5128e50a8d27
1498,c84166b3-8cb2-42eb-9d12-be00b5d265b6
1499,fe9f0c99-ed25-487c-914e-0512749fc6f0
1500,eff93318-92d0-4a53-8da6-447c9e64e79a
1501,f214c05f-550d-4052-b37b-0c9bb578d4b7
1502,2b6fcc0c-5bc8-45de-a1c2-00d80d1b8568
1503,6dd349aa-3b8b-440c-ae14-e37895997729
1504,b29edc4f-36d9-4459-9d66-0c44741c536a
1505,098f7d82-209a-4c31-9a41-c0f6b1263f3c
1506,b2c464a6-7602-4912-8e79-1f8bb7786931
1507,8f9b7c51-123f-41ce-bf6a-d888f0c00952
1508,fe8088e7-cf46-4177-a4fd-4fc1da3d95cb
1509,1418d53b-65c5-4063-9d33-a247631ec1fe
1510,9625bc3a-8440-4d66-8f45-1b4154425c5d
1511,4315aa6e-563b-4fe8-b7dc-c2b333641021
1512,b0dbae79-a479-4f54-9687-ef920a388644
1513,05b6b394-6d87-4196-9f1f-91ee81756dea
1514,a331ad95-c843-4bf3-8231-2cabf41b6d5b
1515,97b22454-508d-4e32-a687-dbb0079669f0
1516,951fa964-ce32-4587-8772-abc72527fe04
1517,076dbe73-a62f-410e-8fc5-832d9ee12518
1518,1a1366ea-2e3d-4384-9169-2109a6b6e0b5
1519,8f3b67f4-e1aa-4b1f-a9a9-3330d6e74e6b
1520,738deb64-8a96-4f6a-8e51-7e0f932856b6
1521,3a0828f6-2273-475f-af3f-eff219a538c6
1522,66ecda55-883f-4a5a-aecc-94181f39258f
1523,579e1f0d-7b3a-43cc-af30-f2db6949d229
1524,9a7b4719-d195-4dfa-a479-c7b0aebf7781
1525,4de41bb6-bb4e-4d50-9a54-264d9cf5518c
1526,580b09f5-0da4-4a8c-839a-89bf43844a8d
1527,562ac58d-8193-46bb-b434-df5e4f242110
1528,1d0c8c1f-a694-4101-a267-350172a8355f
1529,3f206f82-b117-45fe-bbd1-fb90941f9ec1
1530,38fe418c-5462-462a-8f63-68ca230f6871
1531,6f37476c-dc5b-4d75-a5e1-ff1815984d37
1532,d0fd8ef3-6f1d-422f-a894-bc6a906e84e1
1533,8acf7029-09ef-475b-809d-bae31def3284
1534,2a9a0500-b31c-4def-a088-72aa698c49cd
1535,ae7f46c8-d6b1-4970-8494-e9b22aff4033
1536,443fb4b3-c5e2-4457-a83e-5c1eb1e721a1
1537,0c9c815d-4caa-40ce-a070-5071118cfede
1538,033fb94f-fcfb-4578-9a7f-b68eabe67fdc
1539,06017f46-6457-45e4-bfcb-cb6c08f34e91
1540,77ae0325-39cd-43ca-9d82-4d3e03052eac
1541,1c583a3c-41e9-4d9e-a0a3-258d5de04758
1542,5a5fb8f0-23ec-46a0-9291-97c18d485b72
1543,03afc129-e969-465e-ae02-45b76fda2cbe
1544,415a3011-8163-40f7-89d9-7eebe416a5be
1545,878d8230-fe18-47fc-82b3-d15f3f01dec0
1546,9ffa81c1-4e5c-423f-9b01-6c9a826b9f93
1547,8d30e91d-8b92-4a38-884a-35a3ba81321d
1548,78c8b360-8d02-4c40-931f-0cd01834b568
1549,98506df9-b2d7-483c-bc0d-243de41690da
1550,4a253115-67c4-44d5-a711-f31c136148f2
1551,80b2dbdc-2e0a-49f0-afcd-075fe9632a7d
1552,4fecf09e-142a-4adf-9ba6-7bfae48b7938
1553,a03d2d41-6df7-4d3c-92ee-050aadea4fa1
1554,5ab92701-695c-4f75-8d8a-33a5b0b9edba
1555,be14f6e8-6668-45cd-9fc3-096072b08c2c
1556,815e2ae6-7365-440a-825a-d8334909e4a5
1557,7f66c44b-5dc0-46eb-8c0d-104fc0d43810
1558,fa3261ef-b1df-4c76-b44a-ef8b6cde9eb2
1559,d74aa9e1-e2bd-4dfa-b504-ae58676dad19
1560,509dc029-723e-4098-9e44-1216191fe939
1561,2ea10af0-6867-4055-8701-a1a0c1766f03
1562,e0732c3e-67a3-4c26-8f47-732343d73138
1563,a3737f96-b731-4e0b-9440-7ecbc4ef87fd
1564,dc084a9c-572a-42f2-8cf2-f56ecf678593
1565,b66138fa-af0d-45a5-a56f-82230b765467
1566,e12908c3-7907-4bc6-9e61-e03a4dfe0b1b
1567,5fddd42d-7a03-41d9-907a-d55dab9bdc47
1568,00553a9c-a46d-4508-83ac-e513fffb928a
1569,350f7284-b901-446c-8c4b-064f6c8e6565
1570,367fd564-4e2b-42d6-b4d5-24077f11426e
1571,f9f15b0e-3d1c-4630-a519-8e9fb3f55135
1572,2b9f3c79-9560-45e7-909e-a3a01a6832b8
1573,1eb00d1f-4f77-4a59-be6d-440c57509f29
1574,bc617720-2fc4-49d0-ab16-2992fe8f202f
1575,e9d0e5bf-9134-4da8-a26a-4f9c8e0db481
1576,b007f21c-5f07-4dd5-bafd-b3508a0a0886
1577,f2ee2314-0b8a-4d8d-96f3-86d9b3897a77
1578,f6201ade-93f5-4766-b1a7-2fa9bb8e051c
1579,f10147f4-5be5-4665-8290-ef91fc65c2af
1580,0e2b9665-d060-4400-9c5c-e56462bacd02
1581,51dcb6e4-03b1-4e05-a47a-3f913266ac22
1582,092b2359-88b1-47da-a8ab-377416cc6380
1583,9ea30ca3-313f-4627-bf66-5b95abe02e93
1584,0d195bd5-f26e-4b9d-8c8a-bc19cc8955e6
1585,67d841c0-b471-45a3-8e36-61e092723f19
1586,cfcc60f2-9604-4299-84a0-60246ff9eabf
1587,9da6a2a2-a5be-4952-b439-25d8d85df3f5
1588,2ecccba9-6a57-4800-b785-405d8ba4ffe5
1589,0a32600f-f8e2-4967-8582-5c03e4cedf15
1590,342289a5-3d01-4923-9ddd-fcecee71cfc6
1591,16955e9c-dda1-45f3-9f7e-35618608a1f9
1592,4cb4247d-bd44-49af-a554-d7f374c9b734
1593,e3427ecd-d63b-4a81-bdc3-a4a7fdac2e66
1594,2d80ec6f-e137-48fe-94d9-7d5d9f4a6d3e
1595,ede59783-ba5c-4a45-b474-189e9a8dbbcd
1596,7385fc10-83a0-4795-a833-8b1667a89dc7
1597,c8a413da-70c3-463c-883b-1045a264a3a3
1598,1c0faa63-1fbc-4d85-b9bd-eda24ecb22c9
1599,bb389b61-a734-48c0-9950-c72832e2c709
1600,dcef4937-10b2-4034-981c-7e2031b2d7ab
1601,5b063fcc-ec05-4791-b7d5-44f8837f4518
1602,f7cc62f5-0336-4d3f-b823-fd8a11c70b64
1603,0c0ee32b-d3eb-4eab-9b47-53c12c0ccb92
1604,d36fc48c-df18-401c-86d9-5d1a4381d09d
1605,e94a48b7-6eab-4975-bc12-34ba216c2fb2
1606,b15eb76d-3759-4679-b703-d80b1eb7e18c
1607,de5c6401-9ab4-4c00-9ea9-424378d0e69b
1608,a8fbd5dd-372b-4c32-8183-085989afc3ab
1609,13205649-e331-4b11-b89b-e28bee593170
1610,0357e4d1-a0b8-4e5d-8b70-53bf46137591
1611,c840e399-5c3b-4e7e-aadd-ca80948842b1
1612,43983586-6c9d-4223-bacc-fe07828d1819
1613,d69a79c1-1101-4a92-b6fc-0ea5a305cef5
1614,28e89837-3b1b-46e0-847d-474ba1516909
1615,a529525a-8952-4330-8a88-f3482cdc5a5c
1616,d3e8a51f-0267-4c30-a96d-45dca27a0238
1617,bf6ad3bb-d0f6-4877-a2ad-f63b91ff63d3
1618,eaebeb6c-b2f5-41b0-bf03-2dbe797313c2
1619,09ea52aa-c43c-457c-80b6-1c4b6f654253
1620,afd14d68-3057-416d-b4ae-209ff9a2bb26
1621,f73deb4e-472e-47ad-881f-c0398894a18c
1622,505edd6b-ec70-427f-988b-7b722054ff57
1623,eb74a6fb-e930-4f58-be5f-2a5f10ab6ffa
1624,91b08330-6200-4524-bb86-626f5f304b7f
1625,0654db7d-aad2-4d5f-88aa-9fdfe4627dba
1626,b5bb505c-5801-411b-821f-4ee771bc1bda
1627,35f34717-498d-49db-b2a0-c94689f272d2
1628,3c26e1d5-ce03-4a52-96f7-a423f81ae263
1629,79521dfe-d210-4a59-b8b0-988b248559bd
1630,50ab5523-74e6-4fad-bf03-c13d3d140419
1631,f8c2d733-8249-49bc-a0ca-b34b14619e65
1632,02c41051-1752-4025-9895-5fb45b109cc9
1633,1e159add-0df9-4ed7-b5bb-65d29b5c048d
1634,ceb806cb-f845-4e6f-a5d6-8a223148d69f
1635,d2e60d78-de76-4dcf-9d17-a4ab6cee546c
1636,494a1c17-10ab-4d93-96d6-d52de5a28bfe
1637,d5b0cfcb-2f87-460f-84c4-b3e51436b0d1
1638,dc34fc26-408e-4f24-b231-21284e4dc194
1639,743e40bc-6111-45c6-b1d6-38f643c902dc
1640,613b4f77-10a9-40d5-80b0-04faa1d3d8b8
1641,a2659e3f-fff2-44f8-93e3-1c2530c5f6b6
1642,41007bd0-8c07-4e85-9a0e-1f635d5832dd
1643,5430ab36-9ba4-4e09-9ce2-5800c3021007
1644,7e9682df-dd9c-4ee5-b2bf-4bf0a9c9f5a8
1645,d0adb877-2b8f-4817-aaa4-958678d6aa3c
1646,4b1ee492-1652-4f95-8a7e-5e3a29484257
1647,96ebdc7f-3f2e-49ed-9a26-22064a1f8ae4
1648,6e6a0bb4-310f-4f96-a0cc-8affcef5d581
1649,cc94fc36-229a-4f65-8f8d-209a3614074c
1650,f5e36335-32a0-45f3-9a28-d6a089c87380
1651,74e4f5e3-4ff8-4cd8-828d-ecf6458cd206
1652,dfd5a18b-8471-4429-b34d-dd0f4e3110c0
1653,4d644784-d9e9-4b2c-a3c0-5448696148c7
1654,d0100c5c-07ef-407f-b5d8-52eeb467e4f4
1655,ceadad24-a1e4-4464-b111-eef94a1fae84
1656,53e2969e-6bd8-442f-b0b7-a5d38207d979
1657,6a9bf31e-a8cb-4004-8726-a470c4456e67
1658,b66fab62-6956-4824-805d-a9ce4f2d740c
1659,c0adb8a5-71f7-4e8f-87d8-1c4b57a04d70
1660,00c25aad-a261-4829-9b7b-4f17ca24ea3f
1661,3dc19073-a084-442e-ac1a-54fbe45bc6d2
1662,f087d402-6f7c-4cb2-a323-348f70118f94
1663,aa1e6d74-c02a-48db-a53a-3d4d3a15854f
1664,acd8cab9-09d9-4061-98ec-9cd95ff79f05
1665,33965aa4-4eb1-44e8-8a52-4752568fbd7f
1666,645bafc8-5d69-4d84-8917-d3d26b5e9b1b
1667,5a082978-d1f8-40a8-8a5d-2df69229ccc3
1668,6cfd580a-9685-4b66-96d4-b52a09b4de34
1669,33dcc354-1f96-41cd-b311-de39ef081763
1670,f0596549-cd1b-49df-a707-5ee0adea9595
1671,e62643fd-5b90-4baf-86e7-b0012ad406cb
1672,2aaca6ea-0414-4c85-abd4-23f46a8e5aee
1673,0803a52d-e87e-4e93-bb30-0feb2396323d
1674,ec05ab6d-3105-496b-87f4-92ff5c9b5945
1675,8693abf1-feaf-4c24-a370-e58734392670
1676,6d8feb26-eca8-4833-9ce5-17ee808b3ef2
1677,f1224be2-f53a-418b-8626-883e710c7803
1678,d6b67c71-dfb0-4428-9f29-c97d509e4b2e
1679,e6fa8999-9d3e-41bf-bcc7-e0c333263eee
1680,a4e575a3-0e25-4c5d-afb4-2f7eba99a0f4
1681,c0bc32ca-3984-4521-82a3-7c75f9d7e734
1682,c2bb0841-3ecc-4730-9ece-f4f549d0b07a
1683,e44a9d0e-404c-4b95-a352-fffa6c1ae8cb
1684,ba2a900d-3581-4aa0-aafc-36c3893f62c0
1685,52239c5f-1da4-42f3-9da3-34555cfa2627
1686,96c366f2-dc42-47e6-b46a-93524352608d
1687,f16958d2-f051-42e2-85fc-467fb825b945
1688,b38c92ec-71ab-42ae-b0f7-5f3ffd298a0a
1689,1c08ceda-fe8c-4872-a3a2-861714784567
1690,90fc7b80-343e-4ef3-b879-1f15ad897a9b
1691,efaface6-b783-49b2-82c8-776bc35b48eb
1692,46f01490-e044-4157-b658-99fe4f582fba
1693,cc167e07-1488-4ad1-9234-6ad3e0f52c1e
1694,51d18c82-55a7-4138-841b-ec98a4b02e07
1695,16fb8a4f-e4a8-44ba-8647-b94fc8779619
1696,8335bc68-d2df-4f84-a892-27a2cb65313b
1697,db2acbe5-1e12-4cb9-b751-334c81606ff1
1698,4e3a0590-a1fc-4cd2-8c5d-4544d49ceb5b
1699,534a827f-cd96-4d7a-8134-777af7e668d6
1700,8186fb34-df54-441e-95ce-faa9b9a09ae3
1701,62f3af55-ec99-4773-b7cc-b1cf29d5c21a
1702,ffe748f9-b6f7-478e-8e52-884ea0bcc898
1703,d4712fa6-3736-42a8-9d06-db370cce8522
1704,9f65ceb5-34ad-4f8b-be5e-30364788e15e
1705,f32f9c8c-69f0-47c9-aa4d-2219c58363bb
1706,2c01ecc7-18fe-4999-a428-657eba2d5595
1707,9f6b197d-8cf6-47c7-bd18-877c8ff6c186
1708,1f3942ca-454c-4ed5-845f-2e96d272bfe2
1709,b7c42db0-9b01-4d8d-983d-62bbb8b5a256
1710,1cee2042-5002-4f6f-8537-77716dbde75b
1711,7a986b8e-c641-4c7e-8d07-b2b34f76fcac
1712,f867c25b-7888-4204-a74f-6cb7e1864ebd
1713,4f0268ee-5589-4fb8-ad5e-b21e0f3c414f
1714,1f7e9e6d-01da-44f0-9019-507face6e5c7
1715,ce1213b1-2dac-4a03-8a49-9ab9327abdf1
1716,1963eb71-1107-48ab-90f6-240bc2099857
1717,1fb093db-4b53-44bc-9ef2-3dc056d6d596
1718,c55a351f-b346-48c0-b284-14c437b934c2
1719,ca0bbefb-d9f2-4dd0-a8c4-7c6a6f73f773
1720,86a7f45c-353d-4801-be61-7715900cd386
1721,42bef42b-e155-4abf-b16d-7ba967248999
1722,5dcd8e79-293f-4480-b617-4a759c92bc48
1723,3e1e61e7-32e7-4cbc-8542-76a7392fa17e
1724,8083a193-ec45-4988-8af0-159d981f2a61
1725,839d5f0c-9252-4f96-a33f-e73c81df8544
1726,158cdc3a-266c-4f21-8032-89f1f14fca22
1727,8c110551-d0b9-4443-a6d0-c9e5deea11bb
1728,b294279c-61e1-4f15-9a2e-54b979d42ab5
1729,80dfad08-5823-4c24-a06d-3c033f7d9a5a
1730,404b1f84-9b4e-4390-ad8e-278bd83071b7
1731,e906a743-21fa-450c-9dbc-e5f0c3b3b5d3
1732,7fdfe033-7b7b-46f1-a789-2911a9b21451
1733,122462c9-2b33-46fc-b73d-efe215a1daaa
1734,147618ae-5ee9-4608-8a68-dabd333895df
1735,42f136c1-d02e-4c89-8729-62186d57af98
1736,1dcfedfd-c2a6-455a-8d3b-7632c866ed4c
1737,bf53d7ec-0df5-47a2-b2f2-83e68a911641
1738,b276cfd9-70e4-4162-8d44-cd8a82dcbbe1
1739,17017e45-e948-43cc-9b2d-6dfb50b7f1a1
1740,c1f6b8f0-e79c-4d44-998e-bb6f96a0737a
1741,3dceb704-d990-461c-a409-320b3525494a
1742,870d6a7a-888c-4a22-a8e0-b47ff1a25b88
1743,9cbc46ee-7857-4e45-b710-28aec4b67a78
1744,27898122-0001-40cb-832a-02ed43304698
1745,e0c3a3ea-4d4a-4228-9561-841af0a4e966
1746,0fbf79c5-5f31-4afa-aa66-6ff51af99f7c
1747,37e436b8-bd95-49be-897d-7b3422588457
1748,7c1ab353-20e7-4faf-9e6e-321dc5636d6a
1749,14950dda-45f4-45d4-a8f3-458596c6b319
1750,e9ac2f4e-3319-404e-a5ce-fced48dce353
1751,82a8af46-ec10-4c32-b212-58399918ccee
1752,4b29ae8f-c900-46bf-aa4e-d2d0a0b7062d
1753,96613711-be56-427d-91cd-e555cc5337bc
1754,7bb66c5b-e37f-4453-8598-f53178a1c2c5
1755,5a2526a9-7e08-4c5e-acd0-41f142c3b17f
1756,41a04ce5-533f-4c95-ab2f-999cfacbcc1e
1757,12134aba-1411-46d9-ae95-f246bb6ec77e
1758,25e8265e-7dae-4be4-89c5-5b571f2767dd
1759,7d9b898e-2dce-453c-b8a5-8306d0222f3c
1760,e70bdcdf-9528-443c-be79-7f09b4e555ed
1761,e55279f1-8068-4d89-a380-26ffc7167331
1762,423f941f-4501-4e58-9488-93ee62438095
1763,09f719ce-c268-4acb-bbd7-d78d294a8b2f
1764,2047aca0-458b-478e-baee-805790e1235b
1765,10f1ac77-a122-4679-9b8a-14a914f49d8c
1766,e840a861-8f01-4652-8546-f6aa40efb203
1767,10236a85-0eec-4a34-97c7-705b06a9bca2
1768,7fa4ac0f-81fe-453b-86ff-a1bae6e31495
1769,be1df12f-6449-4bf4-acaf-0b66139a29c1
1770,339014d9-bad2-498a-9114-d4d63f859164
1771,60003992-59f8-4679-8dc8-823da1306643
1772,6da9e54f-5d73-4d6a-b5b5-4aa2855bbeb4
1773,8a2b30a7-f338-45d1-9d52-23daf970fa53
1774,3d9e52ed-8a3e-4c1d-bf5c-31a43c2f1e86
1775,d2290912-4b57-44f7-bbec-24262ff843bb
1776,2c5383ee-cc8e-4fb2-8cfb-baa3b2da6b8e
1777,985f5469-5c85-421a-95f7-b26213e70423
1778,da1c3797-5bfd-46bf-869b-8ce35633140e
1779,b23ef723-74b7-4c1c-a715-435768d57e61
1780,25504fc8-6044-4691-8d49-1df158bf47b5
1781,4723f5f4-e842-4fa7-a7b0-23373c3d11e4
1782,b4ff6910-0ba7-47ed-be24-84c61e781f24
1783,aed97a5e-5b25-42f1-bad4-4d536387092d
1784,2ecb8a5c-72f3-4b70-a086-69671afd28f1
1785,0212fe03-017a-41c6-98f6-646e38801d57
1786,25e697e3-9d1f-4459-8d30-4ca1dca38a67
1787,aecd0f82-e2fb-4c84-8d0f-5a3a1c89b058
1788,7c9c0d5a-709b-4436-8409-51119baeeacb
1789,ac66c87c-1bdf-4b91-8057-8be4533b3b03
1790,1551471b-a78b-4711-a1e3-9977c04c2c38
1791,c9aeacf0-ebc5-4a6e-8b03-c343d9e3eba1
1792,6ec94bbb-98b4-4cfe-b7b8-661ec6abd7d6
1793,08b21383-c8a2-4270-a511-db2e0dca75f7
1794,f5566836-95d6-4ab2-97d1-0103b80550c4
1795,7ea59406-5ec8-4dd9-be92-ecccf08b3fab
1796,b3526289-91d0-4e40-b911-85b0863c8405
1797,49c40ae1-0126-4ef6-8dae-7acc1c24a20b
1798,0d50bee1-21cb-405e-bdff-f4e8fea90b3e
1799,9f934aff-4c43-4b20-9692-30788cee16b7
1800,d1c00f46-232c-4ab0-90a6-822ae8176d85
1801,69f9dd90-2aa2-4980-b69d-fe3ef9cb005b
1802,112ef78b-2eb0-4a91-8502-cd076836c8e2
1803,c1bd2332-ddf9-4bb1-a796-cabc57dd3dea
1804,e3d20eae-363a-49c0-a175-ba107a57c9f6
1805,c5d25ae8-1059-420b-8124-2cce38c6a291
1806,2f7c0f70-307d-4f27-89d5-17deb077166c
1807,ed7cc430-1253-43bd-9ec5-854d6cb26c9d
1808,12609e7e-c506-4867-afa0-2ddd94dec657
1809,f1e7d3fd-f782-43c6-9cbd-86af979ef8f1
1810,75a97fb5-cdf0-429c-9ec4-d3fbd1a1beac
1811,1bd47f0d-b353-49a3-88d0-1c8303880e2b
1812,2705b8b8-ffd3-4e18-b873-949d3f1c02c1
1813,be545d46-4031-4809-a2b4-33a90640bcc2
1814,57b3f623-867a-4d9a-bcef-bfc0a4802d65
1815,27bf6522-4eeb-4ee4-8929-d357cf167528
1816,eb5e4775-bad8-44e9-9790-2291a77a2e96
1817,4fc1ca7c-bd12-4f4f-8f4a-5fcddd76b001
1818,d4904a08-42dc-4666-ba4a-2d5cc84652bb
1819,f85f4c42-b03a-4a5b-a7d7-eee31b493ad9
1820,f5b9322d-264d-456c-8014-45ca52542cb4
1821,5b90a036-2b80-47c1-b221-fc629ba6f52d
1822,871bb69b-b4ef-4491-9dce-0e9d7ceb39d5
1823,1875af95-8c39-425f-bf0b-0d66c71c31bd
1824,f21bb750-0ea1-4e61-a85e-deac3814a63a
1825,3e46b80d-499f-4381-8a8b-21467d13d1fe
1826,acc475cd-2f2f-4657-b5b5-0f752d3e060e
1827,364dfcc0-6f98-4619-b5c1-67de53516b6e
1828,5bbeb0b9-a48d-4f41-8b49-aef2cdf49be1
1829,fd7876ea-640e-46fd-9734-8a849e628be8
1830,d0c35424-44d3-45e0-81ab-14f1c44976ff
1831,f77cc567-0020-4371-b997-b23f6024406a
1832,526281bd-9da4-4fe5-98de-89569d2404d6
1833,e3539534-ed5d-4a29-9477-7bdd85636b1a
1834,955b8527-4737-4e20-8f5f-c7759bb8b2c3
1835,71010638-9d90-43a1-8c4b-518409647b10
1836,5f9130d6-707e-4ced-b7af-0c62a941f963
1837,e0151081-283d-48c3-9ae5-33c4fa8d4bc4
1838,5c3102ef-c087-40f4-919d-be3c5c47b948
1839,0a305e33-953b-4149-afd4-64e6aaea57e0
1840,830c320e-29c4-40a9-9632-f456fe374b89
1841,1ca947bf-dbe2-443e-b4b3-78ea088fcae1
1842,b42871f7-7208-4d25-993f-044c591912b1
1843,059437f9-b719-41be-b717-6ca27efd84fe
1844,1054d988-6a0c-4a5a-94cf-493f202014c2
1845,fe44e659-727b-4258-8b9f-c1be70f81af4
1846,113adfa8-b3a4-4b25-80f4-797fafa39296
1847,0d2e75a8-59aa-419c-8f86-cc0c6f37f2f8
1848,aa39e9c2-e4cf-4098-8a4e-9f30a11b0825
1849,e6e5853c-7f48-403b-bb45-8f52ecbba88b
1850,e68e7d8f-f4a4-459e-b5b9-a0d33e7101df
1851,8054e943-85a6-44f0-b19b-31d910021efd
1852,c1849e3f-e0f5-4464-8db8-88bcfe0a7f50
1853,032935c1-1b72-43f1-9726-3b96f4f3b66b
1854,afbdbe7b-6db0-429f-9c47-b35b8c13aa91
1855,5797a8ac-9a16-4556-bb7e-8f2d1b78e840
1856,ef268178-6f83-4a0d-87d3-5c033cbdd02b
1857,f8b0cecb-b9e8-4dd3-96f3-de441dcc96b0
1858,325c1d13-b719-4218-b463-80e0d8c7fb9a
1859,98d76239-e2bc-4e50-8ddc-75d265409793
1860,e9992e76-b079-4610-8c01-2007e0a8775c
1861,ce1ff7e5-e843-48d7-b587-97b0ed6eaabd
1862,0621211b-4f7d-4462-a72d-de5d96bc4a71
1863,e72057ac-8f68-4673-b2f8-bd221cb4f6e1
1864,338ff647-bdb5-4728-af83-02795cb7e6bb
1865,9703a3f7-3cec-43b3-86e5-01bf7ee3f4c4
1866,2f50fc74-d74b-48b8-a939-1335c4ca6376
1867,3436adb2-e095-457d-b6a2-ab7d247a65d2
1868,6f34f26c-2ac1-430e-980b-bc4035a87255
1869,c888213e-0c02-439b-8685-0fd2fc2ed10f
1870,0b2de446-da9e-4761-8fb7-f5cb5d7d505e
1871,ceb34186-6046-4291-a674-899b730adc2e
1872,c6467cc4-c4d5-4126-a6d5-1ed4c015638c
1873,c7e47d98-5e12-43ad-81c3-987df4e9ef92
1874,c15bb6fe-b936-44d5-bd63-7d85c0bf4c5a
1875,31ceec1f-4c8b-48e7-a3da-36faf91c5550
1876,a5eab6d4-6ba7-4558-821b-0233920393c5
1877,ccc71de0-ab05-43d0-81fd-af29ab4ff321
1878,53c6e8fe-eed7-4522-9150-702f41b8c65f
1879,9c8f70f0-6be7-4bce-b8cd-e68cdb13d11a
1880,f852e906-44a3-4c6b-8eea-8c8fc7d7dd40
1881,dd1a0a5f-19f4-417f-9a40-ad108bcc9c95
1882,be4e6d0c-3f1d-49bb-ac17-bd337445d8e3
1883,343ce9d8-3802-47fb-b114-138b6c7b8a87
1884,798a6cbd-b4ff-47ce-931a-3041ee99d6f1
1885,aa4df323-eae6-4919-b1da-46b7ed609d00
1886,d9647dfc-43da-424f-a311-1909e17bec18
1887,401b68c1-8b40-46f2-9c63-0f1f37372db8
1888,b1e77966-614a-4ece-8b3a-e11e9552793d
1889,0745e5d4-33bb-4a9c-86ac-b4fab3f50531
1890,883413a6-588c-4c46-a64f-a9e089e20849
1891,b8ccaeba-f58b-450c-8d20-96a96fc267b9
1892,1b337d03-17d2-4847-929b-0819d1f4ab54
1893,af1f9aa4-e099-449f-8408-cb9244aec40c
1894,eeaf439e-d9c4-4870-b043-db5c44bb0680
1895,37b47064-d091-49a9-b14d-ac4f54f2d5fc
1896,67aa5ee3-b7ad-473f-9953-5a2b56c5bf97
1897,b124b45b-3601-4cbc-93f4-e2064f70508b
1898,56117e1d-f03b-4f7b-8256-5f95ba6f7663
1899,9e7227f1-b134-48b8-90df-d7bda412636d
1900,ea31e963-9a45-49d9-8cdf-9e0f31d1d1f1
1901,718cbfb2-1256-4fd3-a81b-40ac60ac8ca9
1902,bc9b37a8-55f5-413e-b0ad-ab6b7b63515c
1903,765a66f2-6068-4249-85bb-2cf13be30d11
1904,888d95bc-7f0b-4174-ab5e-d0543be0c26e
1905,1d53b99c-5e86-4e52-82d9-3181fdb66ea0
1906,907df5ee-dc75-449c-9f9a-f5ebb61c4f23
1907,192f1447-2b3a-4dfe-b9ec-cd654a983882
1908,393e305d-c964-4515-a588-5c8a56d122e1
1909,a78f34de-4627-4a44-b994-90e4a59a2d6f
1910,882d2108-abd8-46b2-84b0-7d5e98bfad59
1911,193f370d-84a3-45be-91d8-33640df20b0c
1912,02b4d243-f0d7-4d21-ae49-3381bcba2cff
1913,2532e0b0-45f4-4441-8c3c-eb6b1bbe1569
1914,7b4a177f-6691-4092-bc15-fd1aa6cb3037
1915,47245986-59de-4d9a-a589-582971bb636e
1916,e77a4e47-a4a9-4398-b200-571a9a78f762
1917,3d88f8f7-988f-4dcd-9aad-5abf398ccfaf
1918,f1e5a4f0-a863-42a6-bf0f-ede32f5c080a
1919,ae6b359b-51ad-4022-abb3-0f5f8bfe6915
1920,405904b3-6c8b-4adc-b1cb-980dd2aae08d
1921,bbe7ed29-deff-4fd7-8450-b428eba4bc67
1922,d1ad88b3-0dde-43be-817f-844bca835bdd
1923,66eab055-3ecd-4b61-8a31-fc913a25d46f
1924,114ee94b-c7d5-4958-9edf-240adc02eeea
1925,9a1e587a-b747-4cae-8715-983c838df4e9
1926,7b5e1117-4c48-48e9-8b66-9a40b3e41a03
1927,c276220f-4186-40a0-80de-1b9ec962c8fb
1928,4208d9d7-d4fb-4769-8f7b-c36b55576ae1
1929,2e1968f7-349c-4879-afe5-f88404ee0813
1930,02221b0e-10c8-42ad-b03f-38b639f01ba6
1931,373e911c-a737-473b-bf2a-a187b92fa67b
1932,4b1cfe99-9f10-4164-97c9-ec6633897cd8
1933,9e0aa5de-799d-4123-aba4-03cf46ce4cc2
1934,0840fd52-cdcd-449c-b5fe-4c05b5656fd3
1935,37f94e47-c9af-4298-9dee-b4936d6d7f95
1936,1d55d3dd-9d6c-48b8-87ff-b66872a10e3d
1937,d199f759-c266-4240-9a00-491934c7f99a
1938,1ba667cf-a1b3-4986-9bbe-07cdaf108a81
1939,cae937f2-8542-4fe5-9e97-e6592c2e343e
1940,033cb179-8b6a-42b6-a738-6de96601da5e
1941,83b23620-f366-477f-99ef-6a50325341e6
1942,b206d0fe-f8ad-4d09-839b-bfdddd8bf4e3
1943,26eb2bae-0548-4b24-9ad4-9e32b4a0167f
1944,dd18d2e8-894c-436e-ba60-bf9ebbe705b1
1945,eb39f4dc-3932-4b42-8831-36911e21617f
1946,aca49940-8445-483f-9ab8-0db0167bb2db
1947,50fa2d5d-a67a-486e-b162-8c5f355abe7e
1948,9d0f660f-c482-417a-ade5-c0abbf1ea859
1949,09fd85ec-fe5b-456a-9f30-807638b5fb4d
1950,0c3489a8-16f7-45c5-bced-52bc50fe8644
1951,56f0c814-0a28-444e-b93a-85f35a3e6a50
1952,67325eaf-81fb-405b-8786-1918430b054d
1953,9f33b585-cff9-47c2-8756-37132b964183
1954,6d2470d8-3e20-46d5-9403-3d1b03fbd7ad
1955,b548578d-82a9-4a8b-8fa9-99ef03d12de5
1956,01427c0a-feca-4a0a-9145-79cfab621d00
1957,4097f7b3-f79a-4e80-97cd-375ca5e3b88a
1958,434005e2-9222-49f1-9683-e6cac3b6b441
1959,336672d2-60c2-424f-aaf7-ec84efb173f7
1960,fb8ca52b-4762-4a0a-8664-ce4a25130567
1961,59714035-0530-4646-8250-ae29f03466f6
1962,5bf08cc2-df62-4d18-bf38-5c3e517af254
1963,d55d12f0-52da-4b73-9e42-4d6825215324
1964,39f10e6a-2330-43a4-afac-c9c7407cca39
1965,0d58b14f-609d-4fbc-8ca0-2c26bec0b8aa
1966,9fc98a20-a909-433d-9675-14414bada580
1967,8125cfaf-2700-4f7a-b786-a30e6e41efb0
1968,2cd95f3b-dd7f-471a-853a-ccda849aa07b
1969,3e4204a1-bc76-4fdd-a755-8cffd27478d0
1970,ec79f4e9-ae70-4de5-8356-d627bb57666f
1971,f8f99408-7734-435a-8dda-45228695f452
1972,f249c132-d303-4032-81a0-6180e34a1ffe
1973,274d8dec-707e-4ade-9ced-6a106e34ad75
1974,4d5f528e-73a5-44fd-af54-6cfab552bf42
1975,175a6bd4-9784-4d4b-91c3-2444cef3a2e1
1976,0445e7ab-0c41-49f9-8903-db1a86e05b50
1977,bb57259a-40eb-4682-9bc8-e3d185fc8819
1978,eec3bb5b-e37f-4aa7-99b1-c5f1456af35f
1979,e6411993-47d5-4aa0-b6a0-8809011b16dc
1980,40281543-8bbf-44b6-b6d1-65273654e40a
1981,3ee86fff-91b9-4773-9ab5-8a3d552c72fd
1982,e486bd61-9db2-4d21-8154-009d964cab3f
1983,fa0df2fd-3515-486c-adc7-13b98b5db0d6
1984,6c5aa19e-ab86-452d-a048-93c025213dfa
1985,68ca0d69-f784-4016-932f-090e4d0a3a96
1986,8aa59443-019a-48ad-a284-93dc400fb27a
1987,1d681c7d-4d47-4a7c-a176-236d46895c46
1988,e85259da-4bc4-45ed-8e7e-b3aad4ae8f8e
1989,d1817a00-2c8d-41df-93fd-da231b9a87e0
1990,229a832c-ad3c-4cc5-8d48-c7d8f8632b65
1991,6adb4455-a293-4e46-8bdd-7d718552946a
1992,9f1f9075-3a80-4d47-ae9a-cd88a3a5441d
1993,92791b66-7d52-4b38-9b62-0d2848e0c08c
1994,65983ad3-8c03-4a46-95cf-6f81b5db3017
1995,d2332ec0-b5a0-4888-8356-c74f2d017b1d
1996,8bc3d940-223e-4f0f-83b9-763c46668d12
1997,78a04bee-7186-4000-a970-025f8772e636
1998,08182a57-ce76-4346-930a-db82af3e691c
1999,95043f2e-e05f-477f-9b08-b1405c090a57
2000,adea3b42-005e-40d3-9f3e-f12e255197ed
2001,9e6b1eba-5571-4edc-aced-989dd09aeaf5
2002,37b1b98c-f714-4c0f-8ab4-0b089164483f
2003,e4383437-e16b-4320-9097-d54b96ce6d16
2004,09a52e49-e02d-4ea6-af96-9f617e33521c
2005,2a7a067b-0e9b-4681-899b-1c78208f3853
2006,6c40751e-6c87-4ae8-80ed-726a816d36f8
2007,fe4dea19-c615-4797-befb-19f9bc5f12d1
2008,df92419a-b144-40b8-b1f7-913317b32748
2009,3b93b87e-dc23-463b-9e20-296e3d6ac419
2010,accdbb50-5061-4b19-bd7a-5afb2b6318a3
2011,9d37bb7c-b8fe-4d9e-8659-2fdb6c62cab7
2012,bf4ac295-234c-48e5-9647-18150e6f3a53
2013,634943f4-3df3-41bf-966f-2cb32a986fe9
2014,af453f35-d687-4f2d-99b9-7ada7f3193a7
2015,a410d15b-8c3f-41bb-9c1d-257bdc62dd21
2016,8808b202-6269-494a-b911-ec165dd28c0f
2017,f8042338-e132-4d98-b3b9-91f9d73136da
2018,19af77a5-263a-426c-a054-7c8d6b151a85
2019,c122d625-6c3e-47d1-8355-ffad3be62f66
2020,c06c4586-ad60-4601-92c8-822420662b01
2021,a5a9e997-1d4b-47e6-bced-8fa4c0c568d5
2022,37de78a9-f0b0-496f-922b-3ce71e51e1ae
2023,959a4736-611c-4c35-9590-99ca7f8f5437
2024,8c6dce4b-6883-447e-8d49-bbc460d742ab
2025,b4c76ade-cd68-4790-9f84-f2eaa94ecbcb
2026,b0fc6a39-5e39-446a-a13d-2dc9c08ae58f
2027,065d968c-09b6-475f-8a16-66d089f43a90
2028,06e129e7-8911-405a-b7bb-44d896c21c31
2029,4c05772e-4b5d-49e0-8ae4-03d7cf3c8340
2030,e4a41e36-6daa-4c98-a5d4-0369528b7f84
2031,642855f8-b1f8-474b-a2e7-2d23cf88f785
2032,dc9ba964-9be6-420f-a950-4d18b94ef1f4
2033,c84dbc47-67cf-4687-9727-cd2057a38292
2034,7f86f067-ae66-416d-a753-d54eea0dc340
2035,41998bab-cc6d-4af9-9a89-3c376877bc8a
2036,84dfde38-fc43-4525-ac7d-d58c4ac8af69
2037,8869aba4-8fa9-4332-98b8-16223504d5cf
2038,807264be-bf7d-4681-aabb-ef52470f6458
2039,b5c12f58-0b90-4e80-b625-260eaeb01d64
2040,e8601413-5145-4ada-982a-2e328ff43378
2041,d6255431-d66f-406a-a04c-1a8014ff54da
2042,1b9d091c-e431-4e17-902e-c4ccc79f7948
2043,a264d5d3-24c4-4f92-b906-c7b33c82b08f
2044,cb3904c8-9418-43de-b4b3-45db9ae5c122
2045,56e3e2e6-3ac6-44c3-9d06-25832fe64f5b
2046,3b28e6c5-ef07-44e7-972a-a7b8b0946d57
2047,982f1967-0bfd-43a5-a7f6-5f5c24079adc
2048,c55d03c3-c8a9-4ec9-aae0-1d348608bdbd
2049,b80bd42b-c31a-400a-b031-f27bdaae92af
2050,667c8ced-2587-4fa5-8b96-126094c66d1c
2051,0eaf47dc-8987-4d53-aae0-375045ea6437
2052,f2d35323-0cb5-47c0-b738-fa96afd9e8e1
2053,d7f0769d-5bd5-4bcf-90f1-985490aa710f
2054,f482ea35-ed36-4775-87be-c97175845bcb
2055,98753fe3-8f4c-4f17-837a-c5d6f79c4792
2056,46f7e672-2967-44b8-aa5c-1ec5068bdaf0
2057,08859d68-4349-4234-b359-9aebd4bf493a
2058,94f8bf7f-89fa-463a-a682-e388198ade49
2059,b366a867-0303-4204-9092-5191e01e2e51
2060,09643a10-4366-4f4e-9dd1-2913e8ef8906
2061,b137e8b5-9240-44c8-aa8e-f592ac2f6079
2062,8dabc290-5346-4b8f-a04a-2510ca891d59
2063,064441ac-2c20-446a-a34a-6435e013b241
2064,e8d7f37d-5e93-4c57-889a-d2276b17a349
2065,710d1294-748e-43b7-ba57-20d3d8895259
2066,bd76fa5c-7a25-4306-85b9-d9c51d116b2f
2067,4dfb4cf1-b20c-4150-acab-689c01458592
2068,91d61d13-c3a8-4892-9d76-9cbbe6a44dab
2069,3b097663-d3d4-4423-9444-deb506fd3498
2070,507c041c-11cc-4a6b-84c9-c8425f761111
2071,9ca339bf-21b8-4502-a4ec-3acc4d86b40d
2072,0d51b683-3a2e-4ee2-bc29-e0cdf2385c73
2073,0ffe50c6-80a5-42a3-adda-dee9cee91c2e
2074,3d5be9d5-ffa2-4fbb-959e-c667e2128b76
2075,87ccca94-1019-4f2a-9ac3-f599bf90eeb2
2076,63b66ffd-73a5-42fa-9560-0e78429f73c4
2077,ff04e6f2-ba7d-453e-8dfc-0888795f0eb0
2078,83761d6e-1592-4121-a535-6d0ed5d18146
2079,7471e543-a427-4d6e-be37-fa93ee23ed86
2080,e3250736-7b0d-49af-961b-b97a56f372eb
2081,7350ed4a-5e7e-4890-9b25-9fbe9edc4634
2082,d98e7174-92ba-420f-9f5c-95efcace5273
2083,dd57fe80-bf6f-4764-8e45-2eeb82728320
2084,1c7ebf88-a859-4cd7-8164-84afd376b1b8
2085,93737688-25bc-4f60-bf4a-07ce97504fe8
2086,168e8380-2877-4a90-8514-c30cc577d23d
2087,88a65eb9-1fcb-4dda-8b98-e5b0fa6c6890
2088,a3a6b228-d8d4-4623-aef3-cca762827bf8
2089,f53d393b-d0a6-4818-b842-7e07b48c3321
2090,a9c60557-b91e-42cf-9596-dea808242fb4
2091,c0534f28-7862-4879-a0cf-1993687aa8b2
2092,10a76048-c99e-4cdc-9dfd-13cf5f9fab5e
2093,c5bea6fd-62f9-4b82-acb7-62d7ae02b6f9
2094,9f5bfc77-7b9a-4def-84d3-97b79844aa9a
2095,84670904-d3d6-415c-b66f-882194f30b9d
2096,f1bba02d-9019-42ed-a881-248d84dca689
2097,6d37a9c8-b40f-408b-8535-5380c89605a4
2098,08919d48-e682-48ed-b4d5-472562440330
2099,9058911e-3f9a-464f-b0b8-34d781d38360
2100,eeb45ce8-8db3-45da-b263-2f8272e48c57
2101,257cc041-3916-43b0-a05c-d2b3aaf73566
2102,03e5992f-2a26-4b71-80b9-82732e5d5758
2103,eccab460-ad44-4a23-8a8d-60ccf48459b6
2104,547211c3-e35c-44ef-935a-47cba1f00f1f
2105,5cd9e20e-b09f-4053-9dc3-07ee1ab4792b
2106,c25355c6-4ccc-4359-b71d-0f492c0290d9
2107,645b9290-9808-4ada-9f78-2dd25204ab5e
2108,55028c0d-12af-424a-840f-1567c2ade3e2
2109,63641689-c2d1-4c62-93d5-ccfcabb0d5f5
2110,20a8fc39-187d-45ba-9e7b-82547ef4cb4a
2111,964f94c4-e88f-464b-a546-330a06ac8d75
2112,011b3912-b6cc-42f8-b77c-2b4393ef6990
2113,11076524-bf65-4ab0-a3dd-2bc9666822d2
2114,8217238d-c1ef-4775-874a-33a3c5f1f180
2115,8d6338e4-af86-4e55-946e-91332091290e
2116,ae42f1b7-015b-49c6-a6b2-7544ff71a6c0
2117,ba4071bf-54f4-411d-b38b-b858e5f84bbb
2118,e6eef5a1-2d58-4f3d-b4a5-9d7d2f1447be
2119,74e8785c-c8c7-4ae9-bbba-f3c838989037
2120,569a1cac-ba87-4362-bdc4-86be70619b48
2121,f808c9b5-4371-4e3b-9323-922a6dfdd044
2122,32f68a3c-8ef1-4721-b78d-4c190af20266
2123,615cd229-3c5a-491a-88c7-f2a0529ef9fd
2124,569296e7-5ec0-4043-bc87-4b37a3f3c766
2125,a5821515-b944-4259-a149-c8969d9c2308
2126,d18ec6cb-b561-4c1d-893b-17565dacf450
2127,4a51baf1-ea85-4f86-8ada-024299c0899a
2128,6bea220a-286f-43b2-a3ce-017419c413be
2129,34a5d6e5-4bcc-49e6-86ad-2253fbc88420
2130,c1dd4062-036c-47d0-9fd8-89adcc2e4b79
2131,193e0b7b-32de-4a46-9ec2-9d69cb74f975
2132,3bdb2282-ee01-4b36-a3b1-c86a489c7818
2133,a8e8ff7b-ddd6-40c2-a0df-bfa156c2edd3
2134,ff3ebd97-2931-45d8-8547-284427e86e2a
2135,c85c43ac-22b5-44fb-b7bd-e5ca8f74f0ee
2136,8f206cf9-bfe3-4c91-9261-5cfc6cfc9001
2137,ebec0371-246d-4eb7-b914-535dfedef485
2138,0b766143-e2ce-490d-8b64-86386985b244
2139,2bc1a19a-9bf7-4615-ae9a-0c9500a1992f
2140,7f195dd3-aa3f-4bc8-8a61-f7271450fe39
2141,94e7fb90-4017-499a-8e4c-462cb8892483
2142,b5a27043-11fd-4b92-bd88-7886d576e2d8
2143,0b9c7ad0-b5f0-4508-88db-106554b2a64e
2144,65db0ddf-877a-4221-b8b0-0c766ad8ae6f
2145,9aa1ca04-cb03-4ae5-aaf8-776871fe83bf
2146,25845455-0bfb-493f-a6a4-3d2213d1f5f4
2147,43c08491-15b0-4647-b141-38d53d6cfada
2148,0e3638c2-6028-4079-9168-efebb7f051cb
2149,c17d818e-079c-4852-8ec8-c8a73deb44fd
2150,87da338e-d51a-445e-9f01-a1ae9769604e
2151,c43b2505-41b0-4b29-9d3b-a769e2302e4a
2152,8b9206cd-e841-4ee5-894e-f06c0e443251
2153,aacf402d-0f94-47c3-b5db-77bb39f1ddf5
2154,90596026-c4f3-45d1-aa6c-655cb13e9a83
2155,5b6a393e-88f6-402c-9d64-0862bc5ddcc7
2156,7265412a-a1c3-4b4f-bf71-7e06031dd467
2157,9778d9a0-ec77-450c-8a0a-4c778ec0992e
2158,f5bd1159-70e0-4ca6-8acf-bbd6a5da305d
2159,cd8d321b-2a89-41e3-a3e5-17f9dfc60a43
2160,8f9a5f47-ad09-4618-96f9-c73a72bf6b44
2161,0efc94db-8122-4f7e-80a4-460aa28e3dcd
2162,c4d1ff40-33aa-4fbc-b113-e1c6789f892f
2163,2c0e58c8-314e-4c52-a9f8-d5e3e39a9908
2164,739fe72c-d5fe-4fa9-b899-dea8ae62fbf6
2165,0773a4c5-4b49-4580-9593-2156e83b4fd5
2166,392cb456-1373-401f-912c-736b2f5d613f
2167,81c5ed2f-e751-4f47-8bd4-62f5598fa22a
2168,92e39716-97e3-419c-bb58-6b31b6bb38eb
2169,18637d7c-a761-44b4-a7e9-5ccfbda28cc2
2170,3ceac4d6-63f0-444f-af6a-69af13bcef1a
2171,a0fc71bd-691e-4c6b-9740-5c7eb9e2fba7
2172,3699ebbc-cc83-49df-a98f-9da726ff44f7
2173,d9b6afd3-7661-4605-b1c6-d4bf399f9c8e
2174,5d06077d-224c-40e6-be97-f68276e430af
2175,f5c6292c-d9f9-4967-afc6-e4c72a026b4e
2176,77275c66-bcc4-4305-9b30-dc0e5381dbb0
2177,42ee2165-0ef0-4c02-b2f7-50ace0fcaae1
2178,cf02395e-b03e-4b98-8cc9-4a33110a0240
2179,3a05e3d6-9703-4e6b-a0af-23986acd7c7e
2180,0b7348d8-9afa-4e93-9d12-631928dd3704
2181,1f00935b-0901-43b9-9810-bef173a4cf90
2182,21e10373-b402-433c-89a8-18d44e096172
2183,83f0fc81-a30e-4ad1-878d-cdfecac7ce3a
2184,ffc37962-0525-4fcb-ac1f-9f1c84e91524
2185,bec457d4-09b7-4ade-acf4-9f936f3010e2
2186,d7833f84-5f4d-4228-8ce5-2a0ae55ee4d4
2187,e30a55bb-c55a-4f9b-b802-3ab0ccf5af0c
2188,3a983a05-0be2-4fb6-bcee-73f21c978689
2189,cef8e47b-e942-4e4d-bd33-0ac86747437c
2190,919bb65c-88be-4d5b-8c6e-07a09a466064
2191,a1470990-6587-4d2a-b5cd-5a3b056c28d5
2192,52a90486-482b-4229-840c-89c0b2ebd399
2193,b870af13-aa19-44bf-bba9-1e1eb822c687
2194,56b755c1-388d-4c01-8b09-95200691d8e7
2195,ecf8cf37-5e4d-47ec-be79-73f795840b36
2196,27edb35e-c5e1-4a50-aa27-bce685b5c5ff
2197,ed698c00-7270-4c91-89f0-4b641be67d61
2198,934dfb20-3f8a-4a33-903e-a3f56adc9f9f
2199,0cfc2a93-00c7-4712-bdd8-51e4e2e5b860
2200,5a2b2d39-312a-487f-8e7e-60285caf2f61
2201,c63fb50f-a47c-4777-95f5-cc58f17faea0
2202,b975aa71-0f45-4a2b-a154-e94d0989e844
2203,da6b549d-3459-46cb-ac96-f75a10e963be
2204,3668127a-94ee-4a10-85b4-8b52f44de685
2205,b3fedea5-dd59-4298-ae7d-cb88f9ebe642
2206,82a6f714-2382-4909-9458-e4454f8e6d24
2207,b12bf5d9-852f-42ea-9de9-20913524b4d0
2208,3a31878c-ac38-4743-800f-62bfa9e6109b
2209,a25c6f8a-121a-438f-8913-8e1b10d2c8ff
2210,e2a8fc72-6616-4874-8633-fcd651de5487
2211,cc9f97cb-ff78-4b16-b8ab-36958393a724
2212,569474c2-7ba8-4611-b5cc-113b145b6544
2213,b69ad23c-d7b4-4d63-bc09-6380d21b92fa
2214,5012d214-b76a-4cba-be41-220e00800638
2215,e753c7a9-9da1-45ab-a25c-7da9583d7175
2216,6aaac795-c36a-4c7c-9e5a-d6024f9e5e87
2217,870890e9-72a5-40cb-b733-962e793ede4e
2218,7fc5b153-0472-4e10-b5f8-dcc0ef7fbe6c
2219,ae1074e4-a982-4835-8dac-cb989c75ea94
2220,048b64af-79d3-4b04-8a38-5b171672c2e7
2221,d8afedd6-8c82-4524-86c2-04ed3429cc6f
2222,0fc31359-4cbe-4677-9150-7ebc5c750bff
2223,fdaf9b4c-ea51-441e-92c0-d8fa86cd2d18
2224,81a18e2a-6d6a-4742-80f2-1bb63b36fe76
2225,23c79017-2685-4fd6-bc13-c11079546ae4
2226,e880844e-a6f9-4f45-b568-7bb8574e0967
2227,532cead0-d2d6-4bfb-91aa-12004277c32d
2228,ea8705a7-e3ec-4352-8703-56e4fd02d956
2229,5cd3bf32-53ab-45c8-812d-38cbcdc8791e
2230,5eac9166-186b-4d7b-ae2f-11fb28db90a2
2231,95a7fcf3-7a4f-4ec2-93f4-78c5c1c00a27
2232,7b659fc0-86ca-4b71-811a-bf3f3afc7f25
2233,8d81277f-6ab8-4ed2-8e17-cfe57b0d28bd
2234,01ea44a0-9a87-40fd-bf03-00cfc6f02ac6
2235,2eb53a99-266b-41cd-9789-5d5dcc2e8708
2236,763d7d83-6c6d-4a21-9be3-d24e35c73bfc
2237,68f5df5f-54d3-49d8-9ddc-15c2d5dc200c
2238,9c8e8764-fa68-4351-8de3-d20eb97feec8
2239,6c9b431e-5ad2-46a5-a961-45d16aa520b1
2240,bc17419b-2e3b-4f19-a2d9-4c2a81062e01
2241,5e2b5b7e-1b5e-4a30-8ca9-22a40d83b5c3
2242,c3df1266-96d7-4121-98b2-91c9f221eaa2
2243,ea8fcee4-f80b-4aa3-88c0-2645b819f73b
2244,3bcaf8cc-4d86-4305-b0e3-ec37e2b9335b
2245,4ccdf7b5-e814-43d9-a3e5-cf4ab5d08e67
2246,9cd7f2bb-f85c-485d-a6e6-a4d965417611
2247,0cb261a7-c150-4ae6-b9f5-ededba31f48e
2248,b3c95a04-9a76-4e2d-b9fb-3cfc33c25f82
2249,5d2feeab-4686-4376-94a8-dc4ac356b268
2250,76f7618e-55d5-45e4-82ef-b0ca8e7b1d05
2251,24310dc0-7f2e-4bf5-8db8-0d73119df8cf
2252,a379bedc-c96d-4f7c-a94a-2425e6bcc25d
2253,5ad065e4-aa0c-466a-a777-102047956eef
2254,84c7e4bf-451e-4357-89b5-64744ec1c99f
2255,def57214-ad53-4b41-a958-748fc50ca8dd
2256,63f996a1-107a-456c-b3c5-fbfac2e5728e
2257,4afa2329-dab4-4514-9f19-6da472e814c5
2258,4acd0a90-2666-498f-83d8-ce1db575eab6
2259,acc208bc-41b0-4233-9782-58b3c6781fb0
2260,5f7fc123-c26d-4914-85f7-49cb5fc16414
2261,317bded6-9402-4441-b699-f7763f722413
2262,7b9d7239-10af-4f42-b9b8-1201adb50c49
2263,a04353c4-a6a3-4cbe-a8c4-e45ad3e7503f
2264,b618dabc-78e9-48b6-a08a-8fa46d424a66
2265,81e57b0d-cd8e-4dec-ae29-5b47f60b9f30
2266,113cfbc7-1b6b-4900-9fd6-59a6fab6ea11
2267,2cca128f-97d9-4768-8a26-7e240009a3b4
2268,9f1fdd23-61a6-4989-ba8d-acadab4d973f
2269,b458d1e7-4120-40e7-8eff-d37ccd1910e8
2270,873004e6-3363-4094-ae06-0cf964c41d02
2271,9346d3d9-0b53-41c5-9757-58a962f0c684
2272,650ee0ec-e937-4e1e-bda0-080855480193
2273,e20d01fe-2fe2-4147-a6d7-e7edff417ace
2274,a9e8cc60-0c11-4514-9241-f7af9657d888
2275,78b1841a-f372-4666-91c5-692630f62bb3
2276,538e10d3-d3ce-4c9a-bfea-93a8ad670044
2277,8fc896c3-4033-4937-8e8f-f0e5a3e571cf
2278,89ea98e0-233d-439f-8822-328a67496017
2279,d8a2d4ef-d719-4244-af1f-0eef23d3502d
2280,42936f16-34c6-4a8f-8406-f321a3a3f985
2281,9a8334c9-7099-4d50-b442-fab7f6ce11e9
2282,2aae6564-74be-4d83-946e-144fe7637d84
2283,ea041d27-9efa-488f-83ff-22bd29dabfea
2284,199828fa-9a73-408c-8d74-68d2c600cfe0
2285,43696629-0332-4729-b054-0299079c53bd
2286,f23372ae-1489-4c0e-bfe7-76c8fe14ef9b
2287,0b590c15-0b5f-4249-ab37-8ff3cc0ff50f
2288,46300ddb-cdf9-4381-93c1-6b8ff8acd7a1
2289,7f806492-54e7-4832-bf14-f9d617fff500
2290,3040ce0b-8aa8-410c-9445-42b584823846
2291,50f1a862-e916-4287-89e6-ee669fb0d298
2292,4aa41545-a18e-49a6-aca9-2443c9a2d525
2293,c25caf71-81d6-499f-977d-1e17df0d21e1
2294,f2f3fd1f-fb5a-4ae6-9530-34198f51847b
2295,fff739c7-3f57-4a98-97c6-41899604f4f8
2296,65a9a568-c8fd-40a2-bca7-f0aae8b18b55
2297,01f2e8f8-9a83-40da-8a5f-85ae19fdbeea
2298,6f485dff-adc0-4eeb-b306-71b3e10d6e80
2299,820a9dbf-d9bb-4ff0-87ca-6c9993f5a379
2300,b352feb0-72fa-428a-b263-572dc5a5b0a5
2301,e8b0ce94-47a4-4bae-8e0f-126be78a1f5d
2302,d353d077-e771-4cae-81b5-2568a62e7996
2303,a840359e-051c-48d4-b9cd-c02f3a7700d3
2304,99e30289-4f0c-4c83-bbc7-835622756af9
2305,6028f9df-d246-4023-b98d-f5817219a5fa
2306,cc0e270d-73d1-40d2-9659-e6f8e1f402ce
2307,15e67c8f-0543-49c2-b67d-7ea974474599
2308,c3a2f75a-e909-4082-8c8d-63ae0bfb43b4
2309,c57511d8-56a7-46cf-8083-da8549157ced
2310,9d388f3b-d601-4f0c-aa18-d8559372a5a9
2311,3553d553-3798-42b8-99f4-84299458259b
2312,040d65ec-96f2-4e02-b6a0-bb161b834fb6
2313,dd96fb91-bd1e-41d6-8744-e9d05e4dd208
2314,862470c7-4f30-465b-a6b0-28330d6813a2
2315,78c42ceb-ef1d-4bb5-a9f4-f408c05de08c
2316,5e4ebc1a-808b-43c8-9b93-636d9f4647b9
2317,a435a3ce-1bf9-4962-afa8-9b176c3571d7
2318,40171db6-2fdc-46bf-ab7a-cf826d96e437
2319,1110d3b0-85f6-43c6-ab98-3172f2b90c85
2320,07b1c88b-78c2-4421-bbad-c27377071e79
2321,fc69f4ce-7075-488a-8bfe-2c7ca5c008b8
2322,0cd36847-00ea-4188-a548-b61b2ee364c7
2323,4dc328ee-8db7-4984-9b88-3169652cc060
2324,11f5dbed-045a-4e67-aa30-0672b028256c
2325,f80d812d-3056-4c69-a855-a49dfca95505
2326,efb2c665-0e2e-49de-b925-52ae9f5e3dca
2327,65a35f9d-2921-46c7-a2e6-c5bc9342fe7b
2328,9561c337-90eb-4e59-84f1-4d26f01b6edd
2329,689d5bff-c874-4734-a023-165de695d54e
2330,cbd12a8c-b821-44bf-bffa-9c7f12e97fac
2331,40486dea-b3e4-4769-9b6c-49a41b9eef32
2332,8d1b993a-d45e-4346-9101-cf85e15bf2f5
2333,c6c41756-13a5-41f3-b20c-a9784eb778b1
2334,d5e47cb7-0bb4-475f-975d-2d126c4f5366
2335,5675e2d3-c2f0-4ceb-9f5b-a52416a49937
2336,a34c2664-7575-445e-89d7-1c095fce0a93
2337,a7cf12b2-77df-48fc-a790-5a9128f0e7f2
2338,ce5cdd26-c988-4480-b016-fb686b4668ae
2339,fa1ebccf-b535-438f-92fc-ad84ef3d63a7
2340,7bda7021-1fad-4aca-a988-75131f9db6e7
2341,29f59c99-0dd0-43ec-88f9-6c6d42c16f63
2342,d29b66f1-f530-4454-9df0-aa2e12486893
2343,b54c057f-962e-4cab-a7e6-e522e8f4b2c1
2344,e6fdc38f-37ff-40e9-b499-2186d31f300f
2345,67428df1-2612-45c4-8ccb-9b8314dd8cc2
2346,6f0d27cf-0c47-49c5-9a0d-e0c209ecc5eb
2347,7d5b1fe5-d689-4683-98cf-a678e0df4e20
2348,b21d2a20-b06b-4ff7-887e-5bb7b4b11eb5
2349,85b978c5-d48e-44fd-9b3e-6dbd70afeed7
2350,e8318167-8e1a-48f4-9abf-4909986c9970
2351,2059c9a0-5b6d-42cd-aabe-0dd32221c494
2352,6ea879dc-4b54-4a04-be74-b6bdee7c3ee4
2353,0d603054-7b05-4bb6-97ea-efff42491383
2354,32cf5e79-0474-48a4-9ab0-3012deb267d5
2355,c589ceb9-263e-404f-852e-5cea1d0b4494
2356,7c4955f9-1d4b-41b6-999d-63c6dc869fb8
2357,7fbaa7c1-ae8b-4c1f-aa2a-7a812b25b6eb
2358,2f82f1a9-60e8-459c-9058-a06cb81abd81
2359,feb1a5b2-0e9b-4970-8621-d6b6043403db
2360,2e6c8f0c-8ae7-4e92-bc51-63cda8cbc7b8
2361,6045c014-e3e2-49e4-be73-a52a95e20cb6
2362,6b2fb24a-b7b9-417a-8def-7523bc21eca5
2363,6237c6f7-d9eb-4c9d-a5c1-e3a246bfc32b
2364,912eb23d-b719-4aeb-bdfd-36e690f3c612
2365,e29d6cb1-0eab-43cb-ba77-ed515a9b4dbc
2366,f14d603a-e443-43e6-98a9-d02c5b508536
2367,49ac5b84-42d8-4f8e-8e41-daef812caca4
2368,d46a78e0-800e-4a35-a29a-4eb36f97c4aa
2369,f2de3dcd-b998-435c-8cc7-1549810b0c68
2370,cb9a95e3-8d5f-4ffb-b22b-5b1ff28ac5f5
2371,3490e471-1300-4c3e-a823-c630c9176c5c
2372,74bab13e-5a57-426c-8831-6ef9ade91c4e
2373,71fd74a7-3a74-4273-9700-e8a581ebd05b
2374,961b180b-cec5-4588-a18b-6c9565b5d9ba
2375,1a100640-62dd-4df9-964a-8ded17e22617
2376,7f79da40-606f-47ab-9f2f-585c9137c247
2377,d55e624f-2499-4716-a475-286b014d99ad
2378,82cafb0b-8ac6-4ea7-8dcb-aca819f07106
2379,9b100071-bd15-447a-8453-dc9a23f810fb
2380,1d2f768d-f59b-4afa-ae69-4a5d76206fd7
2381,4af7f240-fc62-4ec9-ad9b-fb41bec4519c
2382,9de58aa8-19c0-4197-b38e-969a3b46e3a6
2383,c0306191-6958-4122-becf-fc3e6b0976f9
2384,f48a7604-d008-4c04-ba6a-4952393a4f1e
2385,1f3fb0e2-03f4-4652-9134-b51b5f801665
2386,e1c55925-6779-48a8-b0c4-b2784f3fc19f
2387,203c4fb3-4a7e-4ba5-9dba-f0ac17668e83
2388,c8cfb93f-72be-471d-aed7-81b9100505fe
2389,0ac4f234-3b85-46a0-a5e0-5666573440fa
2390,f30f00a1-3baf-4c64-8544-74ed1ccb3449
2391,a00c018a-3efe-4f36-8c9e-976d3e7b00eb
2392,a23479fc-f39a-485c-b260-8203713380cd
2393,b751425c-07ae-4e44-a91d-49f3066226a8
2394,ad6aa890-f52f-4ae3-9b35-40369f251d5c
2395,e54d694d-0140-4d32-b17f-f7751b555f64
2396,5fa0ced0-940a-4005-a5e2-6822e89fbe8c
2397,69827a7d-8168-4b48-9674-312370e3a00f
2398,bd3436c8-7645-4984-8ad5-0cfcd0ab80db
2399,610a6af2-768b-457a-826b-d43f79a5dec8
2400,57c2d8a0-378a-4a5f-aa48-51f181348ea4
2401,b23e5d5c-0cf2-4034-9afd-12105ddb2007
2402,27e58122-fffc-4bc3-aaf5-38ad59a7c1eb
2403,54a47782-f710-4de5-87c9-31d9aa03fed4
2404,2610986d-93c6-4f70-8289-1cd032c1a4f5
2405,2cb40abc-f131-4542-91f7-52b6e08ed48d
2406,3d9ab536-1e2f-453d-bda2-f25fd412f467
2407,b4ef0d24-871d-494b-80ed-34e61c7d939b
2408,3a8e60f7-887b-455e-87e3-f3ed3ec0c6b1
2409,85cf7617-5df2-4c09-a907-d6a9cc36753a
2410,c921cecb-e66d-420a-91ff-3d6407d2f1b6
2411,e157aacb-2ce6-481d-bd53-cd8b62df6b0d
2412,37c4993d-2d3a-4a26-99a0-c91a9ed2aa4f
2413,e54315fc-e5f0-4543-944b-b45867d378de
2414,a05c6527-6670-45af-ab10-2e382d687130
2415,6ef77b57-2332-4c8f-a3a0-78ecedc8ec9d
2416,1048b13d-2ca4-4de7-bd35-1da11250eeda
2417,9ca35659-de15-4c41-a7d3-a7df824eb3a8
2418,bcc29b18-90d0-4509-8f69-44981f878289
2419,5d0d2759-c469-4574-a149-ce143cda121f
2420,1eae6f90-80f9-4825-a5ec-e5424f99a55a
2421,8dd29265-5de6-47a3-8102-95313f6e0095
2422,7b107df6-3701-4002-b7e9-8d43c27efab5
2423,25c238cc-0e74-4020-afa5-3272dacf5a4d
2424,6aeec910-5119-4a3c-8fa9-2a2997a49e02
2425,ec362e9b-349c-452e-add3-76bafeb06435
2426,e1bfeeec-e21c-41eb-97d2-1b95b77f6305
2427,1c327435-a449-4df2-a293-7cec58d0448e
2428,030c4696-100f-4dd9-b7b5-62d75052b0f1
2429,5508c18c-fe81-4d0a-a698-884858258918
2430,00f8b55b-dbd1-4f56-b177-214c72c2e18f
2431,db791f70-de0c-43fe-a7f6-68e7b7ecaab2
2432,4384312b-bac4-4faa-a310-01617173f79c
2433,0ffb8adb-9b5f-4c7a-9f8f-1403eabd2607
2434,1188e5f6-cd85-4656-abe9-9f3372642882
2435,fa0bf539-ea30-400e-ad31-00e31782a7b6
2436,df5efdb7-868e-42ab-90a0-456678831e36
2437,3dce052a-1598-4c82-a3ed-cc83a35c73a7
2438,198dc2e3-f860-442d-aac5-13ab8948181b
2439,a82d434d-cb7c-4490-8f28-2d5475d5a95b
2440,b03a9525-68cf-4ff4-bda7-750e5386a137
2441,a5b0063e-2165-4960-9a84-b1fd906fc3cc
2442,aca0d57b-35b6-494e-a0aa-4d430b80917d
2443,f5b0102b-d4c6-4669-81df-0b1e2d639d98
2444,cb0b0549-196b-47cb-8b44-4101cbef6ace
2445,0728bcdb-6442-4178-8eb2-18c992b7d1bb
2446,7f7bfc04-9dee-46ea-9d54-399962445d98
2447,fb5bcf25-f473-447b-b3b5-a7bd5d632c1d
2448,f87ad45a-817c-436d-9646-c67427e9bb01
2449,9df50c49-4f88-4974-acc1-cd6ed53be2a4
2450,03099ee5-70a2-45eb-804d-f6bbbea2c465
2451,87f95111-012c-4cd3-83b9-2911497d5b06
2452,3fde170b-e5d9-45c6-9c5d-68c60704a8a7
2453,58f4092c-cef1-43bc-89de-5f2af032a01d
2454,00bb0803-3529-402c-a619-f146fbc8b070
2455,0841ab17-2464-489f-bf05-5b19cad90f8b
2456,747c32e7-f1a8-4a1a-b5c0-ee082fd8ed20
2457,21113292-d675-4e75-a2c1-3aeb035b783b
2458,6386d16e-5687-4e47-bb7d-59d24bb31cda
2459,f98f4a53-7391-4fc1-886a-58d51c4808bf
2460,e13436c5-67a5-4175-b3cb-a4db3d81fe6b
2461,ffc390d7-5e6e-44da-83ea-ee82e3cebf02
2462,f3e31720-0479-4e1f-951b-849f8fc1751c
2463,4350e092-2131-4f73-83e1-f428d044c72a
2464,3fc57657-73cc-462a-860d-9ddd9bf55d3d
2465,4341fa07-19ca-44e5-bfc7-13fefbd63439
2466,df688f07-5f2b-4ede-899e-c5cf77a1cd65
2467,e0a648f2-c413-4768-a7b0-971823f3c8b4
2468,08397bfb-6bd7-4cb3-a28b-ec6bb15775b8
2469,4712f474-fa13-4f70-bdf2-562126a9b3ee
2470,5ff0c4e3-8e9d-4c42-893a-2e4f16d5d528
2471,8c2d8394-4e42-43de-aa00-b14682e72d8e
2472,9236329a-a73f-46c7-840d-bb7cb287be95
2473,7fc404b6-831e-4e3e-9e15-44976d47ddd8
2474,e4d78c46-a875-41c8-bafc-75708cc18b81
2475,7a555b90-6096-44a5-b056-7afadf38bf8c
2476,acd684c8-d311-4aee-88ad-348b5d77ce28
2477,238fe5b6-fe99-4cc4-9afc-a79100ed67b5
2478,d612331e-4d46-40bd-a93c-72f7741d83a0
2479,1f522dcf-5692-4e55-ad0c-a6ff4e0d992e
2480,24a403ac-c037-46a8-a8a0-8185ef8368d3
2481,ba9ac93b-9b63-474b-a3c0-34892577bfb1
2482,80a4e956-f28c-463a-8354-da76a83c58e5
2483,33fa6805-753d-4e8e-9d0a-6c193e1b1fbc
2484,9c9e92c9-923d-4d90-8d57-4a5c3ffbe354
2485,942bc534-5aa9-4d33-827a-23a813e8a192
2486,d305a6ce-de8d-4312-ad1f-80d2c34042a5
2487,0d2c1798-89ad-4f92-8452-454917ee4c7b
2488,8a1bfe8a-42d6-4ddc-af0d-82e6825a330a
2489,f6fc8564-b0fe-4963-9311-ac98888c5055
2490,e959afa4-b2f3-4d66-98cb-dfee05e09e51
2491,48488ff8-be7e-48e2-bbb9-a7d44ae16257
2492,a59cab88-c623-4afb-9075-a2579df6c332
2493,2f4ebc2a-e854-40ae-b492-74ab0357fc6c
2494,d0976c77-a932-45bc-b2af-09f743e8ca63
2495,4f359747-050f-4758-b4b1-09124341df6e
2496,6fcf6e52-15b6-4bc9-ac61-f204501670b2
2497,a2a4a2a3-dae6-47db-aeb6-f45708d1d813
2498,5f2781d1-d733-47c2-93b9-154c5d008e15
2499,d654dc8c-0efd-4226-a452-3cdf7a21a6fe
2500,3f09e17b-59a6-482e-b343-06e320880718
2501,451ed51f-1c3b-4299-a676-ef92b11cf600
2502,79fe4dc8-2c63-4357-b998-2d8053433b08
2503,0de2b434-3a39-481e-94b2-8766540df422
2504,674b1d55-8fc6-4666-b437-6e68eb6f7657
2505,a40c273d-b750-4ad4-a428-19eab0e9cc19
2506,cfdba2f6-8646-42a3-834f-dbaa58b86288
2507,de23b7f2-0826-4b55-8881-b5629ad59f68
2508,74e60292-6d48-44f5-af45-fd92017b07e1
2509,27656397-d6f1-4020-96e2-f2aa97e77724
2510,bae787fd-8966-4502-9f7c-f7e092b1dc61
2511,debe20dd-484d-48ce-8dfe-dac3666a51d8
2512,fe81308d-6771-404e-846f-a947e33722c1
2513,fff51730-d308-479f-bcde-87c020efd686
2514,08ec104a-f66f-4a61-b67a-3f1b7883c1e8
2515,e9eb9a63-1198-4f25-9c3c-0366f5ad84a7
2516,953593e2-2e1e-4c60-a35e-1be4170eedf3
2517,7d1b0cc4-6529-49ae-b586-baf799656840
2518,c96254fd-27df-49ca-ba69-acbff998194b
2519,c2eedf14-6231-4363-a73f-58fe1a4a487e
2520,709434ab-c466-4094-ac46-45169877c87c
2521,e4912e8a-ed54-40f9-add2-3cb770bd2b17
2522,995ccff1-c1cd-490e-bba3-6e0c151a5b40
2523,48080e07-7466-47e7-90a4-6b92be893d45
2524,13a9654a-524a-4be9-9754-45e47f714083
2525,69ea4bde-4f4d-49c0-a369-15bcdd3364c9
2526,7763447f-9bfb-464f-ac48-3d832de2c1c5
2527,a7882f5d-46d0-49ea-a1ea-29e860cd6af8
2528,667923d2-01bd-4c85-b7f9-91e049cd24b2
2529,d8994e5e-aed1-4c85-b7b8-ab120cc34be7
2530,17d658eb-3ce5-4799-8646-82522b5890e4
2531,254114b8-17e5-4ac8-b511-e43375d677c2
2532,731e27f3-4b52-4e75-8eba-64684e1765a8
2533,34d0d993-573e-4b33-b406-09a17c4fcc78
2534,7586f928-e9a3-4f84-85f2-49048ff68c67
2535,a33db322-a703-46db-8e63-05f04a05934b
2536,9c59b2a9-be0f-4f6f-9820-6a40d907d876
2537,1b0182dc-80d1-46e1-86df-04d66876096b
2538,2aa0aa54-4a95-422e-bf5f-d34b7aecdb64
2539,c57159b1-b5ac-4610-b46c-dd27b843e335
2540,2e05bc62-5698-448a-aab9-142289623aca
2541,40a94ec7-52c0-4e05-bf56-40fb36f7b996
2542,592505e4-d6b8-4816-82b9-70ba57061680
2543,3ee7316c-26dd-4880-9e24-0fc1123df93c
2544,e3284a47-bef9-4ab5-b6aa-564df0ce7283
2545,2ec0f281-65a4-4027-b481-daaa92e32d18
2546,b5350bd5-5367-4ae8-ae35-b2b6e1bbd035
2547,9462a49c-9acc-45a3-8d7a-cf9084082450
2548,da5e5375-fc83-45cb-add4-b39f87a41d3c
2549,b43472e5-f631-4e05-9350-72c140667587
2550,0ed875a9-ce8e-4133-89f4-1ba30f246495
2551,2d968d68-c615-4430-9c3e-3148ac4ac521
2552,47696797-9be1-4c6d-9142-d3484a1171f5
2553,ae0ec869-e1c4-4ea5-9d14-769470819c87
2554,f002c217-f495-4149-99b3-400fa9e424db
2555,29ceaa1d-378d-4cfa-a0ff-2bad210cead1
2556,1fd37668-0482-4e5d-b656-9f3cdd2022e9
2557,30d42ea4-c129-4a58-b019-18dd8cb28ce7
2558,e4aaacc2-b984-4e1c-8756-a908032c9f57
2559,9d7022c4-ccd1-4b1a-869e-83bf64a24009
2560,8c05b2ff-9e95-4712-975d-222377f1de8b
2561,02a89900-ad52-4ed0-b14e-40ea78dfc0a2
2562,d7c5fbc1-1777-4aea-89ca-6ea73870ac35
2563,d68c2c9f-57c8-4de6-b84e-3849133b0b99
2564,1de61eeb-0ca2-4399-b0f7-cb8dfd02d0c3
2565,9a314ba2-1415-4e93-8efd-ce562c3a950b
2566,600db2f8-b396-485c-83bd-c778e53149b5
2567,a62d790a-d89f-4bea-bbc3-cdbd03966c56
2568,0de32a1e-f8c6-4937-8686-be7c93f4a431
2569,669215ac-f24b-4da3-b709-b8e073ea3d57
2570,470b265e-4019-47f1-b7fd-ce0ead40a88b
2571,4c7a0a61-66b7-4d9f-ae52-7a5009eadbd0
2572,ae430ede-e2a5-4e9b-992e-7451969c31a2
2573,7a81a130-e6cc-4675-8364-953686a99edd
2574,6e4c9998-5107-43d2-b156-ae4183902515
2575,0fbfd54d-1287-4735-a020-5ce4997e76f3
2576,5cf31f63-a495-48c1-8357-f3a5b480b132
2577,71ea6f09-e546-4e5f-ba96-32de25e23075
2578,6861d8aa-3ba2-4d4d-b5d0-d5f0f74d5d51
2579,817b5796-0828-4b0a-8fc8-7a2789d261c2
2580,15eb8684-efb0-42b7-879f-1ac37c5f3cb6
2581,b92a6e8e-d805-4bde-a21f-1cdeba8333ea
2582,9cd947bf-77b1-4adf-89ec-072074e29f69
2583,3d964055-8bc6-4197-b5d6-ab1b2a1b6190
2584,9833568d-11f5-42c6-8fbe-62c31dd0d395
2585,227c6a04-91b1-49b2-b00c-f2c21d49d843
2586,cdc7b753-dbde-4cc4-a9ee-28f92c3ca3ad
2587,67bdbd8c-badc-42b5-94b8-65ef0da5a882
2588,298764e1-35dd-403c-bda8-990f4075bd46
2589,f7282041-7ed2-4129-bc26-0ed78e86ed82
2590,8bd0f8e7-8043-49a0-82dc-874bb443b6e2
2591,42e05c45-b250-4630-aa12-083bf373b7b4
2592,ed89d4ec-9459-4820-96dd-83888eb59d29
2593,18562f19-3032-4d89-b5ce-b00e7651a1c3
2594,2f2bd79e-ee76-434f-b788-38ddc97a38b3
2595,97bad31c-282b-4f2b-be59-2c9914449309
2596,da52492e-8e7e-49fd-ae10-f4a79538fd86
2597,df37b8bf-fc60-48cb-8174-69a9006f0234
2598,acc1a177-eab2-4d77-b3e3-74ea335d9568
2599,acdf4438-79d6-4594-bb8c-f8f67e221d27
2600,1d610683-b5bd-4aca-9850-6a495a107859
2601,b1050360-1757-4470-8b7b-d63a1f0bd6d2
2602,bfaf241a-515a-49f1-8007-a95f98a6cf42
2603,6136cbd3-137b-429f-b9d5-26d26be41480
2604,39362cc9-d2e9-4633-8b00-3d4a1052b3fd
2605,5de2c858-8fc0-48ef-bb5a-895893aea431
2606,9cee97cb-2067-4f0f-949c-a0c4f09994a7
2607,666e20ac-04f7-4d6d-9874-affd695dbe18
2608,051d67dc-265b-44ff-93fb-f188afe553e9
2609,86a41955-e556-4025-aadc-5ea1fe5fad1c
2610,5c7eb4bd-8d71-4143-af02-2801346491d6
2611,7dfa6593-959c-4508-8845-92411dfda353
2612,dae9da16-90c2-44fe-9159-13a005998433
2613,706f3f44-d183-49fa-8ea6-11c03a157d29
2614,0d6af0b4-4b86-4a9d-9da5-f58b12481a50
2615,4b08087b-b785-479d-891d-a2c189130581
2616,f0494ff2-8e2e-418f-90ff-9eeb3406bc1e
2617,fb2d10c2-ada0-40c5-83a1-fe74a3b815ea
2618,f422c4e8-40e2-4796-acce-aac00dd281f6
2619,7a8ff28b-ef5d-4494-a6ff-b677ecd1072b
2620,25e4e01a-2ce7-42ba-89fb-b4e662a0b8c7
2621,f9a89405-799e-40c7-b4f7-92981e52f6b4
2622,28033481-54b5-4d1f-b133-af6727131639
2623,e1dc4b8e-9722-4a17-8628-d6ea80f8eb35
2624,0145325c-2e49-4186-8abe-0c2e03c680da
2625,c38fe2f8-af85-4d47-a9d9-cae45df54459
2626,b647d9e8-7ce7-4934-bce0-f4c398df28fe
2627,92bbd2b1-521a-427d-9f17-ca335fae7866
2628,e482c869-1bef-4005-a633-6d720898d527
2629,84449c17-3d18-4356-927a-caf780571d91
2630,2e6094b8-4040-449b-ae87-505a9c2ceb8b
2631,0dbdbd92-92a6-4d6b-989d-a1bf200f9cda
2632,1f9ab6c8-254b-4a69-84bc-fb8862f6f6e4
2633,6a44e4d7-0481-4a45-aeb1-ed88c072b6ad
2634,ff2ecae0-a6b0-4152-ad27-b5426ceb0ec6
2635,1314dc88-8bf7-4e36-9335-af054cf3bca9
2636,ac9da9c7-7e88-4896-914e-618def83af9d
2637,7492d186-a4d7-414a-bd7a-253ff2ef9b6f
2638,98b395ea-7bd5-4090-84df-ab917c599904
2639,3c1c1308-fbe3-49f6-a028-58f80184a614
2640,2f0950e3-6b7d-420b-9da3-d659bed65ee5
2641,b50880bb-1c1e-4253-a359-175bee6e1b67
2642,c343a619-4087-4e90-b13e-b94f6ddd171d
2643,fd1cb800-8010-4e72-b161-7322ab1598a9
2644,2dbc674a-0179-4c12-95ce-0e6f73a9e43b
2645,2ee2a0fe-064e-4fd6-95a8-e912f1bf869c
2646,2bd1bd0c-7ab2-46a1-a54b-67203c3f7f2d
2647,a47eefe5-abe0-4cd0-a261-f0e6035974d6
2648,c5227e52-8b0d-419b-ab41-94cfe97b4319
2649,b26d3350-b411-47b0-9dee-6b8dde1324cf
2650,26827e0e-c51e-4e64-bd84-4e4be0613196
2651,3e81df21-5d56-4959-90bf-e2863f02416d
2652,a121b48c-3958-4230-aa41-e87e26b9d8dd
2653,6548a334-3d86-4a19-bf0e-ea4970339ed2
2654,ed4e1b2e-b265-45a3-9ab0-de94fb876af4
2655,303ae0ec-1373-43b4-ada6-913473e2ef0c
2656,d7ea20a5-be82-439f-8bfe-6371a4872525
2657,5ec8fcbe-7c0a-405f-86e6-6c9850759d37
2658,258bf3d2-0231-439c-90a0-d1e8c61430fc
2659,90ce71f2-3ee2-4bea-a662-09d4a442d6c2
2660,ea8ef96e-d1ab-466b-afc5-fd02ffcb2dc7
2661,979efba2-3a0c-4015-ba96-153e3cca1fcf
2662,c0c7c1c9-3665-4bcf-82b7-b5262a5809e7
2663,e619d60c-d94a-45a3-8883-e7489e9bd987
2664,1bc6bfa2-0aa6-43a9-80ed-443af5f823e7
2665,6445e1eb-117e-4935-b803-d8a450e78a10
2666,c4650c21-a7fe-412b-983b-0cb43ae58219
2667,abde2d19-ad6f-4cb1-bb12-9ca3485ec858
2668,3da0fb6d-03b5-4c3b-892f-96b2a7f8d252
2669,a4d732d8-2be6-4dfc-a950-d473670c512c
2670,a8f280df-9ca2-4df7-afc1-d92506f78e8f
2671,e07efdcf-bf71-4b69-b455-84c51ece9bc0
2672,3986a656-a65b-43a5-98e3-a96164ac0b9c
2673,94793b48-744b-4d3f-8f83-bd1af5e714c7
2674,46da594b-be02-4485-94bf-c9c34ed1d15c
2675,19eb162f-3896-4605-968a-97cf4fb928eb
2676,172b3744-c0d4-4cbe-a972-ab419f636263
2677,fc748e23-4e12-4696-8ee5-e670ee238a45
2678,6fe5ecfc-5a06-4be0-9853-008ad9e601fb
2679,a490c814-6119-49b2-86ab-8c51d473797e
2680,e9c46de3-9872-407a-8b21-b36cb846cea8
2681,84a244f1-21ed-4228-9737-f1b40b2b1264
2682,feb59ac4-68d3-4c74-bd05-30ad0bdc03c2
2683,0ed03f2b-683a-406c-8ff0-06942baec4e3
2684,665444d8-bae6-4d0b-8042-93bdc5a7802e
2685,88f8cc6e-7e89-4963-bbbb-44fe33a6eec9
2686,20adfdb3-fa5e-4929-8eee-576a88762560
2687,51b1ecb5-748c-4731-bf05-b13a42fcdbe0
2688,1a2d410c-c1ad-43e9-ba88-9d2ace4480fb
2689,9d5cdf97-4735-4a54-b723-2d536e6d6f7e
2690,d797608a-cc2f-4c59-be31-7ae82d298acd
2691,67bf578a-0ecb-4c02-9f55-7988fa5ab6b3
2692,fd14cd4c-6b70-491b-a409-a4bd1aa7df1f
2693,baba9581-dca2-4008-b105-8362526282a6
2694,78a2e956-9368-447e-8384-e7ad60c06345
2695,3e752c77-6a7b-4c34-a10f-36f25d92c983
2696,bdb7efb6-53f1-4ad7-b5a4-b43d24023159
2697,6acd4a13-cc5d-4192-8ec3-568db0edb9f8
2698,cd0781c0-2fbf-4047-a112-e9aaa4983199
2699,3355e12b-3ef4-40d3-bfab-b845530c2f2c
2700,eda86e76-0875-41ae-b486-b6442ddcf68f
2701,fa16cde1-f80a-44eb-89fe-3cb59a0423ed
2702,873a9efd-f48c-43df-8bf5-67f5fecc1724
2703,2a9e342d-cae2-4578-89de-8685d86325fa
2704,7f5d7da4-bf5f-447a-9ee3-8e688770e5d3
2705,1fb69542-ed7c-4663-a0fe-5579932c74d7
2706,a8d634b6-93e4-4d14-a271-a3c656e15365
2707,97657c20-47fe-4dfd-839e-7a75321c2304
2708,5aded086-8955-4900-8dae-bbed95dfba85
2709,563cc4c1-f87f-4b15-be2f-779abc70f111
2710,970c8fc7-3284-4442-932e-7abadbc7a99e
2711,12a68b97-88be-4796-8355-01384810b96c
2712,bf5ba9a2-ccaa-45fd-b42d-b191ba1d7380
2713,b821ffda-bcac-4844-8ab2-96d1d81607e2
2714,4ff6f8b8-56da-4837-987c-7c42ba3ef724
2715,d5220128-8ba6-4b64-ac17-6ba0266d3bbb
2716,3abf59a8-c16f-4d2d-898f-89655907c922
2717,55a53867-94be-454b-8659-2e9a4aab5afc
2718,f55c45f1-fea5-46e1-8e8f-0789a3c3a224
2719,9477352b-f6bf-4615-91a6-3c10fee362da
2720,b1aa54cb-f3ff-4f33-9fad-9ae6a2ec0e0f
2721,2836b82c-8896-4195-a980-d2815d733814
2722,760b4909-b64b-4fd9-9ba9-3646d945c3c9
2723,1f7f562d-c817-4978-91f4-960d5e43a9eb
2724,39fc96bc-51ed-4049-a1ca-0f56904c607d
2725,9a669c01-1cc9-498b-a603-1609962f8c68
2726,c68eecfe-57d8-4e1d-a8b9-1e043e3535bb
2727,280e4a33-c33b-439b-a2c2-ae4478e618b4
2728,bd3d2e1e-74c7-4cf9-a008-345d211239e1
2729,38b5207f-5791-4d72-989c-e8af9d974b90
2730,b2360be1-f8d0-4272-8c9c-0cc304972ed2
2731,727119b5-6603-4e08-9634-396c91046624
2732,32391da2-780e-42eb-ad2f-ebc57651080e
2733,45d5bf55-7f35-49af-a108-0fd749d12d53
2734,5a7bdd0e-47e2-4ee0-bf1e-ff8aad0f5cfe
2735,b60f8a84-7192-4417-88d1-be5565a9b2c7
2736,4cc6238c-e51d-432c-b1d0-50baf81238fe
2737,a0cc4257-fa5f-4f8c-a87c-b4e0582845b0
2738,553415eb-3864-42ea-90b7-e2ad12a6e381
2739,590efa54-d577-49c9-b780-c7508abd772b
2740,f4b3ff44-ef4c-4d06-8805-12765bcf397b
2741,d9046529-90e5-442d-ab02-41dd1705edc1
2742,e16ae3ad-15df-42a4-b491-258cf938d370
2743,4c33b8f7-e24b-4cf4-b5d4-5aa3b73c6b82
2744,f8002aa4-3d4d-4202-9cf9-aaa2259adf4c
2745,990c2277-acca-43b3-89bc-f8c9624ee2c0
2746,eece120c-384e-4a6d-bb93-72a5928624f0
2747,62ebfe4c-277a-4ba6-9426-011813169716
2748,3d2f6d86-babb-4d8c-a27f-18bc072783d0
2749,c67ee6b7-eb84-4181-9255-64ec849ca8ec
2750,dfeff232-9899-4baf-9680-c8512b43d860
2751,f0b93a0e-75dc-42d9-bf92-1864c41f88fb
2752,2f4c1df3-30d9-40a7-8498-3f80c60bf79d
2753,0d6acf40-755d-405f-abc6-451f1b469997
2754,6c87179a-54f0-4136-be7b-f2a0a5c02f58
2755,fcb9a10d-1ddf-4126-8e4b-58f0c7a2c41a
2756,06eb7279-1f0e-4fcb-8681-56d167e2938f
2757,1245e7b0-be18-45b3-b163-eb43b621ced6
2758,47f15d91-0e98-4c55-bf19-08964f495642
2759,78368a23-219a-496e-8335-f2090c6eccdd
2760,dddc6546-03f9-4d52-91a8-8852127fbcda
2761,c488b9c4-cac3-4c33-b215-5dd9148b631e
2762,4bdd8c2d-da3d-456c-957c-3132e0dad899
2763,3eb65518-43ee-43be-a524-794515ab2669
2764,2d79a189-c302-41be-be29-6e714b25902a
2765,a8adf75c-c765-4d41-88da-497777ca662f
2766,9c879bb4-591c-4ee3-808a-2a71c2380127
2767,281aa4ce-9ee8-40f5-a0f5-3d6c5c3323e6
2768,eeb6331d-b01e-4719-b889-28c2c69d6ac5
2769,6b09219c-e740-49b4-ab27-c08f1a5da567
2770,c5c56d78-9750-493b-a9dc-fead4696f287
2771,39428603-1827-428a-9da0-90383151767c
2772,4332a299-b06e-4ef5-b0d5-0dea8b3ee6ea
2773,767994ed-c979-4257-a9a7-691e6fa3c83f
2774,77bc3ba4-0283-4975-a0aa-3b7c50627e3a
2775,0ff1a331-bc64-4424-9000-a4b6226b05ca
2776,89de515d-c6cf-43b5-9fcf-0a8b77ea8d01
2777,45d76096-6026-4946-aa32-b41f272b0621
2778,7baa8d98-292b-4c98-8d3c-5c17729b0762
2779,7af9a78c-4ea5-4bb7-9304-3230c449b2cf
2780,129df020-4e36-4ada-8023-3d92cb20bb26
2781,272abc9c-9320-47e6-a178-3ffdc61d5755
2782,68a907cf-d256-4ae7-a89f-71565c5e8821
2783,db92442e-dedc-474a-bc2f-dc900d295fc1
2784,0f780d52-9ec7-43b4-a436-55c99995ca51
2785,c8cba78f-5b1c-4f9a-8d9e-e2ee5b752bbb
2786,2c69cc00-15ef-46eb-a2d8-e8e860abdafa
2787,fbd17268-1531-4876-b7a1-4b04a0d441b8
2788,53bc9352-5364-402a-8544-6c74f0fd4a5c
2789,037a2a87-8945-4257-a641-c2ca60ecbd8a
2790,46d32323-39b4-40f3-87ad-418df075f59f
2791,99991852-2b12-441c-a7d8-186767a2efa5
2792,3d64b498-f339-4df7-b401-0f1ec09ea564
2793,3a763a2b-d67b-4a07-ab50-86e2a058bff2
2794,b096edff-a24d-4e21-83e4-81802e3e8d2d
2795,a942d010-8565-4577-a863-e24bea4ee908
2796,0e573f1d-eac9-431e-acbd-b984acb9879f
2797,bae27984-dfab-44a2-b767-cab82398feff
2798,8cfbcefa-cbed-4758-bdb0-5b4e6dcff5cf
2799,23c46b52-2bee-4aff-9766-a36b5688739b
2800,bf271ab5-dac3-4995-b45d-befa7fff3221
2801,375a3306-7bad-440c-b867-ca4273e08e94
2802,a17d7390-25fb-45dd-93f8-e2dbfc2d6516
2803,99e9f742-f7f3-4cfa-aa8e-28933161605a
2804,e646ff59-20b0-450f-bf2a-a27ffb2af9eb
2805,266eb541-8ca5-4b34-8615-899c3859c9cf
2806,64e2a403-4137-48cc-b287-5527ce6ab6e7
2807,bf7e21b3-9b59-48db-903d-e8bf9aa1e325
2808,f6d5c0f4-c0f7-4b10-8a82-39824564b462
2809,0b8e747d-39b0-4b68-a57c-80d04031ba65
2810,208acde6-294d-4d00-8fa6-636baa7f3a2b
2811,5e437916-4e3f-42c1-a920-4d5e587532be
2812,9851c533-dd2f-4a3a-8f92-ffb7fe4a193c
2813,813c93f6-9376-4338-81e3-93bf92383241
2814,e72fae59-3292-4cb4-b8ba-e8aea2b1222b
2815,9f77b83a-8539-40af-9894-c33cd5d3429d
2816,6ef64b45-4332-4499-8be2-bea83bbb59e6
2817,6e698c36-ff46-4353-b2ed-04f99d91868a
2818,82739ff1-bc22-4d63-a999-e46b05b1f7ad
2819,d51e4f55-f5e9-4065-a02b-b0da1fb295fc
2820,dc0e6ed8-9d0f-44a6-8eef-baf1b8d3d7f8
2821,0747fe27-cd55-4356-abbb-de80f5ba33ee
2822,f1e4da26-d0e3-4059-8759-3f9f49120e4d
2823,a316a86c-2568-42df-9714-d192dee3ee74
2824,82ec080d-268b-47b4-932c-4842f88b80a6
2825,e0d47ba1-beef-42e4-bf1d-f3d82cc20e1d
2826,429e3986-276d-4fa0-aac1-013b4cc653ac
2827,c164832b-b54a-49d1-b17f-dc379dc9dc29
2828,bb8a8a7c-dcd8-430e-acae-2107c11a8d88
2829,26e669ad-a5c6-470d-a256-ec7e0a4b0ca4
2830,2c0fba48-ae9a-43c2-bca0-87d4404aa351
2831,3d6fcfd9-273e-4249-9e03-ed54592da608
2832,1d4a1de4-0518-47e2-8b0f-a809acdbb74a
2833,e3200fd0-275b-49db-bb4c-ff2d234de398
2834,30f58109-a814-48d6-9cbe-31fe6a361337
2835,6214cb6b-8d4b-48a3-af0f-b6ec7c6b813b
2836,8d1b3b61-860f-41f1-9ff7-31bd0d61dac4
2837,2ad100e9-e747-4ba8-bfc9-8aaaa6e34493
2838,72ccd82c-b498-4751-9196-0d173cc50e34
2839,683d4e05-3444-4cba-949a-5ec9e29d7893
2840,4e37193f-79dd-483c-a499-7734bc255651
2841,acde5eb0-77fc-4ec0-b07f-f416754a1747
2842,3d28982d-567f-4d2e-bacd-faeadf393dec
2843,8fe42f90-39ed-4eb2-a7f2-d1f856247b49
2844,62e0d841-705d-4f8e-8fa6-77765c850f22
2845,29d28506-63f5-44f2-b478-704b3708f5c5
2846,b8089519-2946-44fc-aad7-8d06fa6e0078
2847,871ac076-62ff-42ce-8f82-cd8b567ece4d
2848,cc64d966-2096-4f98-a777-725794d64d2f
2849,4a4a0899-b157-43e5-8e46-fabbd18cb2f6
2850,1cafee1a-4f75-4328-a779-613e6de81a7e
2851,2f34c6a7-e680-4507-b158-dfacd506b08a
2852,5ad0f4a2-562c-4703-9b9f-ddd5dd3ebd41
2853,01c19768-bb19-42af-b7ad-6ba0580add1d
2854,c35b2c03-e3bd-436d-bb65-874b82e4e192
2855,01a0cdd1-1f8b-4360-9ec5-a88c67fef5dc
2856,bda6460e-fba7-4906-9ba0-a98e485b9450
2857,49e11df6-6cda-4cfc-bf80-29b554a1f6f6
2858,12d9372c-39d7-480c-841e-0abeb0bd9a2f
2859,f5583d89-bce9-46be-acc3-c12a9827011a
2860,e08e6820-4b2e-4b07-a27c-06280bea130e
2861,d6b295f1-67b8-4ace-bbc5-9628cd0aaab5
2862,bb5aedfd-8cf5-42ca-b3ab-22c592fee26a
2863,05c7a099-8633-489e-a094-930b8617b97c
2864,7f985a7f-0044-4a3c-9aae-4efb60875338
2865,93f2b64c-7a4d-43be-8000-a81f34400455
2866,e7fe8c21-d954-4b70-bb0e-15a62389d9b8
2867,c2eeb19c-1c84-4a31-9715-ddd2cf0f5f0c
2868,a8120b69-d806-43fa-b706-658652f371af
2869,af516598-d696-43c7-b7a9-c51a70e4af0a
2870,30de2474-9105-4e76-bce9-6af872a157fd
2871,c1da6d76-16ba-4192-95f4-d594d9cd4724
2872,98f692fc-312f-49cc-8156-76c6011fe64a
2873,07158967-eaf2-40bc-ad92-a2b959b9199c
2874,5dff53a3-d6c6-4f2b-aa42-0784b93402f4
2875,157aabe9-91d7-4074-87fa-d6d22d442755
2876,03087c51-7817-4694-84e9-dea56bab9790
2877,1f77ca1c-585f-4f35-9d25-950a3a8b69e2
2878,8fec090e-c316-472b-9614-dbe3fa55cf81
2879,db3cb529-da4c-4bef-b683-fc19ba389798
2880,e0ebcffa-408e-4883-a99d-2e31c3eda397
2881,626ee893-332c-47c1-809b-d9cc823ea1e6
2882,cddf2fa7-96ad-44c8-ae9c-10dda2a7c2a8
2883,bbed187c-4fd5-42b1-9d0f-17888335c2bf
2884,5702ff2b-e261-441e-8d89-0b5d5330b767
2885,4f972678-5c1b-4b8a-aa87-e224acf04a13
2886,768ced94-6d25-4cec-8463-e579954b291c
2887,b46e439f-30e4-4361-9934-9e794d3f746e
2888,a758b34a-4260-4218-bdbd-05ec846122c3
2889,030b6f9c-80ee-4ef0-bef9-0674a41000f9
2890,bb0e9878-ef13-4dac-81ba-71567585c300
2891,9d0219ba-ac3e-4cfc-8d97-ef811d392a71
2892,b5694ca8-cd44-4c4f-9241-7d489cd3911f
2893,85fa1a56-c243-4358-81fc-706dc84810cf
2894,10159ecb-7d1b-4cc0-90c1-d19fe39a1ed2
2895,2a759f5c-6f7f-4b05-a5ad-ccc6a9cfd01d
2896,fafe2fb5-4308-4d90-8d8c-bfd1e0431934
2897,c10e55c0-c638-492e-aad8-e3091d63e9cf
2898,92e43a33-6539-4363-accc-f946b0101961
2899,d718f7ce-0094-4130-8a7b-c55022dd0415
2900,18c3652d-e31f-4ae5-a475-9c0b240a502a
2901,184d9965-add1-4ab9-983a-17654b243af3
2902,3dab282c-e797-4ed0-9822-fc3e6deb5751
2903,100eb69c-b99e-4ac7-9bbd-7fa96ae26211
2904,89d2ac80-e156-43fe-9131-591e17f79129
2905,90b2abca-6b7b-489b-9c37-a153f9b6bc53
2906,fdfcd9ae-2805-4c66-9355-83c1cab191c8
2907,4f2d80c8-5645-45ce-a329-273db5ee7af5
2908,1c432fe6-2b63-4e11-b6c4-b3af5238e6e9
2909,ec916ef5-30d4-4683-b294-abe1578fc15c
2910,15c67e92-72fc-4807-90b3-dcbb61d0d656
2911,541411e2-c41d-4ac7-8b6c-69b1ba64e1f9
2912,693e41f0-2855-40b7-a9f2-aa5aea8f6597
2913,c526b64e-458e-448d-8b3b-92776cffb44f
2914,9a91ccfe-8c78-4bbb-9a35-0b52264712fb
2915,194ce727-5b60-400a-8fc0-cc5efa4a2724
2916,0aa4e264-ea25-41d7-b930-abdd9ffedc96
2917,d0db4846-a606-47e0-9f31-1374f13de526
2918,ebb0c87c-e437-4b92-a2c7-cc24b12bc9dc
2919,ef8948b8-8184-4d9a-9bd5-e06cdca86e54
2920,408da178-2958-4404-960b-94478b066ec8
2921,e275a6b5-132b-4528-a0f2-c19e9e29dc77
2922,3f828ed3-9293-4b6e-87a2-c982ab613353
2923,40d4e215-a7be-4bad-90ae-a9fb1d01ef37
2924,147ef884-8672-4eff-b187-2f4c7643b5d1
2925,cea2dc5d-b068-4b5f-86b1-2d0673f072df
2926,b80c1f6a-1c98-4223-a001-a410f6bd2844
2927,234b9f7b-ebcb-41e4-bd12-274eced0e443
2928,37c21e6a-9e47-4239-8da1-30b525460143
2929,31708190-b36f-4335-8a7f-f0030c266787
2930,01b3b395-bfe5-468d-a27f-e5539b8b0b24
2931,084477ec-a9db-4d98-bcd5-58258cb75a79
2932,c701cdfa-f60b-4a2d-bf92-35daad9a1faf
2933,eeff632d-e612-42dd-9c37-3f4dc58807dd
2934,04a1ccbb-2267-40c5-bac3-aaec349588f7
2935,9c991b82-3930-411c-a740-ec69abc3d740
2936,adf73a88-d190-4ada-bb19-c5f2f3710214
2937,e8af4d8f-99d3-4758-8d71-8b419ba577b4
2938,17922df8-d704-4744-8f62-624e77db499a
2939,42ecc7e1-d1e5-49d8-924e-f9f4b9f37edc
2940,8fe5326d-ce4c-4a22-a152-2221c8ac94e7
2941,f36b54eb-08fb-4280-8975-b383db4c6f96
2942,65cd274a-b2de-43ee-8836-369de29d290b
2943,cc9a6749-1f99-4f1a-904e-db098d74f768
2944,28e088b4-98d9-4801-8420-31f0e1b98e2e
2945,9a36f75d-4559-4180-a22e-2759f473e9df
2946,37c5bb72-7d51-4064-bfab-b6fe3b3c0495
2947,39260e6a-589d-46ee-b37e-e2a4c73aa52b
2948,a7e2e1bc-7ab6-486e-9d07-de781a793d9a
2949,0c114dd8-bb64-40b6-afac-956aadedc30e
2950,ed363a2b-d3cf-47b0-b993-74c8d504d0a6
2951,d44f1dea-93f9-4f21-aaad-ab977eb8d630
2952,6a0b85e7-5cbb-495f-9078-2fbd53880557
2953,9876fa5a-e4f8-4590-aa06-e47f4ecad4b8
2954,58eeed97-a195-4ecb-a95d-bc9470b2a104
2955,9f710edb-d38c-46cc-9f2e-6d91514bb13e
2956,69431fef-7c3f-4c94-b060-1c3c8b554ddb
2957,10075e2c-2f87-4a5b-82eb-3640473c4be1
2958,c0153647-80a2-469c-96d4-474867fa5e48
2959,c4bfc741-d519-4dc5-88fd-dde1c2efc368
2960,51d9d0ed-8e1e-40c7-8d50-a955387c8224
2961,b00a2a3e-183a-4336-bb56-1e7ca9e26f63
2962,a34fd4fc-c50f-40ec-9378-eaafda4d1446
2963,6e800bc4-d26c-4255-9b70-cc62f5711ff9
2964,b8410b8a-350c-4e87-8b78-e13e51b02f3a
2965,ee845710-27a7-4f99-8114-546f8771df57
2966,170d712a-b442-4b1f-9b9e-bec388b0018a
2967,4a3c273d-4505-4beb-aac7-ba9d9f22ff41
2968,ad7addf1-4837-42e4-8eb8-4391b076fecd
2969,ffaf122a-bd30-453c-9504-1eaca08563a2
2970,6cc0609c-b554-4e42-a6d9-82d92c060583
2971,7ca04206-89f2-49ad-816c-fac11ef2af4a
2972,5819e8b3-ddbe-4e31-93c7-7166af978928
2973,58644026-94e1-404f-ad3d-b6090e056834
2974,98ae6f8d-b32d-4c70-bea5-4979eddb6556
2975,ce8a3aea-e900-4226-987b-38758a143bf6
2976,2af8ddc9-8b9a-4baf-bd2b-1cebec52f537
2977,bafe46c2-cc30-4044-9ddf-99a7473c7672
2978,97bb0610-5127-42b0-a159-dd8cafa8e5ce
2979,9c635b9e-7a74-41c4-95d7-19131f7b99d0
2980,676b1a17-1a25-4672-ab71-61ace7ae00cc
2981,413865c8-0538-4c0c-9cf1-dba3bf75c682
2982,6589abe6-d75f-4959-b06c-022f5180dfa4
2983,72d09aa4-e34f-4167-8c88-cde70b2bb636
2984,5508e073-3616-4744-a167-d4d88c97359f
2985,0ea37656-59bb-4f0a-84ed-0e2c088dcd8f
2986,fe708ac9-6ab8-4cac-a7b3-45a83c5eea92
2987,aa886b76-7af8-4456-a6e1-3920e1b8f610
2988,adc34f6d-5adf-4a2c-bae7-e05316eb9db6
2989,ebd06862-27f7-437e-ab13-d6acbd7bb1f1
2990,444314f9-83b9-45a6-bf6d-400309191db0
2991,3bc3da46-8530-445a-8586-4fe9317e994b
2992,786ea5b4-9051-4251-a100-0a1f3c167209
2993,65cd72d1-f453-4479-980c-9985c8dc5a42
2994,1b717d23-3f81-4100-8b3a-b48939e453ae
2995,2ad8b975-e205-4612-b2c0-66fecc69080b
2996,9f3ce4be-f25e-4139-bf89-d8804d50ab89
2997,d3b0e1f3-c371-4163-ac6e-136682c5e7b8
2998,044e37b6-e8a9-4460-9ee3-2296d4737ddc
2999,2d18dcd4-cd3d-48e6-ab16-7eb2439d856f
3000,e0a46baa-ba40-45f7-be8e-9e55ea717f4b
3001,406af331-1f97-4c2a-a6ef-5e9c54cb124e
3002,e44c1098-8d08-4868-8570-351fedf3b93f
3003,6ea41e8b-2c5c-46c2-9490-2ac0776132ad
3004,a088e733-0b5f-406a-a12a-88152d626be7
3005,d4e911b2-7c00-463a-8073-4228a90be8da
3006,b476b776-fcb6-4f63-aefd-94cda386b0f7
3007,e356f881-311e-48f0-9856-02646b32ef78
3008,3850b79f-9b38-4d0b-afcc-9ea49d48211b
3009,bbb4856d-a85f-4ced-a033-bd58cdb69d5e
3010,a01682de-c562-49a0-b7b1-66656ad8a8c3
3011,8ea5a968-a7ec-4a10-9f8a-b7a6b05423b2
3012,efab1f14-70c6-46bc-8cb0-cde9a7352b9b
3013,a252074b-b2e1-41f2-b0ff-c34e3a24346d
3014,e4d1b704-fbca-4f60-9a23-2eb53df1431e
3015,f4878aaf-91c3-4553-87e8-688e19a3f52c
3016,5207c7be-54dd-4054-82c6-364239c43999
3017,f4ea6722-0a9d-4917-84a1-c18bd9f3806e
3018,bbf92d67-9e35-4878-a11e-46b85f61de12
3019,481032a4-cc99-4df8-9928-1c5255ca6584
3020,eceac7b7-5e10-427f-ae91-5bfbaf97595e
3021,7b95b5e2-391d-47c5-9f8e-78ca55979f7d
3022,8d015089-f69b-46c0-bdd8-34d6a622a0df
3023,0eac7840-97d2-42ef-8a6c-d1947d579a83
3024,9ecc12ae-7d83-44a9-987f-81b0f91506e7
3025,b811d7ba-1b87-422c-8a3e-1a41614bb001
3026,6a660d82-5b31-4c85-a542-30c6dd063760
3027,975d2258-cc26-4381-beda-ca80ed68d8d7
3028,86f5bbe8-88e0-4bc4-a659-6d1e863b0afd
3029,c2cb2d3b-0285-4756-8ed4-c94171f89187
3030,40aaf94d-20fe-4b1c-b788-18659e1e3cd5
3031,7183a7f0-2559-42de-900e-708c01e104f5
3032,830521fa-3115-4841-abcd-de44cfe91bbf
3033,db136882-a25c-4e36-9ada-8c48c8028a0e
3034,a2695fb1-3bd5-47d4-be73-ff3a4ea9e4e8
3035,77d1674f-60f2-4568-84f0-5eddcebb784f
3036,2f12ccf7-dd5d-4d6a-b2b1-ef6ade405936
3037,03672151-53ff-4148-8cef-697c11e117ed
3038,4fd7f764-ed45-4ec5-9178-30e2a19ae836
3039,b893c55b-d6bf-458f-a00f-6385c857dac0
3040,86a6d01e-7a64-46f4-982b-d30c3043566a
3041,bc488ab2-e8ea-4f0f-9170-86ee04d5cd59
3042,d0431957-14bd-4a81-b442-33200d46a175
3043,05a9744d-780e-409b-a8fe-3c8ef53e0079
3044,f000b30f-d49f-494e-ad43-84e73ee1b388
3045,dbb9c951-9ea2-468f-8ad4-4acda6d666d1
3046,a52c690e-26e3-42d9-9050-fbef693af950
3047,e1b8a1d9-ed2f-41dd-97dc-eefcd6e35ce2
3048,3e9aa047-c621-4616-9608-fe2070b25bc5
3049,67dfbfdd-57c2-4741-9b95-636677e74b5a
3050,e331ae3f-32f3-42f7-ba38-fb3cda4842e5
3051,fd1eaebd-5ac9-4371-817c-c5a32642efb1
3052,e3c8f5a8-c8b6-47b1-aa91-77c076f8d4d2
3053,2168cdef-2d97-4e21-8736-ddeb44a7c00e
3054,3f743085-6e2b-47eb-8710-1e201575fa64
3055,a2fcd3dd-a624-4046-9e32-3312e19064fd
3056,1f652c02-bd4f-44ed-8b42-4f996d170a18
3057,ec45cb25-45bf-42cd-9098-b6944b58f19b
3058,f4b37def-5a37-4065-8fc9-d097ce9e9b6e
3059,abae9afd-f8f2-436d-8425-3bb3ccce79ae
3060,18c28515-47f3-4edd-9195-f5446a995cfc
3061,df4f250e-471f-4d24-86c9-122452d0eb0e
3062,feef2894-9fbe-4307-9f0f-4c80653fdb68
3063,dc7766b1-00f5-4bad-87fb-d2c1cb167949
3064,361d7400-1b4d-4bcb-a58e-9351ca6d6aae
3065,ec462b7c-e58e-4c21-bc6f-898e8fc27bde
3066,dd10ed42-3c09-4346-8446-5167abc0f257
3067,86d3deee-29e5-4c05-a8c3-dae8d3851154
3068,617788f2-b872-4f80-974c-27873ecedd17
3069,e8564a1e-db2e-4f79-9234-31a4c3086bf7
3070,89fd5e6c-8636-4dbb-b194-1bd3a996d217
3071,051eb032-daf2-42cb-b80f-8521dd3fbe68
3072,47d83760-4c5e-4f0f-a23a-6d637ec86840
3073,93c775a4-4a8e-4562-9bb1-48b96995ff46
3074,5db387f1-486b-45bf-b3bd-7e81c54f9057
3075,fad59217-8af8-4ced-9edf-d2c655ab7a4e
3076,158e8a10-09e1-40d2-a6b7-f5875245eca0
3077,cc56c531-45da-4987-b690-80660a6659a2
3078,f8d38fe9-6a61-4fb2-9cca-dfdfb74f9ced
3079,c8cb24ca-a0e6-409a-a13b-cdc8735bf278
3080,8c3da965-daf8-4410-a129-06e5ff28b753
3081,3ce82641-8b9f-41b3-8c50-02f76988947e
3082,6013a5fa-8bb1-4e69-812a-fd9aa6d1167a
3083,83d96e0d-d0b9-4ba0-bf21-c92c50358bb1
3084,2e589121-cd7d-4daa-a858-9ef3d169b373
3085,1db27221-dbaa-4ef6-bc42-c1311dc10f32
3086,4f5701f2-3183-4145-aebd-2be254199271
3087,73703745-0b85-4b49-9f8d-d5a97d69b52b
3088,f92b2097-b658-4fdb-9dba-cd8261902e83
3089,4560fb2b-4d6f-4b56-99cb-ed23760d03ab
3090,6c6a8096-7735-4fd4-82a5-08ff07a3f920
3091,fe53a2e8-78df-41bc-846e-9379a2d87806
3092,1c858c20-9a30-4e65-9fd7-6a2e6fc74665
3093,bc6ccb30-e25a-4e0b-b875-3fa8b3662bc6
3094,405a22dc-34d9-44a7-ba8c-4de1005a5077
3095,a0764bda-9c52-490f-9824-48ba793e5072
3096,8d381754-0209-4fe4-acd4-5571508724d7
3097,39858bb6-4b65-47b9-ba12-23082df6724b
3098,6aa0ca09-93da-4de2-864f-f1602bf686f2
3099,a8762eee-ac4a-44ad-9582-629da438624b
3100,770cf98b-72e8-4ec4-b26d-73e7561b0f74
3101,393b6e4a-8e60-48bf-a71f-c4bba0f67833
3102,ad5b269b-8cf1-4bde-82e3-ac8e4b183139
3103,ba7b0dd3-8103-40d3-a67d-6a16a6e77bbd
3104,61933bbf-0b53-44b7-aca3-ef296153b16b
3105,ceda9cf8-4160-4ff5-895b-49f355f0abc8
3106,b4096708-da0b-4bc7-b501-abd27644aca8
3107,c08e39f1-260a-4d9b-966c-21989fdfe84f
3108,6070731d-d6e4-496a-ab6e-5790c492f410
3109,8439752d-dd70-42cc-83b2-7ce77dd0caef
3110,b4120ef7-42cf-4ed0-a72e-fea7854587af
3111,ce3965b6-32f3-4cc0-8b50-77ada8ba8f4e
3112,f6db0618-5ebe-47e0-89bb-1b02c9d97991
3113,32139c99-a6a9-4e6c-a188-5a57e3f00721
3114,088a69be-a11d-4c9d-9732-3d0344919986
3115,1fcd5a0c-57b8-43cd-8863-e7ca6ceb1a55
3116,fa9f9db2-c759-4ba1-8178-3f0734d32f61
3117,ff9b1f1d-523d-4a8a-9f8e-31322f549c36
3118,6e533fcd-64e8-447b-be79-8b09a7fe2839
3119,b7ccf9d4-531c-4943-b9cd-d10fa1c66c76
3120,839058cc-673f-4a35-9473-31a7f1768c01
3121,476ad9fa-a408-40e0-bece-26a42ddd4cf4
3122,73056070-af26-44d4-b98d-6e043d8447dd
3123,a82cda62-335d-494c-a80d-5ef90fbd5509
3124,1e70944a-4e16-4fee-a1b4-2f080b24f38f
3125,8dfa1742-2b4e-4220-8e89-db29512aa172
3126,7bb4afc2-4f67-4a98-bca7-d0a6ee1faf57
3127,595f7e02-2c1e-4664-bf96-48024fd9307b
3128,507da099-403b-467b-a956-da59aaac6287
3129,e0f0ad77-24a5-4098-9807-f4a42a4d71f9
3130,da47a1a7-dd1c-4e39-bd20-782a176174bf
3131,998ee32b-f247-4652-9061-da87565ad8aa
3132,d578d26d-feb5-411d-8fef-3213564167f5
3133,e18f9f1c-cae9-465d-86bf-33e60cb8c46a
3134,72aef4d5-ec7a-4c7a-8efe-33a304f66961
3135,b6897fc7-926c-446c-820d-0ce27d3b2f68
3136,10ebf31b-04a6-4709-a460-902388c3a425
3137,9c100ef9-5ef6-4d1b-b72a-450462a1ce65
3138,4ec38fbd-3cbb-4430-88fd-e21ac784599a
3139,69c90404-acb7-43bf-8612-39aad81e691e
3140,de6830ed-d519-4dc6-a0ff-ec164a2f708e
3141,fd6df8e6-1a3e-4375-a98b-9b1b85ed0ef8
3142,ff7d464c-4473-47f8-ad8f-ed5c216dc3fc
3143,cd511e25-2140-48e1-b170-1ab415297ef0
3144,26cd6dba-f968-4061-884b-493277da6b89
3145,8372be6e-1135-4988-b631-b393c8f881b4
3146,21c329c6-4671-49a4-80da-e96b0568cf88
3147,fd2c3f8e-760f-4091-88be-62382f360e25
3148,3babeefa-5a4b-4e4a-8f69-89fecb2d40ce
3149,80b0d907-5a0f-4b7d-9d1a-188c1c562f59
3150,748f558a-b534-4a7b-a53b-42a625f63881
3151,544ec43b-e0a4-40a2-9de2-25308ae0b318
3152,1626d1dd-d0db-4dbd-bc1a-0e2975e33da1
3153,af4a2ed9-9508-4cf6-b941-5d55fc5b17e9
3154,82a7fdda-fcca-40a1-9cbc-3d1b53993d12
3155,39bee492-f4f7-4306-81ea-6117337b6c26
3156,93a38b83-a3ae-41f6-a2e1-855a09219db7
3157,403271c6-5f0c-4b78-befb-893d8c8f67da
3158,36ef1fa8-e941-4f9e-9d7e-8d565c33993a
3159,5c2233e3-eb42-4154-8de8-014b1d56a3f2
3160,544ee2c2-e6f8-4576-9b79-d9f4d61bbd9d
3161,c549bc70-e9d5-467c-b6cb-74cdfe7135a8
3162,76c0d874-08b2-4d9a-923d-55d7808be9a2
3163,b468ddfd-5c21-40ca-80e7-95b94b69cf72
3164,dc5ab920-62d9-4f9f-b431-af5b7da723e7
3165,eb5d1095-e811-43af-bd34-2a75b2099e35
3166,a17de85a-7f9b-4ac1-b002-2cfae7a79434
3167,71233441-8eb2-4303-a956-8fdc099a8d06
3168,58cdafc7-5be2-4af8-b9d8-99a9968424a2
3169,a59bee04-1818-4307-a6b7-b4326533703c
3170,2cfb94bd-e728-4419-9e41-7059f06de561
3171,262be651-c611-40f5-a6e0-38e046016b52
3172,e04c2b89-d557-44cb-8511-eff0aed4f838
3173,b557f40e-3a30-4f23-8c10-652a89ae044a
3174,09b250f0-f7f9-40a1-b053-067e16217a49
3175,626876fe-b36b-497a-8499-0b425c66873a
3176,ae4778a2-8d33-49f8-94c6-9bfdf5cdbc87
3177,27444ce5-d221-4e62-a95c-b6b1e5dd2dee
3178,f81b7810-eaf4-4d88-a882-ab83ec7f3a72
3179,6694ce0d-5b82-4c93-8fc6-50c29b7cddda
3180,bd014db0-2c25-465f-9929-6759ef239b3d
3181,9cb7a790-ae67-4637-a8a7-34d8606da813
3182,2639a4ea-0d71-455c-9f9d-f810b9f333c1
3183,8122e405-7ddf-4229-957b-d6462cb7f757
3184,e313eb38-3caa-4be5-93b6-49a613df6b56
3185,f0dfbcdf-8cce-4499-9c88-1f234e8976d3
3186,9497e2e1-d6a2-44f6-8a61-009aba890795
3187,7282bcc3-e802-4195-a702-9f8b4fa6d336
3188,e3fcce00-5816-4919-bb86-d8ebb749a9f1
3189,e7dc4907-25df-4662-bd7d-a2fbeaf5e02a
3190,a7a2a44b-c41c-4f00-865a-09fa0809b556
3191,aacd76b9-334a-4905-88b2-134519e3c7c6
3192,6128c9de-44bc-4a64-a140-c005338c18a0
3193,c682490f-8b64-4f6a-b437-b402f9b7c86d
3194,10fec339-ae47-4b52-a542-d5aa58eae555
3195,8bf81266-5992-41d5-936d-c5c76adace5b
3196,f98c2ba8-ef0d-4c88-90b3-dcbef3f23255
3197,add4b2cc-98b5-4875-afab-5ec821a760a4
3198,7248647a-d513-4211-b6fa-4e67869fe624
3199,36bcf4ae-238c-4eac-9b19-96eb5f3bd258
3200,6f8f9649-8be2-4257-ae6b-75e92950d593
3201,5d543be0-3588-44fa-9cb5-a2a23e40404c
3202,6246157f-0076-4647-a31a-68685a2d79a6
3203,6cc00545-3333-49a3-bda8-3154f0bb9748
3204,bd6dd7fe-fac9-4d93-ad63-973a6cdbba74
3205,27dde2d0-a921-4ad9-9de5-a9d97d1ea8fc
3206,d731dedd-75d8-446f-a70a-a82691443c7b
3207,27f564e9-c4dc-4029-9081-04c919d44f94
3208,63a5cab2-2ed7-4a66-b4db-5e831b8113b9
3209,fa067f51-1e4e-4918-8bee-2d123a2fd015
3210,524fcee3-3e83-4bbf-a2c6-75319448c735
3211,9a9b9cfd-95ee-436b-9c48-7102ac0924a2
3212,46ba3fec-d377-42dc-af1e-4007c27f2c38
3213,37aa8be1-921d-4a2f-a568-3f949dcda18a
3214,30e120fa-17a4-4515-94d8-0d95ead6fae1
3215,adeabb85-75ad-48e2-999d-7d046c861294
3216,b1360500-5c94-4bcb-928b-d33c2b2c5ffe
3217,81d5903e-6a63-44db-901a-6c31480a1221
3218,e2936835-aa64-47ec-8e59-1f5e151e98f3
3219,ed2da410-13e4-4a0c-8836-c8dd39dc5c84
3220,409e8d2d-2d23-4af3-bce6-d67a52c7a9ba
3221,e18cd4c2-4c15-4a07-8d44-2300fbe3eec9
3222,cf9c0c56-13d2-40cb-b2fe-117267ee81b6
3223,cd7cbd69-365e-4c88-b0d6-39a1530e9b8b
3224,fd85f05d-1bc5-4482-a2ad-5c66601f5ee1
3225,96c203b9-d75d-4735-a23d-b4ea882a7d4d
3226,fd656f6b-31ba-41ad-a590-61315ab3c024
3227,8d37c220-e6ee-4c3c-8d73-f00763ce5d8f
3228,cc60a4c8-ce65-4217-a950-3a8257588942
3229,3ded0406-99ec-417d-969f-a293791fd22e
3230,2eb41d3b-11e5-4799-85c0-b5a2c85d5c40
3231,f43c1a40-6b6d-4c4a-9b7d-1cce4d5b8cd8
3232,ca9d4e5b-31a8-43f7-a9a2-b84ce48752a5
3233,cf67fd3b-e5d3-4137-a191-b4848332827d
3234,6e37c480-557f-4281-9723-601214a6b4ad
3235,07b3e989-1380-4612-9ed5-32ac419828da
3236,65e00bc4-dc20-453e-8b4a-11e384c6c16e
3237,5cb38bf3-fcf3-4a24-967b-c9061fb2b8ea
3238,a3343ac6-3535-428c-9454-1c207fbf1245
3239,3b36c328-5aeb-4c95-976b-0ff0585c795d
3240,c204daa2-2458-4010-a613-2907f353d658
3241,5a959fed-0b10-492f-8972-cc4eb3bb71c5
3242,b73e171e-60d4-4651-873b-28973db73543
3243,95c2085e-ed35-4ede-a75a-b485ccef02f2
3244,5d487932-c162-483d-9256-a231e5c91659
3245,ffa51af7-5ac3-4cd8-ae99-451506b04dfe
3246,5cc289d8-df8c-46bd-b098-e3cee6a51d72
3247,9105c705-8014-4640-8baa-9bc0121436e3
3248,d038592e-4e85-4244-b1db-e8c2b2f5b562
3249,f62f895e-48ce-4e32-97a9-788d43d1ceb4
3250,548d95f3-1d70-48c7-b193-dbf4f79f207f
3251,bf01b796-f921-4e20-aa5a-10e6dc88fccb
3252,fef478ac-c6d9-4871-9860-e0c2bd175e99
3253,81b5143e-b6b9-4e2e-8560-f1140f70b41f
3254,d7d32c8a-4e10-4875-bdf3-7a260f7de2ff
3255,6df986df-74f3-48cd-a109-6f2076156931
3256,96db7166-7ff0-4ba1-bf28-adf0bb90c25a
3257,05d3f57d-23ce-443c-b7e4-fcda8f2ab613
3258,b2f6db7b-ad28-4af4-b724-0ce41011bc06
3259,a1cea015-9c57-4f40-be53-edfbbb559dec
3260,c090dc72-0d57-469a-8787-3e490119a59d
3261,2a07aa13-00c0-41fc-b78a-bbec09e6bab9
3262,13cb8c95-d7f2-45de-a351-d8266b0b51fd
3263,734b631c-850c-4dd5-a307-e17cd5dab398
3264,039ee1ee-aba3-4d0a-8c03-2b6d8ca33ad8
3265,ec9d4ec8-96d2-4f4b-a210-f4bf7c214db7
3266,de200919-391e-441d-84d5-c7c9a8b80441
3267,6c096686-d6ea-4763-a310-b120aa82d7e1
3268,ceaad590-db40-4b6f-adab-0795929c9f4d
3269,b944710f-67f6-49c1-9393-33966faba3f8
3270,65c89eae-1ad9-4fa8-bc81-c7bafec23471
3271,5bddccc3-ec99-42a7-958c-452df6473d52
3272,3871bcad-93d9-400c-893f-5aa6c544cbbd
3273,ca22f08b-c5ff-4d75-8120-5d053309f52c
3274,213a09e6-7bb7-4701-9d38-d38f0df21ab1
3275,78c60151-22ec-4c81-a6c8-b40322ec4d11
3276,260c3411-0e5a-490e-9cf9-c16584eebf23
3277,ad29aca4-8c8a-4981-870d-b6eb1aa3c701
3278,3a0d448a-3469-4007-8ab0-8fab70a9eaef
3279,ee403ca3-c6ec-4aa4-bd54-bcb953dc3a57
3280,45a2a099-b72c-46a6-a5c4-4ccfaa134eed
3281,701db146-bab1-4e28-b9ac-28f8a29809d9
3282,dc9b669c-d4b1-4ab5-8820-478ce5ec63cb
3283,79fc82dc-7f26-4bda-a33c-e8b777c22bcc
3284,894d8f72-a12c-46ed-87cc-953ed21a0bea
3285,c4aa510c-34cc-42bd-8d30-ca9dec974c6c
3286,44f8c97d-a986-49fd-a20d-6088aa3a2329
3287,cce9b3d7-d2b0-4be2-8b1d-e52be99cb11a
3288,b070fc92-64b6-4304-bb8a-88e74e2c5567
3289,ebf296ac-13e7-4518-a587-9bacdf95b226
3290,87e72660-c789-4f1e-be09-4a521669e859
3291,bde6829c-d4ac-49b7-a4d4-eb344fb6c759
3292,3e8de8fb-873c-4013-96cd-f78f326f2c13
3293,4aaa951e-9b4e-4b83-b93b-5ac180c9ce04
3294,b43a21c5-4e21-4588-9689-35956385e01c
3295,aaf88800-6da2-45ff-b5e6-506f48444b43
3296,c0ee26de-30ab-448a-ad59-48b1fd4ecdf2
3297,54f4e1a5-d4dc-4916-a293-41e111036500
3298,b7b5f5ac-c389-4c67-9bbf-0a1209be2afb
3299,6db51cdb-2af6-4473-a7a4-e058d4902efd
3300,5788afb0-9676-476d-a6ad-66a75e8b3489
3301,afab8ba6-b717-4954-9333-e2c87aa58e06
3302,fc0878cd-07c2-4728-88da-6693e1308e74
3303,f769f246-2ee3-4515-adaa-cc91f633bcce
3304,921a94b8-bbb3-40e0-8da0-b1d3b6e6e5ea
3305,0f910522-6c36-406c-ad3c-87a2c3f05c60
3306,c24d3985-1c2c-4e16-a69b-95361b61685e
3307,fa8db3b8-038d-4701-9a89-8582014c8c04
3308,802c81fd-222d-4072-b69f-01d9e4284fbf
3309,cc71352a-ec81-4d3b-b7e4-df5104d72abc
3310,05802389-4e0e-4741-bc42-f0262e7ef75e
3311,432988ce-87bd-47ca-8678-6b185f7b5df2
3312,98966cfc-c513-4170-83ec-208837a5fe15
3313,eb0bfde5-94b6-460e-b789-cdb62f110d7d
3314,367b1988-e409-414d-93f3-5eb64ce580fd
3315,f510f886-dd37-4cb6-b752-01b39170f300
3316,e80b16e6-ea4c-481f-ab5e-30272514f26c
3317,909f2df7-1961-425f-8df5-37082756365e
3318,d40dc613-4eb5-444f-b5f2-2c13c0932445
3319,df4fbddd-228b-49bd-81db-0667d61a444c
3320,483c6590-2091-4754-823a-7e635e5326ad
3321,dfdfd08f-daab-4f47-be13-cdef0dd15387
3322,6ce454b4-1aeb-4764-aba5-855973fc17fa
3323,54087a5e-7721-4b9f-95f3-08bf4092a829
3324,921310d9-606f-48c2-8e9a-c072153b0e7e
3325,a7458bd9-4259-489a-b11f-2e7ced72dae6
3326,3c58227e-830d-4b4e-b974-86b67f16d987
3327,460ec026-22a1-4974-a47f-5aa7a172f255
3328,7b7414c0-5cc5-48db-9d93-a2f30a0fcc56
3329,a3c51943-2fd9-4bff-a4fc-bb697b51f3a5
3330,1a8822e2-e1b1-479d-bdb9-95df598dd026
3331,30035aa5-7d7d-4463-81fb-ba0373513ad5
3332,943922c4-9248-4a79-94d2-c0dbc740631a
3333,c6825fed-8a30-42f2-a31f-f3d2d93c7456
3334,31cbab49-6ec7-4632-823a-74dbbb1a3001
3335,4380bd5d-db7b-4cc3-938c-c463deced196
3336,e1930d82-f75e-4f01-a1b1-9fa5c4283eeb
3337,3a1e4e64-9267-4e64-a375-abd497893404
3338,2d3502c2-0991-453a-a443-04c535078c5d
3339,0f0c5292-bac1-4b7e-82e5-084076ddf7fd
3340,6acb0f05-c9a9-45ae-b5ad-ae66ee47c72c
3341,b6868c9d-5df5-4344-9a82-61b087e69eae
3342,f577d83b-788f-4bdd-8d6a-089ae6da7535
3343,e300a5d3-c739-4611-bd9f-bb8eef777fea
3344,d5ab6a39-3a8b-44b2-9721-623fa8445eb2
3345,740076bf-0e21-45c9-886f-baab53c6a6bf
3346,70141628-50b4-4c17-a760-6aa859778d64
3347,331e601e-d8d9-4782-a9ce-8aebdecb6284
3348,12ca7d53-ea68-4aff-8f09-cd96b9ee5a71
3349,e0c7582b-c0df-4d46-be4f-ebd19b2a5902
3350,3532eb5a-b1c7-4de4-92ab-8068b0c4f53b
3351,08056923-8f22-4a9f-8fc9-d2d5cef118af
3352,c8d2abc2-ec79-488c-b635-6a1f09181c9c
3353,4122e6d3-83ab-4e3e-a4bf-454663236e29
3354,2b506d59-886a-4180-8bf7-efb894c3ce60
3355,6cd962ed-d36b-480c-bbaa-b5c80a0e551a
3356,2b4440a2-e9da-4c47-b16c-05d3646aa8a9
3357,6dac26c3-eeec-48ec-b6d8-55b6f909a56d
3358,0f92cf02-a40c-43b0-98e2-623222601eab
3359,1db63064-59cd-4017-9945-0464149760e8
3360,cc1a38d0-bfae-47bb-a38a-171dbe63e130
3361,6fcf29d0-6e58-4bcb-8155-acfe42158858
3362,068fd4dc-016d-40d1-b759-763ef562c589
3363,ace83943-bbc0-4e9c-b406-0b26c03840d2
3364,362e4dda-aafd-4395-9514-fd8c8e9aa9cd
3365,06e0999a-c8e3-4f7b-9749-84d1babf657d
3366,199b4da1-7abb-49c6-8569-809cb363f849
3367,18e77d7f-d269-43be-b895-40ed63ef88eb
3368,cab7e56c-3fd2-456b-b8b4-672ba5fc7f54
3369,4a3e356d-43a9-4619-9916-1d8dbeb6224d
3370,91411fdf-2779-482c-be23-1fe3f77acd69
3371,468fa88a-9211-43d5-89a3-57a619abf6c3
3372,e6290379-4ea3-4042-9241-29327a78a50a
3373,7b27710a-4a10-4eb1-8d19-1e2ebf8ce8f8
3374,750b9461-d0ae-48c7-95c7-a91d0051e7a4
3375,3484f3de-d12e-49be-8d7b-e7dd3c90be59
3376,2e744f8d-57f8-4b58-abc2-2935141ebd94
3377,2c690b1b-0711-439f-ab49-c041b0c83c04
3378,b624a673-5b9f-4bd5-a85c-1d4ea76eb772
3379,5a7a56bc-987d-49d5-8df4-97326aec8a41
3380,b37eea69-163f-4dae-bf7e-7ee9fa8a190a
3381,9483c35b-7699-40ac-a821-53df105f91ad
3382,98631090-0ffd-484f-805b-29f51ba37706
3383,ce29dc0f-ff03-4306-8a67-367b677a64a6
3384,e4796e7c-2c91-4f47-9f0f-cd52fdffe064
3385,ee92cc75-d5d8-4aa7-8d7a-3e00c40dea6d
3386,7bdb40fc-10bd-4aa2-9d7e-f5a476294807
3387,0d697737-1e2c-4d9e-bbb0-db24c0daa9f9
3388,16c2dcd0-009b-432e-9fdf-06d54dd6e6af
3389,6f126240-d555-4d8f-b4f6-3a8f892df9e7
3390,23027b75-efcd-4ad6-b4a3-c2b582949376
3391,fb2bd1a2-2baf-4363-9b7f-39850cfcba2c
3392,41f4fe56-d79f-443b-9eb3-916c21cde070
3393,407d7faf-2e51-4e37-8562-8848a6c1060b
3394,18079a65-18f3-46e6-89ac-d9edf7182ffb
3395,62f3772f-825c-49da-9d7c-1cf8e9cd58e2
3396,0e6e0980-cc1c-4bb9-8a6c-1b8d44ac0dc7
3397,48ac1b98-0ba1-498c-a582-ef6de1a2162f
3398,e8ef2e01-1165-4084-b5c0-6d73975578e4
3399,9e6c0daa-1e0f-49d9-903f-d3fc4efc85fa
3400,fab481ff-9894-4339-928f-5ff335c1a21e
3401,cc913293-2279-4120-a6ef-7356d60025bd
3402,3b6a79c5-5fd0-47d6-8fba-7c8fc7f92639
3403,cd79b18f-3435-4e99-a3e7-55dbf7e9aa2e
3404,b0b4a45a-3401-4b9b-ad48-c03a25929a20
3405,39a3119b-2f8b-4b7d-b980-35a79ead6742
3406,1cb49c7f-89bd-4230-8763-52c85b4b9c32
3407,34e04502-2004-40fa-bc74-9fb7ea17b2fd
3408,480b165b-6c0f-4191-9fd6-f75ffb6ca567
3409,ae6943d5-3e06-4fef-b373-02e183182ba9
3410,a94dd79c-3bed-4bae-9b34-66f7dc9d3ba5
3411,63e4b751-1cc6-4888-bd5a-caf92337fe6b
3412,640dd565-075e-4f43-a60c-8124630cc376
3413,b0294b69-021f-4730-962d-eb458974af79
3414,1b6a60e9-d351-41ed-8513-e95d582962bd
3415,c02eb202-abbf-43ba-ada8-59e1d2cf0870
3416,4add4712-0474-4cea-9177-6e38f60a47c7
3417,1b0821c0-5f28-4379-9c08-33e00bf9789e
3418,620f1fdc-10d0-4c55-b50e-ec694a151628
3419,843ebd3d-e272-47bc-a4ac-471f493bb4a0
3420,5b783b9a-9a35-478b-b799-1ea07721199c
3421,9b4e6296-267d-40ef-a749-5710f498b2e5
3422,73a7d504-9a20-4de0-8908-ddd27bc12e19
3423,d4be49f1-03be-49f5-a8d1-dfa6a7b32a4c
3424,3fae8c9b-bcb4-4141-bef5-6276ddc1dba0
3425,26394da0-2c2a-45c2-aca5-049fa054ada9
3426,6eda29e9-ff2a-4f2d-92b4-b8618dd37668
3427,d48fe80e-7259-494d-a506-2869524dbb5a
3428,e5f38a33-ce24-4f64-9129-2924e96400a0
3429,3aa596c2-6d5f-4100-80ec-931c948625ad
3430,6438b41f-f1fb-44ea-9dba-386398cd96d9
3431,6fc8a4ed-624f-4f7a-a63f-fcb7db5aa948
3432,c3434730-be55-4500-82b3-d2f21070b589
3433,c5afb247-adf1-4361-81c8-7ad90857c289
3434,5d223240-3938-42c4-aed6-7ab896689241
3435,0b5945c4-37dc-4ce4-b666-825f83c6116c
3436,36c44e14-05dc-4bd4-b416-4d4f5d85173b
3437,51f3183e-c1e1-4d01-85ec-421bc15657dd
3438,a84e2291-22b8-482b-86d5-001eb5000e25
3439,0ac73252-3bba-4dd0-bf14-e9cab70bc108
3440,a2933106-7499-4c89-9afa-2a3b261bb80e
3441,17ffe631-8528-43d9-ad1a-eecc243b892c
3442,64dfaeb9-fc50-48f3-96c5-8d21ceb988c7
3443,27841410-4daa-493d-b488-ca77d08d96f0
3444,1743682e-4113-4aaa-aa1f-f3ab23da82dd
3445,5f5512da-70ba-4523-923c-c3ed25a99bbc
3446,bc608312-a196-4979-af3b-7189d8b8f29f
3447,85fdfb29-321d-4ef4-a9c4-26e970bfe734
3448,b2702443-a0ee-4c61-9749-f313cb175df3
3449,d8f4bdbd-03ec-45f1-b06a-5e03e3ac884e
3450,f2cf6a53-ed45-4699-b425-7b7b0ae46f29
3451,33a02302-a93d-4c1f-8c80-8ca0709e7684
3452,a87505bf-d9d6-4d16-beaf-8d9fd6e2fc20
3453,6eb073f0-35a9-48fc-895e-f828acf7d10f
3454,ba887e21-4a9d-4f3d-b569-2c6a6fcac49d
3455,9c671397-b0dd-4b0e-ba90-635d13072606
3456,30fd9481-f554-4708-a82a-a7a281734474
3457,b6d85990-c9d2-4606-8c26-2f4bef9aef0c
3458,f5ded441-5d70-4290-ba0b-8c824eb7a8b4
3459,0473183f-7206-461c-8b90-b75dc2e64cf9
3460,6e8a0a5a-56e5-4cbc-a36c-4262c13368e9
3461,aa3dbf03-facf-42c8-bfe8-e8df2c9af5e3
3462,4c8ccf6d-fe43-4d3d-8b92-da3c90729b9d
3463,1d65b20e-6a7b-4246-bab2-06fdd5681f70
3464,742ddfc7-e33b-4593-b342-2707c94b1908
3465,d4b021bb-cfd4-4b4f-b82f-53705c3e1782
3466,7f134495-46b5-4dd0-9d40-bc0d3202dfbf
3467,32679d83-ee2e-4162-b759-bb7e39ff7dc4
3468,d66eb55a-a760-4514-b304-e5fe8cac29e6
3469,f1973af0-3bed-4149-84d5-890456dd7134
3470,9a6a153b-08a9-4834-8272-d6e5d60373d9
3471,c441e7d9-bf2a-433f-a867-590e38d0abed
3472,2fce8023-bdd4-4227-b9a9-bd16c414478e
3473,6a559310-bd23-421e-a61a-e14d6b042b05
3474,e5d53d81-b20a-4de3-b290-f01f143e888b
3475,69ebd960-810e-41a4-82f0-39723e474f15
3476,8e9a3ec0-a607-4e1f-ad37-0ce0412efb4d
3477,b9978ecf-c187-4b3c-b3c5-40c09559c5df
3478,66bc4220-8dd5-443d-8256-0dabd376a1aa
3479,1ee24bd5-b9fa-4117-9396-27948ad259a5
3480,64ce8769-fa92-4ee6-b1f6-701c5e78b513
3481,616e07e0-b028-4290-b117-80e213792f05
3482,62bf5322-89e6-45a2-a38b-331e908039aa
3483,8bd572cc-a062-417f-9eda-c7e8dc674cb8
3484,49348bd0-4707-4339-b6e1-b07009f26522
3485,c965b0cf-0971-417a-909f-9bb792aa6ee6
3486,b5c98e0c-1c10-42f4-a295-c78906937ac6
3487,b09667eb-6ac2-4f4f-bc4a-9018e5c57220
3488,6173d63a-db9a-4f71-9f34-fea91b6247aa
3489,9ecfdb82-964d-49ae-80f7-fa28a3cb955d
3490,a1e62087-78cc-47b1-836c-91a73f7a0526
3491,a6bd9d53-f503-475f-b055-3ca0b5c57edc
3492,4b8f954f-a34c-4537-9b75-cde5bcf90969
3493,18986827-c6b9-4616-8ede-b511202c97ac
3494,aa1716a0-8f20-41ce-8bae-3829d7b3c743
3495,0eba123a-f174-4fdc-bc5f-01a1be344394
3496,8509a182-620b-4990-947f-698fa15d9d2c
3497,de8e8f79-6d3a-4fe1-b9c0-c8c402d7d653
3498,8218333c-a5ab-40d8-9c78-3f1b8f15ce86
3499,c9dfedce-6747-41eb-a02b-c34e09e4f5b5
3500,4a00ffc9-895c-4daf-90c0-7a177e439678
3501,599143e1-45cd-4ae8-9311-0a4fd742460e
3502,553a2263-e2a2-4335-8305-9719bef8cbec
3503,ca4cbd1e-264f-4743-99d5-619a81fb7c51
3504,36554a75-741c-4856-a400-ae551b824844
3505,452cac29-7023-4cd0-b2a7-46f01bdd0820
3506,3927fcbd-8c54-4532-bd64-54f3eb1f86ce
3507,d8b41b90-4333-4996-bfcf-ce3a5264adcc
3508,a1075110-3174-42ea-9cdf-fa88ea1f9550
3509,96eac37e-231b-4645-8011-20a314425aa0
3510,ae85234d-ee4e-44f1-abb3-461c83da3694
3511,384fd6be-f922-41bf-9bfc-a91706211dfd
3512,06df5444-9a98-4c2e-ac0e-30de390c0f1e
3513,eb706222-a2fb-4f4d-a7f3-c502e32af317
3514,ccda67a9-aa14-4408-b172-b525b2ce1e83
3515,09c0905b-52e5-453b-b749-38e56a5d824e
3516,ff63b0c7-63b3-4a0a-8bac-df2e2103147d
3517,8e4f6852-ede4-4d92-84e7-4bec70c6f085
3518,62956d98-c3c5-42d8-bb6b-55f88bc54583
3519,96bcac08-2e73-4826-81dd-415d0e5ab454
3520,7f61b390-b01a-4c59-8e4c-b7d4cdb60e6e
3521,513415b3-a987-4ea1-8ac1-bd0833c0fe51
3522,7fa9e864-e7bb-4aff-ae55-1bb84eead93c
3523,250ac74a-3ccd-4dd7-ad90-550e30a55978
3524,236230ca-727a-42d0-8eec-38458b5096f4
3525,b4e322ac-564c-48bc-9943-746d86bcfa27
3526,dbf5bc24-b90e-435e-b9f5-65c2e0279f5d
3527,d634cb33-ee76-4707-8288-2390acb8cf7a
3528,a49b3f2f-9eaa-428f-8a23-c51a832c71a3
3529,a49a636a-c9a8-4aec-8416-de9e106b8a40
3530,f5f675ee-ba57-44b1-b948-2c70a639e4ac
3531,969cb210-502c-4e5b-a5cf-a440f7698ac2
3532,2b002ff6-8db2-4358-88c5-3d4232289922
3533,83a3f7ce-0a3e-40e2-a6cf-a2a9a5a81e5d
3534,8ee2bdc6-441c-4542-90d9-b1042fa3cf74
3535,9605fefd-f843-4e9f-bfda-2e71a1a2f659
3536,290e87a0-067e-4ac5-93e5-e946e90e0d77
3537,838c4cc6-8321-496d-8728-0df37ab1b05a
3538,5a7ab95a-6ce5-4fd2-9a3f-6c6872a94f78
3539,0e17aea1-cafe-410f-99d9-ea58392b36fe
3540,140206d0-d083-42d6-b918-b8ce395fcc41
3541,1c4d08bf-9dde-4224-91ee-c19deee20916
3542,48520efb-fd83-4ea8-8f2c-6bd2505ad7db
3543,5b8ff82f-c2fd-45fe-96f6-147097b6b29d
3544,e687c2a9-6661-4aa8-862b-56c9c8d28d7f
3545,d59f0504-3fce-495e-a01b-ccd006b617ea
3546,34a85b0d-136d-492d-9af5-af37df8ac40c
3547,62288ec0-28a8-435a-be1b-20b089eedd8b
3548,f75bde32-8263-4950-b601-31f643c88e86
3549,de01ed00-5317-458f-bc16-8579d20d8a7c
3550,dfa406bd-2946-4c2f-bf67-e2f9d2e9d36b
3551,b548e35a-ebe3-4f34-96d8-3d1033fc1584
3552,6c8f65c9-8517-4d7c-80ba-4ea44f731a34
3553,623169e5-a41d-415a-aeaa-cc646c3d8436
3554,ff253691-b690-4680-b34d-ea6d182fe6f1
3555,0208fd69-65e7-478e-a97f-629235255ff4
3556,d06bf85a-75f2-4690-b378-7324bc1a78f0
3557,18cffb0a-a3d4-4a52-b64b-9b0ed27a9a5f
3558,ccbf5698-e394-413c-b482-366caa95b285
3559,c82ea536-b38c-49f0-8d84-6a5d5a0bf14a
3560,d4f25b6e-62ff-4fd5-8c7e-3e7e95b7de0d
3561,047779ac-a0cd-4028-bf42-a4e95fe6c81b
3562,a683245d-4f11-456c-975d-8ff377141fcd
3563,815bc03b-341e-4166-b2b3-bb47237fbe4c
3564,f9ee95d7-1244-46fe-9224-00b633f432a6
3565,1031f7a5-2cf8-4e05-94b5-ebf066a26567
3566,c146635a-fb73-4ac1-9e9a-5132ba9e7676
3567,344ace85-5bff-4a45-a821-0c5f59f2ee33
3568,95a276e5-9c24-4419-aed2-e62b42eb7d96
3569,095cd60e-486f-4038-8821-5b910a91f3ad
3570,66945c8c-1142-4e36-9dd4-fb1cfac02648
3571,b18df1f4-dc66-4245-87d4-3f71aea50740
3572,99a775f1-8668-4450-ba89-832267c3ce45
3573,9798f81a-8ab3-474f-bc02-4a503cf5e9fd
3574,bd80267b-cd64-448f-a4c4-02d2624e0d3f
3575,4e0e420a-92c6-44de-84e8-ad17b193a29f
3576,056480b6-cff1-412d-a323-43f7627ef8dd
3577,a294464f-33b0-4755-a6d6-31f3e0114c48
3578,02ae9f87-d12a-41a2-ba39-c9a81895ff82
3579,e9c17dc6-2b9f-490e-8152-6f78885b814e
3580,b572718e-a471-4063-8f3e-057ee70ee13e
3581,c84a10c8-8abf-4ece-96ea-1c6b3a925320
3582,bdaf91c8-b029-4c5b-8111-b3d809f25790
3583,41670613-8c6e-43f1-a79a-e1ae88724dce
3584,d5f4bd8a-03e6-41d7-8b0a-e85e921d766d
3585,091c3055-904b-4b86-a7a8-f92920649a9a
3586,de0406ee-527b-4ed7-a4c4-31a0c165f29b
3587,2c81df81-1bfa-4f9b-a45c-37bd4e166900
3588,6d47197b-bb32-47bf-9b7e-54d288eacc2b
3589,533c1b83-8737-4b3a-90c0-0e588295d18b
3590,b5d4533e-2297-4be3-a3e8-ca0af73d2d0c
3591,a8141b6a-098c-4f5c-b021-e9756cd18c7e
3592,888c544a-f181-44bc-b3c1-fb1927f72b95
3593,9aa81232-52a2-4059-9226-bf5566770b8c
3594,d14b50c6-68ce-45c5-b9bb-ee045da18a35
3595,fd492f29-050b-45ec-8697-324420c82de7
3596,247e515c-0beb-472a-b663-149e523441aa
3597,b1d9c103-281c-42ee-9e54-bbe61d6697b8
3598,d47b4f82-063d-4637-bdf0-0d7151f69396
3599,18dbb555-dec6-4bb0-98b6-107b9ab19174
3600,00962af0-b9f0-497b-87fc-8abe1b421351
3601,478cad52-dc95-4e07-8698-122113a9cab7
3602,c604add9-418b-4687-8cbc-8e605f6147a3
3603,65284d65-45e5-4ebe-88f9-3dd6af9f0c8a
3604,5798e754-29ef-461e-8264-85476907bbda
3605,e034235b-7dbb-41dc-a7b2-c4b019f41489
3606,ad585519-9155-4f29-99b4-1aeef57097f1
3607,71beb9f0-df3c-49fd-9b06-426706585b79
3608,f9bcb20d-6b43-49ef-9e58-f26294605ab0
3609,6331c0b5-480c-4070-ad7a-8839ac2ecee3
3610,87597b6b-2c9e-4aed-8baa-e9d3ff9d89ab
3611,9e4e02d3-4f11-4d1c-b680-27fb6b23e53e
3612,b9740dc7-a960-4aa9-ac16-101cb34e1a9a
3613,f8e12d97-8513-4b6b-8fbe-01c46f98db81
3614,a3d81a9a-617f-4d48-bc91-dc3d2a402bdc
3615,ec2aa00e-4dde-4060-9c40-9bdabf1fd730
3616,86148480-4830-4cd7-814c-210ca1819e7f
3617,08f0550b-ea5d-4ad7-8f20-9e6c635e6dc8
3618,b305de1d-404d-4f76-b00d-725dd391ac7b
3619,3c7daa64-9a36-4e88-b6e1-7c8acc20a1f4
3620,0af83d74-a683-489c-929d-56a9037c5801
3621,74372612-1c8c-4d44-b5b0-cf526d9a0ba1
3622,4c2d3757-9d97-43a4-adf8-f6a9533f464a
3623,5fef66d9-02a1-457b-a006-6dc1478da424
3624,c18b312b-0e11-4140-96ad-38b99db24ea8
3625,bcfec38e-fd6d-42b7-bae7-44311a31960a
3626,3eb2488d-50d2-4f39-b0a3-e62c9b675b66
3627,693c947f-4b25-4117-8d5d-fd7a9aa33d69
3628,660c18d0-b938-4ae9-90c9-75f7c81b9813
3629,cf9280ca-f139-45e3-95b8-eaf488091fed
3630,34e0c28d-f857-4e1d-9592-dc9fa591ac1b
3631,1053d860-c099-4982-ba96-0213bd88ab9f
3632,456df0f6-8fb7-4a19-ada5-377836305fc2
3633,0a935115-b68f-4fae-909d-53388216dbac
3634,f7582e8b-0729-4f05-a1fe-1086e6047431
3635,45ab0d3e-7299-4127-81b5-2e6f08dd0e30
3636,a7535a16-89c3-41e3-ac36-c49aeec72a63
3637,e79476b0-a99c-4055-ae85-0b9a55d439b3
3638,b8a38b96-15af-4037-a588-4634873a23cc
3639,33bf2246-a03c-4484-866b-c98c7ec43b96
3640,13494b2b-956a-4dcb-b3ea-ddf585100ea0
3641,90b8da73-318b-4db8-92bb-42c9a1aed0fe
3642,54cf14ab-5bb9-4a3d-a237-14c6d31b8cd9
3643,06bb61a0-e1dd-4c58-88ce-e124ce8fb7f0
3644,a407c770-6dd1-4939-9a27-cedfe8b8796e
3645,cd75c65c-5804-4c4e-8977-7e1c22d3a1c5
3646,9f041c14-b546-4a9e-b30d-753527411eaa
3647,3d599eec-fc03-4a9d-97b2-05ebc16a490f
3648,04e32213-9fe9-43a0-a188-3635844366fc
3649,1a6406dd-267e-4b27-abaa-f29d55efa66a
3650,18e86f04-6c37-4c75-b401-9674588915c1
3651,9a5d40fc-6ac1-4776-a335-766113e66189
3652,392a1331-9b25-4aef-820a-09675bad30b8
3653,66eac83f-b18e-43fb-b7eb-371597f6dfd7
3654,c696ec3e-b285-49d2-a064-1d82bf3c0261
3655,73bb280f-efe5-4740-bdc8-4d3c622b853f
3656,d0b60ee8-b252-45f7-8837-731f32dc199b
3657,3daafbd3-2355-4f41-af33-2b82aad5659c
3658,968269ab-c187-44ca-9929-6c54537dedbe
3659,02dc7aec-6c0a-447c-a2e3-48329da98977
3660,8f514a87-f1c8-4d67-982b-dc3fc97be4e2
3661,6c7b5dd6-4a61-41d7-a185-d0afe2199e35
3662,237887a7-1f92-4a87-bcc1-c47836bcc225
3663,28a34007-8fa7-49a0-82c1-f97de24df4fa
3664,bb266dfd-04c3-48f7-b844-9443ecd0a1c8
3665,c09ad708-0239-44c3-8e45-15fb9246b0ed
3666,50dbe34e-bc0e-4231-9383-b2333b01b957
3667,846c3f82-b8ff-4e42-b1d9-fbe9a8af270e
3668,2080225b-904c-4422-a095-86c8878896f2
3669,09da88af-f371-4089-9d86-d7b238f7dbf3
3670,5050ec4c-6bdb-4142-9fe2-ee6dad389911
3671,e3840ae2-b7cc-4650-b8dc-ee7b002cde73
3672,9d5d2832-ef2e-4946-863e-c85017ccc49c
3673,44890106-5c15-4817-9f1d-6be77c43910b
3674,1406871b-4449-425c-b085-457b5ac2ee73
3675,8edca485-bdd3-49d8-ac8d-9f1b3fea6ad6
3676,01ce8aa6-386c-47a7-b272-344f204444ff
3677,c0a8cd51-f378-4a7c-9b65-613441fbad06
3678,694f2e07-ab4a-494b-b863-2f7d83faab7f
3679,8556584a-6f88-43fe-9c73-e43b3aa049cb
3680,29f106e2-9e6d-4e19-83e2-ce3dcd111605
3681,da608b2a-8dc2-4bff-985a-5cda06f2bc2b
3682,208a3aad-6781-4b35-b1e4-6008c6eeb331
3683,b3bc1626-3650-4e5a-ba25-9416b7472f44
3684,3ec44067-dacd-429c-9897-38f8a4e176c3
3685,f916dd4f-754d-4e4f-ae16-033397d5b303
3686,d80966e8-a902-4107-9bc9-b0abd295dd0a
3687,60b1a898-f7b0-4a70-9176-713dc830c397
3688,fcb4bd40-73c0-4602-8217-7c43e75c84f7
3689,c5817ec1-5390-4d86-94ef-27039897dd06
3690,a5a9cf04-69af-45e8-85e0-1781949fe3a1
3691,dc389821-e3df-46c2-8e13-44282a0a7af0
3692,d8048b52-baa3-43dc-89fa-506258952091
3693,13083e53-c36f-4f5c-a5c9-4df9695f18e7
3694,59edf2b5-629f-4fb7-9ad5-cd5e61640d42
3695,aea7ef74-ed18-4aaa-9b31-2874ebd7d0ff
3696,17af5545-8970-457f-b393-ede073564ff2
3697,525c478a-20b1-40d1-8231-92c871002bd0
3698,2527272e-0eac-41b8-b6f0-63bcccd7b903
3699,154d6fd7-b879-41d5-b27e-e30d33ee9438
3700,833c8682-19e5-48f5-b07a-4ae19813f961
3701,8d867864-69f3-449b-afbe-84f90a195192
3702,f55b5f85-b09c-49d9-a5ea-76fdfa212342
3703,bdfc04c4-7bd1-493a-a525-badf0bd310a2
3704,a63a978e-3a42-4b96-9ea3-11c965733dfa
3705,60639cfd-d8d6-417d-b609-7bb54d096d12
3706,d305efac-aea2-452c-be67-c5730fe73b08
3707,c559ba92-3a84-4e2b-b1b0-5f8fb21497bd
3708,58cc4d55-176a-479d-9e4c-215aacb728d4
3709,170873e2-cbbc-40e7-b90d-b4c9b7513016
3710,c03ee932-a4be-4b0f-ab5c-7e6273db8526
3711,d2710354-46b3-454c-b833-8d4d0eb77487
3712,491d4a24-de2f-49d4-8d76-9b4012677308
3713,2d466f40-b24c-47f7-a516-428ea528313e
3714,81585ffc-4d1a-468d-838b-add9c2ac6111
3715,046d087d-1485-402e-a7ce-a3bd18f693df
3716,fca6f73e-4406-4933-a46b-f1b58e84e42c
3717,6cdbabef-0180-4941-a34f-4f9bd385aa76
3718,a036dcd8-cd44-4f6a-9cbf-99e031efbf53
3719,52a4d6a5-7479-46d4-8b56-cda7080553f7
3720,6aa67521-92e9-4036-b436-ae9cc51112ba
3721,83001f05-d082-4810-a1c3-85ceaa9ce3d2
3722,018708a2-cad3-4932-ae1d-f5f5a54e390e
3723,87ab458f-0ae1-4dc2-aec3-4e8ae34bdddd
3724,5faab82b-3ffb-4b26-b65e-72c166684010
3725,425b19b5-f6fb-4958-8b81-d9c076d5fd7c
3726,3ccf221c-5f3e-468b-add1-32b7d24b0387
3727,8fafeade-3fe6-4e15-ae81-7db1c977b651
3728,4106dfc7-d772-4214-b532-68da600f32c7
3729,18e44282-3ac9-4ecc-a31b-446241a2c170
3730,cb64a63f-0aaa-4642-8ad8-728d7a1bada1
3731,58908172-bba1-48d3-a61d-d202b2ad8233
3732,fa8f7e22-fc16-4dfb-91fd-2a5cc8721eef
3733,ec720083-e260-4667-9288-b85380446e2a
3734,6d9a14d7-1792-4855-8979-e0bbaaef2af3
3735,2d4ecb7e-427e-4cd0-ae90-b4a8aed0964b
3736,50c9abbc-7c51-48b7-9a08-fc84aae34a91
3737,0a6be633-29f0-4afa-819a-e00d6b3e2459
3738,7c4656f7-0d5a-46fd-a594-e662737627dc
3739,e86cc961-1883-42c9-bdcb-d8010a21f143
3740,a9bc989d-ba62-4c79-aadb-87e9f735eae6
3741,523d86eb-ff4c-4047-a9bf-4ef3ad2045b5
3742,ab03c70d-ebdd-4ad5-9588-c2ef77059fb9
3743,4bd89865-83ad-48c8-b389-755ab23c5013
3744,5b4d855d-2118-4b72-a972-0c8485938a1b
3745,5a294180-a199-42bb-b1ef-2d49f4cd0710
3746,20361867-ad24-46a3-b4b5-0f92639baa07
3747,66a6a1d3-c510-4d08-8ecf-5fdacea714ff
3748,9920accd-a7dc-4bf6-8df1-5aeb88ce17b8
3749,76364590-c1e8-4e3c-a737-f8be43adf398
3750,4afc32a5-d75a-4ef7-bddc-ee65b4f1d82b
3751,78727761-ddef-403b-8956-90084aeed3b7
3752,a562773a-275d-4bb5-86dd-0c866e8005c1
3753,cb5d56d2-74ac-4a3d-ba60-f05ec608e0df
3754,49989207-22a1-4d1b-be44-667df58ec4f1
3755,87aa8380-34f9-4e55-8309-331a1082cf6a
3756,fe33295a-3a88-41e8-a746-5a4e0541bd1a
3757,70a1841e-44aa-4b83-ba2c-d8e792c55550
3758,ade59139-dfa1-4369-ae5b-6770b02efc24
3759,4586e558-1887-4fa4-a71f-dca75ed4aab1
3760,094c04c6-947a-4b57-af31-a34804df25d6
3761,d80660e2-e296-473e-b83d-cd4c89842251
3762,9152381b-4280-4826-904b-32ef4f8df99b
3763,2b06f6cf-9784-4023-abf7-787327f038a5
3764,29685b8e-a3fa-4ca0-b669-50bf35c11647
3765,274bbc45-e2c3-4b85-a871-78807f16e689
3766,64a9a3f3-8dd9-43ce-a2c2-e3d0ba997323
3767,535a0b4d-39d0-4c6b-92ba-77c9ebbaba05
3768,6fa4ebaa-4271-40c3-ac56-a63a54ba34f0
3769,05c96250-752e-4c2a-af21-88424a5a9ae8
3770,eb3ff168-a657-4d02-aabc-30b6e0dc7e81
3771,9e40f160-b5f7-4197-afa3-81ca15e2db30
3772,8c2c6161-aca9-41a3-a8fe-902cae9eebf5
3773,9d7ab107-9a4e-482b-b741-311c2c4e4bae
3774,3e42d741-f2f5-4e2f-a184-b4e4505ad5d3
3775,dae86adb-80ac-425b-aa42-bf743cb476f2
3776,98c55e22-284c-4c26-965c-6ef533d252ba
3777,9759b322-f1b5-4a2f-952a-7d2e309ac529
3778,571b1ea6-681a-4135-a8b7-9608f4bd4f73
3779,bb78c959-0e22-473f-8fa0-d342fcb46bda
3780,9d588665-1684-4284-b433-d79b65199519
3781,a34571c3-e053-4044-a74d-e6aef26293ff
3782,f22c2f63-0ae3-4b78-8554-1e190fff2536
3783,9ec749c4-2afd-4cb5-b6cb-dc89d906fb92
3784,87abfeb3-f00e-46fc-bf5a-3199ff9bfe57
3785,601a5186-2f45-4038-97ad-17586acb64a2
3786,5c44ef57-c34b-48a5-bc40-3a9214301497
3787,ae2de12c-52b2-4a00-aeda-d86a39e942d0
3788,9ce6fd92-3aa7-49b3-94c4-bd6bdc51fbc1
3789,2147ce79-4972-4bc4-930b-2021852010a4
3790,3c5ec036-2cee-4827-a3a7-d3c49e378682
3791,e1ed596a-e3e1-4e51-b6a4-d07cd3548deb
3792,14acdc26-c458-44d0-ba92-4502a703cf71
3793,e1e5c36e-e85a-4457-a2c8-e21bd52d85fc
3794,aebe1000-9440-4aea-978e-e1db911b8584
3795,f2e83344-b333-457f-ba16-49fb4d1096d4
3796,9b685ca2-3804-44f2-a7a8-d71b6ee417f5
3797,bfebc03f-fb52-42db-840e-86d514a3aa96
3798,bf2beb65-383c-4ac9-8698-d4abc1ce9025
3799,ac43be70-0ae3-4b2f-9abb-52945c088314
3800,a22967ed-c4a5-40c2-b2ff-768e8ad311d2
3801,4c6af30e-5f6a-4444-9504-cbb63e048624
3802,082b6b75-9e0e-4078-86c7-5dcdb058c7f1
3803,46969325-ff31-4e98-972e-ce232651bcc5
3804,f4c7b48d-eb87-4030-a7f0-ba953c3e4a99
3805,29a0e47f-063c-435a-993b-02cfdebf62b6
3806,7505b2c5-7806-49db-8a25-aa81983df35b
3807,f0269ca3-d03b-43d5-8dfc-ece5948795de
3808,7f0e583c-cb86-4e34-ac3d-59f12183ac5f
3809,59f234d2-6964-41cd-bf55-5fcb3a5eabf0
3810,e7e049df-59ea-435d-9871-6fbd32f2ffd5
3811,792828f4-0ffd-4291-801e-3840a4fa1083
3812,8e3bad11-14fa-4f34-879e-673c550fc63c
3813,88c8a05a-119b-4770-94aa-839dffe26e50
3814,165ffbb9-9cec-44b9-b3f1-b4ad61ba6f74
3815,dc1ea85d-4fbd-4274-ad5d-96b864c788d2
3816,9fc9c939-9505-439e-b664-e8c85a8b9b94
3817,c0922023-bdd3-4dee-a1ba-496e11e47043
3818,f82551d9-63bc-4d27-a0dd-37821747263b
3819,f1f9af34-266a-47c6-8e2b-e529a60b80ee
3820,ef04d71c-d37f-400d-913b-7224abf1eca6
3821,30c726f6-1c5d-4ffb-b8d4-5fc78ebdcdea
3822,5eae9b19-bd22-40ae-9b90-234836897e3c
3823,bb965205-e94b-4617-a677-3183f4033c36
3824,d4f4e17b-a36a-4e69-ade2-8f3789cc04d2
3825,0574acc6-d836-46d2-8ef1-6220c3def160
3826,46d5685b-588e-41b2-aaf9-29adc3652d6f
3827,cf348e90-7b12-4330-b39d-625642ae71ff
3828,a91e6acd-1959-47ca-b03e-daad50881467
3829,1080ebf4-d172-4d5d-841b-5af118dfb91f
3830,0a64333c-70b9-463b-b367-7b45229a387f
3831,5e61d4ec-f49d-4c48-8bc6-fdd57d79862b
3832,09ebeb84-428b-4994-a6cd-0de5c317436b
3833,c1bf044e-3f6c-48d0-96bb-c921f759496d
3834,1f6bc5f1-2e2e-47d7-a142-08b246f9d1a8
3835,d6b41949-845b-4711-b059-f27e7a958f4f
3836,70681320-8a7e-41e3-acf5-0be6b8c181e7
3837,5682f17b-c67d-4dfc-8dd6-b49725cb11a9
3838,103caddf-c20e-4aa9-aef7-45afcf7f4e9e
3839,beeb3d08-6461-4d2e-a5f5-74a0381dc7aa
3840,ac3c464f-5e38-430a-ac95-7c54087c6323
3841,45736d69-cabf-4eb7-909b-3a7c181a313f
3842,a2d22f61-66a3-4201-8b7e-52a547ad6802
3843,66ac519c-1cdc-4dc4-a3be-c04b531540f6
3844,3aca77b5-1fbf-416b-85ff-18943daa9347
3845,be595a97-9db6-4616-bf90-6be7dd6a0488
3846,e55f92e7-6f8e-41e5-839f-5d08dbe369c9
3847,12efe130-a7e9-47ed-af5f-b441879492cb
3848,d0811a0c-4c9e-43f0-a1a5-afeb9e17e11a
3849,679b4018-09db-4bc7-bab6-032660deaf49
3850,f8e8a384-29e2-4100-ac48-1a4378eadcd1
3851,81280c9d-bd84-43c1-ab74-5b5e6ba19a88
3852,cabe1007-95dc-4d51-9361-67d0bd75fb78
3853,b1e08baf-198e-4148-b534-6b40137858cd
3854,c45f8489-4d3e-4e43-97c4-4ad7ffa12369
3855,89c25650-4daf-4767-834b-119cc4e4f31c
3856,bfa0ee83-646f-45f5-8d87-20e0428cbbcf
3857,744a4ea2-4a69-4417-a199-a9c8fa620522
3858,9c6acec0-0ff0-4219-9226-30b263fc9eb2
3859,f5d1d25d-7a50-4017-ae79-a16213a18ec8
3860,f12c434f-5bbe-4e1a-a18a-14f38184c8e5
3861,c9a9158b-2456-4cda-af15-6808b83c1a85
3862,9f62dcdc-9776-4671-b822-8a3e289551af
3863,82b36dd1-db94-42f6-88ab-23839a996b4a
3864,ffafb5ff-37df-4f53-a59a-e003bb131a90
3865,2ea3a15b-c70c-475a-9d7f-99f70f486cc2
3866,0bd266c5-3e5c-4d17-bb30-fac3901b9134
3867,b4ac418f-849c-4c94-a71c-51448c375558
3868,b2bd5af7-0278-4dd5-98de-dad203a0a7f9
3869,99a7976e-2853-48e6-bae6-394fe77afc55
3870,13f4ed79-d34e-4a18-a457-ca427f446fd9
3871,e8335245-e3a1-4a10-bdb8-1ef42730f66d
3872,adf2e4ec-73ae-4363-847b-d469de535c9b
3873,bb5af63c-6bec-41e3-9d39-6b449dacab59
3874,3c096258-58a7-4b3e-b0a7-99cbbb833397
3875,3b7a8d3b-9025-4946-8973-7c372cc88368
3876,42ddaf4d-8f29-4a54-a1c5-cd6ba6fd3f95
3877,5c249725-bc45-40bf-9b42-635ff5ea6ced
3878,33d94373-2a96-403a-9c25-971a3a3b1a62
3879,8683bd82-659a-4e92-b1e8-28d917e577e8
3880,e36e1d00-2a3d-4ea5-bb4d-e07896015e14
3881,d4d0d1b9-29a2-4142-9265-458ab5df14f7
3882,21804618-4b3b-4664-8540-228aab062af9
3883,6fb7acb2-2a71-40b1-88d7-db683385269a
3884,46200107-6b1f-46f4-a76e-0947c30f8667
3885,9309bac8-6cfc-4557-939b-dae2485430d6
3886,e3256125-ea7a-417f-8867-c4e34404cb24
3887,19b6c964-4665-4111-b955-0e8ee27170e6
3888,5f4e4685-a2b6-46d7-8803-84f96eabff62
3889,ca09765f-8307-44b1-9f03-68b9678e49b2
3890,07263ac6-6c19-4264-b2c4-a0c4b3d2b43b
3891,a312d1f0-9e11-443d-a113-2806219c0f2d
3892,bd1f3feb-5f9d-478f-8a04-09418bb6b3ec
3893,89d1bbda-2925-44f3-a967-ba9ae05aa50a
3894,2630d0d5-3bd3-4a31-9dbe-314ff2b76f22
3895,298cb221-fb26-4d21-8a5d-a2567960dd17
3896,7d4e4f89-55af-4756-b87c-fa641fd5dfd2
3897,3dae661d-ccae-4ca8-8f9e-6bfdf3df6352
3898,5c5cdd7e-cb4b-4508-ad13-a5edb439263f
3899,a6799fa6-c05a-47f8-ba3d-f6bc0463d74c
3900,a69fe754-8fe4-4ce6-b01b-2a0509c1aee9
3901,0bb1df00-fe43-47f3-8453-33f63fb8b4af
3902,89f1ad59-0145-4c1b-8299-627e43997fdd
3903,4da04fd0-9211-4ea5-bd86-cf4786e24bcd
3904,19e9ee4f-258f-48ea-a6cc-e3442f2b574b
3905,e2322d8a-b121-48e4-b318-d61451aec7bc
3906,50bd7910-72e0-4edf-afde-f2b12d60d242
3907,60930dd1-0224-461a-9c54-51f8935a8258
3908,86792516-12c8-4ac3-8ceb-c3d87997d9be
3909,a671b383-99bd-44cc-b07e-56b8a2024499
3910,d1aeafd0-7e3c-4d3e-979d-23e6edaaf51a
3911,4d673e61-7622-4c8f-b2ee-a6e577b4ef49
3912,31151b7d-4d7f-4285-a6b5-e55fd275912c
3913,5c596977-be6c-44bb-842b-fcc47f6b928f
3914,af448c16-a0f5-4768-a841-4bef4b596a7f
3915,a88ef92d-b46b-42a4-b18f-c90387f2abd6
3916,bbcee961-76fc-4a83-8fa0-c0ead6905b67
3917,d89756b7-fe20-4d22-aabd-446296a9e038
3918,92798026-eecd-4569-b3ee-3e23dc1c1f83
3919,05823663-44a6-4d15-83f7-97989037f15f
3920,6775ccea-b6b0-4ebe-8768-f4cb09961439
3921,fe2af0cf-2015-4c34-8a05-fd6f39523fc7
3922,1e02f002-512a-45b3-93af-0b7135b10735
3923,44c84af0-988b-4128-99d6-b767580cde69
3924,98d2ada8-7f88-49ca-89b0-d7e87c7fc899
3925,5d775444-29d6-4e2c-98c9-9054e5aac8af
3926,bdd904d2-2ebc-4167-8a66-23e2109fd3e8
3927,50321c67-31c4-45c5-9737-d4fd9404f5c4
3928,01d857df-2e39-41e3-971c-bc12254a34e9
3929,5f2cdeae-8155-456a-8896-3311fd961f6c
3930,b288f28f-c532-4f48-9d0f-fabbbc8417b6
3931,a90fe2e1-8b1f-4dfc-8572-afbef3cbc708
3932,611225e6-1e4f-46e0-b474-0542d654a667
3933,4b814c96-cd3b-4231-a159-8623072d70da
3934,b6ee2292-980b-40bd-aae6-51d3b5a1f982
3935,40dd4a18-322c-474e-88f8-4cd944ce508a
3936,b85ece03-abc2-4a99-97c1-023a0d68e0ae
3937,576030ed-5be0-4052-83a3-11e83da9d6cc
3938,5d641796-17ac-4cf1-b204-c9e8ccd685ae
3939,0f2d931e-e723-41dd-94cb-87cd3e352def
3940,97b157a6-dd7a-4c28-b9ef-309d3e69eb8a
3941,8fcc65e1-2c4e-42c8-8d28-9dc1c3035a1e
3942,5fa1ee80-0eae-4d14-8fa8-b250d412e1f8
3943,94f8af69-6995-41e7-af60-513d22135ea8
3944,7890ae21-925a-4fe9-a83b-e21b9a7f47b3
3945,0a995397-9de3-4191-b7d7-135c9c387fdb
3946,8aa6864e-c60a-405d-88ec-bd6b1728b98b
3947,ff30dc88-e10f-4e85-b4e5-621e7783d695
3948,9ff14655-10a4-495f-8aa4-0971affbf796
3949,ddbd6905-728e-480f-803b-dffff401b9ff
3950,7bf0117e-3214-4560-88bb-079359f1cab9
3951,999da143-5000-48ac-a60e-f83b08520ab0
3952,df172055-0bd3-4291-92db-86d342e67d6e
3953,66a8d8cb-aadb-4a03-b8bf-1d709db3ddea
3954,8ab6da3d-1a62-4004-9359-dd17abf24022
3955,1f75ca65-890f-4b4e-978c-42c703e0b4cf
3956,327cf350-ddcc-494b-91dc-8736fdab52bf
3957,9e5886bb-24f6-432c-bee4-398326bd2701
3958,fa3e6459-f616-43bf-a969-a0cc0afa1609
3959,7da6d7b6-63c7-454b-b5bf-d4eeabe072c8
3960,24fd621c-bb5c-4b4d-bbbd-1fc7efcfbe4e
3961,4ef86170-db98-49ee-9d75-7ef80ac42746
3962,ff6a5c4f-15d6-48eb-b7ab-5b4ad670b84d
3963,04368969-e02c-45a9-b11e-dd23df5cd31a
3964,ff102f20-841e-4632-a751-1d2dbddc0f4c
3965,1fe9f066-bdb7-4625-8afe-b96debf8f177
3966,508f731b-c5d1-443b-a381-802233d0ef30
3967,7c4d6f1e-d30d-497c-82cf-5d35b48c858d
3968,b0a9e8d7-67ef-470c-b20e-2ba366ae48d8
3969,0b13476f-7b8e-4c08-b28c-da6b1e0e3143
3970,92744670-bd36-4e4b-b8c6-3839863829ec
3971,adcd6044-2986-4001-a8dd-4ba6f9d13258
3972,adad6e5c-a570-4499-95bd-553c0a3bcbe6
3973,ef9e163d-7181-47e8-b856-717b4444248c
3974,83fec5b6-4896-44d7-bda7-04ffda76b684
3975,e76b4c3c-7bfb-4791-b987-75ebb55a071f
3976,cdacc48c-2b12-46c8-9533-50ddb044f4b6
3977,9978f549-a483-4396-929a-d5f41801ec26
3978,07ee9843-063a-4e3c-97ce-f868ee93b4b8
3979,40f1f77a-ee63-474c-ae18-1cc81e620f12
3980,ef1637f1-ec01-48ea-9e80-b5e7a309bf69
3981,4462c760-039d-4328-b305-88a6d6666cd5
3982,00860aa7-4c33-4cfc-9745-fa349a08feaa
3983,bdd2c457-350a-43f4-92a2-b85191aba67f
3984,f52fbb49-b561-4290-990e-9db13a74ec34
3985,1b445da8-9b02-45fd-979a-f9594c6150c3
3986,1934d335-e815-4a53-8b0f-a6f1539247a0
3987,038a5ee2-2527-439d-b3d1-68cfaedbdba6
3988,85c9cc0f-b82f-4d2d-b13f-0ebae3f83f80
3989,5ead2e22-8a5b-4dd6-a954-f9034e6a2b37
3990,b14a9c34-8ac4-4fbf-88a0-56cfc4c36a19
3991,a9bf4d15-0e3e-490a-9b2d-02b49181bcab
3992,a893ec32-eeed-4029-85cf-2e0ade8fbd0c
3993,7bcee315-c48a-43ad-83c6-d358918bba6c
3994,86af63c6-492a-47ac-8292-b7b0ec7f63bd
3995,7b17361b-30bb-4337-ba83-72b4fb6ae4ef
3996,1817eb99-cf6b-459d-bcc0-54e2038fb33a
3997,3302e7f9-1733-45d3-af06-73fe6727f303
3998,b733f33c-8638-4197-a70d-22cbe7ea3916
3999,c2470683-8ef0-4ccf-9af9-87737a7098e9
4000,0853be5d-13e6-49fa-90ba-ef6cc0f31fa0
4001,b2176831-f0ba-4dc6-afa0-9af15f858ee3
4002,bbbcbabb-cad6-4240-b4b6-8a69eb96157d
4003,a1a3edba-c17f-4df3-9031-1a7e53bb5723
4004,a7218426-50bc-4d99-8705-7f377d8c264a
4005,599e907a-4606-45d0-90a0-499e69363dc8
4006,43354f2f-dad6-4a04-ba64-d2757702a954
4007,0eb54ecd-abd3-4a91-b594-f179b4278620
4008,85d76100-e319-4a04-a89c-a2ae95c1234e
4009,770c2871-5cb7-47ad-a6c5-7893c4784365
4010,323fc263-c184-4826-9a22-4daeae542836
4011,0ff92b5a-2dd6-4af1-8e8c-3b417604afb8
4012,734fb257-f6d2-48a4-8b6a-8479e746b47c
4013,2e2a653f-ce84-4a94-a2af-c382ed273ed8
4014,00d125ae-de4e-40ae-8055-7b3def4871ef
4015,a625dd48-cc67-487d-bc42-8eb42cfc0195
4016,8fea6185-ba25-4243-96fa-3dd5b339bcfe
4017,326062c6-1208-44d7-bab0-d42a1817eb56
4018,34e1e220-d417-4819-a003-cd8380353ee8
4019,afe881b5-141a-44db-8dec-320cb6a66a1d
4020,5ce639f3-fbdf-4b01-acd8-2216aebaf500
4021,4f121c3e-34df-4fd0-b8d6-ed26d8a08cce
4022,9d345b55-3613-4a67-a5f0-3e9d7b5f1413
4023,50881185-4ee7-4dd1-abfc-64df151fb0a3
4024,03e877b0-3e63-4215-9efd-6e04c25f4aa9
4025,4fb924db-ad30-4b8f-9beb-319b943b488c
4026,48e4740f-3d0b-43b9-9280-afd31577ab0d
4027,39ae4ad2-81ef-4f9b-bb7a-d1f20440e369
4028,e61ddc37-97ea-4264-afa1-01eade506e75
4029,a28bc6b7-6cdc-4dcc-acc4-e940f0f103c5
4030,2cc04e78-57a9-4a19-a268-a243846b6a66
4031,21545d06-cc61-45f7-91d5-2dfed53b8db6
4032,e94982af-6aab-45fc-b9db-5421ed6c84c2
4033,c9b41030-3294-4891-8aad-8d037304f7f9
4034,3286c129-8154-494c-9a44-564631b50921
4035,11b7dca1-5066-4ec4-84a4-ae3fbccda3f3
4036,586dce84-0ff5-41b1-b83a-7dece63103df
4037,d41bc453-ef7a-40da-ba02-76e334ae259a
4038,6c75829e-4ae7-4fa2-bbb6-6d350d878cdf
4039,8dafbb03-bcbf-4cf4-bf28-47bc27500c45
4040,71ab18de-d432-4cd5-b6d1-44c5133b0a72
4041,98f847fc-e6c3-4fe5-a071-a03486e08512
4042,123f3848-4248-4fac-aabf-6b6c9700408c
4043,71abb327-9dd5-4926-ac9c-13028318d18f
4044,6b2bcb17-932f-4238-9c10-df7dd9868e94
4045,ba10d115-90d8-4e62-9d48-f80450ca6ed2
4046,b02ee0a2-e25c-4c75-a3ca-dbd925673a46
4047,58013460-87f6-4c73-9865-9a784573e097
4048,de126747-d5b6-4e54-80b8-65b5545ddf60
4049,b5072d74-20ec-4b79-8b71-f83c63282da1
4050,336056a2-c213-4ed6-a65b-7644a3ea48ff
4051,93e609c6-b719-4e72-add2-1290a3e4f6be
4052,5ad4ce3e-a3f0-4e45-82b4-0470c7252e8f
4053,f3db7e17-9394-4347-949f-8d72cfa0fc5e
4054,e244334c-1572-4fe8-a458-91a671d3e4cc
4055,9a7e292a-332f-43f8-b7ea-b048841653a7
4056,d9cb67d7-cd3f-4228-8418-b2649ca02016
4057,1c8c8862-f190-4370-aabe-0e55e6aaf884
4058,ef0f9aa3-52a1-4e6d-aa06-984f6cb03e3d
4059,c4b00ae4-a359-4c05-96fa-ee269b458637
4060,25eb646a-3a8e-4b87-9ebd-49d8003f48c6
4061,185383c7-052c-4705-a39a-f8136b1b82a7
4062,f459f172-4315-422c-9ee1-f4f846035e77
4063,013f6cbf-07a5-4581-9cf5-e7c049009fb2
4064,3273bf16-1315-4a53-93c0-452ff34157dc
4065,0bae3b8b-d522-4637-a04c-2d1b6a538864
4066,b37d9ac7-658a-4741-b711-98c976e805b5
4067,aa940507-94f6-4cb8-9d14-92dcd852ec96
4068,32096e4e-cac3-4210-813f-6cf6836a5f18
4069,38a6a645-8d31-411a-8793-219c2600fa06
4070,d693cb31-36dc-427c-8db8-dc07c247520c
4071,bde6d533-a0fa-4497-bb86-aa1488d43f5a
4072,e6841f70-e525-43ce-b1a8-3ca2442d6a49
4073,91b4e71c-a6cb-4002-adb1-1b5dce485120
4074,04d0e18f-ece7-4861-909c-c20fa891655e
4075,cc46a69f-be77-47c4-a1b6-83c001331d0d
4076,a0ff8b93-e57c-497b-941a-ae8319cf666f
4077,00088bed-afea-4888-8f47-3144c175fd23
4078,0727b6ad-da01-4f5f-a178-4893e1ad9d84
4079,2d942463-06dc-4c05-bfa9-37199d4c3d9e
4080,03a81f35-f6e2-46ea-9bed-e901b0ced66c
4081,76f65c7f-265c-45a7-bb60-2792cbaa40e1
4082,0cf12ad7-13c0-4a3d-a5fa-8176b1af6e29
4083,3757a5c4-6f94-47d9-9ea8-fec51766bab2
4084,a09965d7-c271-4fad-96f5-b2dd497a5bc7
4085,6523dcda-7867-4542-9f96-662784e78dd3
4086,941cc1d3-0d3b-4db7-b7fe-fae41626713c
4087,620a67b1-a2bb-46ab-a2e5-da986fb769b7
4088,dc87ab60-8807-475f-9c21-8cea0fda3692
4089,9cfe7442-4162-4eb9-a5f4-203d3acfbbd7
4090,bedbd61d-2a00-4ce5-bcdb-bfc971e08ef7
4091,ec38d554-0752-4c82-81e3-b7211316d33b
4092,ad93ef0e-a414-4542-98c8-d83373bd9c83
4093,f1b33f99-f6f6-4dbb-9fc8-df25dedb3c0d
4094,b5d53179-587a-4b1f-a385-0356125fe831
4095,3bd12498-3cd2-4b4b-abde-0f621b5d26f9
4096,e65aa1d8-b2de-4519-84e1-166b48df3b11
4097,ad63c205-b544-4273-83a6-52cf59312061
4098,c088a767-5acb-4eeb-b3f0-c7276c1ff07b
4099,30c4ee84-793f-4afa-93d0-4fa07bcb76d6
4100,04ec845b-f66a-4cc0-afe5-5d41e37dd474
4101,7af14e62-f36b-4cd6-a798-79b73bf1c046
4102,3c079214-54f2-4529-a136-dcf12d1c4d79
4103,231cb691-b7ef-4cbd-985a-6c3bb24ca384
4104,20e177e9-0dc1-45e8-9bb5-873c0f6d37dc
4105,a9d4e272-54c8-4bf0-a5b5-a7cee8598087
4106,a29fd90a-d577-4c01-b6ab-554492ab8a6b
4107,566fae05-d36f-4575-9a82-8b61456e724b
4108,44164b40-92ab-4f94-b75f-68677a7f82e3
4109,f50e40b9-c723-4289-96af-072b54f90022
4110,5ff66766-e632-4aca-9dc9-18a76656fcff
4111,bde583d2-bae1-4820-802a-369be0c9849f
4112,93d69704-d88f-43f7-bc67-470bb4609ddc
4113,065226e0-4716-4e22-afed-a98ac8f657c1
4114,6277a0ad-c923-4fd6-bdd6-02814c5e75a9
4115,c42e55bb-8a60-44ea-bc0e-98c319cd2ea4
4116,63a6bfe7-2e4c-4be5-a5c0-5dd0d4330e6f
4117,854b7b13-ba73-465f-82d5-413223c44c4f
4118,3497e86b-a0e5-40cc-95d5-3e658c6f4e3f
4119,58b1014f-81b7-476c-88d1-9d931d279106
4120,8cd3adc2-658f-48bb-b8d4-e535f0d6f4db
4121,ebb00fdf-757b-4ce3-958d-644eecc04d1f
4122,bc152850-4ffa-4b93-8424-d59379540e65
4123,a2e7372b-c45c-43d5-9f2d-57d7577bf789
4124,18dbfe2e-0ba8-4b30-b826-b140b87a0b5f
4125,6e677ed9-8579-42dd-af36-c7ea9dfa5d18
4126,cbd9d2f6-1643-4c65-9d31-e04ba79670b5
4127,518d39ad-6228-4c09-8977-0921eda752b2
4128,289d9576-cd76-427f-8e6d-6fdf8f0b16fd
4129,9aab5dbb-fbb2-4e52-b24a-2efdb430955d
4130,af921526-e6d8-4248-99c6-c6fb0ed6790d
4131,cce60881-6140-4c3a-91a2-d7822dc12141
4132,96f0efbc-2573-44cf-9a35-b96a66f83f59
4133,fd5c1c0b-7d67-47ca-968b-90f9c1205df9
4134,6ec06fe5-4d99-458a-be6d-236e0bd8bf53
4135,9abe87cf-081c-4718-95ca-612f526256e3
4136,99d9f02b-156c-4d19-991d-7ac361f8ddce
4137,bcb1154c-dc3c-4b0e-95be-3fa2fcfda55b
4138,bec8147c-1067-43f7-beb5-9eac526e68e4
4139,a0573d81-9a59-4bfe-b2b2-223a0f0be72f
4140,11ba0b8d-7882-4de3-bf6e-b5d0078ede96
4141,a7eca7e1-af35-407e-a6d1-0e6185e269ff
4142,ea4d264c-9bb7-46c6-b75b-eeb9c9a964eb
4143,669531cb-ffa2-4545-a021-a71dca26fdfe
4144,c58acbed-a7b4-42b4-976c-1f467a5c2ea0
4145,2ccb78bf-425e-4f0c-b42e-f45f1c1b8cf2
4146,e0d84776-d7d6-4b00-8bfb-2f07ce7ea07a
4147,d443ea72-f0ab-4bf1-ae6b-e756b6b2fc74
4148,8705f8dd-f668-4394-9f5a-c0b41e6425e1
4149,953413a2-9346-437b-a1e1-8e045cc5575d
4150,7e29936d-8838-46bb-80bb-faa1e58969d8
4151,6f58fff3-8c56-4bd6-98a6-8187f5254375
4152,6ba157d2-36a4-451c-a06a-191cd6d1a314
4153,3a3d62d3-6fd4-4937-ac68-2655fabcf748
4154,edc7cbe2-11ce-4710-87b2-ddffb511609a
4155,405fb471-3ee8-4c52-9336-e43ec84d1ddb
4156,cd0b1f17-81ff-4f7f-88d3-d29bce8c22fc
4157,5c87c650-1023-4bbd-a449-ce544e0dbbb5
4158,3f63e827-c406-479c-9887-8166666f1578
4159,5c3f6cee-28be-452f-ad4e-3be3ba68640f
4160,f55e7b2d-fdfe-46d0-a388-8b037b106d4c
4161,2db5a05f-8086-4f6d-ac8a-67ed5286c429
4162,f053483b-63dc-4c1f-be44-1c64f5a40c6c
4163,747c6fed-cacd-410b-b7b2-9de51a743b73
4164,a54744d1-ec79-4a91-a6a2-6dc9799e82a4
4165,35f0165f-3e58-4893-9fba-d5a1282bfc77
4166,52d27f23-7253-4bc0-907b-1e97794c8870
4167,ba4dae9b-0fca-45ea-855e-65cb8ec6cefd
4168,ef2698e0-b09d-48e8-829e-05a395304939
4169,1e130ea4-42ac-4a84-b109-8f99ff373e6f
4170,92e55ccb-dd37-43f4-ac06-98a9b4e4bc39
4171,491cbc9a-7167-4d43-8c0a-b61f7aae7c2e
4172,66249043-080e-4b99-ab2b-cb7eaff90cd2
4173,56e05849-460b-4e05-bf52-fc6e744a8316
4174,ecd1d7bd-6cf4-40a1-a344-32f907a0a6f2
4175,b00a5981-2822-4572-9ed0-a9bdb82d6760
4176,03afffbb-c1a5-40aa-97a8-0559444829d4
4177,85b10d8c-cf2c-4832-9f0f-d782253f3adb
4178,e857a5de-05aa-457a-b6e6-dc69135405d2
4179,df641ace-36e5-4c50-ad7a-0533bd53ecf3
4180,b30c24fe-81e6-4205-8839-3cc3bbac13b1
4181,ed5fbdc2-16a9-4f76-8b99-2be86a5b4620
4182,059c9a1f-bf84-4a4f-9ddf-70ad39094e6d
4183,d4755ef0-b166-43c7-8026-0b5b8e1d8356
4184,d2342da2-e79c-47ed-a7a7-3c9181620f87
4185,bee7a944-95b8-4105-92cc-49d9819a16ca
4186,500756ff-f0b6-47e7-a385-4d6f70c3dddf
4187,c5f2f7cb-d822-45ec-9579-15cde7a5123d
4188,b0784b6c-7760-478d-be2a-0845320ff113
4189,c89cfa48-0e2c-48ec-ba31-5b8bd277ae2b
4190,7cc09fc9-df00-4bdb-ac6e-cf5b7704a98d
4191,21873e49-7465-42ab-8ddf-30db652a0232
4192,d2a55497-56af-4465-85be-996e6f4a849c
4193,dc980aa3-4e5f-4b5b-b60a-acdc76637eca
4194,2cd96d38-1b78-4a79-843a-85939969f4d4
4195,cb05f3ef-57e5-4e9b-9090-98709837079f
4196,e1f14618-2976-4ca0-89da-27bd92173609
4197,c15a6823-00f6-45b0-a272-75b0e11b54d8
4198,3b6c4ff0-605a-4094-a50a-c4560ec3ffa0
4199,a1b64f20-1294-485e-ab50-ae692404875d
4200,0c759478-2960-4578-87a8-986355e190a5
4201,6dcd4508-841f-4ac2-ba45-92053e206ef2
4202,ea15e03c-bb66-4ac2-b9b9-6d5dd1021ed6
4203,3d7080af-aacc-4aaa-abd8-8002773b613c
4204,e6b6ffc6-b145-4f88-b8dd-b74a46ded090
4205,91c62135-452b-439c-bfd9-0a4de48e0d7e
4206,83fc55e7-cc87-4150-9ed1-3a95f88a920b
4207,9327d917-0876-4461-9b05-798fa476fd09
4208,f0c782ca-7e80-49a6-acd7-1ef1e33140c1
4209,a798cab5-6809-4aec-8d62-e729e384feaf
4210,b860394d-2bf7-49e4-a334-9950d7326c52
4211,5487cf45-c427-47ec-b05a-ee2e3af7e7fe
4212,69f89779-dcfc-4aab-90f0-45bdaa86e511
4213,8ca75b53-80c1-4c8c-81f2-f2ab5b49e1db
4214,7b6b6225-9b3e-4aec-8386-b96454815ec2
4215,2d5d9599-d211-41a2-b883-c52e4be68597
4216,016e6272-cdec-4eb5-ad14-bbc921776ad6
4217,ce96ea17-b896-415a-872b-94b85dc04d65
4218,6f443552-ee1b-4520-925e-3eacd00d6811
4219,0385e877-a389-4165-b30d-af5737b27b68
4220,c10b3fbc-54f2-4236-82b5-71cea5deb945
4221,211f03de-8dc6-4d0f-9490-0af87facd7fd
4222,824d4f93-13ac-459e-ba26-074ba31b9251
4223,7322e023-cd33-45d8-8ab2-4df227590169
4224,42c553f8-2494-4d90-92d5-94082eb1993a
4225,21055c35-1fad-417d-99ea-460f4a0bad4a
4226,50ee14fa-8ba7-4f17-9f58-b1cf0dcb7ac0
4227,9d36d875-5a20-4bd7-9f16-605e66190942
4228,61b3c4c0-92c7-490d-8256-87ce1d4e8083
4229,4d94e8e1-985a-4593-9167-d4348a9aca72
4230,8e8e733a-295f-46fb-aac5-a535d51aa062
4231,43630e34-bee1-4f43-9284-1dc86e4a11e7
4232,269caf6f-d6a8-453f-af6c-0976ff7a03c2
4233,6dea8ac6-2960-436c-bf09-ac86e94277d0
4234,7d89e59e-c2d0-44be-88b2-0f2515af724d
4235,54d218a7-8d7e-4e0b-88cd-af1599a2be9c
4236,14a72de2-58b7-4839-bd11-49076734b7d8
4237,8f941715-a2cf-401d-bc4b-d5f4ae90595e
4238,90bc9df0-b432-49e0-80c0-3a2eae617e85
4239,585da6a0-e41d-449a-a11a-efddf8dacd2d
4240,2b7c72a6-a2a7-4d75-9430-9fed3d3ddf59
4241,d4ac07f9-421b-4e38-bcac-79f8aebeacb1
4242,e6e53231-80ea-47b1-b7a6-07f2ec9df81a
4243,1e663ea3-b43e-4740-8112-49ae48546ce6
4244,639033f4-e12c-459c-8457-0e305dccbfc6
4245,229dee2f-8714-4357-987f-85afaf58f2f7
4246,8decbe9c-cc4a-4f98-ac79-35f7ca652c3b
4247,bc29357f-c07f-482d-aa32-5a161c91c969
4248,876f1401-b5f7-44a6-bdc7-0e0ec5517b12
4249,ec29589c-52ee-4d24-aa6c-b137aa6b4884
4250,0f245d7b-f4d0-4b7e-85c3-cf0c8fab5c80
4251,2d384040-ec77-4b2e-9bb8-0ed6e3bc1386
4252,0bc670ce-6282-447a-a17d-dd2df522e893
4253,d217e1fe-85ab-4508-9a19-e2fc34c08c3d
4254,b09858b1-5a80-4774-8350-51420cd685d5
4255,66e40ba2-7113-4c98-840d-0597a2db3d8f
4256,d0e0a241-3d84-4054-96d3-0567c579021b
4257,e62d37c1-6609-4fb8-99b3-53fb96dd5e79
4258,b7fa6e83-406a-4b95-9643-6c50e3f3397c
4259,a13acbc6-8d69-4a8c-b241-9fbd6969679c
4260,d1d7a375-525b-494d-a580-8468c5796c83
4261,90ac5a1f-fb71-462a-b0e4-c8b014603778
4262,670ab1fa-8653-4000-bb0d-a42e4cd7d394
4263,64e02de1-fe45-4335-a082-f5f8e4e77559
4264,190299e8-d725-4f0f-8fb6-a933c192bd0d
4265,20566dad-52ab-4b4a-99bf-74689c3ddc7f
4266,fc09f136-6e32-499c-a7c4-a129291d2d0e
4267,7b537538-a2b2-42bc-86f3-9d6b6b735b6c
4268,c6d1bed8-6d9d-4691-8da9-f961f6702e83
4269,e5abc5d6-411c-4ddf-8cda-c26ba169d817
4270,5c43aedc-7056-4f93-b7b0-adccc33b4453
4271,24b56c1c-131a-4354-a33d-826411ae25d1
4272,e561b118-08b5-4cfb-90e3-1e7140b74202
4273,8b66312c-85f2-4a30-a214-85e39cf7e467
4274,8b66ea70-5543-415b-b9d8-c0a83dbe078b
4275,2b1b29ff-6752-491b-b5fa-1ce3004704d5
4276,12155b82-efbb-4b80-a4f4-8b79f0cd3711
4277,3e3c252b-6a6b-486c-80d5-f1b25cd62a51
4278,b91a03f2-6c50-4acd-b2d0-340b1b05de51
4279,d138c5bb-0c3d-45e5-b06d-61e5402ce046
4280,cd810129-7197-4884-97bb-109ff59d08e8
4281,b6aa79d0-3673-4450-8426-6ef2f4422800
4282,61968aa7-86a6-4084-8bff-cb175537350e
4283,9b6feba4-f175-451e-81df-8814d498862e
4284,419b8775-6d1d-4995-9423-8f41baaeb215
4285,e4e5ee70-f380-4831-867b-e66b17773396
4286,bdd8915b-d4ac-4edb-b29f-dd2cbba2566d
4287,3904ae9d-cca6-46b2-8b6c-ab8a494f6ec2
4288,5f67e715-71a5-40de-87f5-a73a6a9230b1
4289,0e6bfb2d-7ab9-437f-8139-10ee0fefa4b5
4290,aeb23a26-d394-48cb-b139-c29b0bb002b0
4291,8a62d2d5-8c4a-4e3d-b4fd-5c56c6c78077
4292,9f104e81-fc08-490f-ae6c-c50d90e924ff
4293,efaf2e90-87e4-4ae1-ad76-7dcfa45b1daf
4294,11e92297-02b9-4f73-9e08-cd7e40821861
4295,ce4d5a14-25bd-4edd-8241-453fcc7709a1
4296,fd064710-40c6-46ef-9cee-244510a2ccd2
4297,fb59d3c9-44b0-4b99-94a7-e90baf120c80
4298,01390058-1025-4727-a0ae-59adae9af4d6
4299,5d085828-8a05-4395-ac2d-e32bbf434f52
4300,8df49a33-e8b8-419a-96f6-16ccfc43a9bc
4301,80406fc9-df46-4e16-889f-23cdc206d379
4302,5706a1c7-d62d-4cef-a4ec-5139141e20db
4303,5e037ddc-bd77-4c7d-8c0f-6154c47667ef
4304,f3cca57e-72f2-471d-8b0e-12d08b29c6c5
4305,922b1097-4fd2-4ef7-9cd7-f0ca5ba9892e
4306,1595ec1f-89f1-4bee-840b-e2081edb55ec
4307,8b4bd195-7cd1-4379-8575-696bd37869d4
4308,e8f309e8-9df3-45b8-b5c1-d48814d8d1ed
4309,703f1856-0f1a-458d-95fd-ff9b2c9d771a
4310,f7368221-2acf-4c3f-8a47-d513ad4729cb
4311,ccb8404f-a775-4dde-bdd6-ccacba8cd72e
4312,556cd676-9050-44fe-9221-7bba2160c8ee
4313,4f7be09b-d7a2-497d-bd63-1f06c17ddaf5
4314,92df68d0-5f5c-4622-a2a0-570d9a5702b4
4315,4adab3f6-0182-4600-abfa-2ac86598a27a
4316,e3c3e70b-560f-4954-92d7-87d0fb367409
4317,694e6c4c-c48e-4451-b51d-58722c364bd9
4318,8b725152-b3fd-4ece-b69b-97af4643cb41
4319,3736b840-e21a-4943-ba0b-6f61595e8662
4320,47d3bedc-4cd9-4f60-860e-553ee1733596
4321,e18b0a80-ca28-4cae-85f5-6d6b3403362c
4322,299574cb-0b34-4963-8638-ba7386fc9a60
4323,97ff7de6-9afd-440f-8018-e7b1c397cf63
4324,2284c98c-d29b-4eb7-8b5f-5c1bec8d39c2
4325,cdcc58b1-9d6a-4d13-9a98-5869d817514b
4326,7d0cf084-1ccf-4e61-af20-4a0240ce381f
4327,5369f088-6214-4154-b711-45c935e4332e
4328,31f76934-1b37-458f-909e-44a1d771bc0d
4329,63b61cbe-bd98-4af2-b0d2-551d92632496
4330,ac5c57ec-cf85-4968-9caa-7102b00a3440
4331,30bb642b-c3c1-4525-8e32-e172d39cfe8e
4332,de776c52-ba2a-407e-bb99-b2568cce1349
4333,9364f96e-ff45-47b2-9a93-47e44b9c8495
4334,3c5e32c1-d29f-4153-82cb-03c98d8428ab
4335,ff1cea72-eb79-4d87-bb47-831ef97c36ad
4336,e93b412b-c413-4a97-9737-7fd3e321c3a7
4337,461eb421-5dd9-4afd-a0a3-31d53c5e5a9e
4338,674d7ed9-59e4-493f-bb83-85b0894abc01
4339,81937464-0319-4d64-9fa3-09c4a39b78ab
4340,bec4cbee-3672-4316-9d16-134f44f1c991
4341,a7291ed1-d583-4afa-9625-40a65760ae7d
4342,a2af1015-3346-4f86-a0ef-153ef9e15fe0
4343,523972d6-f686-4d61-923f-f45ed6daab7a
4344,6cb51588-3839-42b6-80a5-96e4fceea8b0
4345,ea904cdd-f1a3-455d-b52d-e52ef725eaf3
4346,3848f4a0-3601-4f16-ab44-52c607520763
4347,528a56bf-e2ac-4218-9658-f31ec7a7e624
4348,f2b5f800-5906-44dc-b20b-7219ede5fc99
4349,2a3b97b8-80c7-4339-ab5e-207f585e0935
4350,0a5d8ff7-d40e-4936-bb50-57042d51a9c0
4351,f081b306-f33e-4802-83cc-59ce7844c039
4352,8f90d160-cd19-4293-85c0-1550f8fb0dc4
4353,191f74ce-44a2-4515-8872-c98702b5d970
4354,0937882b-dac1-4e29-85e4-6b43c634ddaf
4355,cc737888-a1df-479d-8a11-68b59f6e2e48
4356,3e65a3b8-2f37-468f-af58-c69891763b36
4357,3f788e62-3f75-4acb-a165-590f5bbebb1a
4358,99e2a8d8-c79e-4a0d-ba4a-b5238672e0b5
4359,f52a0429-a114-46f7-8d39-2c1eeb64929e
4360,fb54a603-7c5e-4554-bfd3-41ebb821be14
4361,65b4b526-11bb-4a98-8fd9-31f692123aab
4362,836405b9-b82e-4b87-a176-2281b3c2a3a3
4363,5088756b-dbb3-4de5-bad2-a5bb53f21b50
4364,142817ea-4e5a-4552-b117-04127b610652
4365,92092769-a730-4ab5-903f-9be7f3089ab6
4366,80290a0f-5b90-4985-b884-7f6bbc1ab87a
4367,4dd318b8-94b4-4a7a-b35e-183d8f9b4038
4368,e8387bfa-f51c-4d51-8e54-a66113235bf9
4369,eefc4f62-0547-48b9-b79d-1a4567a3876f
4370,3bbb1863-a005-41bd-a169-22caf4304023
4371,92e01c8c-aae9-49e2-8902-6719358b9565
4372,c5a214e5-ae21-411e-a4f1-140403d5fa9a
4373,6d1fd3c8-a87e-4f63-a8a7-e664bc73a11d
4374,970416f0-0694-4b72-8864-4d5541b70844
4375,67e820f9-aaa3-4319-8f6a-722d304ca6c0
4376,45a9eee2-ba12-4c78-85fe-ac8a7974626c
4377,01cd6cef-68ea-4b42-9840-401ad61b348a
4378,5ec1d8ab-b817-4efd-b18a-0ab17bdd11eb
4379,7ad13741-c514-4c36-8c90-cd2e62702949
4380,0f64b85c-18cc-4ca4-b0e5-d19c582f7b62
4381,126b4880-bd74-48ed-80ef-93f8c443a901
4382,168e5359-64c0-4819-be73-d19b74b3c988
4383,9b4b64ec-3774-497c-bbaf-2bb057cc59e2
4384,75b11b14-734b-4336-bb50-ae821a42bb4a
4385,9179a0b3-b18b-4d3b-8943-dbda9c2c5714
4386,072eace2-8288-434a-ae0d-7d1760c23d6f
4387,19c27f4c-55df-4fcb-b19a-48ecc6272ef7
4388,1c7a4af6-152d-478b-82eb-4218dd48b507
4389,3b7ab601-9775-4c1d-ac95-c4f6d09f6536
4390,a607c86e-9621-43e6-bea3-f26769c0bc34
4391,4f65af60-a808-4272-9da2-86289cb79a32
4392,b3458a0b-1115-45ae-a071-5bc93cc09d78
4393,e44cb16a-7fc1-49c8-a197-c9b9c55a2779
4394,467138f9-6889-4c7f-8344-27b6d379c5d9
4395,208e1ef6-2122-4c77-b71e-84b98e67213f
4396,d07304ef-bc6b-445c-9e69-57349c065de9
4397,35b1880f-ba3c-4f3f-8322-ee071469af42
4398,534c3a86-da2b-4c48-8f8e-4c171a71cc2b
4399,1fcd8763-d896-4eaa-81d1-5c4da10462a8
4400,0c99dd14-cfd4-4c62-ab95-0792d9ab470e
4401,c5d3b3f9-36c2-49e7-af0b-6021f1e2a331
4402,c284f3f7-c5e8-406b-b6ec-e426288ba87e
4403,1f21ebd8-f897-40cc-8696-6e0604e1ee42
4404,2fe2ad02-eca8-43e3-afc5-7cf681a8692b
4405,5c602da5-f133-49ec-9a0a-326976ea1fe6
4406,b76c9a8b-1f51-4e57-8e74-7554ec7f151f
4407,0f0a47f5-cd58-43ee-a7c2-b0452e69f22f
4408,27540def-a76a-4d1a-8c2e-b950ee2c15fd
4409,d01377dc-c12e-487c-9a28-7c4c9051c779
4410,2ae3ba66-98ce-4a64-a0ac-9e4d1d6c09f1
4411,52325867-9e27-4317-8185-b2a93f87654f
4412,9ada9134-116d-4df8-968e-8db29049f51e
4413,8cbded15-8d72-4068-b06a-961729be7395
4414,21d37933-c597-48a1-8acf-0f338c7d26dc
4415,1cf8c46f-0118-4ecd-9b5a-e44cc4c6f8ac
4416,3c42d26c-467e-4457-97fc-eab5036a80a9
4417,d1a6cfde-8452-44a7-a533-37d9bc84936d
4418,4ea4b8ff-f95f-472a-ad08-9b423f7a3aed
4419,7160c6b2-96d7-41ea-bcb9-1a03761a595b
4420,9b7f8dcf-58c6-47e9-be2a-189a5764a17f
4421,69062146-e5ea-426f-aeea-5a5d782f4e01
4422,f3a5d035-efa4-4565-bf8c-63b8aca31c55
4423,c071cfaf-f033-4018-8a90-76ad89ed7da8
4424,2da23956-9ec7-4191-93b2-be08106dec57
4425,d43a7316-8f81-4156-a9ed-8b9b70f9f698
4426,1f01bf85-f867-45dd-9cc5-47c703ea05e3
4427,4caf2052-f5e6-4e2c-a544-a6b1910ac783
4428,a6038ca2-e1ff-4406-bc8e-dfaec09e3aca
4429,e96d81f3-a941-41c3-be8a-bf240df9a4e3
4430,a9a6a50a-3bf2-459f-a16b-d107e8377584
4431,0a8c864d-7af0-4690-ae8e-794105f94402
4432,3c3592d1-e39b-4538-b511-24cb972d1e0c
4433,804d98e3-1446-4629-bed0-711baea14d27
4434,46da9868-4ad6-47b7-9b70-93960a5ac79d
4435,f04bc800-814a-4569-ac71-7013ccbecd41
4436,c80994a6-7a72-4e2a-8b29-b7e841e4b669
4437,621beac1-a719-41ea-87e3-9765018ed02c
4438,11267115-11a2-4ceb-9195-6259057195af
4439,fd58385f-dfeb-4099-b4df-f9ab0c7e56e4
4440,255f2ae5-351c-4844-be17-f7df9893fc78
4441,95188071-cf60-4bc3-ab7c-d71ec8f9a439
4442,87fcfa23-6046-4c7d-8edd-b82f5a48cb63
4443,65ff38db-08b3-4bb1-acac-b7df54a3e68c
4444,35a4f327-7752-4470-be57-8ef3d3078f85
4445,880e801c-8603-49f2-8686-ba2f111231c3
4446,6ed31290-6bfa-491b-b8b4-395f41a39184
4447,ac57ffa4-a8ce-42c7-9e36-642b78f05061
4448,ce29e3f4-d5bf-4eec-8bc9-ee0ccf3d49ce
4449,3559d17b-39bd-4630-9b7f-1578230cded7
4450,6ff03e8b-a3b2-45ad-83dc-1c2157b1eb4a
4451,a97afe84-ce2f-41f4-968e-876fae568373
4452,4291c427-4f31-401b-8a59-ac925272fe00
4453,b3cd712c-d3f7-418c-b854-346aadad28c8
4454,5cedcb8a-1952-4142-93cb-9dd0d03e1a89
4455,9cd7525d-2b3f-4aa8-ac3f-11a8daf8285a
4456,ef895529-4bf2-43b2-95fe-7faf44d56284
4457,5547da5b-cff4-40a9-a2e1-236233b0b034
4458,a27860e2-7cdd-4c56-997b-32e37c619293
4459,d0e38553-613e-45a7-a7ab-8769b42cbe7c
4460,52a436ca-b14b-44b4-9c19-ad84968c59d5
4461,3591aade-5c89-4c92-85c2-79164a90e2c1
4462,63062397-6b85-4d62-8251-5a7eec821ee9
4463,160ee763-f49d-43a7-9004-d2ff3d5236e4
4464,7f0c2513-b35b-4f0d-bb4e-3f9d8b272f45
4465,85d7d59b-73e5-42cc-ae80-6c4dd8e750dc
4466,19a41f05-83d2-49fc-bfe4-086a4c77af95
4467,05bb1a3f-f96b-4b2e-b031-80dd00a6136a
4468,54f0a434-5115-41a2-b9c7-6d3f6dde1570
4469,d3c8680c-b3fc-4b91-9846-db8ba2916afe
4470,862bd655-a1b1-4af6-a5bd-e81f735b2bb0
4471,b72675f8-4b63-40ec-8875-05fbc0947c6c
4472,8fab9b0b-ed77-4bf0-a629-b364820a7c2b
4473,a5e0c3f4-cd40-4007-8879-fd47f5f6a058
4474,7181e852-d620-4e09-9dea-c4f363cf1761
4475,32281ced-dba6-453a-82e1-a5f8e6047896
4476,2cb99783-ed76-4506-a450-5d1b6136bd2c
4477,e350a555-cd0e-4568-8b1b-9dd898a82f3e
4478,8aa9882f-9e7c-4064-af8e-a5dc62634639
4479,c33b9bcc-98b1-47e9-882b-c5e7d5fe4648
4480,fddb5224-5336-43ff-a510-8875d3506d06
4481,31060d97-4097-455a-874e-11d4a3de46f9
4482,8337f665-9805-4192-ad48-395d19f11454
4483,cbab9f49-941d-43f3-8a81-6ec1d795c7d2
4484,96a5ce46-cb60-4673-8c70-715c49e26b94
4485,c55c6fd9-3059-4fd4-ac24-7df209db526f
4486,ff12df84-adcc-4e08-9c80-91f9b621db58
4487,cee86fc7-3cf9-46dc-8031-f02146d009b5
4488,7d290162-50fc-40e3-b69e-0bccf8eb4672
4489,40039cab-2aa7-428d-a3b3-1bfac2c900d0
4490,35157454-1195-4f39-80f9-f3f9f85179b1
4491,5d674edd-f6ca-4ba7-b8c5-feec030a98f4
4492,e8708bc2-5563-429f-9b43-299c147bc4a6
4493,01edd411-774f-4f86-88bf-65f9b88f5d10
4494,b7813169-5c3d-4964-862d-da0b0d963642
4495,8b50b3a5-dfa7-4578-866c-28ac282c6090
4496,9da3779d-f695-4446-980a-a8a4d440f763
4497,257d9688-7f09-49bd-a6fc-4ea76f53be78
4498,337bd332-7a36-4207-a981-02a8b47e5874
4499,0c661bc6-0c8f-4441-aa9d-fce96a20fff8
4500,ecea0987-cf89-4ec6-b707-e91bcf5a6bba
4501,bc7c55d3-705c-4632-8927-798c3242f9c8
4502,28cf4b2d-bb41-4bda-be0b-5c1d1ea99820
4503,47e27bed-7805-4e67-9291-6d436fca31e4
4504,6b30f0f5-6753-4cd5-83fd-d53314aec1e8
4505,d2e3d026-a9b0-4296-83cd-8ba2251143c7
4506,a00460fc-fe83-4eab-95ef-33847d157116
4507,e701f329-4098-4cac-818c-97805822accc
4508,bb76c6e5-70a0-4a17-a092-0fafbcc8aaeb
4509,2453f29f-02e9-46dd-ae6d-5b1adeaa6345
4510,7140c956-2a6e-452e-b04a-b680fb0afec0
4511,dd9ba9b0-22ae-49db-9567-ed411b69681a
4512,46698e33-6ddf-42f3-ae13-93c71b8a13f3
4513,d83d58dc-5b08-4494-85a5-ea75d8f3442d
4514,234e28df-a47f-4f8e-81e4-66909c40f2f3
4515,975cf25c-48b6-460f-922e-4c955589bb11
4516,6aaa66c1-e329-4db9-9bf3-5b595a28a08c
4517,ecbb9b1d-6027-47fc-8c10-b136f938bf17
4518,145ed9d7-ae66-477e-bb81-9bbc8770e13f
4519,fa07dbc8-d315-4167-a861-1812d85d5099
4520,06e1260a-fc8f-4407-8fb7-acbab5b333e9
4521,5503cf6c-c854-4e87-bd2f-429cf3ff056e
4522,b4d47258-081f-4cf5-b03f-1f57c6eafe39
4523,85a5bc1c-7d49-4ca7-8e68-200915da5916
4524,84f9e63d-b946-496b-bd56-db173b712684
4525,5bf53d76-b6c1-4bc2-b53f-dc30bc801a0e
4526,682b1315-e40c-435c-8bdb-176ffec16c7e
4527,3235757e-8959-43eb-826c-94c7036bad88
4528,f02ce225-b3b5-4689-beab-f2ebc0a4b942
4529,62f06fe4-88e5-416b-a95b-bb03e5163513
4530,f42e9824-25ba-4c27-9967-007d01fb302c
4531,27995cdb-0523-4b28-aac2-d88017fe48d4
4532,870065b7-4765-4e14-87b4-5f35b694f113
4533,2d213621-a9ec-4e95-b281-31216db72f6a
4534,64fd40f3-a3b3-41bb-ade5-04da788ebfeb
4535,947c5407-214a-4d75-aac3-8be4c7350ca6
4536,ce355bbe-4506-4cbe-8048-6854d959b0e9
4537,83556790-fb78-47fe-93e7-56a0fa4e28d1
4538,0eb1ad93-e7fc-4521-a7a8-1e6bb23f72be
4539,fd8453df-d0df-47bb-b826-4b8a14e802e4
4540,c937701e-85c1-44f6-bbcc-7b2b5a1e4b97
4541,c8185ece-a83c-474d-b987-45ae3e0087ad
4542,70b2397b-4f43-43ca-8e22-da40b3c43c70
4543,7eddf811-1c5d-4f46-804f-d3c56b6d52ec
4544,b6748592-4644-456b-8593-c7e951ba2c7a
4545,e69f9d4b-3f0d-4d95-8963-8a9df104a8e7
4546,10b23bfe-e7d6-416f-bf71-25b96576248c
4547,30b7655e-033a-4ba1-b188-734e1663e243
4548,87063c73-c28e-4b66-8b54-533366473d7e
4549,11574a17-32fd-44e1-92c1-9ffe2cc08552
4550,6b9e0e83-8be0-4769-82bd-1b6fb636ae79
4551,c6ba3a24-ab52-47bd-a1ed-11de677cbdbe
4552,186a9c34-752d-48f0-9fed-3fe64b58af0f
4553,d6cc5ece-fba9-419b-a2c1-f99362a8ecfc
4554,55953b6f-b32c-4141-9e21-860511b8928b
4555,40ef16a6-02c6-4637-bc04-379d82fd6eeb
4556,b090c7cf-276c-465c-867c-87b2cdfc078c
4557,533ba14a-a2ca-4971-9cfd-4d5fa73fe968
4558,d0f115d7-50b4-466a-93e2-8dfebdb67ac3
4559,e776bee6-48c6-415e-9f11-b02f80dc819e
4560,d2d52cd2-26f6-4ac3-80cc-e37d44bf2fdd
4561,3feae38f-6a50-4de6-a02c-2c65d5e5292b
4562,f9385103-2f3e-4bf9-bca1-7cde2f6b3654
4563,3a2b3a2e-498e-4e2f-a9a5-4527a859eb63
4564,c75073c8-e6a7-4eca-80a5-65246c9db979
4565,c9831a89-355d-454d-94d4-a28ac6f16572
4566,4aa401ef-3ba4-441d-9aa4-3fa5b1578724
4567,73b13d8b-2e6b-4bf6-9553-de5197e1a9df
4568,cef8544d-749c-49d7-96e9-5a9ec9832edf
4569,c645eb99-2d78-420d-9620-63d6f28ca379
4570,1681dfaf-8100-4ecb-bb92-8a7fe87d0605
4571,ce7c50a2-3386-4f89-ad56-18a192e9a2cf
4572,c57b42ab-6fd4-48c5-87eb-0f2f3d9c7017
4573,19b15f6f-34c9-423b-8115-80e0a64cb626
4574,804a03ca-6bbe-4f09-9a1e-89e9f3c23607
4575,f92d8d59-3290-4117-9e38-491daae128e2
4576,ed04845f-ad6f-447e-86a4-ea25fee5e764
4577,60543d7f-2355-4ed3-b030-c2227883d0d6
4578,29d0ac42-2f3b-441b-ad06-e6b74752f7b0
4579,8e856afa-512a-456d-8438-b436dad46a3a
4580,a50c8659-e23f-4197-9f79-b12a8cdbd4fa
4581,20756d54-ed6d-4685-bbda-79fe4db232fe
4582,aa0ee3db-e1ba-4e4d-b2b4-049d730cc4eb
4583,f334f3d4-12f5-4f49-af1c-3e2a586d9074
4584,d8e17fe3-4f3d-4712-b2f1-0909e26f7db5
4585,5bbff6d7-e775-4e20-89e3-0e4dd84e2f97
4586,0189a010-c533-4b1f-93f0-eef8a8527fc3
4587,cb070a40-26d9-4a8d-9ce8-3d8398118f3f
4588,b76f0dee-72d0-43da-bf07-23e1d3e36412
4589,fd34bfcc-337d-4637-a890-3e96a524fdcd
4590,03796cff-8470-4d4f-b420-34313cbe9c23
4591,95e61bff-47a4-4421-927b-47ccad01fd6b
4592,64b6efc6-3cc1-48aa-a8de-7ca296e9a72c
4593,1c44f13a-4ffb-4a55-9780-1ec7e7565f7d
4594,3bb44169-df83-4107-8305-4675f84f4516
4595,deda3082-5216-49a6-9232-7aa5ad72d0ed
4596,4f5424bd-e3e0-4326-9df1-824da4ad26ee
4597,2ec4c4bf-8bb1-4c06-af81-fdbd8e47cb3e
4598,f3beff79-abf5-4cfd-a0a9-192969f2b547
4599,4095fe0b-6102-4765-a6a1-a09917e4d36e
4600,6ff198fa-af6f-4efe-8f52-d2d625b2838a
4601,4ca549b3-0075-42a4-9aaf-49fa6e728796
4602,8c5cd0a6-66ce-45a6-981f-bf6ba70c0a01
4603,8d73f251-fed3-419f-a834-ab6e64e41dca
4604,0b534402-8d61-45d3-8648-0e120a9d7932
4605,b94abe9c-846b-4988-9538-0707753f35d0
4606,422de8f9-544d-4fb6-87cf-83901333a93d
4607,fa931719-f543-4959-a185-c16e8af5c39c
4608,bc6603f5-8952-49ac-b056-43f7a3450913
4609,8a1ab17e-8455-48b1-a80e-473bbac10ef1
4610,b3235378-a430-4337-ac73-a32663ca5709
4611,eebd9d89-e3da-4483-9113-e6697534ef49
4612,83b5b4e7-6f24-424c-b135-638388a1d69a
4613,9f81f1b2-3cc1-4e91-80d3-fa9d2043f27c
4614,1d34a85e-e561-4b84-b628-6eef3c9e539f
4615,addf5f4d-7546-40b6-8994-b9aff82577c8
4616,4301f551-4349-4a0c-bd3a-a7bc0318efdd
4617,620ce314-d86a-4f23-896c-7355b13cd897
4618,f215f7a5-8741-41be-bb15-dab91ddb6b7f
4619,1f60dc8a-ea34-43ba-9d06-39ea91108fd1
4620,6ed10354-7ae7-4aba-9369-774dde362e3f
4621,aa426057-698e-457b-b8ef-9b468db93054
4622,e6f67647-35c0-41fe-a929-18bdbfa95d3c
4623,ed8f564a-dc9d-4a28-80ab-6ba3ec0c722f
4624,9c588d9b-d5f5-4b5b-85ff-f07cb0e502c2
4625,a78a1e08-6503-4561-837f-dcafb3f0c23c
4626,b206e7cd-df65-4143-a234-eabb3b296537
4627,609140dd-5225-416f-a37b-c034a29e4977
4628,aabf72ca-0b8c-474d-8984-a1566f057067
4629,0d8681af-bac3-49e9-87fc-2cfac791a15e
4630,b9f69334-4eae-4b2a-8c35-db9cb585987e
4631,86044891-0111-4320-8e69-cd2e1abc84e1
4632,13cd2f1a-602d-4655-b2dc-4e9365bd690f
4633,9f3edec7-c604-41bc-8c5d-7bb93d16ffde
4634,9975f594-c7a5-413b-ba6f-416b66f34041
4635,78133a8b-7c0a-48dc-809a-4f9d6b18a132
4636,b0d3d18d-5403-419a-afec-18885493a216
4637,56364b9d-24b3-40c0-843a-fb601934c197
4638,066e7d72-a2d4-449f-a4e2-126388153f1a
4639,2e9919c8-091c-445b-a348-bb3b5af66269
4640,adbc633a-1853-4a83-91ec-96467cdb93a7
4641,cdc9c8e3-e45e-4538-8b92-4217dcf3fff8
4642,e865179a-fc27-4cc4-ad35-8e6c0ea1761a
4643,5548e15a-77d6-4235-a1c9-583aa9eacb2a
4644,a37217a1-d187-4b09-9a17-a40348134e0d
4645,0c1c8e57-7c31-48e9-8540-bd3fca41de1f
4646,0475de3e-7a07-4da3-bbee-a22056367fa2
4647,0a50776d-8624-476a-926a-afc4acbd3be5
4648,a4a16d6c-16c4-4457-880c-481c06806d90
4649,8219f747-17ae-4933-a53c-498b66e5fa8b
4650,cc7ab726-2d69-4f08-83ab-76d0ac67a702
4651,3a16c2ee-374e-4b42-a8da-26159f0b0444
4652,3053ee76-8bba-476f-8e2e-e1d9fba3ded8
4653,036827eb-4078-4217-ae0b-b3d410e15043
4654,4e1b681c-3cb7-4032-887d-5bf72d650ce7
4655,5855e4cc-5363-4ae6-9263-671ac77c7774
4656,75b9026d-419d-4a75-ae9b-295e818b8676
4657,4f540372-0fbb-4498-bcca-ef87c2366833
4658,8d9148b3-b939-46cf-bd72-28f3aa4b3582
4659,704c9508-83ba-4d62-acf9-a47462c79044
4660,c8eefdb2-5ae0-46df-9626-0d3acdbc2aa8
4661,8332de57-2673-4480-9316-cba8e65259f7
4662,882e4987-abc4-4d42-969d-943de51a759d
4663,afa43bce-9485-4f10-b5fa-6b84bd2861d7
4664,8adfa039-835c-4716-93ee-b10b1237a3d6
4665,86cc0eb1-9640-41b2-acb3-735770b5dde0
4666,79bad5a0-f41a-4068-897d-35d15506d026
4667,24d0e3cd-68f3-4128-b8c9-47f4df47af75
4668,563d3e02-9e7c-4c9a-aefc-72ca76012b89
4669,a611a149-3d56-49b4-8afa-4e04c849d55c
4670,44a6e40a-8c71-4462-91f6-da1b69db8177
4671,1ca1ecf2-ea73-4160-971c-59bb4702ff1b
4672,d4f7f94a-933b-4dd3-85b3-ea4e93d36bd6
4673,6ed451f2-12e9-4d79-82a9-d1a5dcd17658
4674,33f1be5e-b761-4bff-b7a3-3940271a0858
4675,3aefea30-1c0f-4fb1-a82f-7fd196bdedd2
4676,86bec1f0-74c6-4603-9213-a5c39377dda1
4677,82342d9e-7788-43cd-8f64-fab937f2cd6a
4678,a83a7b00-cd3d-407e-800c-cb7410ce3a21
4679,603b93ed-3b91-4a01-af7b-04f8ecc3a861
4680,a0a86b6f-dbf4-4045-a680-9e5c494c0e90
4681,63f3eaf2-9964-4bc1-b578-cf8c851cb6c1
4682,af983c77-8f37-4378-b47d-3ac567964602
4683,2851d13d-bc7e-4d2a-82f0-49364528d651
4684,93474a45-f8d7-4bfa-9fbd-3a3538188985
4685,9a6261bc-c5d6-42a2-863b-fd2ff1838ade
4686,8ff70503-4739-4c76-876d-e75d2d1e1740
4687,cb95deb3-f26c-4321-8c94-517f2d8012f0
4688,865de8e5-a7d0-48cc-850e-ed8f0270907c
4689,909631dc-b839-4553-bca8-990103c494c8
4690,f153feb5-4ef0-473a-b75e-1fab607abf99
4691,2b477290-0f32-4fdb-9553-180ce770650f
4692,06272290-a0ad-44fc-96a8-d34d9e6901dd
4693,2858fa22-9611-419d-8667-00470d08a2c6
4694,70bc6155-f27e-4041-8d04-70d18e47ed32
4695,d2ab6950-a7e4-43a0-91f4-93635bc67ff8
4696,41e76bba-b751-4540-bddd-4a06e342bfca
4697,00206bca-7ece-4ab6-a3e0-03c8612f6515
4698,3a1f1388-7537-4297-a865-7c7ba9be08c1
4699,b432b7bf-a124-4314-958c-998e808571c0
4700,617a3bec-6823-4edd-8aad-339a12d37474
4701,22e387be-cf1d-4fc6-8580-9285bdb70491
4702,827a2925-9e0b-49d8-98a5-a82275cd3402
4703,8b21dc97-9654-4d05-b96c-38931c647592
4704,f0fc10be-e359-4ac1-8722-4892330e623e
4705,b13e7595-c821-4b12-9032-8e5f1fb5b74b
4706,4dd9fd08-df65-4df5-a252-0fd7de56589a
4707,39ace770-385d-4073-a2e7-9eb97c6eb6f3
4708,36b66620-9052-4aa5-a16f-b74a3c9e202c
4709,40ccf217-7766-4519-a72d-b38533587830
4710,4cfaa055-be78-4d62-b9cb-c60cdb46a425
4711,4f91b677-d70f-4678-a6cd-a7590a4cd99b
4712,6617c7cd-89be-4d32-80fe-b699ed74062f
4713,4d64ce3b-2ba9-4534-a8a6-2adabb953f0b
4714,38970ee1-ac30-458c-87e4-07ec06ec2e29
4715,78b5b724-7837-4c27-bd9e-10e1774c4243
4716,11f8c153-c3ca-4a91-8c34-9c0c17c71e38
4717,a69138b2-b129-4e54-8ef0-42b022ea2cc9
4718,476b4451-b5b3-4d6a-82d7-ed617ae46415
4719,d630b1ea-e05e-42e6-b018-6f97a15f87af
4720,b2c0d0c8-058d-446e-a357-2fa6d28579e4
4721,d9a2b5c5-06f1-4364-9700-eca21291a810
4722,c0df651a-01e3-4393-b963-706e7c1f07dd
4723,e10217dc-9293-4e6b-87bf-1b2834e1a233
4724,3455ed45-3bb8-4be9-98db-f03287cefb4b
4725,f510aa2e-9aea-470b-8a24-9c99ca3d14ff
4726,5641f964-c33b-4839-ba1d-9be55cd4a27b
4727,2e6c7f13-0b0f-4afd-9bc0-43f273872257
4728,22cd5adf-d8c2-4526-96f2-9d571548e0b1
4729,a3de0237-d249-4186-b846-ab34b77d7373
4730,f3e755e9-f8c3-41ff-9921-a064379a177e
4731,6fe76f0f-5e51-418c-8287-5f427174625e
4732,0adcc799-5e50-4928-a896-a99511aa6e03
4733,21d2413d-a3c8-421b-b109-623eb15a6320
4734,c4696c42-0b5d-4d7f-9ae0-79f64d199ee4
4735,07ce2db5-9e7c-4e9d-8fb8-3f8e69f28e48
4736,f20b53d7-ac95-49f4-b387-2b5aa29570d1
4737,ec88ebcf-75c6-49f7-bd0a-eda4389ce870
4738,86e07a15-7ed1-4606-a76c-031472aa94f5
4739,fa2b0c49-4116-452b-9525-5934a3cbdf51
4740,0beba330-de8f-45dd-ba94-f508244b14a8
4741,27ee3546-e168-41ce-a6cc-20f458a5e7b0
4742,ddcb65a4-cdbb-451c-8c96-404cff0e99b9
4743,8ea3c8e7-80e7-4ab9-aa76-0df2df1ebcf4
4744,5a0fc746-fcd9-4928-b94f-fddc10b42fe8
4745,29fdf1bf-320b-4fa5-949d-a0b3e60d9c1b
4746,711cc143-ad7b-4771-a922-b1d1a012b7d2
4747,032c99ba-cefb-456a-9147-435fe62fc41b
4748,9d6fa833-f2be-4c11-bcd7-fa5481e05609
4749,55a6d114-f49b-4cf6-b13f-1be114e09382
4750,a8ca0607-a9c4-48bc-949d-99c15254f764
4751,fef7ed08-03f9-4ed1-b5ac-ea0de1f16c42
4752,f85d0342-17ce-406c-b5bc-80c4d5a29c1b
4753,4dfa9c59-8da5-4034-babe-6382cbd00198
4754,76cc80a1-1b04-4dfc-ac04-308ec2d98249
4755,5d88cbb7-98dc-457e-b503-761ff6a24096
4756,7a14036b-2c68-4864-8a91-28fafe7a554c
4757,e755a005-188d-4c4f-b22f-0ea3f2e4a15e
4758,9f604526-ffdc-4b2a-b50d-c77a91ee34a8
4759,563edbc5-79e6-474d-8d02-380034895b78
4760,52874958-a956-4ff6-b52c-f10eba97756c
4761,98a3bd0d-508c-4550-ba21-ce1db682fc37
4762,b090d478-3b4f-4a75-a24d-06afc049ac66
4763,37629804-bc87-4169-b571-1cae9679f56f
4764,01a93a69-75ff-446e-9462-ed413c2a1125
4765,caf4b356-e104-4fb0-b62c-1d66dc67e518
4766,f52c6bee-1660-41f7-9250-e1cec7b4619d
4767,65de882e-0584-4de3-8786-b16eafdb45b2
4768,b7d7ffca-2ed1-40d0-87c3-369f5e22c57a
4769,154a4cbf-9666-4c3b-a018-e6d9d4d2eba3
4770,574c3ff1-5722-47a2-913a-8e565fc6ce08
4771,497082ee-1ff3-4bb1-9254-872ef917676c
4772,4d153d1e-c506-49c1-89cd-d7a0184fa9cc
4773,86920cdc-aa3a-4f15-94ca-f7e434502437
4774,7cf2b2d6-a949-4c74-9909-b27c9d24da13
4775,a17dbf47-4fc0-4a27-bd98-8722bcea1a55
4776,cfa7dab1-3e7f-4762-89cc-98da484ce215
4777,9f157e7e-a511-4cf6-8d6a-8e5c89467a53
4778,ca1fb42f-9509-4377-b73a-6bd4274a8e8f
4779,24a064fc-7ed9-428b-b4dc-3db2ee0ec7ca
4780,d58becff-5b27-440a-9cbd-ba1b9fa68bf5
4781,56322480-1f1d-4246-bbd7-4e8140592806
4782,2b1ac5e1-f783-4700-84d3-75dba67f4f3c
4783,1d8636db-904a-424f-9fe2-c17183e36921
4784,d66d309b-687e-41f2-a5b4-81fb8f7b2958
4785,c2fcc792-50e6-4c8a-b283-6ab70a2481f1
4786,74317c98-8311-4c2d-8416-1e3eb6b6c0f3
4787,94c8161e-57cc-4db9-b35f-2e12bb4d0644
4788,0879a32a-229e-49d9-83ba-b4efb889d43a
4789,b86975a7-df8b-4f37-a0b4-688ef60301e2
4790,697b8a99-4278-4b42-91b4-1794140d9340
4791,830d2ca5-8702-49ea-a313-8b7754550d20
4792,7f1260f5-a113-4f21-a6f2-6d20c2854e0d
4793,b0c31bd9-e35a-4ca0-b1fa-b009824efc53
4794,1c29b674-115d-4472-9809-ed9048818160
4795,dc8e9878-de1b-4cd0-b416-733ba1db8b78
4796,7838ab87-fdaa-4bd2-8abc-29e28e7f261b
4797,644ccfdb-e7bc-4eb0-8e9c-e91fa547f708
4798,38afbb03-18f0-4828-a6a0-3e604aeb6ce5
4799,be0aa482-463e-49eb-808c-bddec1da73b8
4800,f35e9ae1-ed81-48b7-bd18-9d7b798ede85
4801,e0144ae8-e552-484b-84c8-92f86108ec22
4802,ffe7dfb7-66ca-4674-a20b-dbe06155b2f3
4803,d18198f3-b102-436d-9984-20da029a6e9a
4804,d1c4c366-1ced-4b15-9c2a-5389bdab195f
4805,e9d88313-8d3f-4b64-a591-e2f0020cfa0b
4806,cf3d66a9-a2c0-4b33-8b79-9a24cbe7c97c
4807,d3bd2e56-7016-44dd-9e60-5a2c0f3ca5ec
4808,a20723a4-ec14-4807-9cbc-878c565a525d
4809,c0c31324-d31e-4783-8313-1b2f662c3674
4810,c9cc27a6-ef01-42d6-8acc-85e4e9592ecf
4811,ee9cf456-5dce-458d-bd3d-dcc9bc485ae4
4812,5519ffdf-cfd1-45bc-9904-0c950d15111e
4813,810b4ec6-2388-4a80-9bd2-344087d79dd3
4814,5dd86f09-6bb6-4653-b20f-5450c339f34e
4815,9c61600e-fab0-43e2-8993-8f60e7b86d04
4816,0bbd51ee-d3b4-4d32-8f94-60659703f7cc
4817,bd757b99-a120-4a1f-aae8-3b2951080e8c
4818,c7d10943-7ea0-460a-ac92-ca53de8ed580
4819,c5e70877-fa4c-4a31-8708-f1dd9b88c4af
4820,62d77724-67b8-4967-94f5-717943379081
4821,ffee6966-7a83-4fde-97b4-26249dc1ed49
4822,ef2b95fc-3bf4-4825-a489-c4b71a97a309
4823,7e87231e-3ef5-4429-9f78-d6523f58fe19
4824,52f29a08-48d9-4833-b631-d21e80d0c999
4825,dd7d0fd7-7af3-45ef-8b59-3de2d904c710
4826,e82836bf-f079-4816-84c2-3e9d688003b3
4827,da27c71a-a36a-4503-bd4c-692b64656beb
4828,664891d3-68dd-476a-aa5c-b199f1cfa72d
4829,6c1de272-5152-40f5-850d-8e4065452654
4830,1194c414-a91b-44b1-86e9-f7c1b87fe731
4831,8a868648-d03f-4d09-b4d2-f91e58c56056
4832,93e71ba6-7bd9-4cd4-850f-f641368b4685
4833,77832372-0045-4454-8c1d-7e8f5d5a04cc
4834,49723a80-41cf-410b-a609-b695d30374b3
4835,277a34a4-140c-4df0-945f-c9e9de5101ba
4836,f4dbc335-1f31-43ed-b58a-1a83478718d0
4837,ca1d289a-49f2-4012-a8ed-5c41ac808859
4838,816f5229-8576-4d36-91ef-001979a7d291
4839,742cff3f-7bbe-48d3-93df-3de6445a9a41
4840,6be97b25-a607-4a42-b319-ef0d51828604
4841,3322e199-234b-4234-baac-0c26cc9b755a
4842,587406f0-3a55-46a0-a03d-374fce18848a
4843,3b85654f-3264-464f-81a9-d53d7c50be95
4844,e83f3de0-3956-4f7d-84f8-ca571e5e9646
4845,78ffd79c-d5c3-4cbb-bf3e-3fd4f534213e
4846,45bd2781-3235-44ee-9e29-bc3b418dd06c
4847,e6742313-12a5-4ea6-9fb3-74a9beb72958
4848,661f5f85-a249-4f04-9c64-a478c66ebded
4849,f4b92c02-38f2-4c0e-b679-1321503485a6
4850,ee11cf0e-c323-46d2-a30c-abef9b350b46
4851,befb1812-e28a-4c62-b419-178f54532b1f
4852,d827494e-2de7-48ef-9423-7d46895a4ea5
4853,57a980e5-6cd7-44ab-8efa-2362b0f10f4a
4854,165544ef-8c68-4d0e-9017-21f3e7e5e58a
4855,4c275f4e-589a-4f37-a145-d930ab170ecc
4856,2c54234e-05f8-4ef0-81f8-91a5e24fb271
4857,ed78383e-720d-4273-bf2e-290a7c13eb14
4858,d4d3fd2d-2fbc-4827-8e21-3a85e6b1785f
4859,0643aa05-1df7-429a-a809-5de73d8534e6
4860,9c472330-e0f5-4780-aff3-4dbaa3bf1b56
4861,fd2c53d6-4460-42c5-a2c0-58aa7e028ba6
4862,a84eb161-4030-4150-9584-8b838245176f
4863,32bb932f-58e3-47b3-8b0c-5a5ea0c080b4
4864,f30e389e-f193-4023-8264-485b0f9fcbe0
4865,ed011d00-88ca-4715-8f6c-d0983bdc6965
4866,fe1461e8-b4fd-4bb1-b706-9c8d450c05e4
4867,cb88fc69-8de0-4900-a962-b087a5ccb837
4868,7afaab69-e2d7-4f62-810f-02cea3e83889
4869,d2fa6084-15c0-4e33-904c-a2477fe378fd
4870,7ce6c95e-9754-4831-9f3e-a9904ef3b3c5
4871,07a0d2f0-85af-4ed2-be13-065f408f4e37
4872,c6c19644-8e37-49b7-96d8-fccbd8b829de
4873,2b881dad-f47f-4f85-81f8-0dee8155d13b
4874,b697109c-3d1a-470b-8dde-1276b61f6b8b
4875,2086ad94-9a8b-4cfe-af99-2950774c9caf
4876,8b36cb6f-4574-4966-85cb-411cff369bf3
4877,30b7638a-25e4-449c-b3e9-382d797d5712
4878,9fa324c9-53ff-4b89-9a15-3bbdd9615448
4879,916b47a8-34f9-49d2-96c4-9536018cde22
4880,31fce350-1b71-4ca5-bd22-632625ff50a9
4881,8641e8e5-47ec-42f2-948c-efa25def4899
4882,2ad51455-633a-4e4b-998e-f6023178a8d8
4883,48b241f2-c3c5-4d8e-9494-91bcdc26be28
4884,a5d7ec82-4313-4f13-8927-1d2c5f111222
4885,1de3a9a5-2dff-464d-93b1-cd73f8607829
4886,502aaca9-f643-418e-8718-765264b8e0bb
4887,ff8bb1aa-6d3b-4a60-9535-91548604fec1
4888,288bf3cf-fb0f-49f1-8882-586b65472534
4889,0af3bb4b-f4ed-4d13-b751-71b26e7fc867
4890,5440af3b-e742-446b-905c-2f0780151f7a
4891,64dcf4d2-5f67-4e9e-9e70-58e435e9a2d5
4892,2d2f9d4f-c4f6-42de-b3d2-b399c1dc153b
4893,9ff53605-8c00-469f-9012-85fdc0d6274a
4894,010da52f-9b85-496d-aee0-442b71e68d09
4895,09799a8d-6491-4288-897c-396ea9908921
4896,93cb7233-0e29-455d-8a41-dd93d1490a12
4897,41c3d05a-e2ed-4eb3-bf78-f8e2d435898a
4898,96989497-b700-4ef4-886f-e832a98481a2
4899,d0a6bffd-8cf2-47a0-8fcd-e39e032f4e7b
4900,60a0afe5-4cae-45ca-836a-c94da4f86c3f
4901,5363429d-edb9-498e-a706-11c3f8c9ad12
4902,2e535a2b-5df7-4cd6-8656-00bf09a754d3
4903,43a095e4-c1ac-4eb8-9fee-9b0487de3543
4904,e6fced6d-1ce9-4763-91c1-7e42e9b9018d
4905,1df2350f-58bb-4de0-b4bb-1879e548c84f
4906,5b1a10d1-7fb9-404f-a3eb-f8c1229d69be
4907,deec6fb3-5dcb-4072-81f9-654f0dc6ddfd
4908,09b54723-3cd0-46a5-894d-5deb8b844c4a
4909,6439320f-18a3-4050-bbc6-2c6ac1be6346
4910,f5c3ca99-eebd-4184-a829-cecf7ee32dda
4911,1db1ee7c-98c0-4f8b-86e0-bf3ca4019902
4912,8a55dd02-83d6-437d-b977-52b8d05d6728
4913,49d3920f-6dcb-48a0-b8a6-f3fca7455593
4914,d2e3b4c0-3441-4b2f-b8cb-2fbd7f68f915
4915,340dcac9-6e03-44c5-8174-fb2853d7efd7
4916,0cbc1be1-dcef-418b-aa2a-97127c10b0c4
4917,e1a91230-98da-40a6-9901-104c3cdc775d
4918,9929609d-8998-434a-9810-922724fde19e
4919,e7dce4ff-a83d-4b07-9b90-9b793bc19e80
4920,98ff7d9a-b801-42c3-87b8-1fa668c6e6ff
4921,62a9d8aa-1d8d-4734-9144-e0ef3dbc8763
4922,eb20cb37-14d8-41cd-b93a-d8d09f9029c0
4923,bf9a586e-2e72-4071-ab3b-755ac8bd4907
4924,12d3e83b-ae12-4327-ac2e-3db9db602650
4925,667539a8-e80d-406e-b74b-f79836f620e9
4926,73e4bfda-1a3f-48bd-b90a-5825793080f9
4927,766e6ac6-a5c7-4a80-a8b7-ba2b708efaef
4928,55963560-a534-4517-89f2-5a9a6187c278
4929,21142e02-817f-4667-b5e7-8a0fdca88504
4930,ead5ee48-4f8b-41d9-9ce0-bf4aae58940b
4931,edbd5509-7641-4afb-84b8-0b0be8d97808
4932,d228a417-801c-4762-a83f-68c09291107f
4933,c1a483e7-75c0-4648-a125-14d78e0399db
4934,6274c949-f326-4dad-9279-bd68e7970f04
4935,74196cc7-c570-4bc8-8b5c-2b304b13dbee
4936,b88de974-f69e-4baf-bbbd-51dc989e2ee2
4937,093529e6-7545-44d2-9535-d2f2d865f0fc
4938,c8032100-8e22-4d92-bbd9-a280a6afe89f
4939,6d142c40-4d13-4a5c-b540-f8945cfdc88f
4940,28f5a2fe-bcc9-435e-8f28-96fa57b97ea3
4941,66071694-3b17-453c-ba9a-520b5e96a1e3
4942,7ee4069a-5bcd-4401-8531-e7c49c8d3709
4943,0fbbc96c-988a-4101-b212-213383a13b1f
4944,0227fe6b-7955-4a2d-9ab7-7391f45ee0cd
4945,b01f009e-1894-4689-8b18-9b3a64ee4b73
4946,07670731-9181-43e7-b8ea-425e2c8c46a6
4947,afe5a69a-2a8c-4835-a6a7-c6ea3cc57f7c
4948,9250cda2-96e8-472f-9cb3-7e146e520871
4949,1f54f310-8a47-434b-9283-a39c57dd1b84
4950,f90f64d6-c737-4570-9628-f7284836325a
4951,9de24723-2149-44d8-a5c4-98c0b67b9951
4952,bebff0b5-2c76-4b90-8fb9-c76666192b72
4953,36357693-5826-470b-8b87-0f0ce9030fbb
4954,97238054-9a77-426b-b345-708e5b5e9aba
4955,9e2506fe-9a89-45bc-a043-007b6f70f974
4956,66a77307-2797-45d8-a643-a5b4a613add0
4957,17013acc-8925-40d5-9b67-d5d4524c3521
4958,8fbe45df-928a-46ba-a3b8-586c3a6cf048
4959,0b7a90df-7e84-43da-92d5-83fe17fda36b
4960,9c51463c-1e28-423c-bcce-ee3f9ae3def0
4961,820be553-094f-433a-a352-e561aa1058cc
4962,56934b0b-b067-43bb-80ea-a24015eddb37
4963,9050953a-543a-4fc7-b568-c6d5f233e546
4964,2547629b-c43c-47c6-9103-ef4c552b31fa
4965,5779f060-e890-4842-adc6-2dd645079995
4966,ba877d5d-7de3-4102-97f4-5e39ee9ab268
4967,10176f99-43f3-4504-a771-c64379b7f35b
4968,f02556eb-af01-43a3-9e5d-c40416a0f4aa
4969,aab4aaa7-86e0-4e44-b791-a6d9191ac1d7
4970,f884e651-60bb-4088-bc2e-413c91fb028c
4971,d8217b33-5896-4210-87a3-ce27a69d2525
4972,6a8fcc4f-b21c-4931-90ee-259d8678623f
4973,8003c112-123a-4ceb-b1eb-a6e513de8fde
4974,5e8df82c-f050-4d1e-9f9c-37870ba6b3b3
4975,6d3bb971-62b3-4119-9e64-5984f115c6fe
4976,ad1770ef-da8e-441a-b603-69712074b7be
4977,ec4bff44-d03c-4ad1-ab3f-a08b4894d9e8
4978,90dd51f2-c88b-4a4d-811e-ae216a8db5a6
4979,0e970dfa-caf1-42f2-94d2-f10d16cdc0ec
4980,2e8fc6b1-799d-4aa9-9b96-71ec912aeeed
4981,7098bf0a-6092-418d-8da0-820c4c6f9f1a
4982,f3a8a5b7-6b27-40ed-a79d-c9da5602a6ac
4983,a0f1ea8e-c5a9-477f-aaaa-d8c1f28b9f73
4984,461fcdd3-e415-474b-9faf-47e914ceb10a
4985,a18b0018-5d0a-4e19-8600-be85e3ce330f
4986,2329eb7a-8327-43cc-b99e-c72b856ed8e4
4987,084c6555-4f46-4f81-8716-63b84a2a61d9
4988,3562670d-c225-4671-9aec-cfdb1d61db7d
4989,15ea52cf-647c-427e-9b8d-01aba6f591b7
4990,db96ac6b-683f-4367-a96f-e44a6c412124
4991,a56b0ef7-3547-49ef-9d0a-e98b39fd4fbe
4992,edd02580-9173-4350-b34f-691056e0ec29
4993,c64e537c-deb0-4d80-a817-919a664170c8
4994,06afbffa-d0e9-40c2-bd9a-9e8ccc27ee9a
4995,12d09587-bc90-4ad6-b1d7-f796e5d3cce3
4996,ade94f45-568f-4834-89fe-61f345cca88a
4997,ca65a022-c80b-4a38-819e-fb57c6c0d3b0
4998,a475cb01-c67d-4638-b45c-08c1c8e170bd
4999,ee3559f0-015f-44d0-a0c9-aaef96a1ab57
5000,f70fc4e0-ac1c-44a2-8bc6-6f36ff7dca96
5001,9a2f4c9b-f12e-4f02-a97d-2b9ee25b6acc
5002,31847aae-6281-4ad8-9158-fd13eee8a45d
5003,aea5df4e-7b68-46af-a4f5-82f914d2db14
5004,029d3ea4-dda0-4adc-97e8-c01a4cf9b77b
5005,6ea65138-02ec-4699-9a56-7f171a46e206
5006,cdc7bcbc-365d-403d-8259-a09d1d211cfd
5007,c1ec6816-5af0-482b-a7cc-34286f2df7d1
5008,0199be58-33db-4ea1-87df-fc629c4a0635
5009,bb90235b-9068-4e3c-a950-240376043a51
5010,45692bd5-bd23-4b5f-87d7-e0f50a3776a7
5011,0be894b3-1617-4809-bd11-de49ad9e56b3
5012,9d813281-45e5-49f2-bdc1-c38bdb4b2ee6
5013,ac01abcc-22f6-45a5-95bd-f3a75d22e5f9
5014,7a348c66-6b11-49b3-9a48-b08f1a2407bd
5015,31bfe5f0-8e76-4470-b381-93a6c0a7ce43
5016,11264304-4a13-4545-9b7c-acbffb505767
5017,a8788cb9-1423-43d7-88ac-d3130e13709f
5018,904da07c-c53f-443c-9d22-5ba5d7bd8978
5019,0e273b7d-93c5-4f65-88da-b171c2326ae0
5020,985e432d-937d-4a99-97fb-44364915f76e
5021,30d49305-6a5a-4eed-8725-2b497fc88b0d
5022,dccd69e6-2c5b-4134-9888-f545790b9491
5023,eb429202-ecf6-46e2-8ad8-4afc7090831e
5024,30371275-abe2-49de-8e7c-8e146c0bcfdc
5025,8cefa653-7301-45c8-a523-b4e03e6d03f1
5026,4426df72-f1e7-44de-bc94-f5f553dfa1fb
5027,d683d181-6c71-4b39-9c49-83986a62c54f
5028,fdb26072-8992-46f5-96bf-7399d89d4b8f
5029,539dfadb-f376-4751-85df-a3ead9e5343f
5030,eaa5d6ab-90f2-4893-a28e-ac202e599d1e
5031,b50b82f8-880e-4fe3-927e-2bff3acd6e98
5032,e7bd49fc-3720-4c0b-b9f0-fe9cbd01350e
5033,2cf2bf0f-a527-4ff3-813f-7c940384030d
5034,45a227e7-f7dd-4465-aa87-5c6b1359cb34
5035,d9cc933c-498f-42d4-bf6c-6cc24945b14b
5036,def2c6b3-af3a-4ed2-8151-c018a4391947
5037,4e923580-8c14-4be0-9197-b36b134054c2
5038,db0321df-0997-4f49-8543-5d12f930217b
5039,e778d014-2772-4f5f-85d9-8d47f7111a70
5040,887d368e-e10c-42fb-b12a-26b2b66348fe
5041,ceacd24a-3c7d-4687-8b1d-6b3ea18491bd
5042,847853fc-9f58-4c68-85ec-456ec2918efa
5043,3ff3f314-92bf-48b5-a868-a5cce45e8757
5044,00c1fd9c-dafa-4262-a9fb-347df1136d00
5045,c3d355c4-6a62-4fcc-ac1e-15c69ea0f64d
5046,4e864366-ee2c-4af5-bba0-ac31e5dd11df
5047,a719e09f-93b2-4b0a-b3b9-1c37fccae202
5048,442f239a-712a-416e-9086-074141eceb20
5049,b96e9aa4-7806-43f9-91ec-7973111453f8
5050,d8f22c81-3808-4862-9f5d-456143a0302f
5051,4d52e623-125e-476c-9003-75b760aba0e8
5052,09c61b62-9b05-4454-9e9c-bcdef989bf33
5053,35e14a7a-21a7-4037-8652-eb417c9213ca
5054,7dbc9198-dcb8-42c9-9479-724e3839afc6
5055,9339ba5d-eeea-4422-adb0-cee5fe05bc67
5056,95b5b245-bf44-4125-8390-83fe850ca677
5057,d3cf43f7-9548-4bf9-baeb-300de36cd011
5058,9a373236-434c-4177-a2cf-c343e9430fa4
5059,01a6fab7-6fcf-4597-a633-ac54ec3ca071
5060,f1d637c4-c18c-4567-9b39-558db8beaa4f
5061,66694642-e9c9-4549-9949-57423b0f6ee1
5062,9b628b08-0d6c-4e30-b61a-5d8e14e80cc6
5063,48143c60-c2e0-4e1d-bf2b-a50f8765f9ad
5064,f1647177-af56-4f60-9dd4-a54ac9da0786
5065,6e64b392-6ad0-4199-98cd-aa58e4b2f784
5066,be444adb-f0fe-41d4-bdce-9cc4b3eb82a0
5067,20da1f68-e628-4e9c-ae2f-ac1c8d6f8a2b
5068,2aaf79e5-7e9c-437c-8030-a695eb3ea001
5069,eefef15b-cb93-4613-8176-35877e9acc86
5070,72dd9b15-3c75-46d5-9fe9-a66eb56ebcc1
5071,3ec6af96-91a9-4e1b-ae5f-bcfdc85bb220
5072,6b413f53-fb1e-41b8-83c1-53394686b5d2
5073,81333573-93c8-44d2-9909-c5a0acaebfa0
5074,86e5bb64-50e1-4a5a-96b4-1f59631d002e
5075,a14668c2-0b60-434b-8fd4-40c94bd4b269
5076,e5685587-63bb-4022-a216-a66130293573
5077,f64ffea4-cf90-4f3d-8f55-c809700892ee
5078,82c8539c-5b10-4048-9b28-f55fdc79c94f
5079,47676e43-b367-422f-bc54-359ea4f4255e
5080,b2ff65e6-d441-42b4-a017-9c67b507db54
5081,64c2b5ec-0770-4ff7-a347-dedf83911014
5082,5943384d-cd79-4767-92f8-8cea066d23b1
5083,eb90a7ae-1477-4f00-8618-b54ae5c34379
5084,ee1cd610-81fe-4975-a34c-d1507c9566c5
5085,fa0c1bdd-3e3e-4b08-b326-d9f73134b66f
5086,1d48faa7-9073-4b76-9252-176e03517c55
5087,aa1cc64a-f53e-4317-8727-e6785b8c2f0c
5088,a249b7df-cd5d-4e2d-acbe-b634d57e2c4b
5089,7ed74e3f-8e8a-4af9-b0eb-fad3a1678dac
5090,08032e16-a884-45d3-a4cf-bd82165c8b09
5091,8be0d7b0-fa1d-473b-acb5-e2248ed89851
5092,721fc09b-09b9-4771-bb8e-c2aad81a9a13
5093,c4a73873-a4b4-4d43-a5f9-579e8db2e62e
5094,202bb5c0-a538-4119-bf9f-2827abe6e6bc
5095,0511c33d-0677-4afe-86d6-4ecfdb486074
5096,10ec31ea-1106-401f-b4eb-133972419d6a
5097,5b8e00b2-92e8-413e-af78-94fea3b3fbbe
5098,4168df6d-f560-4198-a69e-15448fa56dcd
5099,10ebe81a-8f7b-4b47-8322-df4187a3f395
5100,7edfe815-8398-468f-9973-fde3824caec2
5101,e9f7b2ad-54b0-43fa-86ad-5c37d2fe4af0
5102,ceb98ba4-e1cd-400d-a95a-f500e9408e16
5103,9ca4ed1f-a1d1-4f85-af3a-ddba407ded77
5104,1555b93d-b7ee-4aa9-aab9-d84875dae8d6
5105,57e1ed38-7c58-4664-ba1d-7f64f5490292
5106,3dcbadee-6ced-4c06-a121-94be1d8a5d74
5107,cc170fd3-519b-4482-9650-7a46726768d7
5108,27ca899a-2a4d-4337-8684-cfd7e960844f
5109,e123516d-0ccc-4050-a7ef-4a679801b8cb
5110,81f286db-1900-4c5e-b9ea-9112a6a55fff
5111,d2c72374-b057-44f6-ac07-32cc7ce1cfcf
5112,0a9fb4c7-6ac8-4a86-88db-145963e4783c
5113,dea90243-bd58-40bb-944c-1da8216eba08
5114,2fa19be7-75ac-47cd-959e-446e1b11adf5
5115,debf612d-7446-4025-b4cc-c4929f23ca90
5116,219df0a7-b731-43b2-9a15-cc18c22cfbcf
5117,99e3cb48-4447-49c5-8394-cf4755280a59
5118,985562a4-a2b2-44c2-988e-2c299a6fa40e
5119,6286fe17-1df2-48f1-8d3f-4f74b6f7cb8d
5120,375f12e3-42c6-4712-ad10-c51f66ea30d6
5121,0530d528-de7c-4565-9abc-1fee55d18aa1
5122,df07fc4f-27da-4dda-b8a0-3c84d90d1e73
5123,48cc75ac-4fd4-4d5d-94f4-5c0cdadd2133
5124,67a66ac1-173f-4d18-a529-b94a9eefcfd1
5125,0c261ccf-162a-43f8-b252-f72d75bf7228
5126,2ed0d43c-a42e-4df7-b6e0-7f5c3e0b0b6a
5127,54c12026-bce6-42dd-930c-7946d5e18403
5128,4df94402-a64d-4f27-8893-78fec502f017
5129,53916a22-e07a-44b7-a4b4-ba801d040fe5
5130,e8049493-88d7-4780-a684-4d7eb4c24825
5131,61d8d0f9-203c-4bd6-b84c-7a9b3fb22cdf
5132,090dcf0f-cdbb-43ec-9e05-e34e28c9a9ff
5133,97643d63-f353-48b4-b8ba-c2534fd6d22b
5134,d1d58db0-4e5e-43dc-a953-656095d05403
5135,1b615989-d3b2-4e73-abcd-c4e0e712bcb1
5136,3234aedc-7c09-4270-b9aa-0915bd9f3dfd
5137,f5f0a189-1067-42da-a4e1-0fc8b69716e0
5138,17789bc2-c79a-4a29-9244-1d5713a3be31
5139,adc20d73-c6c4-4781-84e2-e7b634f81564
5140,61024157-9397-4fdd-8b45-072def0d8aa4
5141,64c7d1a4-39b8-4fd3-b5ad-3063be1c7bec
5142,b7a52920-6f24-474f-805d-b567fbd2e73f
5143,cc84e19c-ac51-4f82-aa29-9582931f7668
5144,bd8d4064-47da-458a-b4b7-f7d8c5d4a4ab
5145,6a7b68c5-55cb-4eb7-9b7a-78abb8b877ed
5146,f409d705-0b32-43d4-bbf6-a57bca875787
5147,63c77ed3-7739-42a4-9875-440bef2e693d
5148,a16b1232-469e-431e-a801-fa20543fdf03
5149,4d26f467-f31d-442c-a7ef-55dec37ef00f
5150,7ffb631e-42df-4510-b9ca-063aed666fad
5151,6be87259-3b26-48e0-b91c-5122616a92b5
5152,434678dc-29cc-47c7-aa5b-944fcda2a409
5153,730c115c-0693-420b-aa29-c2e8125ef2b4
5154,154b5821-6d23-4049-a6e8-0c4a054075a8
5155,8c71a403-083f-474c-b2df-596828972fc0
5156,1dfff452-e3c2-4acc-a168-77e9e9291067
5157,4cb3a2f1-a629-42c6-9f61-e996322613b3
5158,5b1cf872-8eaa-4eb6-876b-b7fb29cb61fa
5159,e4df709f-6710-4286-a456-87d3f3804c9d
5160,93b4df3a-90a6-4c09-848f-c25e3dce533a
5161,8cf2763e-8c2b-4093-bd32-6607a9137e95
5162,9425030c-3f4f-43fb-a44f-916f7e8059cb
5163,5d631175-969e-4319-8431-e73de6449c39
5164,f4aeb52a-e243-4ab5-bb41-35fda6fe344e
5165,dbddf7ae-437e-4d9c-8418-c9118a5049c5
5166,73265afa-ccd7-43c4-b8a4-9b7215cdc783
5167,89ffe256-2d91-468d-b972-6be40a506132
5168,139c8f40-a1c8-46e0-a062-28db5b182a49
5169,2091bab7-88c2-4319-9740-29576cff9a3c
5170,9a610b4a-23ee-443b-94cf-520d94efa356
5171,5b3ffa63-bf91-4451-958b-1dcda3f0e92d
5172,92794a09-6f22-472e-ada3-eb8c793420cb
5173,416cac65-e5a2-4cc1-ab54-56ba66aeba52
5174,2c4d9e1c-b523-4b59-ad51-64eea9381db8
5175,292b1d5e-b2dc-42db-8ba7-f4311289afb6
5176,60c2457f-a568-4d18-9309-ba9fdacf1c9a
5177,944d52a7-9260-4e56-bf07-6858f96f3278
5178,0018d3d4-37be-4cc2-a500-8c8150ee3222
5179,b0963850-c7dd-4210-b0b8-730b4b8e5d75
5180,c4b3b50d-5533-42f6-a3e8-764d23f988b2
5181,65ce06aa-bec1-458b-a62e-2a272e8b46dd
5182,e0df322f-1c24-4154-a6a4-a8ef20ea9354
5183,d051d469-0298-4163-807a-d678c41c3386
5184,a7e92231-2d94-4d56-85bb-fd22e2a6e85b
5185,9e3dd134-4511-47d0-abf3-83832a69632e
5186,80e09d19-5910-4f59-9d5c-ca7e2f72289c
5187,7649fc09-73ed-4a59-8a30-0fc86139f847
5188,6db88460-10e3-4a92-92b7-f49108c7a8b8
5189,aac71327-8715-4d0b-875d-f2f5c52cd541
5190,2ea61d5e-7e11-46a4-978f-c65fe2bc2fe9
5191,ea826f8c-79c5-47a0-85ed-7c09ac1c3515
5192,1fe5c334-4b80-4602-9c22-b72eafcbffb6
5193,4d8abbb7-3221-44db-a865-ebbd9e35a244
5194,23c48fc6-c231-49f5-8035-bc8a49422700
5195,1e15bc1d-a86b-413d-aa67-64033b190ee5
5196,de8e6d7a-3e3b-4b86-80d3-40f1db6164d3
5197,d72e8e41-f307-41bd-b9a3-e82402841a67
5198,cf46a929-c597-497c-8950-c0e539933d3c
5199,799393ed-4917-4fd1-a8ea-4d5c81a63f99
5200,a5314ee9-ebf7-48da-9430-85725b0b4781
5201,4980b8c3-3ce6-458a-81e2-2e6ecc99098b
5202,7ccb2f24-3f69-4660-ad64-8d8e301b9b0e
5203,f9e93e8b-f84f-4a50-bd98-65b526515051
5204,792795fb-3bd3-475c-b274-c7aec6c9e4b5
5205,7fb5d8c3-824f-45ee-900f-cddfdf45579e
5206,28aa7063-e7ec-42b2-8b4b-c82facad8f68
5207,3a153e38-50ca-43a6-8d29-65834ccaf600
5208,3878fe6b-1d4e-421a-bdda-746e55f922ed
5209,a23d0b5d-c505-4e0f-900c-dbc799ece694
5210,483a6c37-d6fb-450d-93ee-177a3c4f88a5
5211,cc433a75-5f26-44b4-9324-b98e341880ad
5212,eb1bbebb-ac0a-4505-8720-754e74b19cf2
5213,efbc6a3c-505a-44fd-95a6-9b9d0dbbf9b5
5214,bd918a2d-e45b-41e2-96f1-59d2a57de324
5215,e424748a-d890-4e0c-b94c-2e2489669798
5216,cb36d308-c6bc-40f2-abfc-6b108220327c
5217,2a3a5228-d917-4cde-b430-e78a03d1aed0
5218,ad8efd9c-0de8-4fa2-8d42-92bdeab9f474
5219,32151ddd-0767-412e-99f3-2271d6d7892e
5220,642654e8-e8bd-4f0e-8695-c6a48d6b70bf
5221,409614b4-b467-4297-a692-0edc5ab8862f
5222,81a3fb39-65bd-4033-ae1e-ac9248fe8848
5223,fb349847-cde9-4ef7-ae47-bf5614864677
5224,a09db4c7-7c9e-47d4-8716-3e8db17d41f5
5225,ba23de72-3e26-4f21-b8d3-b6cdf80e2838
5226,5af5a99b-0362-4600-bf06-db5b9104921c
5227,5292a701-1211-47bf-ad7e-dbc2dc9d2208
5228,d29b666f-eb87-4fef-834f-b5a0c61d6b78
5229,c74e00a3-6aa3-432a-ae76-16a6edb3d47b
5230,c65c3853-7521-463b-9028-101b81179eb1
5231,27fc0663-91a3-4133-ab07-8bdde018a779
5232,1010730e-1996-4a43-add4-56830f4f6259
5233,56f93e84-96af-4229-8bf5-4122d5d29893
5234,154b7545-0922-430c-8d47-6849b5e3d567
5235,7c26ebd7-7f1f-4d3f-80ac-931d5b771785
5236,1d968dc9-a4a1-4882-8c79-7b8c11a88982
5237,c597c0d7-129e-461e-8d7a-1e6f7b1034c6
5238,f9846787-95e9-402a-b52f-f15cc2d396ed
5239,96f601f6-e097-480d-8de0-e4dd7a2b0d2d
5240,5263d3d4-5d4a-4355-b4b7-4e7934a73343
5241,5e399420-fe8a-472a-99f7-856a87c7b148
5242,dbefc10d-3c56-4090-aea5-c230a5655f56
5243,86990183-c447-4631-a670-a28115d817c4
5244,24fe6095-445d-4136-8820-424875501e91
5245,d634d7ab-1164-4dc4-a7d4-00b26ff62999
5246,41fe57d0-d647-4aa1-918c-54c2017138af
5247,5cb254f9-f112-4f3c-9d85-8a0152edcf09
5248,50fcf10f-b556-4648-a169-50244d8d3cbc
5249,ab759c47-be21-45cc-aaa4-759ae8af4270
5250,f0ae3d10-0ad2-4592-8259-28cf6858b5e1
5251,4dacc5cc-37e7-43a7-b809-6300acc8da1a
5252,d47af5ce-1d2e-44c6-9ea4-67d29a1b2f53
5253,1400b789-5678-47e8-a978-2a6f2f164f25
5254,96fcff7e-448c-4633-9ddd-1cadafa93e45
5255,e9e25e36-4087-4ed1-b388-6dbcfaa102b4
5256,f6f9c12b-e935-4f1d-8da3-f25389e9e3a8
5257,2ebe40cd-0f58-4c3e-9389-45e01906de56
5258,3b94e867-a571-4359-8427-70799104e269
5259,83087433-f6b9-48ba-a141-9bb127d3456a
5260,41c7af55-d35d-4552-9f58-40816ddbc781
5261,0a04d853-1e55-41dd-919a-a2dee21ffab4
5262,9edb9064-5412-4920-a50f-aa7532032b29
5263,6d9d538a-5e4b-4a92-8365-b36c912f11f2
5264,dc52c252-71ed-4da2-a5e7-b325af829fe7
5265,63ee795c-4167-433c-b52b-ade2ca01112c
5266,9bc92900-9536-4023-ab49-d82ba59f6b0f
5267,6b3b763d-eef9-4c8d-ac80-503c82e8ab94
5268,5a7b5dbd-77f7-4bec-b84b-7e976c4962c2
5269,d5b9ed74-3b0e-41d3-9872-d6b43f30fbf1
5270,623815e9-876c-4ecf-abc1-bc9d83012248
5271,69d20136-a46d-436c-9ddf-d1ad7e622f53
5272,6adb4fe2-9312-4742-99c4-6e3e41ad9384
5273,83d4ec6a-b967-47d0-ab35-f220192822ab
5274,d46d535f-8ce4-4372-911c-786f606ab002
5275,655b2287-c0af-4970-b275-0e778210ba26
5276,5698e6b7-593b-4a40-a54d-3afd1813056f
5277,02d1ea8a-d772-41e7-9c75-3d72cc754d36
5278,49caea6d-1350-4f3d-9be3-9452d8e89b56
5279,3d1ec532-e81f-45b6-8787-e022e895f8fa
5280,98fce73c-846e-407a-bc2c-2665d8e46dff
5281,dc8f03d9-8687-448d-81d3-bcb78701e2dd
5282,88c3ab4a-fc92-47a6-8391-680a15bf7fa7
5283,9092d54d-0a18-4a62-a893-762332d1ab90
5284,87e779d2-2213-4c7c-9295-4eeaacf09e29
5285,3c5dcf6b-ce64-42ac-b768-6c7b024fe42c
5286,dc3afc1c-7282-4bc2-8a3e-3f0c19bc0a5b
5287,07ad9f4e-c774-46bc-9d18-cee4f5a1537d
5288,4cce2d3f-d925-4db8-9de3-5610358637f1
5289,e08ef07e-5b63-4e7f-b3e9-bcb9a608d7e1
5290,75c71331-a0a8-4e9e-9c5b-52e0b09b08b1
5291,73144baa-6472-4548-b1d1-b5937b3258d0
5292,89f362db-a526-4cbd-a3d5-adeb50dea971
5293,687d57ad-e402-41d2-8b27-a81d7e20d046
5294,d7d274fe-255a-42dd-8c03-20caab912819
5295,a8f37f33-b4f0-42b4-bda3-f35ebcb597e5
5296,79cb38ba-b0b2-46bd-affc-2e0e1ba2d8c0
5297,cdf19bd3-7b32-4520-80e7-6eb51bdd0085
5298,69e1f411-b582-4fe4-b306-e186a33a133a
5299,1b042963-4bb0-45d2-8eda-1c605d4733cc
5300,5adfdf80-80c7-4802-ab20-f4fc22c7e461
5301,3b258d9a-84cf-487a-b40b-48dcebb604e8
5302,1060e01f-081e-47bc-bca8-7df3a7d59a10
5303,1053f477-03c9-4e58-ba4a-ca8ca0336b81
5304,199e0d82-06a6-43c6-93cf-5b7ff77b3ee2
5305,63832daf-3598-4a10-a2ff-420602c0a9ea
5306,e48d5b95-2af5-4a40-903f-3eeb3e247968
5307,f500176d-b4d1-4238-bee4-5d6f9652592a
5308,f7ee7cae-3f78-4482-a904-e0c4ecfbe293
5309,e08d84a8-e45a-4d89-9377-4eaeb8a85476
5310,410b5a2e-320f-46df-81da-f4798fa88394
5311,d4f6f960-579a-4305-b80a-836eb021190a
5312,8419c5f3-54a4-47d5-93ba-2d1881edea72
5313,69805347-6285-4cfe-b12b-a4c088ecc70e
5314,5dfb932e-6531-4847-85f2-f4c99ed899a1
5315,233f3b43-e329-486e-bb03-f56125c97469
5316,67a751eb-2e39-4126-9c57-1f440c98eb24
5317,8b2e9cb0-8adf-44d6-a445-0faa5c35508e
5318,1405319d-e9a0-4a8b-a886-b009432974e9
5319,6a5bd6ec-b5a4-47d0-927c-06cda1c644fd
5320,2f996184-3b2a-4e1f-b930-6a2c2b4ef773
5321,6548c566-f11d-4151-b21f-34f8e87ba31e
5322,274e8330-af62-482e-a530-25b9da30d183
5323,91835bf7-eae5-4820-9b60-62f3cf62ded5
5324,5f14b7d4-83e2-4999-9e32-0245a8ebc46d
5325,05fdb591-7a6b-428d-b381-0bfe419a19e2
5326,efb8d121-b2a7-40ca-a74c-37599b91ba5a
5327,c4277a2a-cc47-4d9c-b805-5a19f68e34be
5328,4e1eaf6a-9858-4d4c-8b1c-f4926ceb4daf
5329,f077e46d-f02e-4a81-980d-380a7334f5ee
5330,9ff9d402-1855-4632-a644-821c6c3e399d
5331,7acdc226-f6b2-4367-a616-53fcf660729c
5332,90694e8f-d07d-476c-a6dc-65181b7c087f
5333,34571b0c-287c-4d94-9c41-300e0e1e5c6c
5334,1412011a-3e6c-40bd-9f6e-729b542649a5
5335,174af5f5-0167-4bac-a305-ddc5c5a3c8d3
5336,516720e9-164e-4e29-a1cf-f6322b935bad
5337,90d484a3-75a8-4f22-ba39-f18de8140192
5338,959e56f8-7337-4cee-b064-71a77ba9fae4
5339,1a3764e5-0282-4985-b9c2-5980e940f5b3
5340,0d97e0df-2224-43d6-8174-a404a1ecf7ea
5341,14664121-4de3-4d3d-9ed0-93ca30f2653f
5342,408d25cb-6d92-44ba-89e4-56287054faac
5343,f01e7fc3-161e-4ecd-842d-cedebfc833db
5344,6c000bda-554b-4f40-b50e-7946147736fe
5345,4cb3d39c-5694-4bd1-a362-9d3b895c1cc7
5346,6f7dccef-4212-4514-8f26-a6f2bf08b384
5347,732eeb9e-2032-4422-8f8a-ff5618bdfac9
5348,d1539a82-d25c-4e27-986d-e242228ef38a
5349,0cd68ba6-5d3e-4235-ab1e-9d7ac98661be
5350,e7b910b3-074e-479a-8c50-b81323a4b1f9
5351,945920e1-4fba-468c-975e-84e2e46e5cee
5352,3ef5a6a6-383b-4cd8-aa29-d8573030f53c
5353,604b0ccf-9652-477f-8d58-6f548483383b
5354,cd61be2e-d51a-4557-9f47-ae6af617386f
5355,d95d1647-8dd1-4137-b336-045f489326a1
5356,c1408c22-9fac-4f65-b90f-471d0a57e054
5357,2fe1eee3-d2de-4050-ad47-dde1749748cd
5358,0d74c231-2011-4f7c-948e-6286c183f5b6
5359,311d611f-7bfa-41a9-b7d6-f2b9030e2fb1
5360,6076465f-5106-4e36-8652-7a2ba4fff4f2
5361,d5e4be40-b8bd-4cf6-92e9-95fc6a548a76
5362,83172636-2622-4f8a-aaf7-8736e6e7f9f6
5363,b31ab2cf-b47c-4952-b05f-715d572e01ff
5364,580861a9-9142-4b8e-8c4e-a1e92fccf5bb
5365,ef933b07-4acf-4a3b-aca8-cc526bb0f1ea
5366,f24c91ae-29bf-4d63-af52-5db34fb1427a
5367,224d5be7-cd45-4ed0-839f-599605fb8b01
5368,fb135712-9f35-47d4-a237-b0f14d44eaba
5369,0078334b-9921-449e-bdef-f453a1f25fc1
5370,9292e127-69da-4997-bc83-69892b9aef75
5371,04f5128b-850a-4c7f-8dfb-19228c012ada
5372,72ce3cb5-57b6-4332-913c-7c44d0b01ff6
5373,831cdac0-8c46-4346-aa49-877944d3abe5
5374,69e9a88c-424a-4f8d-9ab9-5d9ee098981f
5375,df62949e-aa77-4a18-ab9e-1f0469865476
5376,fb08701e-f5b6-4850-b01d-604a74ea6d13
5377,41a09e1a-27ad-41f5-9f89-d2877bc3d51c
5378,b29c0079-99f8-4ebe-9b2b-aa1d6d49b7d5
5379,293ad892-da21-4aba-9fc3-3b941da2f2a4
5380,f3b38cbe-5420-49c5-a01c-c24be66a6e2f
5381,30d32b8e-5a97-48ae-a704-ab2fc5d671ba
5382,279c89ef-0e88-4cf4-8801-b14d95ad8717
5383,4767ab8c-26b1-4449-ba40-8978ab3a7f73
5384,0f5eef0c-89f6-4947-bb63-f777b82788be
5385,5d28ad56-41c5-4e80-b7e0-72c20bd5fe77
5386,52547508-3cbc-4930-a51e-0fe362bfeb32
5387,e472a4c7-2237-4603-9a35-b58a11dce676
5388,18922de3-a2f0-4b55-b0ee-02182814da49
5389,bb50af1a-c8dc-4a66-99bd-fc7f532937e9
5390,1ab5442d-efcc-4a1b-b590-0f404570f299
5391,538f878f-55f1-4ee5-9e4c-1bd717c23809
5392,2727bdc4-8ebe-46e6-8319-a8533e44ea37
5393,da8744c8-2026-4b51-b5d3-19988524f02f
5394,825853a3-ffd6-4f39-bce9-c1b3b9d9f2de
5395,567c13d4-3e00-480b-be3a-24601dbae839
5396,be7758b0-f802-4444-99df-cf3e14ce211f
5397,3ebc22f0-f858-4e25-979c-ef986f67aa44
5398,25102f32-b475-4f15-8580-ce9c0be12cd7
5399,8ab8987f-6f6b-4e83-93bf-d14b4d348fca
5400,53feb1e2-805a-4609-a852-d35d13df10f5
5401,0cafe02c-5b3d-4573-878b-727a8d4521c0
5402,ae0f1f5d-da90-4ce2-ac7c-3846b348afc1
5403,678c81d9-4e25-49f4-8898-cf6e4687be75
5404,28393d88-d8ed-4ab9-adff-14e97bbb40ec
5405,a5a71b54-b9f7-4140-839c-4317052719f1
5406,7e1e76c5-503a-49bc-8a84-d903b3fa8a7f
5407,4553d6af-ac60-4619-9e27-3db0671c9d35
5408,59334ebe-960a-4286-b62b-80a333f40acf
5409,510952fa-7774-42dd-9fc3-838db597b723
5410,717d3ba1-411d-4c71-93b7-d36aa0666876
5411,1f81d213-a2cc-492a-bcc8-c11d5f58fb75
5412,8343002b-0a66-4b65-8c86-d51f66212d79
5413,ff3bdf7f-0044-47f6-90f9-defd4aaececc
5414,be56dc06-a1e1-4aa2-8d5a-a31943153900
5415,46e44d61-f224-4138-8784-50b58c043af6
5416,5487746d-bb04-478f-9e09-4776cb6ff17f
5417,2e0eee51-a329-4705-8aa0-f6803561cddc
5418,aeee93d2-804b-44a2-a7b9-2b1f5bc36aed
5419,d7de79ff-afa7-45b7-9600-ad978130e6cf
5420,6745d3f9-2e9f-4c9e-b158-3d9fc0f15b92
5421,700be854-ae09-4c4b-8ff5-9d3767f5037b
5422,dfc59a07-c074-4e66-8a1d-2a308bbe1010
5423,36ac7a03-7ae3-4f99-a688-0df88c70cf73
5424,875a228f-6854-47d5-b2f1-7adee217da28
5425,b556b961-707e-4c30-be92-2f455c6e7214
5426,7ffc7138-7b75-4129-a343-05f6d96571df
5427,27ca2324-ce33-4604-93cc-718c12dc6aa9
5428,6898b58f-b632-4c1e-b8ed-0f31a2940c91
5429,a435a6be-99c7-478d-bf6e-8fab2ad0332e
5430,e78e38ab-03f4-47aa-b9d0-98cb0ad78f99
5431,36b72d91-3880-4106-8963-57ce32555ca3
5432,7ed14af2-f0d7-470a-9643-8893d1b21174
5433,504eb756-a19b-43c2-89bf-1b72545e4627
5434,15162e6d-4558-4005-9677-95db976e82e7
5435,1b03a9dc-c641-4497-ae5e-d05674e8bc14
5436,223b26b7-516e-4d6a-a929-2eb17a7cf790
5437,a77cc2dd-a6fe-4a58-8eef-d624b09e845d
5438,b8855aff-8d07-47b0-bd9b-a3554d7cc67a
5439,36d6dc07-8a92-4dc8-b39f-512b6fe4881e
5440,d854a4b7-a53b-4203-bbba-3715cf38fd2f
5441,95a23285-9310-403a-87ba-b4230268120e
5442,0e9400a1-1752-43be-b9bf-61e73fb02875
5443,aaebf296-97ed-42fb-9c3c-adcd3da97c42
5444,78cf8f0b-2f6a-4030-ba51-4568232696ce
5445,910af724-4c78-48a9-9839-ea37a2637d9d
5446,45001c23-4d38-4947-99d4-f2e393b89304
5447,a72b0f10-eb21-428e-87ea-14677f00984a
5448,49cb8d79-ca38-4434-b092-109ec5582507
5449,183b5fea-1944-4947-9850-4e3b3fcb2950
5450,fded7017-4cdd-444b-a9f0-25a10cdd16f9
5451,00749840-008d-4752-adb5-5199bc3eeb5e
5452,480639ea-b694-4bf7-9e1d-2d7b924c17b3
5453,50399136-8464-432a-ab2b-9d5b175953ca
5454,6aeda73d-4bbb-47b9-b404-2400b10a18e2
5455,8fb3d884-976d-4532-bd88-d2a3c03794ab
5456,9e5629da-e05d-48e7-93cd-f82a80d89f16
5457,8019649c-1250-499b-b268-624eb26e1bcd
5458,a218f5b4-ad37-459d-918b-050a7e407634
5459,9984c414-0981-4384-a24e-bdbc2d5fcd75
5460,dd53330d-e9be-4a13-a439-2ec3fa8caf9d
5461,7d83dee9-3ea3-47da-bb36-58ce2d936395
5462,84ef0c7a-e7ff-4f6d-8279-5215b3ab5501
5463,4b2fc943-7db8-4afc-ac36-08b5852960fa
5464,aada143c-16ad-4b8a-900b-b41e8fccf0c5
5465,570f36cb-1dda-4d12-91c4-ac84e4b6ca51
5466,bbc0d59d-6329-45b8-90fc-eafaab308fc8
5467,1232c574-7193-4090-8bfc-085daa0485b2
5468,cd5344ed-59f0-4a6d-b9d1-e396bd62b5c7
5469,eea0688b-9e15-4a55-a1b8-bb969e9e3085
5470,3789591f-10ef-4eff-81e7-25a08aa5925b
5471,3289386a-7afc-4f6c-8898-ee8b205d4b5b
5472,a89c81dc-87b9-4ae4-a1bf-64e7ed4a69f6
5473,c3f12ff8-ba9f-4fb3-b98c-57e644c767cd
5474,487d1a63-e932-4efa-93ad-ea681db76380
5475,adda804e-7359-4857-a938-7a834b13800b
5476,b1cdf5b8-2234-4f50-9ae0-813fd8ffeea3
5477,8d7208c3-a9c1-4911-9c4c-b0035c730a86
5478,b95a54bc-2d5f-4f97-b3d8-ec9e32edb5b9
5479,f1fee6f2-deb6-4c4d-a735-879170493d57
5480,6582aa0a-8330-4739-b343-7afd101ae6c8
5481,8f354c3b-42e1-4179-a5a9-82b035cb5c56
5482,d4832350-45c2-4ecf-9c82-09f8ac444dec
5483,2a61896d-68c5-4a50-bfcb-a1301fc3f280
5484,bc187807-d576-4a46-b2b1-db10bde824b0
5485,b2976a50-c04b-4413-a925-be1c7cb6461a
5486,8ecedc17-7221-42dd-8980-77512c1b794c
5487,78e02042-3e4c-4dfb-bc0f-098396234327
5488,81ba58e5-2c5d-4da2-a18e-e3ca6a5724bc
5489,86e5c07a-c4d6-4486-b51c-798c45845697
5490,14d25f70-f01e-4fe9-9dc9-4c9cc124f4b8
5491,a43eca82-c426-4d50-aefb-99efb7fd2055
5492,b5eee792-aa7a-435d-9422-471f62577113
5493,db5d003c-d5ae-4b3d-9250-30a9562c43d2
5494,ae054735-1d17-4e71-a198-8af53f9d2357
5495,c00eb8e2-f880-46e9-8d85-ecb50803cc4b
5496,2edad15d-dca2-45f6-9ff0-da7560bc52fe
5497,199ceb2b-1726-4e0d-bdaa-2f3783afb5ba
5498,362ca591-918f-4878-bc24-3aada8581ff8
5499,902530a5-ce12-4a50-8860-d8add556a484
5500,b34719de-3a2d-4a7f-9fb7-c5b0845ecf15
5501,2df764d9-8dca-4c1b-8222-7def4acb6d8b
5502,ad10b44e-cfeb-45e4-ad74-ba8adc902e0f
5503,8fb0b864-162f-44c6-b3dc-869b927e689a
5504,c4f92352-54ca-462b-a523-2f7bac258308
5505,409f5f7b-37b2-4796-9d76-00770c60c321
5506,493296a4-bb2c-4e15-b604-1e4481834123
5507,b1001bc0-7bc5-461f-834c-6a838e20fc32
5508,4b99b0d1-7e5e-4818-b3e1-afbbc7fb2a3c
5509,d01f4d9d-5f49-4157-825f-5b9823b5583d
5510,47e7ccf0-cb64-4752-b348-0188e43b8949
5511,6d9cbe13-7537-4bfd-b17d-cf1a4e9cd19b
5512,ccc326d6-9377-45a3-9567-4b292d8c17f6
5513,064386b2-2408-4165-8073-8276691491b3
5514,94b2705e-f62b-482e-a347-e733c225be99
5515,f99eab20-031a-494d-b8a6-db920fddfe40
5516,e062b3cd-829c-4ed4-8cf1-5205bf270f64
5517,6e160f1a-e702-4eaf-9384-4a632342f902
5518,d3c7d2ca-775b-4f5d-b848-659b20adb6a2
5519,40dcbe83-aaac-40a4-b436-b278b28efafe
5520,1287121a-7503-4389-adef-c8fdcde4ae0a
5521,bc418fe6-dd9f-4a10-a535-e36cb2e127a7
5522,c66cd263-ee36-4765-a7d9-b7f7a1f1685d
5523,30a62ae6-1df3-45bd-a827-b6f1b9c50d9a
5524,a6aae9e0-1573-4ac3-8594-ac5a047f9c94
5525,486cdf6e-d112-4529-8e90-561a09057493
5526,c39657bc-fb46-4f4d-ac0e-f8c7502873d8
5527,13ef3de7-97a0-4376-aa09-c1f7d31eabcf
5528,44875b21-b989-49ad-af3d-9a03df7f644e
5529,cc5090c3-91a4-4ad1-bbde-1d0803e6e980
5530,02ff48d2-91e6-49df-96fa-6b84ce292e43
5531,d29cf906-7e43-4727-a277-42e93aba10db
5532,8b0f970f-2685-43b8-be6a-da496c162301
5533,c4bd01ae-ec63-4b40-bd07-0bc702eacd4d
5534,4f6e12de-ca06-4554-8e2c-da7d441ff341
5535,49713378-5c4b-4906-b099-6ebb70807012
5536,5bc917f6-e669-4cce-8516-22ffb8148dc9
5537,203e22a6-9c23-4443-974b-f7d7a532379a
5538,9408f468-3651-418f-8faf-9ad8a306665d
5539,fed3818b-dc9d-46e9-a462-1f61391c067d
5540,d9e04c98-67f3-448a-a894-7ed33e3717d8
5541,ce813318-86cc-4c88-a8d4-8b24cbdd458f
5542,f4d4a20f-4851-499a-9326-e203a3379b30
5543,092e9c47-308d-4aca-8c40-5d62bd62186f
5544,6b85a44c-cdd0-41d7-9b26-d6fdf2dadfba
5545,e83433a0-1488-4681-a36f-507f8a12013c
5546,96e2b665-9c6b-49ef-93d9-aedd3cb8339a
5547,e9b93ce8-64dc-4691-956d-9447ad9b5156
5548,9cf0931f-72d6-442e-bd68-ab2fc94dc56a
5549,51d12c51-30d0-4887-b090-3d0d95309a7e
5550,b3f6f158-9536-4345-9731-64e2350c9db3
5551,13cb6d88-1cda-4398-951d-7916ad771930
5552,d3e75ff2-f8cf-40a1-8354-f12992cab01b
5553,f3da8033-fbbe-4341-b50f-b0b1dbd5884c
5554,739d46d6-8bb6-4315-abac-eae3874ed50b
5555,920a81b4-2324-45b0-9966-49d401cdfb8a
5556,315c00c1-3227-449d-ad50-37f4e403c5ed
5557,d2b5aa72-4a23-43e5-bbf8-b549d8680e6f
5558,94dd25ab-e23b-40de-b447-18f9e40f84f9
5559,5f00a113-8df6-4416-9a45-9a05eff05de3
5560,e52b39f9-fba3-4ee4-b145-8f2ddd1a5bd4
5561,2206b827-e858-4f0e-90d4-788007d73710
5562,889fb060-119e-4066-ace3-a306746dc3f7
5563,06dd9f01-9b28-479a-875d-47b11ccf6a2d
5564,d12600b9-ad1f-491e-9e61-92ddc4ea96c8
5565,f398a67b-de8c-45ba-8dd8-a86e6c870d96
5566,2463ee61-3979-4f14-b53b-5b4420ff818e
5567,8d2ceb03-d4bf-46d2-a2f9-e9cb82bcf572
5568,0bdaffb7-917e-4f67-834c-79e1f252a63a
5569,0d1210f0-5ade-4e05-a8b0-fbc1f840e765
5570,ff577167-141e-4009-9897-25e749ce4743
5571,a743af5b-7e46-41d4-9c19-15512be7841b
5572,2a4e1c06-bfc2-496d-aac1-3d28941d690b
5573,9cc3e431-7d50-43f2-b7d1-ea4a8537946d
5574,95edcd71-a8c8-4819-9f2b-c7b9d6e68014
5575,8eba9478-cbf1-4a20-b4b2-f158705ef23c
5576,a215a29e-4c94-443e-989e-1de2ecb23d5d
5577,47157ac9-bc61-49d6-acc3-7a418bb00b36
5578,b7047612-60b2-44e8-b966-e3985f114a72
5579,dea6dc34-f3f9-4aee-90bf-b26eff74d921
5580,b24fb938-bc40-4e90-a499-4f2449de4fda
5581,9ebdc8d4-d961-4c85-b020-04861a3040db
5582,49036f66-6685-4d14-9050-01c22e3c557a
5583,38f638c1-2bc1-410c-97c3-bd2b04580bd3
5584,ffbca3d5-3b90-49dc-8a9e-216ceebaaad9
5585,eda71941-7b64-476f-9196-e67b5de1166b
5586,3ab9af1e-5bda-45af-a1ac-aed5cf8cf95c
5587,c789e8a0-99af-492c-9585-c44706c9a8d3
5588,5f6ba48d-40e6-4ed4-9562-03af7ffc26f6
5589,7499c17d-9555-4a3e-adff-ae6a8cd6018f
5590,82b08725-7349-4acb-8638-65fd71c7997e
5591,7fa49f1b-d185-495d-8a98-8c423d8c717a
5592,7f90dfb6-e3e0-493f-887a-d9a6a261806c
5593,1d09578d-30a6-4ff8-a80b-12e39ac5ff55
5594,ad64900f-fb11-4c09-9657-432e299a8751
5595,c6f61d5f-3628-46c9-8e0f-2384e16368a1
5596,c7279fa6-99ab-4287-b418-5688f22548a5
5597,9f56f249-f287-4728-a70a-2088713d0d3f
5598,fa30c4ea-963a-44dd-a5e3-792078bb2c42
5599,55afdbeb-d1ed-49fd-a5ef-df2ba8044a95
5600,44d14a70-8e9a-425b-8f96-4bc7766f71e8
5601,17bdbcd3-aa73-47ed-b5a2-ad46236ec497
5602,a080abcd-0bf1-4150-9a6a-8e30501842ca
5603,a9fd9f87-9562-4635-8888-89928acc26dc
5604,72d5022a-c04b-4510-9db9-106e0de6e108
5605,4b6eace6-e814-433f-9a40-03edb8e67dcc
5606,156c07cd-b51f-4c6f-9917-1297f1e93697
5607,4c186ed3-62a6-4480-8041-15b0c14dd51f
5608,d6631920-a310-46d5-91ee-3d8f5b59d62c
5609,9fa2059e-db8a-46de-bcf0-26d100891b77
5610,acfa2fa7-3b13-44c4-a562-720e0faa4bb7
5611,9c07af13-56ca-4297-91a3-5d5b976ed1c1
5612,8ff7f4df-510b-445e-ad33-4f0d8213b165
5613,47525c4f-7097-4e54-819f-72b94e7a41c2
5614,d6dcea25-1ab1-4c84-adc7-716809398da4
5615,3bf398f0-7a67-4714-8dfb-0980999cc328
5616,1df24b37-b44e-47b7-8776-bb80ea8259cb
5617,b4165bee-1de9-44fb-927e-12434e258cd3
5618,aa55f78d-f482-4eaa-a465-745399f22384
5619,a4dc1ec7-7111-458a-8a9c-8714a6eda8e6
5620,2901caa4-2849-4241-958d-ff14c67da319
5621,da32b66f-463e-48a5-8769-de21ed4cf6b4
5622,a63f16f2-c928-478d-9667-f21a88a7718a
5623,2bce03c0-11cd-46c8-9b1d-9d8d1bb506c0
5624,ed9dc3a9-b9ed-438c-a9d7-83630c0f4c95
5625,3379bb48-e8fc-4bd6-8281-2d047f4bab2f
5626,5dde3bec-89e9-424d-b280-b8140feec3b0
5627,2e23c305-bb4f-4afe-996f-71f7f492193b
5628,5a7cd66b-42be-4e63-829a-cbee45791327
5629,e9290937-6a47-4add-802f-f3df08012143
5630,c563df0a-7ff8-410e-8d02-fc1598aa43ec
5631,66cbaf30-d029-4f78-bbc8-71695f473e4e
5632,34963ea2-d131-4d21-b422-cdc0749faad6
5633,8ad44544-4344-4065-826f-636afc4d43ef
5634,f90583cb-d172-47f4-9f70-65a376ea0281
5635,4833f1c1-5552-4252-b3e8-456d259dec3f
5636,dc92f617-59bf-4b64-9490-646454930939
5637,60e80dce-43b9-4f10-abb5-33140e6056bd
5638,46a77c58-5886-46a5-95c2-7889e49850e7
5639,9426f48c-7ee8-42c7-92b1-d42ab9dd43e8
5640,2f3efca1-0ca6-4c41-a167-4cc5ed2fd03a
5641,4867f9a1-dac5-4e89-a77f-de0a953cfa6a
5642,c63f36c9-99ab-4420-8718-3f35213da639
5643,768aa1ce-d987-48dd-aa8d-c445baba12ce
5644,ae066b3b-f9f8-44fc-b263-718476cdaa69
5645,606c1403-ca87-4df5-ac17-4b611b9bf928
5646,2181cd79-98cf-4b88-89b5-394a5f7d4279
5647,acbb5074-d511-4191-bfc4-2000447d4d79
5648,ab71f834-4adb-47bc-993c-58537831e731
5649,c315064a-f9b6-490b-b3bf-2f558fa04a49
5650,03635712-acf4-4ee4-84ad-1e126568d98f
5651,f0b2b919-e743-4c65-af02-4e89f83e71cc
5652,7d657da0-b63c-4f80-9221-c76fa5e70250
5653,1daaa252-05c3-4164-9fc1-5eb3ef63b9a7
5654,391089a1-5659-4fd7-afdb-0d402b5f25a9
5655,c867f4ef-77ae-4a2a-98a1-54910f246bc5
5656,073b4138-9ccb-415a-ad39-2144da16cc9a
5657,47bb17fe-b4f3-4574-8820-b497a6cb1fa2
5658,af6012f3-5186-4ca5-b4ab-d2a466353315
5659,bfbe1f51-e438-481c-b3c5-6d4ead4a4e34
5660,0072a117-ef8b-45d8-a52b-b8cff63386d9
5661,05dbfa0d-4d3f-4eff-a597-c99899fd16a3
5662,8ce69cf8-aa06-440a-aba1-ef0c99232abc
5663,1bb9e375-6cb9-4942-9eda-42da529134af
5664,9da0defb-a7c7-4538-b08e-dde1a866d41c
5665,8cdffc84-8f98-44cb-a87d-327da322ca63
5666,ea721d93-a239-4b3f-b0ce-6551386ee35f
5667,348eddfa-283f-4bd5-b905-9d7350aa608a
5668,ba59c7d2-0335-427d-9a8d-d7f0dc254fe1
5669,1b3bd1b8-f09d-4ece-8628-4b949ef22cf0
5670,5d36f829-d34d-40d5-bdf5-44f5715f02f5
5671,0fe05c53-aa86-4991-8fd7-ad51b42cb849
5672,4f2beb5d-79f8-4a43-8556-faff4ec8f36a
5673,67de56d9-ed68-4b46-8110-0f4bc5d09293
5674,3ffc85d2-9ae1-442a-8db3-9e25b7884bc5
5675,da2d962d-c99c-4f4d-ba0b-b506eceaaa3b
5676,8697e6b2-967c-47ce-9839-bdd343eb9f5e
5677,4b823e62-b5cd-4a4f-b0be-dad3bd6c5507
5678,84c9e0db-2fb6-4c9d-8101-3300b158d8d5
5679,3b5858ff-17c0-4ba0-9d69-3f6a651fd491
5680,ef4db361-dff7-4dbf-8c97-9bc3cfb81346
5681,fb82eadd-b49a-42cf-97de-1d16665d6115
5682,1661035c-e6f9-49e0-bc34-dc5ff8e47574
5683,4e8baaee-8583-4348-b6e9-ec4bb8a4b2a7
5684,b157e8ac-f3a6-4635-98ef-d1874b4af33f
5685,f7f3be50-f2dd-40fd-a739-8e7ec8f3a7ac
5686,764bea1e-487a-4d63-b1f9-a22ac9ff5186
5687,8096b282-ed81-4f68-ab68-e4d450e464e6
5688,7a5029ee-6a93-42ee-9a12-fe1a86d4b9ca
5689,dfb22a0b-9365-42d3-8378-87875feb3af1
5690,2fe87efb-4778-46f0-ac79-ee0ca4d8a7d4
5691,db7ca794-0494-4059-be30-ae410d0a75bc
5692,8b932b63-8144-4dae-9d0c-6e6924ea458c
5693,55711256-09ee-45ff-9788-c0436216c326
5694,de2f4015-bfef-448e-8ca8-797b5ccda084
5695,fc043fa6-068e-4f06-a34a-9d0ffae70cd3
5696,41b75278-d698-416b-8e6c-b4ab893a6ce2
5697,3792921c-b494-4eff-a236-de6f2822210e
5698,2ae4ae46-4a73-4dd3-9608-aef3a0f04089
5699,ae40506e-25d8-4faa-a40b-3d4f4ba55c93
5700,bb257fda-1f8e-4295-87e7-425e4d656c84
5701,5e83957f-b2f3-48d9-94e5-174ae5a254d2
5702,235245c0-164d-44d9-888e-029873ddba12
5703,a37037c3-4ad6-4e0c-8cf0-75ceea502588
5704,f211306f-b768-470d-92c8-ef68340eb87a
5705,97189823-55ec-466f-8a9d-10dfe5b962d8
5706,f6621e00-20a8-461f-8497-2ccb1543a40e
5707,8b5f64cd-7df4-4009-9cdc-384e0a6844b2
5708,96d367b8-fee2-4775-b742-3b230fe5c32a
5709,a607c390-89ad-4fb5-beb8-66b449b81d7f
5710,21f7d638-72a6-432d-8fe0-a529d3f1ef50
5711,a5d2bba8-5db3-4ac9-ba5d-a2b76b4f6f21
5712,51de2311-aee8-41f5-8701-596d4bc493f8
5713,608263ad-f201-4b22-b4f6-3fa3f20f1596
5714,d63d6513-7783-42aa-a801-a864669efce2
5715,a420702e-6c1a-42fe-bf4a-195b931c63ec
5716,68a563ac-f028-483c-a2ce-ffeec2a5b983
5717,d9123e0b-9ffe-4494-880a-ccc03eb07b48
5718,065af219-11dd-4099-b697-75a2bc94e498
5719,b5caba06-c2ef-4f90-a5fd-bd1a47e7be77
5720,359cb481-5af8-4275-92d8-6a5bfcad8197
5721,b6414e85-4de9-4d65-9a4f-0857ec90c9e2
5722,db492760-52cd-42f6-bb74-bd9566b7af00
5723,f8a9f571-739b-4ff6-8e8d-bc63a627da62
5724,0ab7b0f1-69ce-4ada-b464-174a23f072d5
5725,b48bc4d4-a47b-4aef-b192-9d137541d9ae
5726,5154dcb7-502a-42e3-b408-7ec9d35e3132
5727,17309610-7263-4925-98e4-ee8f0c96735d
5728,0e136afb-f944-4a5c-903b-20d46e9e8630
5729,e909b2fd-bb65-4a28-b5bf-8e75de4939a2
5730,05627849-685d-4734-8fd4-18f48cbc5e31
5731,073ec886-2cd7-47af-afe7-114faa3f7e73
5732,6c657cb3-df6d-4579-b7fe-60295cb4c873
5733,9dbddd2a-2467-4a76-b863-d4aa8c6c9727
5734,8d94fc29-ad39-4e92-bd87-858bef500000
5735,1c0362b2-ab4f-429c-af69-df64a155ca8e
5736,115d5008-59a0-4a04-b472-7ded52c22e83
5737,bfdaeaa2-33c0-4912-bcfa-2635bffb1b52
5738,1a33f948-296e-439e-b5c1-8db9aaa61a29
5739,426437ca-c831-434b-94eb-e8ca5604bd01
5740,595287fc-2fcf-4d9e-9f85-4e86a7c5dd77
5741,1f85b4b2-297e-4a13-8498-8bd29172222c
5742,e25ee577-02fd-45d8-9b1b-7488b8962775
5743,6fd42f5b-3045-4799-addd-e14d515e5ea6
5744,a10e72a1-0ead-498e-932c-10479a6f7a66
5745,1f35eed8-9357-490d-8250-1e812e3d7d7e
5746,e07b07c8-41ff-4327-b5d3-be00fc6a9273
5747,a0a4ec0a-7d23-4e7b-8b20-19a604b51121
5748,a705d6ad-121a-4257-8262-ec18c676823a
5749,09c4b00b-bf39-49c0-af6f-fb4165709ea6
5750,a9176725-4b67-4d4c-867d-beeb79fe2106
5751,84ac4bac-ded1-4fbd-b46c-b4c5a1b35783
5752,263c44ed-6aa4-4477-ac72-115a00692716
5753,d798df67-ecae-49d7-80ad-3686c5ac6a83
5754,c1e2575a-b962-4652-9175-5ea6ae851bb5
5755,2e1aae4d-107c-4e5a-ba07-1f49a35ee228
5756,a4b5072e-070c-44f1-8513-1dabb411a6b3
5757,12b9b0ce-7ec7-426f-9dcd-c8fe0d3fc805
5758,858868ee-31aa-460a-9c9e-51fbe5d59c4c
5759,6d7ea235-267f-4378-a10d-a59af867575e
5760,036efef8-85ab-4bdc-9b67-67c8e6065b2f
5761,03d940a6-ef33-44e4-82a2-36d92a9b60e4
5762,5a878056-379e-490d-80e6-2118e97e4969
5763,aad05ed5-07f1-4afa-8664-80477c012291
5764,372772aa-c799-4bc4-89cd-96361b2ba613
5765,11708187-41b0-408f-af75-1b6133f53177
5766,e0a26941-b355-4e70-808b-4d6aec3a6898
5767,f206fc8e-a63d-4698-84a3-22b2fa6abd5f
5768,58adda8f-c91d-48e5-890d-b05264291230
5769,0a0b6b7b-f3f8-4d14-9cc8-67a495dd90f3
5770,b9041c34-06af-4749-8661-214d3a6af498
5771,3c874480-2ca7-426f-bd50-b7e9099775b2
5772,de5ff756-b1af-4510-9c01-a7fbf26ab340
5773,ab0c06c4-fc00-4a1f-ae14-b26ab4e2969f
5774,5e671175-bd0b-4d83-a95e-fea93f17b7b7
5775,16de7940-6e40-404d-866a-d65b8325f737
5776,d728fa28-8002-4ac7-b57e-7ac0e7c9463d
5777,1465a08d-c991-4ed7-a65d-3c66bcb74011
5778,02554ba1-b682-4df4-8a00-9b410388cf2c
5779,124cf5c5-a850-4105-862a-dda4fb96ea6a
5780,bde1c249-a760-463d-bb80-828719eebd40
5781,04ddb76c-4989-467b-9307-024d3e165764
5782,5c2c0f25-ef22-4fa6-83f1-64c680f0fdcb
5783,1e98144a-9bbc-4662-be43-3ba855671c9e
5784,67fb0a40-7ae5-41a3-9e17-0a5dae085751
5785,172df355-26e6-4a52-85f9-ad6797bf81a8
5786,4380a36b-1307-49c0-8af5-893e6334c096
5787,f172b3c9-af11-4a3d-b1e8-ee2b72f451f7
5788,e67c6a3c-7a4f-4642-b66a-d906ebcd5dce
5789,6f8d83d4-8dac-489b-850c-4a2b32ae5f68
5790,5e3a4453-b109-4d13-ac21-3c0dab342b88
5791,4336b515-dace-476d-a1a8-33c4ba93a014
5792,275d1bfa-be87-491e-b3c5-bc863da0811b
5793,14a3e8fb-94b5-4b24-9ef9-b2a6c996caed
5794,f1acd9a5-954e-4f7a-b13d-f978adbd4c05
5795,dad62059-ccea-4e10-abf7-acddea9e668e
5796,f421ac02-7517-4d44-8ea8-7058d2f289a3
5797,0369de21-438b-4382-940a-1946731f5f02
5798,e2d11db8-22c5-4c5a-9a23-cc119093df91
5799,9dd95f02-b266-4c61-a9af-e76ff4dc6f06
5800,fba3ace2-e4e3-4fa2-b964-87e3b641b4cb
5801,ba468d5a-19bb-4f05-ab2d-9d7f3f561b20
5802,d29e52b9-8e6a-4d14-a134-b71d27dff7c8
5803,c15dd9c7-b448-46a6-8b3f-f1f580e0c034
5804,212050ae-6f00-4a83-a370-5bfcd1ff5bab
5805,d0b0905d-578d-4c01-82ab-b75d35b3e8b3
5806,80f5aad2-8476-4ea7-aa4f-f3e544c4eb39
5807,a1a086e5-6af6-4c65-8c95-7fdcdb99da72
5808,fab1fadf-44bb-49ae-90fa-cd29ff846bb1
5809,a8f9ad0b-6dea-4a1f-a6fb-d31cbae7e4d3
5810,05dcc0f2-1e3d-4317-911f-6f6686285c45
5811,44130d06-cd65-4eb1-8be9-34b58e88be02
5812,0a1b1acf-b3df-4bed-a8e2-8aad0750c52b
5813,faed9f6f-e62f-42cf-ad91-eecefbbcb6f9
5814,78edc70a-8d66-4a9d-9faa-c643d349376d
5815,3261b8a7-7d16-4b06-b79d-577d52adcd55
5816,7ed25baa-c7ce-49d8-bfbc-3ed87ff3a534
5817,ef055dfa-43ee-44aa-8cb4-bb6b287df4b3
5818,82da1b2a-5106-49f2-81b8-0902476bfa47
5819,a785ec7f-1640-49e1-a6c2-30ea6a4b80e6
5820,7dfc0ae2-ef2d-43d2-bc9c-f093eeb25673
5821,bc7d968f-51c5-4483-a3c7-310921eda8dd
5822,63674a35-dbd5-4efb-a43a-7befe8e463f8
5823,04b20f1c-a38d-4e6b-b030-0cd9ff2e6e6d
5824,550bb1b9-bce9-4414-ae8f-a78024ff7777
5825,d2c66792-51be-48a6-96d4-90854a4f2f86
5826,6c1bc436-54dc-4b05-a039-e94c7d44f24f
5827,0958c861-9eef-4334-a742-aced6d302d13
5828,2e7589b6-7161-4ace-9f8e-dc14096213da
5829,ac3ad1c5-da6e-4556-8f7a-bacf4dfe3fe7
5830,6b6d767e-ffc9-4ec2-bf87-0aef4fc33598
5831,3a665db3-10f1-4a18-9a9d-bde30285ee48
5832,71442f00-9b2b-4b7a-959f-17104d5e767c
5833,c6aaca6b-f252-4421-88d0-d1e6e11a76ce
5834,b763aed0-6041-4b00-8989-6e7d63ecb2da
5835,e43b6410-c050-4e9b-844d-f16b555b94d8
5836,b33127d5-6799-4a87-acb9-4b7abd86b683
5837,7dd84349-03cb-4c1c-a494-16a311936117
5838,ea1fcb87-5875-4e51-ad12-d88d7fb46516
5839,00487cc5-cf4d-40a8-bc5e-fb72dcf00924
5840,a26591ce-1253-4944-84cb-032257e4035c
5841,7b51e7dd-2ef2-47a6-9aa3-471666a883ee
5842,6da4a98e-cb7f-4ddc-ad02-eb61e4fb8b61
5843,4953d42d-afeb-4c42-8899-c1b1acad8053
5844,9d46606d-745b-452e-b531-06bb23193f3c
5845,4ec2e1cf-7c02-4fd5-a4bf-9b17caee2894
5846,f749248e-e0b7-4159-87d3-8ecd45edbfda
5847,e5aecf8a-edce-4976-825f-cad5cba44882
5848,108b53e3-9972-4d0a-84a7-6364ab74abfd
5849,70565f24-3f9c-4d28-8cb1-a765ff8433a5
5850,90f306f4-faab-4506-927b-e89a3ab4bcb8
5851,7b9e9f88-58b3-45b2-8a06-67d2f3362dbc
5852,348ce255-4a2a-4568-8da6-e139e904d427
5853,dce7e13a-45a6-4c87-8288-3b5fbd5bcdc3
5854,fda948b1-645d-45dd-baa2-a6587e7386e4
5855,d6d5b954-9d8a-4310-b3be-6fa57ed78d7f
5856,7150869a-f620-49f5-a65c-578bc13e2ed3
5857,02685da7-ba41-4911-b20f-7855543b2497
5858,6116ea69-88f2-4159-9b62-83a44022bcdb
5859,103dcaed-3b60-4afb-a951-55ab31b47f5c
5860,2a0874f4-0ee4-4da4-b559-be168e31fbde
5861,a51bff89-2e1d-46a3-8a43-de8b8bd60d34
5862,581f67ed-c231-45ed-aa3b-1b186c99aefb
5863,589c41e9-a713-42ad-9124-9830cac5d0a6
5864,90617773-e90a-4b83-99f8-eb34ec28f218
5865,0a4cd2ca-1629-48ea-844b-ac50ba4693a3
5866,25b1011c-1e5c-474e-b0fe-73bfbfbeb858
5867,4e474736-8bcd-4442-9f4e-bf7931c10ef8
5868,3a55e11a-92e3-4119-980d-3fc3c4314ef7
5869,7c6f927f-1609-471f-8e1c-de4207e9dfa9
5870,ea338d2f-760b-4a9d-85fc-fe226bd45b96
5871,7622526b-1c42-440c-9cda-84ddb48eddda
5872,4b068012-ff1e-40ab-b086-bef3452f0409
5873,c04c6ef0-b0eb-42ce-af8d-454c9ccd8368
5874,6e103219-2037-4762-8077-687f94c7f255
5875,daa3c981-b118-4fd8-91aa-504df0c63cdc
5876,b9f679dd-711d-4227-9ce8-beb3ca98c0d5
5877,3352fac5-c9ef-4c6c-ac7d-6596d5bbeb68
5878,d0245509-47c1-42b7-8fef-3ae0d732526f
5879,ad08dc85-e994-4465-82e8-fb2e253adac9
5880,a3938526-73bf-4427-bd76-ba89d270a72d
5881,33d281b3-d880-423d-8b8b-8e67e6602baf
5882,954bc058-97ed-4166-be94-57d0ef17aa80
5883,6decd8ec-d5fb-4c94-8bc0-b363988565bc
5884,61ec069e-0fab-404d-b5d8-3fa9897eddb1
5885,fad012ed-c1e1-4ae1-b548-8d8226721065
5886,31d30d62-e6bb-4e3e-9b55-3874ef5d71c6
5887,d448a3c5-0a9a-450b-b488-443f38ebbe2a
5888,eb8263a8-5333-4259-acb5-35e1c155dc93
5889,ba104ee5-19a1-4798-b9ea-49b00f7080c4
5890,b418e765-ea71-46f9-b2cb-94608bdb1fa1
5891,580e86e5-198e-4d7e-b36e-d10ceaec243f
5892,50d52605-2556-4b3a-addd-fa8d5875e690
5893,bbcd012c-f367-49c8-bb43-f6efc93dc15e
5894,9510d22b-1982-4868-97c9-3146878dfc97
5895,22a5230e-e50c-4926-8833-258f033cf736
5896,dbecfa58-00c9-4a7a-8e09-cbeed0454620
5897,cd318b54-85f9-464c-8e4f-5141815d1acd
5898,55a48969-114e-440b-b333-2ebdad06da5e
5899,446ac5a2-4a20-4447-aee9-567963cac645
5900,ac633133-ab2e-42fd-8dda-4ac0867e5d08
5901,cb4d4ca9-bddc-471d-98c7-498478d3ab9e
5902,29aaabc3-9e78-4b98-aa5d-c50ce8d96588
5903,455370e9-475a-4a61-a2d4-4439b1c5a54a
5904,0bad155e-6f92-4c22-bcd0-7f507701423f
5905,01f4336e-f056-4e82-83d2-6f9dc9febec3
5906,34a72660-4b0d-4919-abfb-d00c79204679
5907,6d614cdd-ca31-4108-b8a2-041a6da57311
5908,ba183357-c039-44bf-8912-66a429d7de12
5909,030b2a74-d28e-4eaa-8ee1-479e6d427017
5910,ed7e98ba-0b1a-4982-844d-64edf173bc76
5911,31c68669-1867-46f5-ac41-4e8f8a073d7e
5912,7e8b3aff-cc30-4e80-a0b8-33efac97efde
5913,4ea8160c-5455-4343-8efd-84f638050947
5914,75689b50-fba9-414c-8a23-8d00221ab4aa
5915,134bd369-0955-46f5-9476-e2234cea1cd1
5916,14b7daf4-3a04-41a1-a2c3-4d7ca0aa605d
5917,4e1de295-f56c-4d8d-91cf-bdb6b6af04bf
5918,b55f02d9-cf25-4c2a-9795-737cde9538a5
5919,f947c91f-698d-4eae-af9e-61c856550012
5920,21098930-ac37-4eb9-bcab-4973d386b5d8
5921,25596794-9fb7-4501-8957-aa57a378cbbe
5922,88949a1d-71d3-494e-8f1d-9b9c0a2ca2fd
5923,87211f2e-2203-4f6c-9ab8-be33000c52a3
5924,41a97f7b-e3b0-416b-9873-2347f0bc2b89
5925,27c03198-ac5b-4cb1-a6ce-9cd22bea2b74
5926,44c67c9f-0fdd-4a95-bfe8-35c1fb1b095c
5927,8fffd540-8b37-4963-aec6-cc9614733c8e
5928,38f8f3ad-1ecd-42aa-aa1d-8bd47871277c
5929,265d7100-1fab-441d-8385-dbcfbd580a2e
5930,f808c213-b4cc-467a-a530-9f6e047f01cb
5931,7ee320a2-ed56-41b6-863b-f5d4a59055a4
5932,db61c74c-a99f-4d9d-b3d3-00608c16b62e
5933,370e0edf-6327-46e2-8724-6b138e6a557b
5934,ba74b9fa-6432-4e31-b5f7-5ad6b8aba25c
5935,a2736ff1-bcb5-4a8e-a09b-378f55a99c69
5936,27615315-1dd2-4405-bc17-30b7ef77f1e3
5937,a127a0d4-6e60-47fd-91d1-d4133fe5b2ed
5938,34e57a27-f10c-4c36-8088-3d6d18c537cd
5939,c064543f-8bea-413e-9056-aa10c7932ae6
5940,b3318fa3-cb3a-48ae-906c-87aadd3c0dfc
5941,ce1888f8-368a-4fb5-8580-361f079d38f2
5942,5e043af4-3cfa-431b-9588-6a4e25726982
5943,bd70ddcf-34b8-47b8-a28d-033f5c84ec85
5944,260d6272-4185-4b30-a89f-db6b29b68068
5945,cad75537-88ec-4ae4-b0fd-3403527695bc
5946,36361c71-8eb5-4249-ab9d-7c290446ec3a
5947,119b8815-a022-4f3d-824c-9f540df24eb5
5948,7658d872-b944-4eaf-8ceb-b10437d943bd
5949,66ed26c5-0137-4bca-a2d7-e3dad39f9c30
5950,8ee1c2a1-05ca-4cb9-9b55-b9f71a037f3f
5951,0bfca56e-1bb6-4d8a-ae83-7e6ba03af958
5952,e0e29429-3608-42f5-9899-462c56163c32
5953,def142ec-abab-4be2-bf47-ff58d26dfd6d
5954,6ab3a263-9a4e-453c-87b7-68bfdd9023c0
5955,c2cc4688-684d-4875-9a4c-62552d7f4008
5956,247f4bc8-90e4-4d1d-876b-d9289cfd63ee
5957,df6a274c-b00a-47db-81bd-034b9c94729a
5958,dd37c41c-b225-4a80-b1c1-0c084c202ff9
5959,d9a2c934-816a-4046-ada8-3bcd2f49b054
5960,098d55cf-39a3-4407-a703-85978d375561
5961,99b4e44e-ed5a-4d8e-81ad-a323ea4c98df
5962,21814eac-7d68-49ce-a2f3-166145649819
5963,03c72654-b71e-4feb-a29f-e29100296d39
5964,b64f9b2e-05b9-4e50-92dd-8d7e83eeb989
5965,863bbb47-ac90-4545-b6b7-e0ae2a68cb54
5966,a67eea83-733e-4a87-942f-5bc9971f899b
5967,f2135e24-1e31-49f1-bf9f-bfad7bf74841
5968,d4eb2a73-c6de-4601-8132-64bfec02b664
5969,c4ebaef4-7408-4c8f-bc28-b610f28fbb2f
5970,ba02a2fb-b187-4313-8734-f63c9c061dc5
5971,d022813e-7ed5-48cb-b6c2-b029fecff605
5972,5b0b0c33-78f6-4044-96fa-54bee724e089
5973,b1895380-33e0-429c-942f-16f1315e2ebb
5974,ab003f7e-26ec-479c-bcd2-9552a57f037f
5975,9f254b6d-95f3-4801-b61d-bafe024c7fc4
5976,962a0392-76b7-40a0-921e-7e3e3b7fb62b
5977,1bc4fc1c-f41a-4e90-b39b-f916295d878c
5978,7cecc27a-c516-4773-9082-f6fa4b723410
5979,1be97cab-1dcc-4234-ab10-7ccc59e979a9
5980,e9336471-ba7c-4b1c-a1ff-10a16c49e877
5981,2158b460-e371-42fd-bf6e-fff49db1ce90
5982,fbdd0332-9c25-4b8e-b8f8-2c01e3bb2d77
5983,e739535e-4373-4b02-8a50-eeb708dce32d
5984,b5853168-169f-44d1-a381-92b32225c9b8
5985,61442a8e-4190-4abc-9df4-9ffbb3ae6996
5986,f1166d6b-01f4-4939-bde5-2409c519fd3e
5987,ee9bf8af-84fd-4e14-92c7-2d6ad597414a
5988,3d2c7137-1502-4cd3-a2a9-436edf148552
5989,0f623366-e3b2-4a00-aab1-eb51ceb4317a
5990,5c8b0d92-ba06-499a-9ee1-1b7df3fd43c4
5991,777d8e05-c0c8-409d-9fb8-a08d14990d0e
5992,90f7944f-0a85-43be-b29f-c4d3839d2455
5993,08726849-6192-4701-a30c-da11ceb9d3cc
5994,4fe6bd6b-90f0-44d7-b8ea-ccaea454599c
5995,380d557f-d0c8-423b-be90-2f3a3287c5ec
5996,f3352ca1-70da-408b-abda-1596b259ca7b
5997,3e9cd4b0-dbc4-4ba2-8d17-fd389cd4421d
5998,b18ccd0c-7589-46b5-9eab-c4c96218250a
5999,ad5b0ae1-e47c-4b32-9428-67e55d9d0a19
6000,3f40509c-a6bc-4edc-adb3-9cae2177af56
6001,fd4a22a0-b133-41a6-8bb2-5515aebef1c0
6002,608d7026-83a1-4d6d-9340-f64979d6864a
6003,e2ab1b71-598b-4784-8614-7b4a83f9acd5
6004,9d96b8f0-e850-4649-b1ec-f4f4516bf2e2
6005,fd6d1dd9-47c1-4312-9004-4dae33d3c131
6006,6e902199-9df1-431a-8bf9-99539935421e
6007,c82bf5fa-14cf-4800-ad4f-f2abc707df09
6008,21676a68-7900-4eb6-acaa-3710f062d7d2
6009,9377d53e-08c3-4d06-a2cc-25e20909315f
6010,71bc5fee-6513-4f91-93e4-a3be923cea2e
6011,64ceb536-b49b-4200-b726-73d8053c10df
6012,625e5a1f-9cc2-48e9-8c9e-0e8bda356945
6013,b8b3fb1e-4dfb-4424-bed3-00aa26ab76d2
6014,d2119233-f698-4820-b6d7-f5b7398bf4ca
6015,a6b936a0-cc56-443d-9660-e3e6b49097eb
6016,406417d1-2bfa-4ad9-b800-d8771442e4d1
6017,666ba1c6-f552-454a-9fca-3951bab8280f
6018,25dd3985-325a-4d71-8214-5defc971bc19
6019,ae74cc24-4862-4935-8371-124d81a87d3d
6020,30e9af12-44df-44fe-9d64-3f2153fd2745
6021,f1a4f9ad-a8b9-4bce-96f4-11d4737f0a54
6022,960baddf-1506-40b1-8783-466a15106bae
6023,cd74641a-d245-4bc7-85e7-71fe4e6f0bed
6024,41b817a0-c7e9-4349-81bd-185666d36b29
6025,96e03044-7171-43d7-8dce-81335df0579c
6026,e8d31322-22b8-4a01-9163-fe384ecaba1f
6027,207f72d2-afaa-4452-8454-df73f4ffbde3
6028,d46c1f14-8cdd-4167-9156-fa8a300eda66
6029,73cfed69-7cb3-4286-981e-b1bda712e6a5
6030,5bd761fd-da34-4be1-8c5e-1d8166e467a3
6031,f1f2afad-e48b-4954-b35b-90e664c95bdc
6032,f2f40e10-c82e-4b3d-9441-d3c4f75078d3
6033,fbbf96ec-1a3a-47d7-8611-3483d24e6e13
6034,84f60be2-4063-429f-a59d-2d98a5e0ddd8
6035,889f8d50-f281-44f2-ba22-f598b54f152f
6036,df271415-2f9f-446c-9722-3eefcc504536
6037,79bfcf55-ba02-46ca-b212-abf6239982d2
6038,79ce0670-cba0-4c28-8da0-162dff7dae23
6039,b255906d-443d-4fd9-9edf-b5d23faf1260
6040,e207ff79-ef12-4974-9121-e612652cd51e
6041,442273f2-e864-47af-ab81-4c6f0de1bf8a
6042,d1d46217-f3db-407a-8b39-ef1dd876015c
6043,0e6a6dd3-f795-41b7-b9a6-8eaec5086910
6044,81fd4804-3234-404a-9a05-b3bdf4a9de5b
6045,8543b038-0e20-44c9-b65e-9292243a1ea0
6046,23cb1f61-409c-46e8-8782-bb3e7457ff2e
6047,952b1692-bc0e-4772-a0eb-804b9b48b827
6048,28de0bcb-6c1f-4b3a-bb9b-61de7fe1ed0e
6049,c50ae4cc-4c4c-4f2b-9f42-00de22816499
6050,186cfdad-97ec-4138-94fa-5c31ed4b508b
6051,1aa05bf4-1193-451c-9ef9-77d4b4339e72
6052,2018312c-804d-4d2b-8b91-390c655f0630
6053,04543fcf-6436-4a2f-8eb7-ead8ef50af24
6054,403a42d9-bdd6-417e-9957-d94373941423
6055,7a90b903-8dd4-4a7d-b027-b922f4b3cc55
6056,b302f9be-5c46-4b77-bec3-9d525b8ccff1
6057,95180437-2cf4-4548-94cc-ead33a7bcc3a
6058,83ca5fd5-04ee-4273-b7f0-3110ace4ca1c
6059,c0efee87-a8f7-485f-ad88-d4d2e9780087
6060,e556ce9d-2736-4658-8daa-0586d3721dbd
6061,d372327b-e4f1-4673-a377-ae95ad222313
6062,0a887de2-84ed-4495-8fc7-2e0baa0ef25b
6063,c012cad2-3e7e-493f-bd3f-b6b33efa4376
6064,3c74c414-7a80-41c2-a823-dbb7d435aeff
6065,5ce04559-e882-4504-be5d-0ae9697b3c0d
6066,2c1c8bbe-cf74-416e-80bf-18266e9a86e5
6067,d2b5b291-48a9-4cce-a51d-59b2ce341c4e
6068,cfa7b399-c5e3-4cba-a05f-bb487cb9ea55
6069,00d44fc9-b475-4e9d-911e-80e387c89af4
6070,982208c0-8d51-44d1-9b61-5323af9a3458
6071,fe4bab49-77bc-49e8-b1be-99913641371a
6072,3ea7326f-3bab-4b15-bad3-3932afc47773
6073,3259b331-1bbb-4dde-b692-72f0025ba7b1
6074,ab41a847-3285-4e91-8635-88ad5239ff8a
6075,cc43c96c-0b30-4b3a-a503-451b66300d54
6076,47ddbcce-16d7-4bf4-b9b3-800a00746795
6077,e1b5e703-14a5-43f0-b62e-1d0e6b16588b
6078,e02f4aa7-289e-480e-adc3-106a0bcd4f68
6079,5e6dba51-5b9e-4f2f-bcc8-5662dbab8141
6080,ac7c20d6-cdc8-4d05-88a2-1c31bf5f36e2
6081,cc0bdf83-fcd3-4d52-9cb7-eff43883dd24
6082,87d74bfa-395e-4911-86dd-ee9263b5b1d3
6083,9290f483-4e93-426b-87ff-371d5a45291d
6084,0e369105-5d87-4562-bca0-42147dde95a7
6085,01f5dfc1-f089-4964-a259-8b99ebe5f5f6
6086,40db51a9-feaf-4578-bb14-e67653792c0f
6087,66c22106-f27e-4ca1-87ca-82d854454c66
6088,6efac7cd-5649-40ac-9fb4-b42ce8c83417
6089,09694b6e-16e0-4cad-b35a-539490ab0bdc
6090,79519459-a4f0-4f6a-850a-f2b38d374d8a
6091,a4fe01b2-de5f-4273-af42-52c6da1b8fdf
6092,3af1ff4e-c2a6-4277-a41b-8b77c8a2b2d6
6093,6138c4e1-0f05-42b5-b384-9b8693a09966
6094,b1343a4f-62f8-4016-951c-2eb1b70dc7d3
6095,6f4b59d0-2a47-447b-a6c5-2fbf4e8cab6b
6096,d8a944f0-4b1d-45c5-bb85-22285cd1bebf
6097,27caa912-ba57-4224-a603-0d16b6b50900
6098,1c8f4997-9341-45f3-99de-459f49036ce5
6099,f28ad772-0714-4a1d-ae36-fd83b0f1e61a
6100,32f3c7aa-af5f-45e5-ae09-b4f9d93a68e6
6101,73f8af62-4a49-4da4-aaf3-4ffe61be1714
6102,7b8738ea-202b-4dde-a46c-91acbb070da5
6103,0b576006-19ae-450a-954b-a740a5755e73
6104,423cfc03-29ad-46b1-abb0-60b06d378bcb
6105,9b1e0f0e-255f-4845-b3d3-7f76bf6af826
6106,4531cc7d-445f-4f67-97c6-c99c7ad6d5ae
6107,02bc38ac-c91a-45b0-94f4-49b42707d66e
6108,d410ae48-38ac-4b4c-b07c-2f7ed43b7d94
6109,6f2986bd-086c-482b-b9fc-a79e5a2b8d13
6110,e1b5b9f2-b67c-440e-a44a-26dc00f6dad1
6111,ddc985a5-a50f-4f53-b34a-0d91edcb1126
6112,8e592585-6bce-47cd-9d2d-182ededdbb3c
6113,089134e9-82b6-469c-8d6e-dc1050b6b319
6114,4cd412dc-d30a-4470-beb8-7c2940b7acd8
6115,602a8fec-088c-4f57-be16-ddcd2534aed9
6116,624a5ee0-2cb3-4df5-966c-55a5885b8770
6117,022a812c-3b75-402a-b5ed-d66fe30a792b
6118,612d6d28-1c8c-4419-b808-4008a5f6edb6
6119,9743a95c-54f8-4746-be20-4ac62eb85bf9
6120,c5f09bc6-94df-45f6-aced-ab2db0c82400
6121,712fbc38-85d6-49cc-9f59-abfc726692d5
6122,6b86aa52-f934-42d9-ad82-2f92fecf0227
6123,4f82025a-b931-47f1-abea-f12823d5b68d
6124,1564e1c0-7f40-4d4d-b6ca-bca8cd8fafd6
6125,98c45123-fdd0-4f88-bd58-1d50e7891259
6126,c6788176-492a-4ddf-a429-e1ed6604bba4
6127,3744a75c-6407-4dfd-af2c-60385535b284
6128,739ce537-401d-43a1-9d68-dcde7357bd3d
6129,8b57cbb0-1e05-4462-b469-809a371de389
6130,cddb6feb-1d0e-487f-b16d-032ebd63d1c9
6131,e60978f9-0474-4e70-a6a7-c760888afefe
6132,759a2e66-1730-4522-b9b1-5331ea6fa7ba
6133,1ff3d85c-b475-405e-90c5-dd417da273ea
6134,a6195742-ccd5-451c-ab47-0645278e9357
6135,949a8f38-4401-4d05-84eb-47a8b00b3318
6136,33cb053f-155e-41e0-93ff-5579baaf227c
6137,ff7e8548-6efa-4cfa-b645-fff2cfd6e4e7
6138,8f93942d-4b45-42fe-a358-992a1fb310d4
6139,a6fb265c-ed46-44cf-9706-93c5ed0791cf
6140,49269b4f-4489-4272-bf65-4b1de904e8da
6141,69ac87a6-aef4-48d4-b353-92568f9b3385
6142,e9b8cc22-d6be-4371-afa9-87582ae4df53
6143,36ffce20-136c-4d72-b866-828ca834623c
6144,31151107-6b8f-474b-8f2e-319c6309a293
6145,78d4bdab-859d-4659-93e3-e07d32daacdd
6146,307feb47-67ad-478a-a6e6-4cfd07400016
6147,f979972a-f238-448c-8e38-9d4c2a52a0a2
6148,41e799a5-5340-4e42-8819-c8df26317753
6149,10084c31-7e6d-4bd8-bd3c-84e10462f85a
6150,8a16c3f9-0c48-40d9-9cc4-da6ad8167e49
6151,35f1344d-37a3-4a7e-8019-b496150c1af7
6152,7a39bdae-8753-48db-bfbf-01f1d2ad3019
6153,3a64e11e-cb63-4a1c-92b4-5f3f4000a51f
6154,659773fa-d508-4cfc-bd1e-98a732991d6e
6155,939c1936-d98c-4df5-be73-7fedfd1414ab
6156,ad9e5a42-0a2d-4cff-9a66-0640f50746a8
6157,ec5705ff-8b2c-4ede-9606-9d8195be9646
6158,55dd15c9-fb39-4ce2-9cf2-04227213faed
6159,d93df738-496b-403c-a7bc-0951f4cd76d2
6160,22d201f5-2abe-497a-a0c5-f68c2dcb4a17
6161,99cef109-e1d5-49c9-8656-350737b5070e
6162,8be4d276-5a0e-4474-9e27-d563f78ccfa0
6163,fe18b260-fc6d-47b7-bffe-6f758caf1356
6164,7764c7e6-8b0f-4f21-ad9a-17524bfcf484
6165,3e7cf181-c31a-4ee3-b90b-64a3a8e9dd5e
6166,d5d920e7-1e1b-4636-b9df-1b473f095b79
6167,5b156003-4797-41d2-a805-7b8ec66ead9c
6168,8c3659a0-8120-4853-a7ee-34ed682a0ce4
6169,9c853fac-6ca5-4982-802c-59d157ba4ecc
6170,986b6706-a833-46ab-ab41-96d679480038
6171,2fefbee6-391b-4442-8f86-65aaeffa088b
6172,964a928d-439f-4eaa-bd7b-f53500a08867
6173,708c49f8-fe72-4bb2-8ce8-3e780f6e4b81
6174,ca255ecb-fa13-463f-82dd-aaeb8e9c5e25
6175,eb74431f-82cb-4887-9ae2-7494423ba094
6176,4d26f0b5-4e75-4b94-bf73-714a09855f15
6177,8e048e6d-6dd0-4967-9c4f-570a36c8c831
6178,3a4a4284-b5ca-4b33-8ecf-17048c47b2e3
6179,73ed1c05-951b-42d3-ac0d-cf3ccfc6e19d
6180,dd8ad75d-45c7-4c1b-825d-f9b50cf10f56
6181,2af21e3b-fdf1-471d-9810-632c2a12e3d8
6182,46bcbf31-9584-47cf-a68e-28efee57e6b3
6183,c3af9db0-12a0-4a77-832e-a8052bc31c99
6184,2245a273-4ea7-43ea-9872-87620845a561
6185,19f72ef2-b24e-4a6e-b0fc-a543ee686851
6186,340ad41b-07a6-4125-9923-cd6458902340
6187,dfbc146b-1949-4ea5-b620-2ca89eb244bd
6188,ed748b10-8395-41fc-a2fa-edc8452d72b5
6189,54f07f43-08e0-4ce0-8916-dd65d7fd659f
6190,7ba74d28-9256-4bd4-b4e5-f8daa51c957f
6191,a2cd2c58-bb78-4273-af01-2452e6bd30a6
6192,870df2e9-0f34-46b1-9aae-61e7ff38cb61
6193,6744f7c8-0486-4579-b763-3595c535f9c9
6194,bc48076b-d56b-4f37-a7b8-2aed71b15cf7
6195,3f098c9e-7b9b-4f2b-9716-2447407bf4da
6196,282283fe-9f92-49b1-a5e7-cfd608b160a5
6197,8cb3b551-734c-4b93-a385-1b922f1bacb8
6198,506dcad5-703e-4000-9ec2-abfe183de6d3
6199,93799557-5ac0-4924-ae3b-f5053ae44915
6200,5fab74f9-d6ed-4e61-9ef7-9520dc71c21c
6201,0fba1809-2206-4de7-9e71-9cd751dda6bd
6202,89a84ad3-6c3e-42e3-82e5-e0f855dbaa27
6203,f94634c5-318d-4f2a-a4ae-c5eb2e07cb7c
6204,3e82f02b-5da4-47d2-a533-3ea7c8166ba2
6205,c7d2d811-6c61-40bb-8b56-f6988cbe8100
6206,be6485ed-43b3-4dc2-b6d5-6679df99f3a7
6207,75f573c1-4a1b-44c2-83c7-c5780d33da25
6208,5a5be079-b04a-4cac-8f3e-a61df69246a0
6209,527d034c-87fb-469d-813a-384f064c6af1
6210,522fb28d-ef49-474f-9b88-4b292d857476
6211,4d0460a0-76bd-42a5-84df-40d0279a29df
6212,1e70b09f-ae93-4081-90b6-06021b21513c
6213,2b2ae737-2266-4d6c-9953-b688f53b7bbf
6214,e0ec422d-5619-435f-9f6a-8eb1a454c372
6215,d88cd063-a13f-49d0-adcd-cffe54499155
6216,1df1e6bf-dc5f-444a-8039-52170f939ce4
6217,9b5c073e-7681-4c83-83ba-379bdc1b7f19
6218,1302be41-177e-4e59-a2dd-3d6ea6d31dce
6219,d3007c93-0aac-40b7-896a-68d298d994f9
6220,c647f5b2-c776-4c5d-9b4d-24819b287227
6221,a6e3d507-bcd5-45fc-8781-330168f04f54
6222,5cb3f5db-0c61-4f4b-996e-900979692c59
6223,494b3c13-70e8-4f08-9203-2cbc0eb4b6e6
6224,e619547f-6da7-49f5-a480-3a8a484a1986
6225,8945a0de-548d-42d9-a714-dd5ed175e99b
6226,2ad19bba-ab9a-4593-8b88-cd61747e22c1
6227,4034d85c-eaff-41c5-8e62-edbac6a299cd
6228,b4c70388-62cb-4783-af48-544cc849f8c5
6229,08b5cf69-7437-4cbd-a10b-a006152910f5
6230,6a949d20-c5e3-46e5-be56-2895bf6999a9
6231,cb270519-8dcb-4a0a-9217-152b85d21747
6232,ac0be554-4e36-439b-8457-9c398ffbc85a
6233,e4e365fc-4cbf-4d7b-9b86-d44a00b2f2aa
6234,73266b6a-4e23-4285-8e43-fbb64aa52b6a
6235,eb9ad639-810f-4ee8-a5fa-7d7ff1a320ea
6236,8b636e32-60c5-4e7c-98eb-42c95bc8370d
6237,d390e212-2c59-4479-a4f9-68b738182565
6238,993ead44-c9f3-4eee-ba55-6ec2ddec67d0
6239,8508029c-ded1-49db-9cbc-b33d2e982871
6240,38a2397a-8eca-41d6-8114-d12ff876988b
6241,e250ba33-167a-477a-9df3-a886b034d449
6242,c43b8e9c-2b8c-4db4-bc97-a99b8c107e6d
6243,fbce8e8a-8907-4240-a62e-7ebc0c172e19
6244,478ff7ab-5d6f-48a2-beee-69db26f4a792
6245,c409663f-c71a-4556-87b3-cd99a6988839
6246,405ac2a6-7a27-4c2c-ab3f-4c6a5218abe8
6247,fc7a3474-abc7-4aed-8131-08159167cf21
6248,6536157e-3d69-414e-8ff3-eebb6893cc4c
6249,f929ad9c-0812-4013-a405-7e0df27a6dbd
6250,210af7ba-2431-487f-bc0f-2f51dc39af59
6251,a7e23868-0440-40ae-8607-f05cdb0a7cfd
6252,297c2f02-bf94-4484-bd18-db397b63402b
6253,06cd1a06-33ca-47f1-91c3-5dba07724776
6254,dc0b83dd-1cae-498a-8f85-46fe4bc6e897
6255,0220f272-a2c7-4d32-90b9-cadddc3eeaba
6256,545b1603-d632-40af-9b05-a907ed927c4f
6257,577ac604-9b9d-4339-a7ec-38fb6f002e98
6258,41b47839-f555-416b-bcc2-32d86ac33cc1
6259,cba2a4a0-c20d-4e0f-9ba2-18ef32cd6f6b
6260,c35d8f11-a222-490f-988d-bed59e91fae2
6261,bfca9295-270d-4a4b-9826-8ecd99c4884f
6262,02759895-caae-437a-94c9-573c168e0b77
6263,6c91b420-f20c-4a60-b3e9-12dc0a641de6
6264,5473bdea-1b76-4f6e-b5ee-edc4ab74774d
6265,a581947e-660d-4815-a0e1-c85ab304554b
6266,27e67eaa-e279-4aea-ade6-0029fec208c3
6267,65b804b6-d877-4c53-a48b-3cc8e16a95c8
6268,3fe5b9c5-0fa2-4b2b-b6d0-a479aed981d0
6269,cf6a2e6b-9981-43ac-ad6d-a534ec8fd807
6270,5b1d8ed7-4355-40de-a37b-aa3bc3a81075
6271,c5512a55-42e5-41c3-b483-4bfd60e3c4ef
6272,2d738da5-f549-43b0-b564-7124a38fdb49
6273,595bd833-b1fd-4874-aa20-198bfd4c9864
6274,df14ffeb-3ded-484e-9220-faacd759d73e
6275,49b667d9-c1bd-4b4e-ac11-c2d0e2e1c559
6276,8e50a140-23e2-442d-a56e-8cf018a95ed6
6277,5e361bc7-af53-4100-a136-0ac39ebd20a1
6278,f5260632-2279-4007-a75d-ab7bdabb9b00
6279,57ef9888-cc57-44e5-8ad1-cd1029894468
6280,3587b18c-172e-4d11-a6f4-7c79ad792d80
6281,00c07b47-e6f5-42a2-86e1-cf669c3a1ad1
6282,516dc89d-6e2e-458d-875f-39e5074bd51e
6283,52398591-3b63-42d9-82ca-3b4fa9da5b70
6284,016e4df9-d70a-4c77-9b11-ca819e95d583
6285,9ca1ba69-81a0-4879-a963-3e9b7de1a9c4
6286,a080ca70-f520-4bbc-bcff-52915e566f30
6287,b69bdbca-d4da-4dfc-985d-d15055cc6514
6288,4e6cfc6b-cb6d-4cb2-94a7-9be1be7a4ad3
6289,a104ba98-cab2-44b0-bb47-0291af87a1bf
6290,a0bc2a76-c806-477d-9ecb-51c36ea37df4
6291,6c9d185a-cab5-46c0-931c-19f369151d17
6292,5dadf5c1-e05b-467f-a8f7-854a0d12fbfb
6293,b6cdc8fe-2693-4119-af3d-702ead975328
6294,1464ccca-788d-4f93-a838-5729d15aace9
6295,2eac5d3b-f386-426f-bac6-2eb37b5c2813
6296,57111eed-297a-4371-ac18-ca04952e5d7c
6297,6d266489-c910-480f-a37b-56303a2c7d8e
6298,ef7d723b-d907-4cda-9355-12023dd8ea60
6299,337b0edf-12c3-4738-afbe-9ee648efb29a
6300,df74cc10-f4b7-49e0-8e02-900b8dbc418d
6301,fda28f37-8823-4a69-a1fe-25db13b6e1b3
6302,06d238f1-2cad-46c7-8c33-bdedb36079f7
6303,6f72a49c-804b-4477-8616-ddd3ab36414b
6304,25482127-8b13-41c3-9c3f-a510f66e3dc1
6305,fde610e3-2df5-4642-87c0-2eba7cb5b635
6306,b2273eff-a6cd-4149-8885-54f6e434390a
6307,17cb6456-e2df-45a4-b7e8-5097bd4b116b
6308,a80464bd-439f-4960-8a5d-d181fef40863
6309,8795bc53-a603-4881-9a3a-f3b490731a8a
6310,ad31e223-f86f-4293-b6b6-778b5ae3604a
6311,8a1109ad-5b00-4789-bb40-8fb318d8e393
6312,51596892-3b7d-4003-b276-1ba6cea7dc66
6313,f96e9bf7-e5b6-44d4-8a5b-d29c4aaf6a8c
6314,cf27f3c1-5d3a-4fc2-95b9-ee9707996f47
6315,c9cd7f02-3553-4032-9b3b-4976a11e494f
6316,66efbba0-0900-47c6-aa54-50c451aeeb2b
6317,c84bc0c5-923e-4764-8c21-2f8474cf0066
6318,e8404b7c-5ecd-4818-8ea5-b72f918ea690
6319,79648766-4d3e-46b6-9c11-f4f235a0762e
6320,ba7ee4c9-1469-47a4-bc28-b06b220efb56
6321,62e6081c-5fd9-456e-8ca8-e4f56f6b85c2
6322,91eb12e6-3655-407f-9b59-91da38f0a119
6323,3491ee79-687f-4ac0-8e2f-5c7cbd031859
6324,0fe13461-9ed6-4466-81ab-c856829069b8
6325,ba815d1e-2c3e-42cb-9388-84b33926e61b
6326,1d4dce97-2486-4c5c-8c5d-ed0b846e2be7
6327,dd40fe2a-9849-45a0-8ab8-e5450595c939
6328,8bfe4ee3-3a21-49ff-837b-f28159382026
6329,3add910f-e6b2-4565-acea-889d3e2ab91f
6330,a7111ec5-4959-4dcc-8fdc-02adb47e1d41
6331,d127badc-fb5d-4b8b-adc1-48f8c05d2d05
6332,8eed2e1a-aec0-4b74-b30e-35fd45202053
6333,8329f643-3593-4cc9-aec1-e07f305db16e
6334,045213cb-2d71-4c42-9b60-55d26ee897da
6335,8d66b1d7-a94a-44cd-b327-4e1d35db8894
6336,35393985-5db5-40bd-9e8c-9e1ede9c8747
6337,4ceec34d-3b1f-4fd0-a5bd-e9f8b61a2e5f
6338,b1a58678-453b-4cf6-9455-67a475285980
6339,bd8d3e28-6de3-4822-8a73-e8403c91253b
6340,76d4ea4e-5239-42a2-a29f-d2f4596f9595
6341,b68063b5-c945-4aa8-9f19-005e7df9f7b5
6342,3ee39012-223e-427e-ba91-4e0c9e682c47
6343,e63c59eb-1986-45e4-be67-43c6d224e155
6344,e8e2e57c-0e02-42bf-85b3-9e7853a28e2b
6345,97ec7c36-e77c-43ac-9899-4e3fa8051ed2
6346,19aaf0ad-40fb-4d5e-8278-286a0822e19b
6347,76f0335d-78bb-4749-9a02-bab544db2f93
6348,ac0db6f5-46e0-45e5-a20e-431509b290f2
6349,85fb42f7-bdc6-4179-abd3-0935459da7e9
6350,23be7ac5-c82f-41e2-a737-ad1e0e3d9403
6351,d24690c7-e4f6-4171-ad69-e0393145ccb6
6352,c87dd59a-95ac-41f2-9c31-37e59e1dc4b0
6353,72ddb91f-0c03-4262-a168-9bf3bf27c1b4
6354,465afb4d-4843-40d3-a8a5-071758768d34
6355,4ac2af92-2bb4-4ced-88a4-349a81b520a7
6356,e4dd2cfe-d08d-45d0-964d-73a40b722642
6357,2e654dfa-91ed-4099-9682-4113ef4cc000
6358,99ea9f13-8a9c-414c-acad-f3f33cf2f62f
6359,a41b6d0f-769b-42b3-a489-c34dddefc0ff
6360,14a60399-eb9e-43c2-ba22-aab9a3f3e31e
6361,31db9448-0f34-443a-a9d2-8255466db547
6362,5768fe81-5212-4474-8c25-4afb3570c818
6363,dd4c1b3f-9544-4612-ac35-fe2314a51a0c
6364,df3adb2b-d803-424d-b9a8-b6dcc8dfbc5a
6365,10304875-22bc-4a52-9aaf-c99eb9f1eb98
6366,e595f6e8-9d23-4e2c-9ef0-7a448a5c78ea
6367,86dca19e-1d9f-40e8-a457-d3baabbe76be
6368,bf792b7e-bb2b-490c-bb88-59caf9cbe29e
6369,af590127-48a6-4f14-b014-104ef4f102ff
6370,11021a9d-35a5-4464-9e88-07f2600f6f87
6371,bd7b617d-9946-4a20-b6fb-7d860eaf790b
6372,3a8c1ca9-c710-495a-9382-31dde05b9737
6373,80f9e60d-b966-4894-b696-58b0f85b1015
6374,36131192-f0f4-478f-bbaa-7f3f5c1469ff
6375,3708ab14-5d3d-4580-acf4-56d113793171
6376,a8d72fd9-08a3-41b4-a7bd-83d32dc618e8
6377,96677940-73ed-40cf-a2da-36651bb482bd
6378,9c211361-0e26-4ae6-ae81-a971ff554f87
6379,6aadfbac-a1f6-4631-9caf-ccee8c40b66d
6380,66e25eab-71c8-426e-9909-2d237fe7f871
6381,d3059ea7-c8c9-4da2-be82-b6646dfc2d23
6382,2949c38b-a5d6-4cd7-a94c-cb9377e8f7ad
6383,f51279db-b143-4e53-b88a-da7fd3cc70a0
6384,61d6d52c-624b-4f00-815a-427d3c6da101
6385,c081c7f1-570f-4ef1-b6e6-b4ba0c108521
6386,aabbab7d-0e4c-45ad-b12d-474f225b2174
6387,66bab73f-1404-4abe-8fe9-b1a306f94cfc
6388,2ddfaee1-834a-4de1-b6f3-bb65f9462125
6389,a56349f3-d3fd-4f5a-9e29-22eac6185d6a
6390,3617fe6e-1344-41e6-abae-83e4a8015bba
6391,4b9fdb4e-a424-4118-959e-4db032b18032
6392,9754505f-edc8-4055-855f-e1002d221cc7
6393,9ccc57c3-94db-48f9-a8c0-86e462a8933e
6394,55b1d265-8496-4f7a-900d-e19ff7c8b72f
6395,22a28a46-0c4e-47ce-a712-060d3c8c5c12
6396,12ffe073-6c51-43e0-8f7b-36739fdd7872
6397,fdc785de-e713-415b-9e1a-24cef4893f87
6398,ea012064-4ee5-44e8-b9c7-46e75cc37e5e
6399,0c01ef58-f7fe-4ae4-ad67-1835a97a0054
6400,b265f517-4c81-4061-9f8c-bbbc3d0ccd54
6401,195012a4-10b9-48b6-bf93-09117efd23e7
6402,5783c5ef-f5a2-4327-b4d0-ae8de5406826
6403,7c29c1fa-65ec-4948-a963-8dc8b47b9c81
6404,5d58766d-643b-49b0-847d-2f9dbe2629ec
6405,03d288b0-bc93-4ff1-a675-37d3aa6ba634
6406,40ccfdfc-5af0-43ef-8e28-f339d6183eba
6407,9c0ba8a2-1025-4f6d-a91f-002f054270d9
6408,12ec03b3-bbd9-4e6a-bc8b-0ca9a7f3e364
6409,2402a5b9-2333-4bc4-a511-cec7c305c0cc
6410,abb23a9b-5240-466c-8b4c-1bef1cd9f74d
6411,e7c2b7d9-5881-4609-b660-5e2145d9ed3d
6412,f6546cc2-bfa9-431b-918c-b8b4255ce6a5
6413,d90e11c9-d362-46c6-802c-af3fd8432ac8
6414,cc14124e-96b8-4a7c-b357-1ba9b3520fa6
6415,3148b71f-e269-4608-83f6-337bdff5d372
6416,c4dfb0e0-ec0b-4050-818b-0014044ba0f6
6417,6e7a941e-0a59-4297-abf9-c93469d159bf
6418,189fce7c-a6ec-4c70-a066-7c153f7cc70c
6419,632371c8-99b4-404c-a324-0ee6cf54f2e7
6420,ef461607-6b13-448b-bf54-2b5f0b7f03f9
6421,a0d7c927-d641-4b0b-830c-707e39f7a6c4
6422,cd68eedf-43d1-47ab-8b55-636f3ecb6b24
6423,7474d14c-f1a3-4cae-9b22-7b6f8b863232
6424,938decb0-7536-4dd7-9518-3b0368ffb581
6425,ab1fc661-5aa3-4399-b9db-77b141965756
6426,cd9aa394-318e-402d-9364-cc4c4dd7d843
6427,dfd51451-7672-4e04-9651-b02649739770
6428,88370f8c-fe78-47c7-84df-d198c53f9440
6429,15419adf-d7d7-40a4-8d43-958396a66dc8
6430,707d97b4-078b-4da2-8edb-936ab681f283
6431,043cd890-c439-418b-ace3-87c2346a588b
6432,9d6f7545-63fd-4874-b8da-c41360c4e0bc
6433,086631b9-b2e0-4cf6-ba45-beff7063515f
6434,09792a56-28e4-44ed-b65d-fb710b5fd3f9
6435,1cd7c6ef-0567-46e9-bd09-ba4692d00640
6436,05c96625-7051-4126-b989-45f0a42c56c0
6437,916e36e9-e8af-4eb5-9e95-976f8d7e0835
6438,66fae272-4135-444c-a5c6-c5359c88580c
6439,2c359066-034b-4981-9234-2881df08b62a
6440,9f7b0481-29a0-485a-8fbb-94a8d2f62a11
6441,bd122339-75d2-451f-ae5d-ec353065ca4f
6442,81ab64c8-40cf-477a-b037-c931d7b1dca2
6443,f93e573f-d285-4989-a5da-f7faa349c883
6444,4447268a-4362-436f-9885-70804a8176f1
6445,962edea0-43b6-44b5-82f2-80fdb51e8380
6446,f5b44cc2-f61f-4327-aa74-c71e6584f451
6447,229862ef-612b-4a36-ae21-22b62ca8fa38
6448,218b13c8-6f45-4d41-93d2-a6dceb43e0bb
6449,02e04eb1-22ec-4e20-b08f-1e25c3aeb29d
6450,13fe3a40-e238-40be-a7ef-cdc5037042c0
6451,3b6cd6bb-73b7-4081-b6dc-eba3c44ae71d
6452,67e070a9-b69f-46ec-8e9a-0bd022498ad3
6453,9249eb2c-c8ab-4d88-84bc-a446216e95c8
6454,e9fe4f8b-163b-4ca7-83b0-cf9018d5f8e5
6455,7fe7c0e7-e776-479e-a971-0b0fe97c28a7
6456,81754cd8-9fba-46b8-977f-ff203dbb9e23
6457,4cb007d8-3764-4d0a-a00b-08fc0884464d
6458,fc652865-aae4-4cb7-9e7a-282fa3a99a0e
6459,e30e64aa-dd37-49ea-ab9e-b11a176f577c
6460,7c2fb2b2-3b15-4bae-8ebb-ca388032df9a
6461,c0ec78fa-cca1-4999-b64b-4cd76cdc458c
6462,32f4135a-5373-4ba9-97f7-764a63fa5cf7
6463,1a32f21a-dd66-41d0-aa46-bd5794c78888
6464,c0fe5608-a391-4378-980b-324ccb1c6204
6465,e00dcb28-4a27-4a20-8cf6-e0bcaa0181af
6466,e16cb4b3-62fa-436f-8751-a56bef8ba0d5
6467,22e76a45-4ee6-4c61-bf5d-649e54a169f8
6468,11c12d6a-91bc-4ef0-9b0c-dd2647a74c5e
6469,9c3433e1-4794-4c6b-8303-e14af9963f30
6470,ca02c20e-8277-4c6c-acef-d6205c98a411
6471,81eeb4ae-0477-4b53-bcee-2a6085eb3b6c
6472,0c05124f-c6fc-4ae6-b6f5-c78afb155d0c
6473,ae172cd2-59bd-4627-97e2-3985d5f7da20
6474,92ae3b63-0ebf-4cdc-8e69-4b3806d11272
6475,f4f8a607-118c-434b-a32b-20dbfb3734df
6476,1bd59b27-3761-4353-a35e-b87aa8232dc4
6477,3ba1caa3-789e-4e65-b190-3d1fab6e2a72
6478,c85fa158-5e49-4709-8284-d1195d176e24
6479,c52e2230-c729-44c1-bcee-41a54309011c
6480,e6e7e458-a20c-42c4-92b9-86706467ae58
6481,15823102-9d34-4743-8606-5bc8d0e62c42
6482,a36b6874-b484-4b72-a3e2-fc40de0e51d4
6483,dba1fda0-9e4c-4291-8a88-d8403276fd64
6484,25d1ebb3-b073-4051-8fff-2cb97ead68ca
6485,54300437-9cb5-4af1-9148-d0224014ae9b
6486,2017c92d-6c98-46a3-b49e-e948627c32dd
6487,1e24148a-b597-49ec-b759-648d9e40c818
6488,71cb1163-d737-4b7b-93b7-9699725a8d81
6489,132325dd-54f8-4064-a72d-064d23e205e1
6490,ebd9812b-8646-4907-9d12-c337e0fb7198
6491,3e6d1bb2-3155-4648-b313-fd6748d09962
6492,c9277e2e-8370-473f-b5f6-0c5464f16f45
6493,9176627d-0891-4c2e-a7bf-b62809fa7043
6494,464764b3-4992-470d-a765-2d1201b3b941
6495,d38217c2-3b03-471b-a262-365c6c5a88b0
6496,e6c77cff-037b-4501-ad15-9ebf07236e71
6497,f36b3207-9c45-4fc2-a910-135b25edb65a
6498,2b1f289b-d1aa-423a-a1bc-17b33360fbcc
6499,356f31ea-306d-4772-98c7-40256d25eb81
6500,bc007122-948b-42ea-828d-2ac6ff5fe0e4
6501,06e1f0b0-cdb9-4791-a53a-f7afa3ef4f38
6502,80d7103d-6a92-4c47-906a-d1d62ae3f0d9
6503,77bd3d7b-6ebc-4461-9a13-f1c8dbf81917
6504,69825624-63fd-4d3d-937c-b015b3ace882
6505,1e7e45dd-b3ac-4876-8618-f661f01475d4
6506,9557ee63-53c6-4efa-9f1b-d012e856aaf6
6507,6fad3059-ae2e-452c-acc4-cd30f64dda40
6508,91b4e967-7a52-461e-b84f-a0260fda7d9c
6509,5e2afcca-354d-4f2d-bca1-3660e2ff29b9
6510,8984c20a-b462-4179-8d1f-bf04cd1a7a9b
6511,aec1388b-a7e5-4a08-9bfb-b3cff0f8019d
6512,856752c0-38b5-4a11-8e4e-2254e78868b8
6513,288089f7-76ca-4cd0-93d4-54cb1ce6c083
6514,e77cb9c1-1cda-46c8-aa5c-ccbe14c64e1b
6515,ea10ef18-46ff-4b92-82cf-c3f7c8523cb0
6516,10b8efc2-9b11-4be4-8abf-4cbe40451a81
6517,20212847-cceb-470f-9780-8ae64a7004dd
6518,00c6decc-5300-4494-9cdb-767cdbdc07ad
6519,7b33a2f9-499a-4def-af2b-cabebffd94bd
6520,6998bc9f-b93f-4433-a6f7-d2d108510f99
6521,29c583a6-5330-439b-a42c-790b6ead4e19
6522,f754b1a5-4c1c-469f-9587-61a2b606afb9
6523,cc01b6a1-7b50-407f-aed0-322e86ecd651
6524,2bba8642-2034-472a-bd44-9ad0b67748dc
6525,da9d0004-b07e-4657-a7f1-cd07c16f1057
6526,36f08959-786d-492f-9de6-fe1056cfee22
6527,a9b00628-575f-4ccb-8691-f5671770852b
6528,7f37ac51-2422-4317-9187-3ec36f5acdcf
6529,23e3a208-a8e2-41f7-8ef8-705315ba60b7
6530,8b36a16b-2f62-42da-8417-75bfd2aa7392
6531,8f24f288-b59a-46f6-9e10-781df6c7f287
6532,3af7506f-7e56-4e4d-9aae-d67909c20f88
6533,fc298f63-c74a-4d6c-9e0c-740802ab08c7
6534,ab6108d1-0bc6-4351-8146-2d6a31a64920
6535,124a4472-0b04-473d-a9e7-0202cdb8e641
6536,d43904a3-e50f-45df-bb6d-eaf53a562fd3
6537,70a67c1e-f483-4a74-8861-da559c12b55c
6538,7a0d6849-95e4-4caf-811b-4b4d6b6c9439
6539,e6f5959a-be00-4b4c-9dc8-4211da63f6dd
6540,d02a9821-7f72-450c-9b31-ad0f7611ec86
6541,ad8b4df9-bc1b-4fa0-a6b8-939608e24828
6542,58c9763d-7fbf-442e-a0a7-758ff39d6881
6543,0f771660-f3a1-4c17-8b92-93602fb2ab3d
6544,1a131b36-4e18-4a28-9074-666708660eee
6545,6b6b3536-1b58-4173-b75b-00ce644a40d2
6546,7d1567cf-05b9-4937-8609-2a0e3103e84c
6547,d03f1748-2185-4ef2-b5f4-21666d34bcaa
6548,30968e6e-5529-4b1b-ae58-5e7be0c6cff3
6549,aa65f9e2-eb1b-41f4-bde9-0f9d4f4da9f0
6550,9544df1c-81d8-4d7f-9e8f-ec0d7d83fe38
6551,d3d51d51-f8e0-4c4c-9897-8dd597871d95
6552,91974b76-7a1d-4cc9-8582-c1cc2a7381d0
6553,9d86e34b-cd80-4ece-91fe-fb5ad1fff6fa
6554,fce3da0c-96b6-481c-9286-f77fd94dfd60
6555,73360187-77ec-47b7-90af-824b22cdbffb
6556,375b3c8f-8849-4975-b71b-bd6175799971
6557,bb70945a-2572-4076-81bf-db51facebdf4
6558,522cb40f-d797-4eb0-bd2d-ddd21cbd9d23
6559,b71fd7d4-ad07-4d04-b320-2f8b3df8daf7
6560,909d4c48-edde-4f47-a89c-6220e20336d0
6561,195802a9-8ef2-4ea1-8d20-7cc2624c57c4
6562,294cc515-f4b5-4ab9-afe2-d23bca8fe978
6563,2e1bc280-190c-4e8e-89a1-fe52b2350a9a
6564,7f664c8f-f954-4e29-89e3-616cb5becc8e
6565,9ce15fe5-d166-4586-871b-6b2543ef549b
6566,58fc6c79-fe38-423f-9067-fc1d8e8c2952
6567,d85035e7-4d08-42b0-a181-2dd8c2e65302
6568,5e7c0244-2ccc-4018-8f42-376d9016f006
6569,810eba28-4077-4808-83fc-337174bb9e3e
6570,2058e139-ac12-469c-b55e-866424d5972a
6571,f62ec503-7442-4a05-8fba-5c5ca458727e
6572,8d8110be-0099-4939-b976-81d515eb0e34
6573,fab7080e-6524-4feb-a9a5-3eeef8c94f3d
6574,dab8009e-adad-4049-9156-c7f80fad5316
6575,b1912faa-a8ed-4bd2-95cd-2450d704540f
6576,b782ec44-cefc-430f-82ca-92517fe7f7a4
6577,2bb23236-4893-4127-8274-f605e9025122
6578,f60ca48e-a303-4c1a-a087-ed26fe10762c
6579,a0640800-90d6-4893-b321-c70a041786eb
6580,e2f921a4-3c8e-43a9-a580-bcff206f984f
6581,6f7162c1-09ef-4e09-98c0-65b3cda5356c
6582,ac64d5bc-0f65-4e80-aa18-987d8e9d6a03
6583,99c21ccb-0062-4b0a-83ac-25ec7292c36a
6584,564110ae-99e2-42a9-b203-ee38bb0d2df3
6585,7ff5dc66-b3ea-4876-ad84-1a15dfcf4f86
6586,c9f9c90a-21a8-4368-bf45-90b1ae02e9f6
6587,61f0fb6c-09c3-40eb-957e-75a168dc8db0
6588,b76b53e0-475b-46da-98ce-b2fa2b2b25f5
6589,956632c9-0991-4a1b-af49-18c7739e6a2f
6590,dd9f6087-3cdb-4784-b5eb-79c6141ea5e6
6591,41eb6c6d-67f0-4e5d-9261-e054aa3693b8
6592,fb7c5e39-7cf3-4ff4-863f-4b7eceb63b9b
6593,bb7485d9-d5fe-414c-9aca-bfb59c8d343d
6594,13873b4e-8cec-4fdf-91ec-9093266b373b
6595,686d58b0-8f2c-4882-b95d-1ba15328dce3
6596,3e2c76d9-62db-4ba2-a141-9f05e0fb9a14
6597,ef87f3f8-6329-46c2-ac70-c614794a7272
6598,830fb7d6-dc9e-4663-8005-1020161afc41
6599,d918ec35-eb3c-4db5-b833-81f6cff6955c
6600,71518aa9-7bec-49b5-a6e5-fd26eaa46603
6601,ae484548-c760-4a64-8169-88726a17e8e3
6602,ee13e18e-ead1-41a1-910f-d6bcef61c87a
6603,628fffcd-7bd3-4fe6-ad53-e768bad5ff66
6604,de543c8c-1e25-42f6-95b7-79e0f384a970
6605,0c5a7ee5-a863-4750-a527-12b5362150fc
6606,16a3e04b-3f16-47b5-8e1e-93509e680a58
6607,5f5c48ee-f995-493e-8ddb-56539ccb8643
6608,ea9a3bcf-00e4-47fc-94b9-985c6f083f80
6609,03f46a51-c03f-4a68-a310-0ab1e6ff71c7
6610,6a252979-e9c2-4bff-bb3d-1798be2921bf
6611,475168dd-c994-466e-a21f-6c5ee4faa3ab
6612,6c78420c-fb03-42d4-ba48-16e334161c0a
6613,bd8382ad-ab61-4216-9802-ae9a34e5f244
6614,bf874fdc-b26d-418c-9194-4c5201e7b452
6615,41ffc879-472f-4f80-ab5f-38a6e2ce6456
6616,f8c53202-08d1-4a4c-8879-bcbb705d0f09
6617,771aa0bd-e4bf-46f8-8f3b-5ef9e4e3d37b
6618,c0e6d956-ac1f-480f-a889-3c70c844465a
6619,773bccdd-381a-46e4-a7d9-300bb9d94d98
6620,0b6b805e-578e-43d4-aa0d-4c34e085203c
6621,98626e1b-7730-452e-a302-2e40d912384b
6622,44c15832-bdf8-4aaa-8372-3147d6399034
6623,a0b08ec0-2b3e-48ab-b792-077a2be4b28e
6624,8a1f66df-62c8-4472-8bee-989b6db2f53a
6625,3c7df6f3-81fd-4f71-9ead-c62f0580701e
6626,28d4f0c8-52c0-4375-bf10-5a7762099934
6627,9f4b0e0a-b468-45ef-9e08-f5cb54c8443d
6628,ea44fda9-87a4-439f-bc03-3e9cd1dfc84c
6629,83269e45-a3ec-4f4e-b022-9446542e9da5
6630,04fc00fa-3823-4d0a-9095-d5d16ad5db85
6631,99be5525-3dff-4b5e-ab0f-6715850372f0
6632,d27f7869-bb71-4929-a673-06b305096533
6633,d90685f6-1b39-43bd-b832-a99f04de1d8b
6634,1e6eedfa-23dd-4d4a-8698-5c4f71590859
6635,35aeb422-9886-438d-8787-20504ec1685b
6636,6c009372-25ff-4625-9c41-fc3ad6d3f6a9
6637,0503d503-3036-40ca-af68-c5bf86624f63
6638,c8443736-eea9-4c29-ba23-656aaa40994c
6639,8822e316-5dcc-45ae-a637-c5a5852f3128
6640,32a4f5cd-4bec-4e0e-ba2a-36683ca6be8a
6641,7c998800-34f1-4505-b1bb-1839ad659f16
6642,ad5f058f-116a-468c-9744-f45e4afc71ce
6643,3b1fb990-91ad-44c1-befd-1b0ba2c0cd91
6644,4ebca296-8f33-48ed-993c-0c5d297a280b
6645,44a2cf9a-fce4-4251-a924-2bac4d692c50
6646,f5b5dd35-21f5-473c-85b2-bf83321b5be2
6647,1950fb67-f1aa-47d2-a5b2-b6bdfb45786e
6648,dd49e1a2-fb01-41b1-8d11-f8774b8569bc
6649,0bc30cb7-42c8-4157-adcc-4cb09c3a61f1
6650,36cb2e2d-d947-4f37-8e84-c4328aca4bd2
6651,9b7d0d15-6aa2-4046-9d56-a626e2261c74
6652,9612a650-6b6b-4109-9f58-ce35f0e35ea8
6653,ee9b1daa-e6c9-4dd1-81a6-4e240f76ba8e
6654,51120b52-14db-4b89-a6be-02575ed39ea0
6655,31a6a38c-76a1-47f6-8279-5d88584f6d69
6656,6558ce05-6787-4d60-9610-af873c893ee0
6657,3d3441c0-003c-4f34-b4d1-db756f375e5e
6658,aa19e9f0-9704-4df1-9ece-7301b8d829d7
6659,30511def-abc4-4834-9bf0-e85ab9a92b90
6660,54da9eb5-cc43-4fcb-8415-f679ecf87f43
6661,c65ae003-2293-4d12-a844-5e6907f2e72a
6662,e7d21cb5-390b-48f8-afb2-8463d3bf1c6c
6663,44993475-9112-4863-a2a8-d0f31884b3ff
6664,351090c1-b58a-43fa-9c1e-e911c3ce8013
6665,96427089-4f3a-4cd9-a04a-035b9a451906
6666,a182f8b4-4f3b-4879-95a9-86c4067efe38
6667,8f9fe6ce-3574-45d4-b905-0ffcd26eb488
6668,264bb4d7-f43e-4001-a616-7850eda76b68
6669,94092a5d-e62d-45ce-b569-3ea033f88dfc
6670,937f1cb8-1e7f-488e-8676-efa019ab5216
6671,730ece80-1f99-4d14-adfb-2b41556368e2
6672,7b653b19-8ae5-4560-886f-df9e53a143ba
6673,9ef8ad15-875f-4a3b-87c6-c1fda9c4779f
6674,753b8ee5-8f96-4822-b8a8-e13d2e1808b8
6675,b0e2791f-eaea-491f-9e09-b6ee6b8940b9
6676,34a8b2bc-4fbb-48c6-bde5-d909871e3c80
6677,2a18f339-b9a2-4b65-bd05-88ef5cc9b262
6678,45cef4a5-fc31-499d-9d13-cebbf102aa74
6679,428273b7-3ccb-4704-b8b3-976acf3ca8e6
6680,a6106f1a-4691-4c62-af00-225e5d966d57
6681,953eeff9-90e1-4c28-b249-cfa2c3a8ef3b
6682,f3282518-2cb0-46f7-99a6-e0cdb7adad67
6683,9e72698b-98f9-4c89-ac00-ac54a47c25ac
6684,dcfcd25c-bbc2-4a85-8327-49db110d85e7
6685,f90407f2-dc78-4812-b3bb-2bc57f7bbd79
6686,8dc054d6-69e5-4f35-bea7-77972fcefef8
6687,afc74fe1-7c6b-4d6c-84cf-f30280933c32
6688,203960a8-8275-4c6a-b108-254fa3299405
6689,ace3e307-2c00-4ff1-b16f-6affe1c98667
6690,dc878e15-93a5-4d60-afdc-f01584c61c2c
6691,65fdb3e9-04ac-49e4-993c-c53465768a8e
6692,76318d3b-f56e-4645-9bf3-cdd06020b51b
6693,2e7e005b-5f19-4749-a448-40d136dd663b
6694,631bc905-7177-4215-a3cf-50510743738f
6695,59e586b9-d9db-4c47-a610-c248d22a9224
6696,e82077b8-88a2-4e15-95ee-1034ca533bc7
6697,af316d9d-d8bd-4243-ae66-41de746b1c1c
6698,f229656d-560e-4d93-adba-9cabef41cb16
6699,68d5812b-74f8-443e-9921-e652b1904bae
6700,79f43d18-95ed-4657-9c7f-b5da1cfdd46a
6701,85ab32d3-c4a2-4c7d-9b50-3e6ca7c8f475
6702,9f7ffe47-bfeb-42fb-96d3-691ea5a4b481
6703,583b9a44-a0e5-4511-b21b-8d97f03a8ac7
6704,9be263e9-e3e2-470c-81f3-3ae87518cfa6
6705,7042a23d-1148-4b80-8a18-c26971eedd12
6706,f06bbca4-0f38-479c-98af-1b33de077b8f
6707,53ed8ddf-b69d-4d62-8949-d043d1fb397a
6708,bf510b0e-0848-43f2-bc42-5d7f723e5b82
6709,c1556d5f-c1e7-4630-9678-297f3a6f7325
6710,42baf3e5-75c0-49a5-aabf-f5a792d64685
6711,3c9ffe52-4a4f-4dea-a1ed-c1df08889743
6712,da442565-338f-41b5-971e-4aaa6eb5592b
6713,e07079a5-84b9-4918-907b-02b9b12c9aa2
6714,77c07b79-4c83-4231-a8a2-761669d944fe
6715,6fe3b7c4-a8fd-44fa-b16a-0dbcd051cc01
6716,855b682d-34dd-45fc-91e3-9f5eaa1537e3
6717,0d2267bb-0776-45e1-bd8c-84370fde9d0b
6718,c5e29ed9-4b4b-4998-8f34-e32ba5db439e
6719,1dab01d0-3fad-420a-aa9f-c7645b025576
6720,1ab3a28b-ccac-43b8-804a-c11345f1e088
6721,5271d93d-c63d-4a8e-86a2-5fe839ec0a2e
6722,9a24c010-8b87-461e-adbe-ce481d504769
6723,f32916f6-bb9b-4950-99c8-022087c1d12e
6724,5b675878-90d8-4bea-ad48-755bb81d7a62
6725,6297c8ec-18cb-4c15-b333-501218b60bb0
6726,a0b7359c-df18-45a1-9f1a-bef4a6261f14
6727,22509ff9-7fad-489b-acbb-0ab01c45ccd4
6728,a0bc2b41-ae7c-4c5a-a77a-fb980cd09efb
6729,436de88d-b761-4986-a20e-357502d758c4
6730,a6a45e6d-1a0f-48b2-8955-1c76143e8179
6731,1f2b0b98-c6ea-4cf0-904a-d7ea3526d158
6732,e6b8d5f1-f960-4653-8caf-b23d147028c3
6733,4d64d100-265f-45cf-942b-1a4436194c0a
6734,e5ba603d-c205-4010-848f-0c1070b27f25
6735,ed98ae90-6d62-4201-8621-5e2cb17d7aff
6736,b1b6f5bb-06f7-48d8-ba57-b89cd04283e1
6737,ed007287-fdc2-444e-9eb9-ba8643bb1ce4
6738,b7aca98d-1b0f-4fba-aa1b-1f5337c4f8d4
6739,b1c05d5f-e96f-44ef-af22-b4da92913477
6740,0cd03f94-ca29-4b3a-8c43-6acf2acebab5
6741,a13a5b21-969f-40df-a4d5-b31aa05cb85c
6742,29c7cdcc-acf7-4459-9ca3-f129d0274ae2
6743,57894378-7dc4-4621-877a-1286c8a56ccb
6744,5a6956bc-7813-4edf-8d2d-62438acd7940
6745,2939d597-acc5-4c3a-a72c-df3342e646a6
6746,955e02e4-0359-473f-80f3-8b8ca3d1c238
6747,4240f3f8-31ea-47eb-9cee-928ef13d6c70
6748,0d30f5f9-4047-4dcd-92c0-d0dcdf2f27c8
6749,a18e052f-9f2c-47d1-b389-a8e182c18dba
6750,7b3afdb3-1952-4a0a-9813-8828f6a6e22c
6751,f14ec54d-0021-46a6-ad0e-5fb7d1351955
6752,fe5ba3c1-a6fe-4254-af00-fb4a2beab982
6753,c0633a05-2c60-4f98-ba31-08411778bcb2
6754,785e7286-c486-4d3c-86d5-ccdf5869e4e0
6755,e02e2fd1-dd80-4840-a0ab-f681e49655bd
6756,d749996b-f260-4573-8848-a439af8fecb1
6757,aac7fc0b-bab3-429b-96fe-5e40d0c6c34b
6758,578f9cfd-e09d-4c32-99d6-5c5a53d58a0b
6759,ccff6e12-86fe-4b2f-b7d7-7572c1e7aaf8
6760,1ea7948e-0cc6-42b2-ab05-8da7c68070b0
6761,df3d3c5d-40e0-477b-b531-3e0614d4360d
6762,e440ae6a-922a-4cdd-add9-6ff3a7d8cedd
6763,0e1967ce-a928-481c-8384-23244980646c
6764,f7dc4208-96f0-4857-b725-8d87f1cec58b
6765,0587f1ec-61d6-418b-8e1b-9dbdc8d825f2
6766,0e832d15-e4f9-4212-8317-cb6a579d0053
6767,4865e8ee-6a77-4e24-9087-bcb55750a7c7
6768,38d83559-2e8c-411b-8ff6-4f023f0622f6
6769,0912255a-55d1-4fd9-a54f-7f9157592510
6770,0490575e-2ad5-466d-9210-5ccad5c3dc09
6771,5f9b715f-6850-447b-b07c-f7cfeac1f68d
6772,b750b7fc-69e3-4916-a073-8a51439ae11e
6773,57230ef2-723d-455e-a12a-a907cf7a81b2
6774,b4b14b8b-7e06-45a5-be5f-db041b2955cd
6775,4d54c502-a181-46da-815a-a20b19e4138f
6776,6bfb96f1-7b88-4272-9865-c9bf03da383c
6777,627223b2-221f-49a4-afb4-3bc8248492c5
6778,55829c71-5087-40ed-8910-ae667eea1fa7
6779,d9840aed-55af-46a4-a49c-82500d4d130c
6780,a834b827-6e47-40e7-958e-e4cf27e9e963
6781,147c14ba-9ff9-4ed8-84fb-eff27234c50f
6782,68d0c166-710f-4db1-afae-eb69ab7013c3
6783,cb3f712c-fed8-4b66-a680-708adde6745c
6784,713b6e65-de30-42bb-bec9-5671d3b65525
6785,07dcd7f6-f703-476b-8568-0bbb387b21eb
6786,fc2cb225-9c77-42ca-b3d1-76e7f7e8c17b
6787,bc4eb3e4-37f2-4103-97dd-0e56752ca609
6788,71cfb31d-7106-4769-8ec0-5b3fb69dd453
6789,ded855e7-960d-40cd-b6e9-620fae7cb5b2
6790,12f8b426-0149-4626-87bb-f0a8c41079c0
6791,db403b30-d8c2-475f-9657-83d08581d1cb
6792,41885312-3516-4ae2-8a34-d72e397ee030
6793,e8c673c3-a608-4bfb-bed6-6b3bf71a3ccd
6794,f69a48ca-e879-4b09-9449-f101e5c00d68
6795,45ac9f61-d245-4df1-bf9a-650394ab92dd
6796,6a65a3f8-cee5-4c30-b381-182d2d8251c4
6797,42473a55-a9d0-4469-b8ae-a5348c1373c0
6798,349059ee-7aca-4889-bdeb-2d7f603a92a3
6799,f29a906d-4f71-4372-a577-cb9b596c1b84
6800,d271f290-c139-4627-9bf0-67d58fd8c6aa
6801,876d52ab-7cf1-41d1-94c8-75caed3d1895
6802,91ea586d-4131-4d9c-9ec5-76d0b3882a75
6803,ea7c58fb-16aa-485e-9f86-fb85d272b828
6804,527e3a04-5c10-4d32-863c-20448641fafa
6805,411660ee-b18f-4add-aa8d-ba022142e8e4
6806,0b442c8f-b86e-4136-b76d-93fac2b42e60
6807,cc00679d-87e4-49a3-9eb3-d4932706f772
6808,8465c911-2f68-42fb-afe9-dc80100a6d31
6809,403a028d-65e8-4a9d-a7ea-855f7217ad8a
6810,ef424fb7-5712-452d-b1ec-70125542284c
6811,0b74f1d2-c6a5-46f5-8aec-aa979328c62b
6812,064332a7-be6e-4a35-866f-75c47685a558
6813,498167ff-d69f-4a06-a1a3-e397d1d54cd2
6814,ff0fa0a5-289f-444b-be75-95e3a1561a7a
6815,24bdbd8a-5e60-4f11-8e39-52cde3e0650a
6816,45e3ee74-320a-4256-a8d4-231e99c75862
6817,537c0724-cbef-49fd-a121-21546a0ba2ac
6818,00872ece-e257-4430-ad6f-ff75f3309150
6819,aacacd42-ee70-4b88-a054-9282932efe32
6820,d13c1a93-daae-4e1b-9bd1-a4da00f4fa90
6821,542553c3-f61b-4ddd-bc67-008ff8a13e7f
6822,190d1a2a-8a9b-4eed-9d5e-8598c28ffa00
6823,ce20ab29-01f2-4a81-b87d-7b7a3a9ff9ee
6824,e9c85cdd-e098-4004-9ac6-257e107bdecc
6825,3fd42373-9535-49de-867a-392c53e6984a
6826,715cc751-5098-4409-aa3b-bd7577e56a75
6827,e1f8defb-661e-4534-a80c-9bcb777500d8
6828,f6f9e2e8-b6cf-4e7b-ab17-59eaf1677447
6829,6be47527-a84e-4a79-9af2-ba50b9e37d79
6830,b0b6a475-02f6-4251-86c7-140cf6ee7917
6831,d84f3402-98e0-4433-ba70-de6bc7f2be14
6832,b985be03-dce0-42f5-9c39-428600922e37
6833,4c4d4a60-a211-4a01-90ac-798781f4b7c5
6834,bf173153-4424-4f5d-8817-69c6eeec5b04
6835,07433e73-6add-4941-b209-3c20d25742a1
6836,f3d67ae2-5cc1-4891-9d47-af81a359b7e4
6837,81979a8b-1dde-428c-aaf2-077f5de543dc
6838,fd461c24-2e62-48a8-b293-5818799707e1
6839,8b5f5e74-6e75-41b2-ad2f-76005f8fb89e
6840,413308cb-53ae-4771-b42a-17bc34e459ee
6841,646db226-ee1e-406d-9016-595b39bbcbb5
6842,c46c7911-ab98-48ab-b6e9-7c50cc2ba970
6843,2d31b2a5-2b5b-4c6d-ae75-4aceebcf99c1
6844,df4da778-4ae3-45ae-89f3-1a2bb6e74314
6845,9b042400-8a79-476c-a782-5065d049d837
6846,4884ddcd-c180-431c-96ef-bc6efc7202e5
6847,a77cf8cd-68d7-4a2a-96e7-2d51a08c4e0c
6848,b9620a1b-46c3-4891-89e5-9e518bb7487c
6849,b39b027d-5d67-41e2-b764-e2cfeff0aeb4
6850,ee5c67c7-e36f-4ce5-81c2-f7070bc85ccb
6851,a8b0515e-b744-412e-a39d-fb614c03c015
6852,32cbc85f-3588-445a-8872-b8dc8c7ada6b
6853,dfa01c82-f24b-475d-8280-ceb04ccb90de
6854,4eb5fff1-b332-4850-9300-19c3d04c0665
6855,847986a0-c289-4ab2-b443-86a0dc2f3686
6856,1f5adbc9-ffee-4ed7-ba75-bc57f220669f
6857,779c861a-538d-4e1d-a825-129dc8ce044f
6858,375331be-2065-4576-871e-2233888022f8
6859,3a582103-8405-4aeb-995d-85b0dc587dbe
6860,330a2b2b-e183-4750-8410-8e7ed3c6de69
6861,486596c1-4563-44c3-99a3-2bc9a8628c30
6862,8bb1fa90-fee0-4308-9666-3ce977f32b66
6863,133689f7-069f-45ad-b1c4-943b99b66df6
6864,2bf97ddc-d586-47d3-81c2-0a890653718f
6865,df8db10d-a6bd-40a7-9821-e93824730a6c
6866,7faff9cf-c490-4e50-b035-627b998e2ed7
6867,57fc7cc8-86b5-4d28-8624-f5c5d213a06a
6868,76efd8a5-0e90-4ee5-ac73-633905cbc142
6869,493f1d00-a618-4378-a61f-277e051c899e
6870,60c2a4f1-c2a1-4656-ac8c-de7493ba8ec6
6871,7d61ac6b-83b8-4385-83df-d87798284b71
6872,b7707e8f-55c1-46db-9f47-c51f8230fd4d
6873,5957e307-24c4-4694-a261-1ae41c2d0da5
6874,fa086592-684b-4ab2-a32a-da314db682cd
6875,7912f285-009d-471d-bd5c-d1120b4aa0d1
6876,136398f7-3864-4105-949c-12f4b2b67099
6877,3754dc1f-4e49-4453-a4b9-8bcfed81ffe4
6878,2b2e8320-b130-4cf3-8efd-17ea155a345e
6879,81063076-0661-4a7f-9cfc-e197f50b3343
6880,01bd94cd-793d-47ee-899e-e95fad937e83
6881,4354cb13-e50e-4f0a-bd68-a1253b9aae14
6882,7e50052d-610f-40bd-b1ad-4f918e2b121d
6883,1062cbc8-1736-439e-952c-ff66f80df9b8
6884,b4b6731c-d7aa-4624-981c-e955a8a6c1e4
6885,9636df49-bf90-469f-9d45-584a34db663b
6886,20e75681-1c95-4f10-8523-078d22d1cc40
6887,cca43ba7-804a-41b8-847f-7a777e2f9401
6888,2aa2ebce-0110-4408-aeb7-b795a0ac5405
6889,743dfc5b-ba5c-475f-8a6a-8408698378fb
6890,33d76687-8973-45a2-924e-282b25daedca
6891,08a92b8b-ff47-4c32-9f08-45e4c227f3a0
6892,3c8c0e45-2d21-4ee8-bbc0-77f012205dcf
6893,fd0de0c3-b99d-4e43-a234-7e8eabe847c1
6894,0cfd9d9d-34b1-473a-aa11-9d07ec0d8c5d
6895,5ca8327a-1854-4772-af2b-e1350992acaf
6896,1db6205c-1ba2-4713-b727-2f63bca8297e
6897,a299a51c-b7f0-4584-baca-ce96d9047bd6
6898,2c2806ee-0868-4da2-b8db-3cb5395d4160
6899,adaa01b7-0a91-4868-a3a8-921067fc8649
6900,05a83f72-c086-4277-8093-6cfa221ab215
6901,509768d6-11f4-4ead-a110-7136ecc5514d
6902,dba4bf26-8b68-46f3-bb10-684570351210
6903,1365cda0-9b79-439f-b4d2-96f662c93838
6904,dcf9e00f-51f2-401e-b3d6-c668ae7518bc
6905,afd704d2-e384-411c-a23d-bed5b93e424b
6906,8641314a-e11f-4eb3-a4c8-4dfc39584142
6907,5e4b3af4-af64-4495-87f3-e02407e079fe
6908,1b723441-0ee0-4548-87dc-f8959af2ba6f
6909,893ac61b-1156-4f45-ac6a-df160aae1217
6910,d4b8af74-6476-4f5d-9348-7d0e455f89e8
6911,24e31b03-a54b-42ff-81b6-e43d161522dc
6912,a7be328a-c99f-4d87-8c58-80d52e232978
6913,d3899f69-6d8d-4f81-aa39-9e643004455f
6914,fe85e34d-a073-4a4b-87fe-6072e1de125f
6915,b50b22f3-27f7-4ca9-98d8-90491b53fffd
6916,9bb25e18-c87a-403c-b196-e9e4e6884bf2
6917,0e392517-ba3c-4e41-9f19-d877d0decb1e
6918,55ceacb1-d65b-4d97-b8ed-6c0126190a62
6919,7265915f-4cad-4711-b629-2a42c4b5275d
6920,2df227cd-6895-46e4-907f-bcda0e94d6af
6921,8be66d6a-685c-4c67-9dba-6c01cabf9ac3
6922,2f137c2a-08e1-4c7e-859b-8ff5d6cec9fc
6923,c983a9ec-3565-403c-bec9-e89bd309576a
6924,957794d3-5bad-458c-8073-89d342be63f7
6925,9032c4c7-b006-4b1c-8115-89edc3ce72a0
6926,84c6d442-85a6-49ae-ad03-702aa062a4b3
6927,9bb9b0b8-9df2-4585-b220-36a010b49cfe
6928,f87da14e-422f-44fb-8f84-e5288f02bc74
6929,8d2d478a-84cd-431a-aa51-a7ce9db725e2
6930,192c19cf-c42e-41aa-b14a-f98191b547a0
6931,82afbf1f-926a-4d16-8412-7e186d6734bb
6932,339f85ac-411b-4a82-b866-56e8646e7e97
6933,32b18ac0-eb31-4a8f-8e8f-493bb42f8010
6934,c42902b2-b614-4472-9b73-77ddd7d2356f
6935,257c1c66-d9dd-4c32-aae6-fa3868f6a1cf
6936,e6e59184-385b-40df-af94-7e648f902e7a
6937,8fcef3db-a597-4cfa-9196-b5238796253b
6938,cdce0753-4794-4269-9638-e161dcc48d92
6939,20cf9cda-56e7-483b-8b1b-4fd54980e452
6940,075d7ba5-8856-4249-851d-6074ff2e5b2b
6941,89a666d7-6039-45b8-9ebd-09156393a95a
6942,1d6de19a-d38f-4342-a903-9b370a360ed0
6943,f86a3896-27d8-4b1d-aa48-7df8953da357
6944,cfb8fbcb-d31a-48a5-8b66-51a0e946f5d7
6945,1a05e2c0-2191-40db-b602-1eee896ffb78
6946,2b350630-5e50-4b99-8e1d-2bc6bb72ec30
6947,8c6baa77-545e-4d0b-a441-79c2b462c3f3
6948,c1bafd97-be59-4840-bc90-cc748cb64c29
6949,0762783e-336e-4444-86a6-6ed1e256f1c6
6950,6e5c237a-c878-4837-ae72-cb361c3c464c
6951,dba97221-f006-4edf-b354-aceeb95c9531
6952,52cd4c90-13ed-4ebb-8b2d-3ec8c058d1de
6953,d2233b11-12c9-4aa5-9570-3f4cdcf3caf9
6954,6293d519-cd8a-420a-b006-fee78841d43f
6955,138b5bac-b8f5-4f31-affb-911797c57cca
6956,f162e1ba-6c85-4cec-b62a-c36e845dd4b1
6957,df8f23a8-f3e9-4680-a6a7-ee1f86cb7e3d
6958,c1bfc3cc-9855-4c1b-ab79-90c3e1182e05
6959,96c0f1b2-e633-4a10-ab98-cb085003367c
6960,cd0eb67f-5d03-4159-a676-ee90311e1947
6961,7660c212-0013-49c3-950b-cf58abe8c394
6962,7b8c250f-02ea-46d6-b29a-c39d78fdb0e7
6963,af56ec39-266d-41dd-a7d8-91226664c46a
6964,e36909a3-ab67-44e9-be0a-a6c58df4c9a6
6965,fd0e8686-6266-4467-9d84-af25dabfe2b9
6966,601d6948-434d-4ff1-a484-145e3d07ed74
6967,b31485ba-9a34-453c-aa8a-61f4d63c7c8c
6968,50ceeb94-2ed3-457d-9855-be75593b8031
6969,79d35804-3ecf-41bf-bc68-2343580206a2
6970,23377285-fc50-44c6-8235-e2c4bca0f114
6971,d160eca9-cafa-4388-a62d-e8d5e7b14b1a
6972,8dd74096-322f-4234-afe7-b20c03e2948c
6973,78c7512b-754a-4aba-bddf-bef0af42586d
6974,1873f9d0-9fcb-49ec-9b63-06d92979c137
6975,a4ee3d53-e547-464c-b39f-e511ea131485
6976,dcff2a01-a741-46c1-971d-15ee957d1a84
6977,71cebc72-f278-4654-8d4d-89dfc553621c
6978,5c42ac37-d652-4b84-b9a4-5c29c4af1315
6979,479005b6-16fc-404f-9291-9cf75324e648
6980,163cb1b1-9f5f-4f3a-b542-daddc97b5969
6981,161a3e04-0609-415d-97e7-48dc62aa094f
6982,3da00902-51e0-454b-b7d7-bc7614cf4e33
6983,2e65bf4a-0afb-4ccf-864d-d2027e56dd97
6984,aaea793a-5e92-45a7-95ff-e43a9f7eb721
6985,a468d190-2b61-4499-9196-d848fe762334
6986,e611e099-fd78-48d3-8773-d86d168e39e6
6987,501e101e-2531-4578-9571-b2eb42176dba
6988,626fc40f-31a8-4bee-baa1-ed2c15a9b163
6989,fc084be9-b562-4cc8-a0fe-c48a4fe2561d
6990,02541140-146b-42ca-ba73-fb30664caec8
6991,d867a9e5-04a9-44b2-89da-56b7a5827c6a
6992,445c450f-b7d7-4370-a064-ed3d85d8aaa9
6993,52df7247-211b-4be9-98cc-095f3220d3fb
6994,11a02951-f3cc-438d-bbc4-a24cd2f037aa
6995,eb004fd1-109f-4896-a98b-7cb22a7a219f
6996,176d6cc5-5af1-401a-a5c8-2b8ab6a2659d
6997,c888af63-305d-46ef-9f48-f0353620160e
6998,d2655536-486c-49c7-958e-39bc4a179f7f
6999,cb86b3c1-13ad-4b51-b571-f6340c643d0f
7000,ea38a1d8-0e4b-465e-a845-4d95b2b5cef3
7001,af972d06-022e-44dd-8872-042962dd5a9a
7002,50c21735-23e6-4be4-b43c-f52f9e9c90b3
7003,c0028b99-faf1-4550-badf-b1d2fed8119e
7004,726e5db6-f581-4222-aa63-586cb4a5c0a9
7005,83d57398-e266-4a0f-a8a7-cd8fa225172a
7006,42cd9831-c820-473b-98e5-24ebb5eca61b
7007,54932a96-47b9-4aec-a989-bd8fe9c4649a
7008,bdaac2c6-f9be-42f8-bb71-bf938a091e5a
7009,9f084568-15ec-44a7-b58e-ea4a5944b933
7010,58b0d9ac-fa2d-4d48-b3ce-b587d63fdb02
7011,ab1f6852-814c-4e0e-9e26-9cc2892c61fd
7012,a3b790d6-3f77-4765-b182-41ec5ad1f141
7013,319974ef-1263-4891-bd40-67d7614416a4
7014,3812c305-96be-4ff9-a893-08f5e880a857
7015,d0719bf9-d6b1-44e8-9041-ef838b7d4896
7016,cbf56d6f-dc18-49a3-87e6-6ba0bdd659f4
7017,1a6b28eb-5cfb-436d-9499-89fb27114a92
7018,fd603e62-697c-4625-ab17-383d1312c197
7019,142e9b81-561f-47fa-825a-ebdda6c380e4
7020,9f0e92f8-53cb-40fe-adae-6320f4e8e7ce
7021,1fdd3ab1-6b12-4e3e-b380-a0c47486823f
7022,b8880ebc-dfdd-44cc-8ed7-a45361da81a6
7023,91662b88-6e0e-4183-a175-5ba9242fb650
7024,18097857-ccb4-4085-9faa-49a54b3413fb
7025,d93da920-5f3e-4e48-b1b5-0446e7abc4d5
7026,9cd62048-584f-42ee-8fcd-29aa16ce840b
7027,7152bae3-c87c-4320-963e-55c1e26dc91b
7028,a9a2e1a4-0850-44a6-b989-fe16f2ec0316
7029,7578fc99-0101-447c-aa7d-cc44ebbabb42
7030,79066334-633a-4a0d-9a04-535f4028ce6a
7031,0069c974-421a-40c7-a1fb-bfef64347d1e
7032,c3f92adb-3471-4134-a79e-0ba50c015d29
7033,e789be6f-65ed-4345-8577-ea89d91ecc89
7034,44829d12-568c-42b8-8f4b-6cbcb917cd46
7035,0688c2ea-4c21-4de8-8916-4dfe9bf42958
7036,dc9a37fd-4933-4760-a71d-063ed9d60922
7037,47b1d50c-a9ed-46a9-94c5-c5773b993aac
7038,d8801d77-316b-43fa-a49a-ee5376c94531
7039,c88290b7-4af3-474d-81f0-222e0873cf13
7040,7b88ebba-6493-4b31-a944-62a6b2a833ee
7041,0466ea75-f4eb-4204-a7e3-dd5c3dc4b89b
7042,46ff3567-0cea-41ef-8e8f-f430e8917e0a
7043,133b9c3a-96dd-4bed-866a-47bd6989138a
7044,96e8b1f9-5b7b-49e1-90a2-80cac77c475d
7045,730318b7-3114-4432-b152-947e4823492f
7046,ded457ef-cdfe-4460-8acc-b7e21d04aaf4
7047,5b63a861-2176-4ad4-ad49-052ba109f9ea
7048,9f297571-18b8-405f-8154-3df4f72d16d9
7049,1bfa1edb-2ad0-4531-bac3-f592f3f858a6
7050,36e6d1e7-1d8c-4f54-a79e-481081098823
7051,611feed7-92c7-42a1-8db6-f765a14b12cf
7052,a8dd5f04-692a-4367-a9d7-a22d01851320
7053,bb635694-c2b8-470f-9d9e-0730c7b9ddf5
7054,fdba084e-df78-45c5-8f9a-140e625ea364
7055,d2a66e2f-817a-42fc-a506-6da519854e2d
7056,0b50bf88-e71b-41d1-b6d2-f35484c8ce83
7057,a6e93019-ba6b-4949-b432-2c2f7adb0088
7058,c83979bf-3eb5-4dd1-aa0c-e0d4f383e779
7059,8f148539-6030-43d1-8778-4c3cb43676ea
7060,4305cb0b-5ff4-40bf-866e-4708b82d9e89
7061,169f5cca-cc05-40d5-a4ca-2c04f7fa4bbc
7062,d1fb6b00-9d4b-4708-9dd1-9bf15264aba7
7063,200b1603-a5b5-4c94-a5b6-276da3627b28
7064,82d22690-1413-4533-a240-46504c318745
7065,b6d020ad-b8df-428b-9347-8e19f85469f4
7066,bc2b52de-a9d6-46a0-afe3-de9c01b74935
7067,5d31c5f1-cf71-4e41-b138-60e29da3ef0f
7068,085809b4-6706-43c3-88dd-ab97987953d8
7069,ccf8ffdd-81a0-4199-b45d-c55860456074
7070,354fc919-084b-4012-9818-5d08d2b0d787
7071,0d75defa-5198-466b-9d47-fb0fdd8be813
7072,6708be2d-8245-416a-a995-51b3ebc9d9f4
7073,cfb6a449-8891-4a7f-9b85-54f1e980afe6
7074,2304a003-1fb3-4d15-bf28-2260b0809f4a
7075,1676c5ed-0773-4785-8c05-ff608415b951
7076,18160b8e-fa67-4665-8077-a15e0a928e00
7077,5448fd76-cdf9-4823-bb1b-470f246a6ab0
7078,34169540-4ec0-46aa-9f5f-7520cdfe65ee
7079,a649736e-8dd1-43d4-a6d1-4133609210c8
7080,432977f5-e097-4cce-9972-cf908fd24ceb
7081,3209c89d-5315-49c8-a973-e6fabbe3ccc6
7082,80545cbe-8715-407f-af47-28254d8afecf
7083,4a2a935e-088a-400e-a228-557ccb2a1469
7084,df4c0092-38d1-4aba-ae22-143f096796e1
7085,b89964db-04f7-4ad3-bc93-35d00dff5736
7086,64484c67-0e89-443b-a65f-5d9eca5c9305
7087,e64681eb-0a6e-46de-aefe-97f450a94385
7088,6ef08f6b-8223-4f78-8e61-7fc61b9080b9
7089,d21ebd83-b0e3-41a3-a5b8-a26b531d71ef
7090,ee9f1079-5a92-4fe0-b82f-6eed9611a8c2
7091,336700aa-95ea-425e-a0aa-7bc84bbe5539
7092,65fd0e37-e2ce-4fc6-9b5a-7f65f2f3690d
7093,8c9395ee-3374-46de-a8cc-95c372922afc
7094,c3d508ff-6f15-45c0-8109-b391f24141c1
7095,b59ca0f3-df73-4cf4-b7f5-86143a301f82
7096,5ee76b53-7057-4a8a-8370-c61821397186
7097,03d0e58a-6bf5-4e10-9a15-20aaef58ad47
7098,844308ad-788a-4710-ab38-6569bb4bbdbc
7099,809c9c89-f098-464e-a6c1-ec77dd0ba0db
7100,abdd0711-4e8f-4424-8828-17e330c9c053
7101,c3916343-6804-4ec6-b21c-3649f15610cd
7102,a54c69bd-e64d-4e5f-ae2b-e617ce9c19ee
7103,fbcbe119-03a4-4f68-b3cc-78f15664be4e
7104,be60bdd5-5dc2-4266-bdf7-e8111cdaa6f4
7105,5bf9a8c7-edd1-4fe2-b431-ec30680d7bba
7106,91783ee5-de2f-4805-9b16-05b5eefc6331
7107,97da7e4b-6039-402c-b4ee-84b196be2ffc
7108,1168661e-a26f-4155-aa34-225117bf44b4
7109,1109363c-8ade-4679-8953-ef4a110f66c6
7110,b784b4bd-b972-446a-904a-ecac92c69d05
7111,87914ce4-9308-465f-bbd9-52ea2b86adaa
7112,52946da9-9bf0-4025-bf4c-9cfe1f556fff
7113,794b816d-83e7-4427-8685-09586a2ac878
7114,a7373085-dd31-4b63-a91b-39f9d020b49a
7115,0de819d3-3dba-40a8-93de-1d536f097665
7116,58a4db58-b13f-474f-84a0-6c04d365362c
7117,cdb0a0cd-bb6c-446a-907d-04a6b22977b6
7118,d1925a4d-51ba-4aac-9040-5fb042150293
7119,b171233e-f826-467f-b676-a81502e02e61
7120,b0a0b24c-c877-45f3-8d28-32bf83eaf0b4
7121,8d622650-2d42-49e2-a946-63094f7aab11
7122,8e66df87-ffcd-4e1b-aca1-99d1d5050eb2
7123,685a38c9-2142-4eb6-9a57-6a66762b191a
7124,2447b10b-78e0-4a2d-aee4-533409ef4cc4
7125,50215864-7428-42e3-a152-7e353dff592e
7126,62f06b5f-1fec-468f-87af-34cd0f166fda
7127,caaa924c-3613-4ff8-bae8-b3db0a486849
7128,fdd97a02-f0a4-40a1-b437-cffa94296729
7129,0019a94f-d037-4eb7-a3a5-bc165153836c
7130,e464a6cc-2aff-4557-8d23-b6956aa08956
7131,fc25394d-249e-4c6a-98f0-27a5a6fa1e96
7132,845bac04-9958-40ec-ab6c-8ae0ca45273e
7133,f5bb94e2-d80d-4ea5-9c25-7b8ee4b4ea8d
7134,3bfed1c7-2e06-4147-a56c-7e7963454941
7135,8e1ff22a-c0b3-472e-8a09-e25cfdf54ff0
7136,12c0595f-a720-4140-a9fe-4d825c625751
7137,0936be09-40a3-4203-8213-25d6dd3118b1
7138,6006169f-9589-4188-a3fa-7c6d7f897695
7139,a6a9cd2f-7f8b-4153-b0e8-881364565bd9
7140,836ae734-2ff0-4a1b-af48-3f357ea8dc36
7141,261d0efe-1bbc-4d5b-9337-9e0388daa27b
7142,bf655fbf-7210-4080-91b6-6b79b83e13d7
7143,8c63ac11-ae39-4119-8ae3-190d4299edf4
7144,70101893-0920-4f44-bc7e-db29ffd308df
7145,29e9d267-815e-44ec-afe7-c2d824053846
7146,e2b09738-8402-48df-9abf-233b151b997c
7147,2494671c-eb48-47b3-9c60-cf83e9d89ae0
7148,7e743206-2e7d-4050-bda6-6713dbad2427
7149,5aa72339-d998-4000-b5d9-0d0d5338fffd
7150,c988e9f3-624f-4e39-8e77-4b13c190ff4d
7151,c1c32940-a58e-4fb8-8037-160bc93de3d9
7152,ef70e6d4-079d-416d-a846-cc90398184f4
7153,7071adc4-c61e-4555-8f44-2593dcf85901
7154,e3276339-e1ca-49fa-8a22-18d70a11170b
7155,527c4589-da42-487b-a6f5-cb39a153c742
7156,462e9f16-8d81-43ad-b7a6-7d580d5a0eca
7157,133035e8-6cf7-44ca-a9f0-cf86d079d67d
7158,e39ae934-08e4-452a-bb11-1b23adefd72e
7159,e1474666-4266-4585-be38-215b37b18cb6
7160,31b661db-5231-4434-a6dc-e0b539f7f33a
7161,0283880f-4a74-4ba5-927c-4de16d6d4bf9
7162,55249581-44e4-408d-942f-180167e99654
7163,bac7405e-263d-4270-b7c9-c964168738be
7164,8cd4252d-9b8b-437d-b19e-71b8ddc7c79c
7165,62bfd8c2-a8f3-4ed1-8f65-ed2ef6d4bf14
7166,3cbcfba3-6c2f-4c20-98c2-64c4dd105129
7167,fcfe8b36-c208-4c5f-baa7-b5c426c87ca1
7168,10772b22-a884-4f6e-957a-44e442688d1a
7169,61c0865e-3c85-4e1f-8cef-449b2a1d3964
7170,55f09f79-a065-4d55-ab17-02493503092f
7171,55744100-5751-4d2c-a9a8-046fbb96a580
7172,65a21d6e-5b87-408c-bf4e-158b379331de
7173,05895ace-199b-4d92-927f-cce0320074d0
7174,d84365a1-e656-4a5b-9838-b9dd5c3704d0
7175,f29e612c-c904-4eae-8420-572e1d34a958
7176,a1c5e599-c298-4eed-8d63-aa29624a2d4c
7177,88faf230-2a3c-423b-b98c-2e8df8defb8a
7178,e7b44e9b-b842-4ad3-9b23-c065985a293c
7179,2a788386-1b06-4aca-8b60-a4b1ebe14005
7180,e656f557-6b73-457d-9f40-00bd92ee3c26
7181,773c30fc-8116-4685-8fa3-9c1952c72692
7182,1d3129c4-75aa-4fbe-b93a-9fb10fe0280b
7183,21d99b2c-2050-41ec-8a2f-4d7a075cc181
7184,fcad9a28-0bdb-4f1c-b6d7-42115ea0fe57
7185,86c42588-45ed-4c97-887c-eff651db5bc4
7186,c5411055-9802-4767-b9ef-900730e5bc1a
7187,4b9301b1-0bce-421b-b560-bf8a13b84107
7188,59b3a4c1-bae7-4d94-9315-259a032e6ff3
7189,2cb72661-a4f1-4253-85f2-fa7aee9b032e
7190,876ffd93-4626-4e49-bb06-3dac2d6145df
7191,f7eac390-2f24-436a-97c5-65ec641f70d6
7192,4d8055e7-4e34-41b0-a696-ea8eff490626
7193,16846064-8b91-4340-90b4-235f7dcdeba5
7194,821ec5c0-224c-4e59-8ae0-fbfb643fd67e
7195,5e8e7c1e-dbe0-418d-81d8-be6451f439a5
7196,d8137639-da6b-4a5e-b983-31b3ec13d595
7197,47886a9b-3902-4af6-8213-5f71d962f1d1
7198,3732be76-d372-45a9-a620-45b2e656ced3
7199,39985ded-cbf4-4524-926e-386a0b1c66f5
7200,85a8dbf8-d517-415f-9fc4-3e2c92297d07
7201,52363788-9da0-40f0-88c3-afcfc2988c62
7202,e4399584-0285-4212-8750-7d3d1be6b998
7203,7017dd60-95e0-4ad1-affe-abc0a8cb2d6e
7204,c223f82c-e526-4698-b9a7-83164d58e229
7205,9fdbb146-0d1d-49a8-9b33-d37133392537
7206,25f691ad-fc8a-4658-a724-8d9505762cf6
7207,a65a2503-4ff7-486f-b78e-5682146b7910
7208,f93ee97b-1062-4b79-a04b-8a15ae4b907d
7209,f9d58361-249c-4cc4-bac3-e444abb250e2
7210,6b495d24-e005-413b-ace0-2fae4f429ad8
7211,2da88dfa-064e-454c-8468-ac7d795c6403
7212,39d30857-dae2-448d-aba7-a44e448ac738
7213,de4fe1aa-a9f0-493f-889d-d0293d9edcc5
7214,313fee8c-5726-4039-898e-92842f8afbdd
7215,4a4d9a69-cfaa-412f-bdc1-872aedf03ced
7216,b7676b4d-feab-4025-ab52-0006f71bec58
7217,c6269a7c-c660-468f-94d6-c4137e8b179e
7218,a206cf8b-5a3e-4015-b754-c12b379d65a7
7219,4c58faab-0f9c-44fe-92be-04c1aa5f042f
7220,99e748f8-0f73-43c3-92ea-204ecb3ca093
7221,3f612025-af6a-453e-a152-51ef0a63fa6b
7222,9597a1bc-cff6-4e73-8dbe-d2a62466ba3d
7223,308844fd-5403-4d8a-ba9b-fc4a603e325a
7224,5a74b28b-133c-4845-aae2-b9385181e19b
7225,40288380-371e-43ab-a413-c7da45ed4504
7226,cbba0ff0-ed5b-4860-b327-faff9ab864ad
7227,d2be51f5-b9da-4ad8-aebb-19d2c87b8d7b
7228,c09c3b84-024a-425e-bd38-a5522a40e296
7229,739a8019-d1e0-43f8-bed6-acc038f958d8
7230,99e476ff-edac-40e9-a8d4-769a13e23605
7231,64e504f2-8dd9-4a6c-9d4b-ef6519f316b8
7232,17f26cff-08e3-43f6-9c34-3d94785c7f43
7233,20f587b2-220d-4c12-89bb-bab3d6a0ecc1
7234,406ebecb-e4a5-4e1b-bdf7-85efc8c37665
7235,b2aea0f2-5822-435f-9892-8da2b3667d6e
7236,050ec13d-f221-436d-b038-bf04a6ba41f7
7237,23769077-80bf-42b6-8ddb-12a88db35c46
7238,60db7bb1-19b2-4c67-a6ee-08a1f9c424e6
7239,d1eeb025-7d02-4a6a-94b4-a2de2abe1b9a
7240,d5690231-0fa9-4a2b-977a-62bd706d9d40
7241,557d27ed-0393-4258-ad25-63381d410268
7242,20848571-5264-4553-971a-a7167b9c0093
7243,abaed53c-cdef-4307-be0b-e6312e767c77
7244,d18abce2-c68b-4718-8d39-a4afd87a0585
7245,4ea8cbc4-5ed6-43a8-9620-fa0eb678fecf
7246,75e7995a-8bfc-4ac2-8277-f24301b1b8d0
7247,d1ce28da-3fb0-4d31-8db8-de1fcf981a10
7248,e82ce1fa-2274-448c-9cf1-45d7ef400318
7249,c2af6423-71af-4d21-8b88-fdff49025693
7250,2eb7d3d0-c31d-40a6-a0c8-3bfb4585d863
7251,f156cde4-fce1-4733-93a2-b17869cfe620
7252,511b7a57-3884-4144-a359-a37aa5f64ac0
7253,239baa5a-0dea-4815-941f-d97dd679917c
7254,d13efff7-2ed4-4ff6-83d2-9d77c37bb230
7255,9f885fda-cf11-487b-a947-aed84b676a99
7256,560aa8c9-8d5d-412d-82f4-eac4c82262ef
7257,702ca00d-04f3-43de-a4ae-7b5f89bc80d3
7258,1ff56e7e-62f0-4641-8515-0f92e5a0566c
7259,87e1e253-eba3-4dd6-aaf4-bc3510140a67
7260,8d061bdc-7db7-4f83-b6d4-44fba0e66312
7261,2b2a897b-2c9c-4f15-84ad-230a1050b333
7262,4dc3eb1d-fea1-436f-add4-7adec10f8a26
7263,1e4f4d15-b538-43c0-af99-837bf6c4fe7f
7264,b4bfc4ee-1152-48fe-9b1e-3c8fb0a137e8
7265,7928cadd-a495-4698-ad03-25b30355b01f
7266,92efd37d-8db3-4244-8d0d-99da09d8d950
7267,1e653ef0-858b-4bc0-9663-5c4a569fc4e0
7268,88ac3c85-8b2b-4d0f-aeda-853a38b564a5
7269,c2ffa864-0100-4afd-9cb7-4d3eb6722ae6
7270,01371df2-430c-43d1-bfd8-6afc391a33ff
7271,325edd78-ce9e-404a-89cb-bc8b11d42fb1
7272,78b46a28-b31b-4b25-a5ce-a83f9f9e6054
7273,313a005b-b9d4-4a36-b4ce-00800366346f
7274,891d05f5-7ba9-4886-ab1a-f509a11435ab
7275,1e9c4bd8-57a0-474f-95fd-487c793ebd13
7276,7a4cebaa-d693-4cd8-9981-70a9000ba047
7277,8471826b-e0f4-4112-a588-f725d2833f22
7278,54502963-29b6-43cf-b7cc-e3de731955e9
7279,e09dd7d2-a7fa-4f1b-8a74-a32d24301bd7
7280,e0197bd8-a8bd-45aa-9dc4-36970dea8f39
7281,474a3c4b-6ea6-4c6d-8086-5fafeb74801e
7282,336b77db-ab7f-4d42-89ea-8d8968dada72
7283,38610089-1d19-40c3-9492-72c2d4395b38
7284,21aa9259-94d4-45e3-8810-5cd48607c3e2
7285,42281e3d-a75a-4125-ab4e-2a7030991383
7286,4873e53b-af70-42f8-8cfc-a3e52de6d3cd
7287,ab0dbb13-5506-4e93-b6c6-88ce4e102dbd
7288,ae0aacbe-e9ce-4f76-869c-46f01c17ec8c
7289,ba5d7591-e935-4c5d-b6ff-af59331b6935
7290,7fbfeffd-5dcf-4739-8df3-16bd495c5029
7291,7bea65fa-1b30-4d88-8d7c-f46c19d1469d
7292,950c6c47-b22c-4b85-8b0f-54d91529be16
7293,44469985-2cb9-45c6-be19-c2ddbca328f5
7294,e231d4cb-1aa8-4b88-911e-dbf8b01e2784
7295,24e744cd-78be-493b-bc16-8ff87ee34722
7296,e936b6b3-a942-4c77-840d-baf41f5b8eae
7297,47fd51ca-22bd-4062-948f-4ee9f29ea311
7298,8fdf2cc7-1408-43da-86de-26cda9017dab
7299,88001ab8-0f43-44a6-97ba-7e8db82ecc19
7300,3b38d8ca-2807-4257-b5df-0e60732e5033
7301,a9195952-eb12-4ff9-be3c-da58f4ee0a92
7302,f72fda66-fe68-4c1c-841f-93228a2a80c5
7303,66203c03-eb4d-4a39-a13a-d8afb04ec739
7304,90b52205-0e2b-421e-907a-badfc49932cf
7305,4aa894ab-a858-46a3-94be-4a46b333ca71
7306,4a451c2d-a386-47e5-972d-363e554f155a
7307,20743f4c-c4f7-49d7-8282-feccb3528619
7308,968c6665-561b-4f44-a70a-615622883534
7309,c883a280-8cf0-488f-af95-3ed320dd5f95
7310,d448a8d4-4873-4c2c-9058-789f736aad2e
7311,9b2932f0-a2ba-44b3-aaed-2eabb53d0b90
7312,8525293f-76a4-4fdf-a3b6-ee4019f41662
7313,3d52e264-9be2-499d-b84a-2e159500a105
7314,260d9964-269c-4cf9-baaa-0ea4d6bd6008
7315,150a43da-5c06-43ed-b09b-6247f6e325c7
7316,10b6c6b1-08b0-47e1-a55f-86c7ffe6bc55
7317,ae503215-5101-47fa-b81e-7822a5cf0e35
7318,fe659bd8-869c-461d-8dd6-c6afff2b2052
7319,555c76ec-a123-41a3-b335-fada8ced9c7d
7320,c9297e72-f0d0-4df6-afd0-c199a6c9748e
7321,6bcbdb78-a5b1-48a0-9de4-6a983b5d8c63
7322,edf96831-cabf-4331-96a8-62422fc49422
7323,c4e79f30-a830-4691-9eb7-8cbeb1956227
7324,e6b8b42a-75ce-4c56-af5f-29c3931e68b1
7325,5f8900a6-5b0b-4edb-94ea-fd48be5fd8fb
7326,ad9dd003-d90d-4f9c-b2e4-f7ca34bc35a6
7327,c4106e76-0103-492c-892f-48ec6a2d3ac6
7328,fe4a976e-b906-4933-a897-229983a9127e
7329,858e66dc-e222-4645-87ac-fd990682cea8
7330,7c8e48f1-d252-41f9-a087-e4f8d8761169
7331,5aa61644-db2c-438b-8e39-dbc3cf4e7d8b
7332,56265b5e-d1db-4bca-ade7-fae6699bd6cc
7333,fcee7960-f034-44e7-b020-9c890dc4f653
7334,995853d7-1add-41e2-8caf-1defc82ba4bd
7335,4063559b-43e2-4ee1-8db7-a51b00e9a6a6
7336,cd00ec22-5f77-4828-bce2-088294212889
7337,2ec45ffc-9291-40a3-9095-32c3214d8298
7338,13363f34-ed22-4a6f-9322-08cc91cd466c
7339,640e30d1-faa6-4663-a592-ecd7133b55ec
7340,2a6d9a3d-33e6-4b3e-b7c2-8f39e41aa96c
7341,e7e130d6-eff5-46d3-a2a1-4791735f4d0d
7342,1396f59a-ad25-4cd2-b989-d824b5d24adc
7343,a0457ca0-97a8-4550-bba9-d1e57b699ccf
7344,65763f05-3cd6-423a-8620-b4e8ba91441a
7345,9385727f-4c36-429c-bdfc-3acf3e1b0683
7346,6497bb72-d785-4e6c-a90d-020edec90e77
7347,265e40ac-0ed9-422a-b2dc-5d7f0a8607c1
7348,ac06a67a-afd0-452c-9905-fb5fd3620a91
7349,cf3d28de-262f-4ea3-8c49-c34270083f61
7350,53c17782-5a07-4e36-b27b-f277892bc5f6
7351,9850bd5c-f65e-455a-9d77-e3f82fa54ded
7352,83d50311-7f55-4336-987e-7b2017fa87ab
7353,bbffab55-252b-41f2-ad88-6ae0f13d85c7
7354,c7639431-c9f4-4771-a16d-daa556d7ffd7
7355,b996fd24-baff-42ac-95fe-ad12f2f587f1
7356,b5dbaa82-a436-4eb7-b6c5-753aa281bea8
7357,8d082dc1-0f6d-4a9b-ae82-e7730896d75a
7358,47088747-c54d-4479-8bc5-c9b7b0d96245
7359,a3984920-3f40-4614-a637-226b0d98d60e
7360,11851843-7fb0-431a-9494-927984bb0e27
7361,5b996737-d722-47e8-871f-737a3cc7e234
7362,8e60be15-1cea-4046-8d9c-83fe6a0c553b
7363,aeaa3da1-a4a6-4b70-a9c4-504da541e2cd
7364,ca9de53d-c15e-4ee2-b74d-d40388413040
7365,e564cbcd-8ea5-4d96-af45-2e25c65caa9d
7366,8999202c-5c07-4d85-93db-664c95bdbfd3
7367,72102b45-c108-4152-a81d-59957f7c3491
7368,6ceebfe2-d908-47db-b1e2-f87eb1dfb369
7369,a7f176b8-8972-4ff3-b7a5-afea26bf2e21
7370,1aa4e5be-c679-47ce-b8f5-083d2d19ebb4
7371,0438bf95-9adc-49db-a396-42c6bc9f5344
7372,1a684b78-86da-4a47-873a-5e460ae7f361
7373,2c2a8ec8-d17c-41d7-b0a4-4a30fb3cccbd
7374,8b2e15c1-2e27-49dd-ac1c-83c7251bf547
7375,e601be60-dffd-42f3-ba94-75e4e6c7b8e1
7376,5f57c771-bfae-4082-85a9-680eb5a05373
7377,c6b73183-da05-4631-9830-2944ad146eb4
7378,0552af29-2a54-40c4-9a70-02ec9cf0e344
7379,4efe522d-582b-4bc9-b9a7-bbf61b21ffd5
7380,2917ebca-e816-4b6d-9046-fd8f2cb65a85
7381,7f623e9e-59c2-4d60-88d9-9110c300b754
7382,b12f189a-b6be-49b7-9603-5e6e2441a54f
7383,6a75d91b-3e81-46ca-bea8-e52ea0557e86
7384,342d6f68-1046-4274-86ab-e420065060aa
7385,a09f8b45-b4ea-442d-b290-fc3f6cb34538
7386,26b1fa7d-d390-4e51-9692-17f351979999
7387,5a0f1c62-de54-4226-861f-d60d14c87a2d
7388,98039424-1e00-41a0-9001-e8fc7c274a69
7389,701fd5b9-5ae3-4bd1-a93e-e8f2e7847a4d
7390,08969809-015d-47a7-8c7e-6a3e260b7215
7391,e6e29d15-80a7-4083-8bc5-993e2fed715c
7392,df2c83a7-7866-4f19-bb96-e44b0494ba5f
7393,5a0ccbdc-cdfc-4a91-bdb7-42af4e947578
7394,116c62b2-2135-46a6-8519-1a0415f9abbd
7395,88d45bc5-0949-4946-8c32-ec856da4e0aa
7396,bca03769-74cc-4a92-8a7d-d18d8772456b
7397,7accae55-7b6d-40e2-b886-469ca8ce87a5
7398,fe85ea13-cf42-4533-bb5a-e525779f6229
7399,075405af-8b8b-4952-916b-6b076699ae0d
7400,e3e93bc2-4c31-48d9-9b84-8ed020762296
7401,f81d3281-22ee-45fc-9077-b715e7c6a574
7402,f4689cc0-55e3-4403-9ade-0fba887ea300
7403,5e69c5b8-c81a-400c-8f32-56a7fba40085
7404,04df45c9-eb9c-4d8e-855c-49adf5d35c62
7405,dbfe34d9-008b-48e9-bf3a-89c76955e6b2
7406,941c59a9-97f0-4a56-8dd5-00938fc40b4c
7407,b92ed427-591c-478f-a062-9b318764cd0a
7408,ab5644b0-3d85-4428-b248-410012b46654
7409,afa400a0-70f9-464a-ab80-bdf3430e5f8f
7410,4a6a5da9-ed65-4585-9d98-91d6f2b5c9f4
7411,192cd8a1-bc50-4e6d-8058-d8512552afaf
7412,2b0daad6-89d6-436b-87ea-df5909fcac2c
7413,7212d288-7b02-4acf-840a-f4c97c5dcbd5
7414,433c60bc-1c88-4242-bc8a-cce3dcf9b364
7415,5d5cc691-c0aa-4a2f-a669-8e565eace67d
7416,9fbf5764-6781-4e90-bf94-93217d000b9a
7417,8d5bd2c0-4960-413a-a495-fa0304d5a0ca
7418,ecde3de8-bda4-468d-920b-4bba65b37863
7419,438b8f27-1de7-4177-aa45-ccd46eaf8536
7420,e36a67ff-5f05-449f-ba59-11af7c107b42
7421,a4f7d880-6199-4e64-be0d-d98e605c29d1
7422,401d10e8-a6a2-402b-a39c-c8bff6dc7b9b
7423,8eb48172-fa34-4e56-b2db-8afebbcfd3e1
7424,690df644-6e06-445d-9b6a-3b5302398edd
7425,28ee33cb-91d9-42e5-9f91-cac44e1a2441
7426,a2808a93-bc99-4351-940d-4128063c2e09
7427,bcfacec4-ddbb-4aee-a8ea-6905e98573b2
7428,82cf4d8f-41e3-44cf-b506-e43514f6dd3f
7429,8c0cbb5c-8373-45b1-baf4-6b40ebe0d882
7430,5fb334d4-e318-4e4b-9318-d0a5f4a7fa1e
7431,11350d0d-96a6-4d2e-9777-d3c07b2939a0
7432,2e5346af-14b7-48b4-a93f-749ea485261d
7433,d6682cb9-e676-4d29-9dcb-38021b236a8c
7434,2648d292-9f12-4967-b3d0-563b2984d133
7435,97ff6e3f-4002-40c9-9ddd-8e41e8cefc51
7436,5ac83a10-e0c4-4868-a9f5-23397c404409
7437,e9f41ac8-ef2c-4fb1-8d29-ff3efb5e673a
7438,6ebf3c81-6f69-46b4-aa17-9e054024da07
7439,db22411e-b0a7-4824-b7b0-4af7abd0aeeb
7440,2a204078-6b47-4deb-b2c6-522cd9fadfed
7441,1d7761ca-fb19-4e47-a84a-da731eac0f05
7442,16e0262c-7354-48e7-972a-a9993671259b
7443,175c1b60-5d90-476f-bd7e-b85025c3c2c9
7444,6ca57b37-d9ca-4194-bf60-bc24c1f02528
7445,9195c5f9-073f-4b70-b26d-2ee51f5de87c
7446,9b7cc8ac-a973-4f42-a6f3-a552a637c307
7447,19e503e2-2766-48ef-9887-62e29423830d
7448,b4c3216b-b433-45c6-8135-31dcc707e687
7449,439ffc40-a69f-4628-acac-53badad6cc0b
7450,61ce900f-194d-4870-8e9e-ef561b01fa3c
7451,08e1e6c9-9db1-47a8-98a0-148ab5d92415
7452,89c3e1b4-f3bb-43c6-8df5-2a1c2488a9b6
7453,c8b532a5-fd6b-4030-8924-8a1b3ca01575
7454,1269d5d4-d8e9-4c88-a4e1-9492015d2510
7455,f689cd02-da88-4812-a915-f89e3c40b3c1
7456,f661d9e9-bb45-4de3-8093-6c8129a165f0
7457,a1061297-8a62-4a55-bcf7-f5907f8bd16e
7458,38948e4d-bddf-4398-834b-f9e2534687c2
7459,9aa04a17-5efe-45dc-83f4-0673ecd15a6a
7460,d748fd05-327f-414d-a097-9f7a0b06d484
7461,9a296b47-a89f-4940-83b7-cfeb6939c81e
7462,b84d3f73-24d3-460f-9fe3-75dabf43993c
7463,4b0e4e66-1739-4543-8541-cf7658b20c64
7464,143056cd-6ea2-40ad-8d37-2f441aa5d270
7465,476711fc-dd42-4449-9491-783916b72994
7466,0ae79a15-ba8e-4046-9b7c-5031d4b5c259
7467,4e793fb3-dd28-4f24-930d-a9749fb42e10
7468,6c9e3326-533f-4d69-8e18-259a37605ae2
7469,d0ee7140-630d-4e62-b04f-8349f1d165f3
7470,2a397631-1d7c-4b9c-91a2-1e91ef5ce74a
7471,280a46a8-74ea-46c4-a934-bd78bd8d442e
7472,f14a21c4-d9a3-44d1-a744-ccaf037922f2
7473,46886de8-d1e9-4081-8177-461082a529ab
7474,ac50a51e-9e26-4319-b0c3-c3083aa978e0
7475,a8f822eb-1449-4c75-8672-40cbc22f0ae8
7476,ac75a734-5c7c-4915-a1ab-41473e8529cc
7477,e2c0b782-564e-4cc8-bb77-c52ac219bf38
7478,586e69c6-0f0f-4dbe-87cb-62ed8a493a49
7479,8a3d09b5-bf85-47a9-a432-3fa2f3c8c06d
7480,3028ca46-228d-4830-82aa-45b3af79534d
7481,6130bc5c-c8ae-43f9-ad3a-8b34fef445f1
7482,4291fc68-6dd5-43dc-9a41-232702130a9f
7483,4e2309bc-35d9-453b-9fee-56f19b0576dc
7484,8635bd16-1dbf-4a9a-b17e-329d510552f7
7485,46e95109-aec9-4014-9a66-0b21d1fb4112
7486,2773a0a6-8655-4ad1-aab3-0dd2defc72bf
7487,3400c5b2-bc54-4926-a68b-8bbeab09d50e
7488,6d18bace-5c31-45cf-97e0-bf1468b78926
7489,1d7d0b33-84aa-4e28-b429-f2ff3fd6ca6d
7490,eefad4dc-1006-4182-b76e-848eca5ef545
7491,1b528ebe-a38f-441e-8405-41abdf532f6c
7492,b3305358-8e86-4c0a-acc7-6f83750e1dd8
7493,012e7155-06f2-44a9-ab6c-b2ecea62be2c
7494,66e9526a-3050-417c-abf9-ec039848c8d5
7495,dd7e5917-ab13-40bc-9cbd-34cda8b3c3d9
7496,a5678216-08f2-47f5-a8ed-9fb801816b9c
7497,fd63deed-6315-4648-81b7-3c3a3f006733
7498,26ce6d89-9f75-4b7b-8c02-de70cff35cfc
7499,7ffaac8d-580b-4ae8-86d6-447161629bd1
7500,72777124-dc98-4c90-ad67-563103b4b1ad
7501,ad41d7bd-70de-454f-bf6b-b3d781bc3748
7502,4a65033a-9123-4db3-9950-61b35ee69663
7503,48a4bf60-b566-4d80-941d-ed3825698db2
7504,8a6ae237-2602-4fcf-b0fd-cf045279f3d6
7505,02fbf236-3bef-4469-bbe2-ec06e3d3efda
7506,14a2d261-cc7b-405a-8646-d5fc28886cf8
7507,27d39f5d-f05b-4f03-b088-c907a857b82f
7508,3cd076dc-d294-48a1-8f80-4e8f79f14486
7509,97230d7f-099d-422c-8660-c449291b4c10
7510,324ac95c-a330-4591-aaaa-876ddf62f99b
7511,8b899342-e074-4c5f-b9a0-8f9eacbf995a
7512,54f6f67d-f85d-4591-9495-a7bd9ba8849d
7513,88e0551e-22f3-424f-a081-b548b9c23ae5
7514,35dcdd9e-08e1-4ee8-96c8-9be17571941b
7515,9d83e13f-b14d-495b-8364-3fe3446b4388
7516,f4971068-9e05-4b8c-975f-67e527eebd43
7517,872c1f59-484f-4a06-a17b-8439326c9fe8
7518,16754cc8-4fca-45fc-8387-665dea2190ca
7519,4b4f96fb-afce-41bc-9152-c2ef3d62c510
7520,070d218f-cfe8-4618-a8e0-77e373d6d070
7521,d9922e51-ad04-4cac-ac31-66dba045803d
7522,f3a94a24-2ade-42d1-b155-3cd24ace2aa2
7523,a49d2435-59d6-4ca2-80d9-a6b447cc5a03
7524,b97f85eb-ef33-4faa-90cc-8ce6f339387d
7525,ab86a3c8-29d3-4712-ad0b-e2815243e28a
7526,89b93076-9002-41d3-8a7c-6b37f78f9ad0
7527,9448c80e-630b-4848-996c-362b9e89c8c7
7528,9b37ce56-96de-4072-b3f2-7f7040ebfb0d
7529,bf243a64-1f84-46dd-b139-0c72fc30d405
7530,5d0e63db-c802-4d62-8ae6-a506064cee39
7531,5e47457c-0334-476d-a044-cb05a484777a
7532,c11793b2-c05a-47cb-b808-abfc40cfc870
7533,8a12f2c6-cd10-4bdc-bdd7-524fdc038d2a
7534,16809857-2fae-4a4f-bd1d-83da7d6821c3
7535,755e70a4-970d-457c-9099-ae76a80cd61a
7536,ef8594cf-e2df-4b73-9a7f-12e0125d1a5d
7537,8dd4db0a-5845-47b1-a671-8282b08746d3
7538,a98c3016-7268-4ea0-9428-65237e1e4435
7539,4b88493f-30ca-446c-9f75-55e88bc64bee
7540,77fce35a-b438-483b-98e9-391c8a7d1e25
7541,bdd0f8ef-f1b6-4d3d-9586-46bf8fc3516f
7542,b395cbf3-e130-42cd-a17b-e71f6d61437e
7543,2f7fe8ea-8713-44b9-837f-de43288351cf
7544,f88a47e9-23e4-4c26-81e4-f2f7c5c5fb59
7545,9605eec9-b5d8-461d-9f31-628f6d756f02
7546,d40ded09-fb7a-4c11-b88f-cf285ac71428
7547,5e5fe62e-248f-43cd-ad92-57e717773d8e
7548,768ba5e1-773f-4b4e-8cac-ee5696e9fff0
7549,fe5d074c-1280-40d9-a794-37619c814a06
7550,dcde4ba9-f245-4622-8726-1271975d87aa
7551,cd12fd12-d7a8-4e59-ab62-5bf5e7c6a013
7552,02d0bfc1-db13-4a35-9ca0-23b7ad6385bc
7553,5b083490-7e6b-4473-a8fa-a2f1c4a84435
7554,fbeef78f-63ba-476c-8836-1cdc249f9f90
7555,d56c4b94-d56f-445f-a754-5fe5eaddf81d
7556,89391a28-5fde-4d56-87aa-991718904605
7557,113ab2a6-b193-4664-b9f4-982b7db0f694
7558,a4556d79-d93a-405e-88fd-e3c05c9dc4a9
7559,f5521d52-8d5f-4825-a5fa-77ea5cd8731b
7560,9edcd8f8-7e9b-4e2d-883c-5d3482ff1e1f
7561,cd0dcf83-f4a3-4eba-888f-4ff44c318f6c
7562,3c1ad104-e1d4-4c8f-a0ba-2872f862a58a
7563,c6ece94b-b738-4dd9-bbac-58919ee4ed48
7564,d7f46f33-ffa4-4578-bb24-85fde6487798
7565,dfb1aa5f-2eb9-456e-931f-9bda901d8f8e
7566,6ac67763-c05b-4123-a387-028f818ad24c
7567,f05cc93c-f4e1-423a-9e5d-6a6735055618
7568,1f6bc799-265f-4674-8791-275ea0f2aec4
7569,05c52b97-cb9c-4805-aeff-e9b4ca60137c
7570,07d97c61-6d83-4417-a33c-2e4dcfa49139
7571,338aa71f-00ef-4efd-b815-fbf7c6446d55
7572,e0e3269c-d084-4300-a407-a0d3f70ece9a
7573,95fd4826-a8b1-470c-a631-7c73624b840a
7574,7be68db7-889e-4358-b31c-3fcb1b92d756
7575,3e63366c-e39e-41b3-bf84-5a639cb0abd6
7576,37552773-8bcc-46dd-a343-dc74e58bc090
7577,27c3d4cb-3ed7-4a5e-ae9e-7ceb934302df
7578,4c62a01c-bcaa-40bf-b385-d9372a3492cc
7579,5546aa17-37df-46d7-a3ca-3f7e33382ab8
7580,c69dcb8f-4d09-4932-ba9c-defb3ddbbbee
7581,d04e9ac7-3ffc-4d97-912a-fe3747429cd9
7582,084a4539-2975-424e-9fad-883d50e30419
7583,7899a0f3-0c9f-4833-8359-8130c9a3747a
7584,900fa123-9830-419f-83b8-ff34165fcce9
7585,e8d60f92-92ae-4bc7-8e9e-ba44b290080c
7586,b32ef9dd-2a55-4807-85d2-00aec35bf858
7587,6903a851-d69d-4ac9-8008-d11818f0e2a5
7588,ba0c6fa6-1ff8-475c-8ce3-0316dbcf9da1
7589,61728e8b-2277-4a42-88b0-bd9bf15ba126
7590,fff97198-3f45-4ff8-881d-cc960b77c950
7591,c6061aa7-fea0-44e0-8f95-fa60b7515aad
7592,591cc254-caa2-4297-bf44-7ea3ea7820d2
7593,04561367-5305-4f83-812f-2637c9e07438
7594,36591691-1c6d-4ac4-8896-cce54d30a7ad
7595,9ea0d410-b036-4a2e-b6f0-585df2f9df97
7596,5c615f4d-5667-4f05-bbc6-9ad27a3929c9
7597,f9a6fae0-653e-4789-96fc-b42d5721928f
7598,21f49a1b-3e7f-4f51-99e6-9714bb051c5f
7599,1203845d-270f-4372-8f62-5c1825a344dc
7600,57bdc65f-6003-4a58-a7b1-c7c6e7534905
7601,f0cb84c5-fc29-49c5-99d9-b3ecb4c00897
7602,4f58a47b-b6a0-46e3-8fab-243a77640f5f
7603,5875f25b-d29a-4a7c-a5d5-d5b5b0d256ab
7604,f72a9598-2b9d-4300-8066-70580dccbb99
7605,29ed2fb6-6b73-48fb-bc4a-54337f135973
7606,7ea7aaaa-0f69-4cea-81db-e984e7b4f132
7607,fe5da78f-776c-4f64-b9d9-dd1eec2a9fd1
7608,1fc9426b-5d5a-4453-9fe8-554a97322b91
7609,ebb3cc8d-dac4-4971-8d68-af620bea12a3
7610,60920da4-41a9-4c86-875f-d347dc47fbcf
7611,8de0b03d-9d1c-4a75-a0ca-88b0bd4992d6
7612,39202302-4cf3-473f-a995-4aea2b5e84d8
7613,629be18b-96a7-4777-94e9-fa2a95eb8d23
7614,b61a3968-7f2d-440d-981b-bf5499c60cb3
7615,124ed357-0a79-4a5d-bcab-00fc31981189
7616,b2b3ff5e-a64c-4874-bf5a-e3a2467775a0
7617,8591dde7-3593-4ba9-88b9-412afcd0274e
7618,2c9b4fd8-e79c-4a1d-8cc9-537b2041d3b7
7619,5c14c5cf-5080-4b96-9819-101494341953
7620,14342d8d-9077-4400-aeab-5ddf4b7c1756
7621,377355f9-06d5-494a-86b1-07aad6c32dd1
7622,c9410e07-12fe-40af-9faf-aae4c3189963
7623,aacdfce6-1083-41b9-9de2-53737fc61296
7624,d654cc02-9e0e-47f9-ae2a-b8657a69c05b
7625,454e1dc6-ab39-463e-a305-67878d738181
7626,014f87bd-9111-4301-a7e2-83d046144843
7627,5271292b-b236-4767-bba3-258511af3028
7628,ba68091d-acdf-4373-9718-344869223b46
7629,d45c4086-6e5b-493e-b253-bd4605a9cdb8
7630,428de730-d467-4746-adef-a946617a069f
7631,e0ff56d8-846d-45ed-9975-694bd865bd04
7632,30e3b337-3372-48e2-890d-c52fa5fc8514
7633,ebc78cfa-9a02-4ec6-8ca3-6b00c2834650
7634,7080a394-5349-4287-9757-8f8f2d986e65
7635,07bff0e5-9c4c-4a65-92d2-0c8fe41b6c1c
7636,8b7d5dda-c6dc-4215-bf9d-901db2701bac
7637,5027bd40-d794-47c5-aa03-444dc26f2ff9
7638,43ba7603-3e2b-47de-b20b-ceead99e7d24
7639,f02af412-9660-4956-afd3-9de085ad3e69
7640,15c0b0d9-a251-4197-90a8-3b9f72439031
7641,1eda6dc7-7242-4bd4-b9cf-b6ddc203f796
7642,2b795092-97bc-4654-8f44-015220185811
7643,64c5701e-b53c-444a-b4d9-e0fa1a0c8af9
7644,65130088-3d0c-4909-8c66-57bfc02e6112
7645,7dad3eca-81b8-4664-b293-cd79c142663b
7646,442dd8ac-1ea2-4b88-830a-24197aa7e0aa
7647,c4a71567-40b4-43cf-acef-294b6f25d5cf
7648,801d4fc6-fdcd-498b-9918-40868c1a019a
7649,16065c6e-8a99-4b8e-a0f3-92610c4531c6
7650,cde323fc-cdfb-4542-811f-8f3b4448efb9
7651,31a7b75c-733e-44b0-94e1-63e6f6e5c219
7652,94422c00-a391-4a15-b76c-7393c4e3872d
7653,ad24b065-2be6-4a00-b277-6de164b89d40
7654,0bd58bdc-9332-4c7c-afe3-9d73b8122cea
7655,99d46222-e7e9-4b92-8fe9-391ad60c9b5e
7656,ba23575e-8efa-4761-bc5a-ca40d9f48858
7657,61aac9d3-3e3c-4393-a0cb-568f152329cb
7658,758411ea-cabf-4e58-aa35-e2a190b9700f
7659,48a2bde3-7d8a-4f9f-800f-8e4e44a7f82e
7660,34e5ac08-e6bd-4681-8957-878f44b0c5f9
7661,6f918c40-8486-45ed-a1c2-6ab20d873b34
7662,15d02b7c-960a-4453-a663-54c674f0982e
7663,1b82aac0-2d3e-4003-bcb3-ad64f5012eeb
7664,c5409fb2-63b6-4f45-8926-c4f4d2a69bc7
7665,e2d80458-f58f-4b41-bc44-f34ac5c5ba35
7666,a784489a-a24b-4a48-9e65-282b30f300df
7667,692c34e9-c2f4-4b7f-8a89-fa35aec11bd5
7668,beba5bfd-373b-401c-a75f-26511b2491ba
7669,b98c19f1-d792-4f31-a07e-0415202626df
7670,55b0288f-4671-47fa-902e-6e11f9df36e0
7671,464b9119-b2ad-41d3-b5b1-0aba25b09607
7672,655761de-54b4-4281-bcbc-e8f40e5e8467
7673,c4a151b9-13a2-480b-912f-c95cabcaa127
7674,c29ff984-bcf9-4067-9f7e-d3734da4ccf1
7675,f2e4f267-fcc8-4466-819c-9a062e3442b3
7676,5dacd7d5-77a8-46dc-a57d-6fc704c3d613
7677,2fd26147-d71e-409a-81f8-6b6e2a7dd32f
7678,732d8669-65bf-4fef-ba81-ccff19f8a08c
7679,5a297aa0-33da-43fe-8bf9-61a97ae2d565
7680,4e64aafa-4e55-445c-b908-5594f66c93e7
7681,42f2e68f-59c1-4335-b974-10e20bfb2288
7682,a5bd32c1-9f87-46a9-be16-e119e9a94f04
7683,3aec742d-6a00-49a9-b1ae-80503980d72b
7684,69ff7c22-f36d-4b10-9add-c733967a25db
7685,ea84f6d6-8d6c-4078-8ef3-12f36706cf75
7686,7ab39d72-022e-429a-9512-a8c30516ad34
7687,304cff37-124a-43a6-903b-5e3f070a5c55
7688,911cdeb7-bf6e-4d77-a2b0-7596029e8cc8
7689,e681386e-1661-4336-88ef-38471e7e342d
7690,c7198f74-76d0-4f33-81a7-902172d8d7f6
7691,02721be3-b6ce-40e6-a13b-3377b418c0f2
7692,a80099ca-0328-460d-827f-807beed0078b
7693,2328aa3d-df9b-4c33-8e9c-2faa449ce8b8
7694,e8a6ec75-3fef-4633-ab97-2127af41e5dc
7695,95327496-b721-4913-aa03-c9716028f705
7696,899b0e24-0bbc-453d-9aa7-7442fdde8856
7697,a5731ec7-1256-4f0b-9115-6fc176f38141
7698,dae8c5e3-95af-4362-a4d2-c5a06ebe8fe0
7699,b9dbb373-c6c3-4419-b9c5-326881ce7934
7700,dd449c54-2848-4ca1-9a0f-bb1f592059e0
7701,95096af8-661e-482b-a5a9-6623016d59c4
7702,2cfd0039-e850-4b65-8984-3a98a7740d6d
7703,d6b53e33-5bef-4e8f-89b8-fb954463cec7
7704,64b83b40-79db-4c46-85a9-ac67dd6e3154
7705,7e3db128-bb64-451a-ac3a-c59f603fe963
7706,7d718863-160c-4568-89b1-2c0e3a496e47
7707,3d7e290a-bff2-468f-a48b-83f61cca6cd6
7708,255db2af-1b05-48f6-ba93-351329d20f0a
7709,8c69e14c-5058-40da-b25e-54855d4e1d1f
7710,74394732-b6c4-4eab-a0e4-1da75bd0ae36
7711,3396392b-055b-45dd-b284-95be1e9b9da6
7712,c0a921b1-ba6c-4472-bd27-1e7d8e910888
7713,2cc8e381-8520-4789-9c67-ee1c52b5c360
7714,62c22abb-1620-49ea-b1c8-b10f80cfe3f5
7715,a17eec22-ffbc-42b6-831e-d1dce560e0c9
7716,4f5e2bc4-50f9-42e6-b820-ad574686ec3e
7717,280d17e9-f079-4b9a-945e-162d752956e0
7718,28e95c1e-65f9-4413-96ef-543c2bdf4e9a
7719,65360c2c-ebac-489c-b0ad-228af6e38c86
7720,e05d6e78-1a80-4afe-bb9f-4192ebfe47ae
7721,28eddaab-c767-4c08-b2e9-d1060e6ec0f8
7722,4f9347e0-2ef1-49d0-8cbf-780b10ccf23f
7723,42f37329-e377-434e-bc83-8992d1798cc0
7724,970973b0-f3ad-4ad4-8f3b-d449816a07dc
7725,32e32c6c-3924-46bf-900e-7f3d9ba52970
7726,27757b79-1df5-4bad-8d92-7cd6dba4ae6e
7727,b99be761-fb8b-4398-befd-ceb8d6dca5df
7728,3bc84987-1dc3-43d3-9191-726d755b5f80
7729,6802b710-c887-43ba-93c9-dabb66b68963
7730,49a6d072-e54f-4fc3-bac0-95e6554ce5d4
7731,b95aac3f-c69b-45df-af44-993bac78994f
7732,966e89f9-1c79-475e-97ba-bb913da22e70
7733,2d2c5818-47ba-4099-a3f5-8ea56aefd40a
7734,36232381-f0a8-4a3e-8d81-456598d4d33a
7735,262653dd-3a49-4a0a-8eab-c654477e3a4e
7736,08183744-c2b2-4046-8a1f-3d3b377a1846
7737,28cff17a-271d-4025-9213-5e620f48918a
7738,666800ca-7711-48fd-b30e-ee1bd9bc159a
7739,329a837d-3a60-42f8-bd2c-3742fd1ba607
7740,4b8af8bf-cbee-4769-87f8-eeeb40e33b28
7741,ce55791e-c91a-49b9-b89b-a1ad4c822273
7742,cbf19592-9109-45dd-84ac-51af26bbbbfc
7743,95510d0c-0bc1-46bf-9423-3e87b60ab979
7744,a1a898f5-5d69-46c3-8931-5d4511f9ec55
7745,54057227-1a5d-4c38-b450-56a92e9504f3
7746,9836ad34-edff-447f-86ba-525c582c9293
7747,6eb68e2b-2793-4600-945b-2e612398bfd7
7748,d9bf8df2-d08c-4925-97bc-5944dd603546
7749,c6612abb-5e8c-4e57-bd3d-afc6e83dbf8f
7750,fb1b67b8-b5b5-4813-b754-377f047f0560
7751,740e972c-7050-4997-8f83-181257a24fda
7752,2ea3e278-b5ac-46ab-b948-d52fac44a1a3
7753,8879fe6e-a9f1-4e36-9f5b-b268cf530746
7754,36a50308-7026-4cb5-b7f8-a9768a046056
7755,30ae25ef-fe3d-4673-aae3-07f726c6f8f4
7756,a818ff75-e73a-46b4-9774-44dbf305763b
7757,ac25d037-364b-41c3-a6dc-866eee9a8124
7758,fdc9c2a1-8816-4914-8e97-bbb12181943a
7759,997b1dc1-041e-4809-b2fb-36ff394d7d11
7760,a0dec55b-61d3-4b57-adc9-8086fd888722
7761,a8ecba33-7544-4a13-afe6-db74957e155a
7762,21207b37-d71e-4ca1-8212-2d86e3769066
7763,e36783db-d415-4fd3-8b9f-1408affd503d
7764,00b649f1-a821-4a7c-8b6d-db500b001132
7765,cd081b0d-16d3-4014-b499-7e8664572285
7766,a62dd211-4e60-4480-8ec8-5d5338883a20
7767,028a077c-2ff8-4519-9171-988dd5c49471
7768,a0f81cbc-7bb1-4342-9e77-1a74a921117d
7769,1a8a2885-c487-4b6e-bb32-70451093c6ab
7770,98c991b8-1adb-4620-b61a-25260215a5f9
7771,deda230d-6df2-4f78-8139-20fe044c5244
7772,e43707ca-258d-4fca-b5a5-770ea7cbba10
7773,9539b884-814b-4a65-9885-4571dc84d7b3
7774,cb22228e-40b1-4946-8628-f5a80e21276c
7775,ecd4cf79-2a95-4ee0-a87f-274777f88ced
7776,df7bf425-f14c-4351-a66d-19d4c1aea609
7777,8f16f857-ede7-45fc-abb8-cd88667614a4
7778,4206cf94-10d3-4ea9-ad35-0a975d9f80de
7779,6fae7bbc-7732-4976-b995-56b916f9a7ba
7780,4e94900f-7b0c-4ba5-bbfe-8659e1f03a7a
7781,ed3a4b0e-1947-44ca-af22-30ce736caf51
7782,f0361d57-8761-42e2-8384-c19a282f35c2
7783,e4c9aaf3-2c90-49b4-a592-b4fa21992ecf
7784,0efd8841-d315-4718-80f3-d468fc8c3c20
7785,966125e3-e51f-4cf1-b22f-909b8941db60
7786,880366f3-1468-4e56-b516-c2b723d0bef4
7787,56671f9a-71ec-44c1-97a5-2e67d299e38f
7788,17c492b2-690f-4580-b477-c6293376c698
7789,919f0e61-d45a-4e7d-a1ce-382300a61343
7790,45b33986-6fa9-4d97-9087-ccc561832096
7791,f7c99e90-357e-4cdb-80e0-1fb020597855
7792,184bd6d1-eff7-478d-83e8-1edacf7aa1d2
7793,28adf5d4-93c2-4987-824f-f606a1d4ee73
7794,05d46e16-f053-4c2b-9d94-76d3c7da46a7
7795,a6a30c95-ad31-40c7-8fbb-e5e4242d88ca
7796,b99eaeb5-3fcc-4915-b982-abb096064ec1
7797,594d5f65-2e64-4b9d-a57a-1d45ab6eb9b9
7798,8ce4c3b4-d3d2-4ca7-903e-b61f6820467b
7799,498659e4-ccdf-484d-b5ed-018ded802a1b
7800,fad078a2-b91f-4683-8c90-e88ef590d082
7801,613e1d6e-14dd-4489-a6fc-2a0105e0cbdf
7802,d4d887fa-a3c3-498e-917a-344f9a3c99ad
7803,38dee26a-4471-4be9-8706-5662ab9cdea0
7804,bbf90000-6d3d-4ab8-9278-29a0a2b51e86
7805,1ccceda1-8db7-49a2-984b-8400520950f8
7806,f25cdb34-9871-4f32-9698-12456768a634
7807,a36605f0-9cd6-4371-9c29-e4f9005d4b51
7808,d0163c03-3468-4d0b-8644-6644c4fd1a91
7809,db63a9f0-ec97-4c86-b312-6f640226c9bd
7810,72ee6f2f-733f-4aa7-a9ef-775f763e32b5
7811,6e4bbe69-4241-4e3e-af13-81c0d5f80674
7812,404b7e03-ff72-4123-9cc1-2478b6fd1b30
7813,616053ec-ab07-4ee6-9d73-2b467373df8e
7814,c7f26abc-7321-4524-9c17-3991ba2a70c4
7815,501f4da3-7198-41d4-8cea-d95bc90fa0c6
7816,d3e93a01-8b56-473b-bcc6-36667107b4c0
7817,c1532397-3f1b-4664-b149-ea2f6e7ac46c
7818,03fd5008-84fc-49ae-9968-2ed8092c7ac3
7819,401960d6-1cc3-4338-a156-d511f129b20c
7820,e5ac8d2f-c1aa-4857-aa66-f5c5908cc363
7821,f9a3c853-361e-4c39-acd8-749ff7316b0c
7822,2d06c1c7-62f8-4feb-bbab-e68bc1de2383
7823,6ebe27b1-8c5b-4598-93bb-1cea48507d18
7824,a7075254-0f06-4ed1-a3f0-518a564dc1da
7825,3d686292-1f51-4109-a60b-074fb8d829b3
7826,dc6898d9-c823-4a09-98c3-b62e6fe3aa1d
7827,668c610f-6e5d-4966-9899-605a304f2d0f
7828,c502285b-6aeb-4aba-bbba-2b68a15d4ad8
7829,ef4d9e87-e7fb-4252-b300-f2abd4b17f28
7830,1722cb9b-831a-48d3-b1ba-c8aedf444896
7831,fb1c48a9-3f47-4f8f-b8c4-48be642f2bba
7832,eed48532-0255-4dfc-93e3-f77771f05349
7833,c9f94979-e381-49f6-8b2a-832fc353ee0d
7834,7c534173-c59b-4992-a862-a8836f5dada7
7835,aba22ea6-9f4c-40b2-99ca-54b88d3cf280
7836,292682b8-1895-4147-850c-38039b89255d
7837,cbd93f6d-68aa-4351-82df-4f9c83a35037
7838,d60c6f70-6bf9-44ce-8244-aa4261fd029e
7839,80caf596-68f6-43cb-a61e-1790591165b7
7840,52348c8c-3fd5-4fc5-99ae-1e22615729f6
7841,f0a1f44d-f68e-4f5d-88ae-64e5c220a939
7842,622a4b93-f098-4ed6-8482-4eb359ccde49
7843,e68a2eeb-7d20-432f-a887-f631dd300bfe
7844,20fd62dd-5015-4b20-b051-75862be84320
7845,b5b7bfe6-4cfe-4fe5-b98f-75687bbc01c2
7846,84df3366-38fe-45ec-9a55-7d3fd0bc7d04
7847,715ca4ea-5870-4cb0-b561-5040252861e2
7848,b5fb0d22-4cde-4e89-a39e-755bb182c170
7849,ac9a4a47-d5bb-442a-aaef-b0dc61ced597
7850,ffe564fb-9369-494d-b250-5323e051aa31
7851,28e76c6a-2bae-4f93-bd31-7dc3d4d86576
7852,9caab64c-c62e-4ad7-930e-dc273c5b895c
7853,fbeb687f-f876-49ef-9f21-fbd22640677b
7854,34499a8b-f235-4136-b15d-f602494c01dd
7855,23359ed0-65da-4252-9511-cb4b97e46518
7856,e4e368ce-0743-489f-9b46-f5f7df779c8b
7857,3b6ce321-5e6e-41da-bf85-9a7cd71ec7d1
7858,b42ca665-102c-46d3-9210-262f66e90427
7859,e947d791-a86c-41b3-befd-1472097c9279
7860,4eb4a422-c134-42dd-bfe2-544419dd70dd
7861,7efedb54-3251-4c82-9a78-550946260b23
7862,e49683f2-baab-4228-8d50-d4383f253c6f
7863,da6cfd9f-a0d7-4698-aa5a-6fbd60252976
7864,0da02f85-44eb-4300-8a91-2e1f26cb470f
7865,202f4c27-15c5-4798-9e13-f18d2bb30d2e
7866,b3a09bd2-0ac4-4150-bf90-315487ef49cf
7867,75abcf25-0c87-42bd-9763-1645ac84c11c
7868,1a7ff9f3-060b-4023-bf63-f29947036775
7869,85e5ddb9-3cc6-4d48-a3ca-23de75a7b2d8
7870,f19aa1f5-09da-4f50-9a61-2071dfc84875
7871,bf6ec448-a45c-4f5c-bbbc-c83b6eb1aaba
7872,f35535b2-377a-4b13-8c5b-0de78d40a549
7873,4438396b-4a73-4be1-a995-5e2008a9fc40
7874,e6ac1a51-57cb-430b-9052-0edc078fe030
7875,70f5e136-1519-4638-b739-4f2a56f0f754
7876,373cdc63-75bd-48fe-8d4b-b46cc3817887
7877,f47acdd8-051a-468b-82d0-d2eabe9ba55e
7878,40b01d87-cfd9-4dc1-962a-7950e96e7574
7879,0bdc6fe3-f3cc-46a1-a69b-a60c48f05896
7880,6e249284-2c7e-407c-b7e2-1d42b93d097a
7881,b4a2ca46-d7e2-421b-9b92-746d14097eff
7882,51dc8adb-f299-4fff-98f8-9d2a2786474e
7883,c021b323-3106-423d-8c7e-2e012c26d200
7884,c5e053ca-f6a0-48df-9ee4-8ed8ad6931c6
7885,9ef495bb-04ed-4191-aafe-55b7e1ec52e1
7886,e61b82d3-2d9d-4b40-b12b-f7ef4167f2ed
7887,654f5874-effe-4379-9580-0fd209f041cd
7888,b10f5c98-d3ea-4396-a419-79b564be7a58
7889,6e82adea-559c-4b2b-96ad-838f76f56504
7890,113dbf72-f72a-4efd-b37c-93cdcbf4e10e
7891,7916c001-6288-4b06-b837-45776c8b1d20
7892,5c1438fe-368b-451e-bc41-842ea1b25395
7893,96b1a75b-f416-4e7c-a0fc-5b204c103aa8
7894,a7990807-3545-4075-be5f-cc37eb541776
7895,1df1f534-acd7-4638-8481-31f92f90f399
7896,7de2f40a-c4f8-4939-ac3a-061fbd75fb8c
7897,6eee01fb-8219-4052-95cd-35ec8227ddb5
7898,55583312-83f2-4d9e-98bc-4227c6f56398
7899,64fc6fb3-b714-4af6-9a07-82f3f753b249
7900,82d08fb5-2f50-44fe-bcc5-503a5a8574c5
7901,873006f2-0388-4b64-a978-835301ff400c
7902,948eb6ce-65de-49fd-aac3-b131a1c0bfb4
7903,5cf9433a-76ac-4b8c-b1ff-5996887e847f
7904,7f0734e6-90da-4a85-bd6a-b7536cf816f6
7905,08f69552-032a-4d35-aa33-07004e391979
7906,501670d3-88a4-448a-9c39-22fb32be8701
7907,9c49d838-89b6-4072-a910-95756c5fc438
7908,3ae81c14-cf7f-48dd-81bb-c21e00f3831c
7909,73caeddb-5a20-4d5d-b981-bf5cc1d7efe6
7910,ba2b62d5-df7b-4831-8423-deda002e424f
7911,57cbfb90-833a-4223-b452-db33bbbcd955
7912,992c0b70-1102-4cdb-bd75-02ee453df7b6
7913,69307be0-7e01-4c15-9551-cdfb91ca5c42
7914,d46c2fca-6c3b-4ce8-9023-91a90b1687f5
7915,2832950a-3bdf-46e4-8585-89021b5b37eb
7916,a84c4a78-6b58-493b-ae52-f80d51e0c1fd
7917,07782101-8bf7-4bbc-88aa-b9a8c85db2bf
7918,5ae7ab67-b897-4afc-b27f-a730dd5d8bba
7919,3561ad3b-98f0-4b85-8e57-223abd497a3e
7920,918e3e49-df5b-41d5-aa69-0fb49c63c95d
7921,197093b1-9b5b-428c-a9a6-a0ee15066f21
7922,3c48d74d-8d61-44f7-940a-aaf4e463dba8
7923,bd1bed87-c81c-4ba3-bfd7-67f61c0af5aa
7924,aec71e53-606a-45c6-81e3-6a77af9de2d5
7925,7c53daf0-aee9-4735-adfa-e9b58301f27e
7926,85eea302-7cad-424d-8d1b-39c2679d8e5b
7927,75c3ce18-4760-46e1-a9a6-419c53ce28d9
7928,6e9a74c8-7e4c-45ea-acbb-ddfd37f4ad02
7929,49a58a68-cf43-4a97-ad5b-35e0042cf4ef
7930,6aa65ca0-52d4-4c4b-bb0b-0a3a4c69c0e2
7931,86a2d1a8-b194-403b-a0ec-b5bd5fbc34d2
7932,1f4cb2b7-2afe-47c2-b95c-ff85892b50b9
7933,b41be91a-cec1-4be0-a8b1-7e6f40e3b8f0
7934,3ddf1314-0b0b-46f7-b0ba-ae63ca660941
7935,5722d38b-525a-4a38-aaa8-4eb526e20d2a
7936,7acebe4a-303a-474f-a89f-094b4d52a5e2
7937,fa9af69a-3220-489e-a5a1-f191e115822d
7938,69244159-2d6a-4995-9b1f-15fa056d8cc1
7939,c555c6a0-f5e7-4e7c-adf0-350320ba37f5
7940,139bb410-11a6-449d-8077-7f84d69a6021
7941,bb89738f-b05a-4cc9-887b-4f40ac0045f8
7942,5cbff7b3-2b4f-4890-aa21-40404b4e02de
7943,529a336f-eb5f-43a7-9445-902033ddd970
7944,34352b27-f009-476e-9d76-8c88ce75d2aa
7945,006f71e0-674d-44a1-8cef-8a1d64067ef2
7946,10b9713a-5ac2-4358-8361-c010dbf47bfb
7947,eec6349d-3386-4c33-9ac3-c0a01083a1b1
7948,7b225452-2a6c-4e0f-9ef8-e3ee1d7997af
7949,48bae09d-ad87-49f3-b09e-09f3866763df
7950,4fff1325-244a-4d8a-85b3-3a2137e6de57
7951,f2fb84b6-8ff1-4527-8d9c-bd692b87d0e1
7952,395b6dc6-77de-431c-9f4d-392255153ffd
7953,330a9898-ccdb-4417-b44c-2dddf691835d
7954,0ca5452d-0658-4044-8c40-e5834ff78bc8
7955,4db2b28f-cb12-498b-bede-f93451506f3e
7956,0bff4a52-87c2-42e6-b1c6-9625f26ae08e
7957,3b13efe0-0e4e-4f36-9b4c-f1a556e329c5
7958,265b9d96-e2d5-46d2-8750-dda7b0d080e9
7959,2c0d6b9c-3b39-430c-897e-5d14475d1419
7960,df154bd9-cce2-4b65-af97-d3bef6327bdd
7961,fd2a123d-4431-4299-b164-a9b3887f5038
7962,f9e3cb3f-c776-4fbc-8351-a822247c4288
7963,678f2d1c-b77e-4c0d-9c58-401a73b1e1d6
7964,7d328b65-a1e5-4163-8003-8349acc20d4a
7965,7ee3212f-4c73-422d-a6ef-265bf1e374a9
7966,bf3b9f04-c041-4f15-8739-162f44ecea43
7967,8b1127a3-0f5e-4a39-a5d2-341db9b9a067
7968,beb65e9f-aafe-4032-87d7-da742ca407bf
7969,4def8247-3b43-40be-9d67-1a694e3af1fd
7970,f3c212ca-eee9-411b-be14-d14c344ca9e6
7971,f048fd47-04cd-4fd1-b0aa-4406e71ec010
7972,b7cc7f00-04c4-40ba-8e88-866f725b3e96
7973,6b1d6422-64da-45b7-ba2a-8969af256115
7974,ceebd9ad-c59c-46a8-8e69-57a5fa323b48
7975,7b0b9013-b7df-4127-b3d1-d6d89823bf80
7976,81ceb0c8-f6bd-4556-b7ee-48ee83b495c1
7977,0301daea-3d2c-4fb0-b100-46dd2fac7643
7978,42d68b59-a512-41f7-ad70-39aaba90dc8e
7979,f6a94d02-51af-4939-89d7-e9070cef8def
7980,332ff74c-3a72-4319-a9b7-7395ceac3320
7981,f1976269-f06e-451d-9261-9a6b809eec3f
7982,1d2d11c9-1fec-4a66-ac76-55fee682809f
7983,f8c6a26d-8066-42fb-b05c-6ea09c732647
7984,f56c542d-c900-40fb-b941-21f35756bcbe
7985,157727bb-102c-45dd-a9c1-b5b0ee090846
7986,9177ae47-931c-46f1-91e3-d5073adec36c
7987,0ffb9e3a-d1d4-4977-8071-15d93a4698a2
7988,507f76c3-7045-4097-ba20-1b2577246ece
7989,d27fbcc8-b3d8-4e7a-8004-a790e029ab1f
7990,de3e11ee-1a61-452f-a638-7b035c7b9877
7991,f5423602-e925-48a9-b8f9-a4afb55d46e5
7992,e8904cb7-49d4-4cc8-956b-fe3072e5e579
7993,e8568e54-05d8-43c2-bc0f-e3154127303c
7994,358f67f9-c897-43e3-b664-32d73dc787d4
7995,69469c66-4f3f-4f78-af30-0d138a16e273
7996,425c2c26-619f-4382-ac48-6273da58bf97
7997,098d881b-d3e4-419a-83f7-71c38ab2dbf4
7998,b83cce68-5780-4340-8a1d-d93a3ef531fe
7999,03698d55-b7b5-4fc3-b90c-ca807b80e339
8000,2319825a-37a4-4dd4-ade0-918435ca0a5c
8001,1c7a2ced-0bf1-4d21-9b26-445b73126e62
8002,dccb0bea-41ea-4b60-a370-5f8705c1a7a7
8003,9edfb1dd-247a-49d9-9b8e-df44c0695d43
8004,21694228-d8d4-4ddc-9eee-87a84049b7a6
8005,32c4601c-a996-4ea2-9232-e92f1ffe2c46
8006,72375365-9c57-4c4d-8e88-272ebc18938e
8007,64bb3b81-0391-48f1-b1ea-499eae187062
8008,7f677abb-0bdf-4211-83d3-6295c7aa8bfd
8009,3f45041f-fcce-466e-a1db-6af828f918e3
8010,d36b148c-e7c6-4f9d-8091-1cf5b8b773b6
8011,0706ffe3-a043-4816-b32b-2ed4193c5bce
8012,83bdb816-ded6-44e5-a38d-ab814c40b063
8013,a434757c-64d6-4c58-bc27-6eb683fb3b75
8014,8749d44b-54ad-4b86-88b0-54bd0b5e9628
8015,96ab824a-da4f-4af2-9069-c05ce73d214d
8016,56a7fcc1-3096-4186-83c2-d7775684656b
8017,6e00f486-4bca-45f3-982b-80615aa33956
8018,b5d45eeb-3599-478f-bf7e-d34a33088a75
8019,c963f854-db2e-467c-873e-e2e9d199f328
8020,1d720567-ae16-40f7-a0fa-3cf13a7ec3e0
8021,396f0323-00fc-4c38-a053-09453ea515d9
8022,b5b4ef1b-d5dd-4a2e-9e5a-e1254392ed3d
8023,fc2c610f-b12c-46d2-867d-367b9e851de6
8024,32d98935-5968-4559-b6b7-2639d5036dd9
8025,7a11263a-a245-4ff7-a24b-a107208cef52
8026,62919697-c465-4d1f-ae38-81a218983a18
8027,c88c3233-7004-46fc-8e7f-527f5dff6002
8028,7708a1b2-931b-4a97-96a6-fcb1065cc4bc
8029,a6a4a313-ed2f-4d1e-a318-ab9770bb9f4c
8030,f9997e07-a45c-47a9-8b2b-19360026b9c0
8031,cae55b90-3652-4eb1-92ed-503fd6d1a9f1
8032,885d8e66-8e2c-4cbc-aaf3-493c025b4c14
8033,36441fd6-f2bd-4250-8df5-c7b115134399
8034,83df50aa-5fa1-4eea-a407-3980e504a737
8035,134e3c9a-ba5b-46dc-84e8-0896a411e8e2
8036,11b534fc-8e36-41e3-98b7-d584ccf5eea7
8037,6b239516-8466-4ff4-8a7f-e7be5fea46f4
8038,b15fccab-2f3d-44dd-905b-03395aaea22e
8039,19968f29-0a0e-44e6-b787-d164a5e2b29c
8040,1f3e5d9c-ef12-4ef7-9559-8e07c79e606f
8041,e2269670-b107-4f5e-85b8-38b4b752f3aa
8042,d9955d50-2a49-4c5a-b012-f7c3f2bb70f2
8043,9f71a288-ae1f-484e-81f5-3efd5e413678
8044,75d1de4e-bac3-4d88-9f58-67fe02d8a278
8045,5f2bdb1b-5fe9-4344-82cf-20e5fb135e2d
8046,a5dac5a7-f283-4771-897f-165e8c9b1ccb
8047,74cfedb6-962e-4ea6-ad61-3a742e6c1100
8048,5cf0547b-0383-45be-8e15-f4383055a6c7
8049,4b8fd9e0-96ba-4e77-bc43-1ac84ff63e2c
8050,523ddfe3-9714-4230-ad22-9af14452825d
8051,19d17d52-5602-4c7d-93d9-7da62869fe2c
8052,95e75fec-41b5-44df-9950-428615f103e7
8053,bc3e07b4-e369-4caf-916b-b76d9258f067
8054,dd8110e4-5298-4eb9-869f-ae4dbba07e8e
8055,9d8ae1ce-ece2-413f-a179-26565faeeb64
8056,96040510-a5a7-4671-8603-aa3b7a6b970e
8057,d7832c02-5e08-44d9-b4d8-8f8acd8124e9
8058,39178c6b-602c-4709-a7df-8227f6eb12ca
8059,8eb1fc93-8dcf-4a00-bd56-d15778ddf8a8
8060,56cdcd31-91af-4b04-b354-e84395722dba
8061,99d288e1-183f-4381-ad8c-133bbe5a1f29
8062,604b08f8-bfe7-473d-9b38-7c0e76da989c
8063,ecfb8136-a8e4-4fd6-9f35-a07e6c43f6ab
8064,9cca4296-6e81-42b0-b33c-6c429ef1b975
8065,3b5ba1ba-d696-4385-8135-79509eee9967
8066,dc349dcb-e94c-4535-b9c1-702a2a04cc04
8067,140cefc3-751d-4d35-a3ea-e236b42dc5b9
8068,d70928de-be9e-45f4-b3d6-3cf313e6bef3
8069,f6fa4ffe-9b44-435a-bf7b-c91bf689e3f2
8070,b351fc4e-6115-4a8f-bfc7-29a1eced0ef6
8071,d5382f99-9cad-43cd-9196-c9f53af86b47
8072,1936d662-e418-42f0-8645-09cdd40eb96e
8073,2bf01460-8592-4896-ba81-9c89ba0e0ddc
8074,3a2ded4b-c23d-44da-90aa-2efd6bbcba8a
8075,5e229d48-6c68-4441-b96b-7abbb39ede87
8076,7ec29388-b742-4c5a-a90e-3c3d4c2d199f
8077,04602480-aa8e-46bf-8e33-074e00d6b931
8078,a8adfbfc-4833-44da-89dc-7a05d452a30a
8079,90673278-a402-4e35-96ad-f6b66df2267c
8080,56e01775-edab-443e-8fa2-b028cb0b5411
8081,7aa0c8d9-ceda-49c3-b17f-7083eaea285c
8082,6ec2f436-e966-4d5f-805d-77655ded6815
8083,164b63d3-6240-4502-98ad-ec07dc6055e4
8084,2bda126b-ddcf-4baf-be56-07cfb8d51980
8085,0373f1ba-d7b6-48c2-aa17-0b3b3a3946a6
8086,3eb7a219-fe0b-47f9-8745-fafdd76acdfb
8087,450557f1-5b5e-4280-bf0f-3015f1e8a6eb
8088,1800ccd6-8bf1-43b1-b61c-a4149d585754
8089,9dc3aa40-bb21-4754-bc18-f6fd8fc87938
8090,33d06731-b527-42e8-980d-eca247c4e4ab
8091,0bb3be7b-ee3c-45aa-97ab-65d4f0862e2c
8092,6d510f61-754f-4d56-a9ba-aa20cb29317b
8093,125ea2f9-2b12-4908-b637-85997f3d3e58
8094,19756653-ee61-4c8e-852d-d501298e547f
8095,ad971f07-ee20-4fed-a992-8c96975eb9cd
8096,b5b4d7dd-0760-4190-b566-008e994a10d0
8097,cf56a0ce-0e0c-4d9f-a742-28d932be1a26
8098,59d105f4-ec91-4dc4-90e1-4744169e3c64
8099,475a3bed-58b9-40c1-87b8-880cf17bf2b0
8100,12b18f08-6a27-402d-b922-182ca8fb519b
8101,3b2f1fcd-9f77-4317-9996-55a7ffa050a5
8102,73641004-c926-473f-b188-2254163c5639
8103,28dc5c54-0731-42a8-923a-a422c91ec642
8104,66ad56e2-086b-454b-bfaa-15c851c48a85
8105,4108310c-e89d-48dc-a658-feb81c63d197
8106,a6584ac6-01c4-4dc0-b409-96145553f105
8107,546b55ab-73f9-479a-94a4-9a4aab886294
8108,9b06a399-a29a-454a-a7cf-14ad44834190
8109,a39938c3-3b99-4872-bdc0-6802fd1d20e9
8110,dc0a8368-5d45-4323-8c64-79a08a353660
8111,00e17909-27b9-4bf5-ae51-825731808d1c
8112,406e3514-5315-4185-b2e9-d3245fa0f2b4
8113,91027c62-3414-4ee1-9040-307bfae382c0
8114,afb1af66-202a-4826-88d2-58465c1cbb8c
8115,d6a017bd-61be-40bd-8c48-9a7452b0ed83
8116,fa2661d0-a1df-42f2-ae68-ca8df79e4e8b
8117,cf2deaad-2f65-4595-832f-0a9fc97de501
8118,d4691b1d-5135-4746-8333-aa85bb66fa83
8119,74cb4f23-5e4a-4a05-85a0-e2e07443435e
8120,9b2f4b02-2039-4f2e-af23-a2515f037a06
8121,766c7a2f-684a-4fdd-9497-fb0d6c799d3d
8122,96408050-7058-40e2-8df0-5f0d3c8b2a1b
8123,b847266f-df49-4e84-a6a0-993cd68d5318
8124,0c9336bc-9e4a-44b5-9221-cb5e17ad71e9
8125,df0507a1-16e4-4919-8342-699e435f1cde
8126,cf0125f3-749f-459b-92ec-ddcf277cf8b1
8127,3ecae950-f2c3-4234-8f49-6d5f201d579a
8128,4040c7ce-370f-4269-a6cc-f672a48896f8
8129,8ae2f8ae-5285-4faa-9b9b-faf2162fe9bc
8130,73557a5e-fe6a-4b2d-8ed1-bc590c3268f9
8131,fe2c7ed2-25b2-42b4-956a-efa67e62c9ca
8132,e305c40f-71f4-46a8-813b-a8e3bb31f2a4
8133,606d23e8-99be-4e3f-b84a-551c994b7837
8134,db9621c3-e151-42cd-9670-5c9f6331cf40
8135,26cb6c36-3cbc-4abe-af28-210ca97440f9
8136,eb89219f-4e23-461e-b801-12cf45b6d51d
8137,42070775-1498-4059-acdc-ef548284f0b5
8138,4703ecf3-45ec-4cfa-9d96-f7ec0ea1e772
8139,4b127231-351e-4e4b-a71a-5769b3b6bf87
8140,0f76ead0-881a-47cd-a458-22751aad79db
8141,9fdac2ed-386e-48b2-b1e0-bbaee511b3cc
8142,deae0514-c67b-4a4d-a354-c728104020ad
8143,5b97dde5-95a9-42ab-9fc4-3a277de1ed1f
8144,2ea118dc-6b51-46ad-9a7f-18e550b08910
8145,eec539ad-5fac-499c-b1fd-221dc49f4501
8146,2600345a-6125-46be-9ce0-e7ada2b495dd
8147,020b9b9a-9a41-4ecb-8698-542640913de8
8148,b58a6f1b-23db-425e-af84-db74225b0438
8149,6629fd91-f01d-4abf-9040-bb7bae177f14
8150,3f65974f-8dca-43bf-8402-81385dbd8b76
8151,d565063b-e0c3-443f-bb45-53dd63c7437c
8152,14775c9e-5358-49ce-bb2f-4b9b77b38cf7
8153,b65ebc5e-084c-4116-aaa4-b8808b7104c0
8154,7455de6d-5612-4587-a8ab-6cefad3c2665
8155,5244ee77-a2a8-412d-96cc-5c995523a561
8156,d29a5f4c-9fce-4f62-8925-8bb3e7b914b5
8157,709c44ee-0505-4e98-a789-71b1c3c22aa6
8158,d352094e-514c-405c-9102-4cb2ce611fa0
8159,723f4967-226c-4e13-bcb4-c3242b978838
8160,7f626844-8da4-4d4b-8081-6c8914c56c91
8161,c8e0164c-1264-4442-90b7-a687b488fae1
8162,e528c0ea-13a1-462c-955f-95803f164dd5
8163,81650d5c-fcf1-4ea4-937f-0057bcdc1bac
8164,db07d617-bfdb-4b1d-a085-5237a62ba936
8165,79907024-bdfa-4aac-8a56-355f4869d129
8166,2a5f00d3-7f9a-4157-8020-e73c98408b33
8167,1e41e692-f3b6-460b-b44a-d63ed01058b2
8168,b23af7b8-94bf-4289-92d4-cb7b1af868dc
8169,7ec3157e-fcf9-4885-9d72-17a290a328fe
8170,2784e5c9-8fcd-4d53-8591-b49be27be1ce
8171,8c694779-b45b-4431-9b28-1cea5e0d26be
8172,fa332ef9-ae12-4e3b-a163-c42ea11c1911
8173,b6bb519a-1abe-4bf2-9216-44ac899bfd58
8174,3ad2e671-8674-4a6b-afc6-fc20de276b28
8175,ea4d770d-fde8-4af7-9e27-03b45283b75c
8176,ba9fbae9-5c8f-4184-8d94-3d4cd8c60a24
8177,39e3a2fb-6fc8-4366-bafb-bc9e4fbd6f26
8178,94b3fb64-af44-4b5c-9df8-54df87016bb4
8179,2579d4f4-2594-4632-b74a-d063d5835564
8180,6de5e1f7-b162-4ac0-bd70-e001fbd12333
8181,570a40a4-a255-42c9-b3de-4f4ed75560e2
8182,d501b795-17cb-439f-a122-504603846e36
8183,372c1c20-bf24-458a-b585-7a6ee6b6691b
8184,c3de8021-5a40-4014-a4d3-59d2958963da
8185,09e6796d-ce56-4cf0-bf77-0fe36e96efb5
8186,04ea3cb4-e455-4acb-b3ff-4804151d4f49
8187,7e857b88-a2b8-447d-9e3f-982c6e916f6f
8188,8dbf65bf-bd31-414b-8078-e3571c42610f
8189,659dddcd-9fe2-4101-9a6f-19e9d649ca5d
8190,a7490aef-a599-4dc1-b544-8ea3c5c92d2d
8191,57656fe4-5682-41a2-bbfd-9ebc6ff204a0
8192,334a12b4-d632-4912-9817-b056f3f995bf
8193,f5d5735c-ac42-49d4-bd57-c0630ed956bc
8194,220049ac-b5ef-4b3b-a617-852d6b6b5b52
8195,7e811f28-f82f-4e10-9c48-459bc0ef61af
8196,caeaba32-a2a0-407e-9ce0-b74e6f9f2260
8197,46acb97c-d056-4c58-a44d-e8b00c3fc794
8198,a55e05a6-0f72-43f7-866e-6121015d2929
8199,f9d4f712-9155-4209-988d-e8d6c7d0aa56
8200,55b66648-01fb-45a9-b996-c05f22c9f0d0
8201,aad6a24c-a536-45b0-9a14-09f1c2b230d8
8202,8b4c89ca-c92a-47d5-b92b-e05ce4c8e302
8203,6fc4f737-0cb6-4ae8-8ff2-7f2fccaf670a
8204,378b26c6-43aa-4a8f-88d2-4cdc4e1f02ca
8205,b6490829-999e-40e3-bf0b-b80581b5ff7c
8206,59886a1d-34fb-4cde-9ad5-aba915a38213
8207,16d88f6d-b6f0-4779-a166-e238d4b9aed1
8208,9b3f1dcb-fa7e-4ad6-93a3-518fa11cfb99
8209,35c01bda-3921-49e4-8027-cbb1a158c145
8210,ec4d87f8-2011-46d7-8dc9-ca819289267e
8211,fe34bbb0-65ab-48c9-8d4a-f3f91dd9a9e6
8212,3750ced1-2dbe-4d15-976e-b8c5584ceccc
8213,2a5d631c-dcef-4d2e-a18b-630942b7359d
8214,1fee6825-15df-4c8c-a298-8fe218077a52
8215,7a2a187a-ccc4-4075-8915-b63c3f0d5eb9
8216,aa9c793a-f948-4766-90cf-68cba75ab88a
8217,fabbccab-26a9-422f-9222-ca08cecddf38
8218,a0de4fa9-8fbe-4057-a391-5c7017027069
8219,46fec6e7-2bc7-49bf-8c75-e32713d759f8
8220,d06854bf-d0c9-4865-8017-b213f76a73c2
8221,6c982711-c7a5-459c-ada3-f666059f4c54
8222,d7e914b2-bef6-4b08-ac7f-eec6a7106ea1
8223,b77be1dd-33e6-4288-874f-15ae8540b54a
8224,d71ca94a-c50b-45d5-8b0f-b4208012c4b7
8225,baa205dc-7a15-413b-bfdd-2cd767d52a29
8226,8ac9a3c2-ff4b-41fd-aaeb-7a11d68fc724
8227,665615a9-f4ae-4301-8e78-28c7481d4f32
8228,0559df0b-30c7-4171-8e00-280af4539283
8229,1e307e3f-bd0f-4e71-a436-05426fa8bd07
8230,899f96b9-54d4-4cd2-a22b-904ff95e0fda
8231,bf42b242-a3cc-4240-96a7-df19702f3daf
8232,215ac774-086d-456b-b779-33d6e4177c91
8233,5d7410a7-04d4-4f2b-92be-cc4dff25ea41
8234,1a357cac-2724-437d-994a-5b7c037263e5
8235,3681e5c7-d35d-47a0-8c2f-13fc84591d4b
8236,29863cad-7434-4e1e-a455-0e43936b3678
8237,598b7814-9a67-4a14-afec-5b3552d95b66
8238,bf7b9fa8-104b-415e-a180-d8fcf7caea18
8239,1ed261f3-02d3-4eb7-bc38-5d862bfef825
8240,93c04259-5c6c-4e52-99d9-0431781d50ee
8241,e5ae4afb-c6bc-4c32-828e-82d54eb1d78a
8242,35211437-0377-4a35-bdf2-47b67929f5dc
8243,673ff94a-f25d-4e83-85da-7dae39e74469
8244,1c4491a6-4492-4c2d-abb3-58ce5d9ea551
8245,ab1caa55-b559-4921-a0d5-d092e8025585
8246,f7e45672-5cc4-4ce0-849d-266205dc532d
8247,ca59e129-ca6e-4fcc-a6b2-d87e0fd724e2
8248,0026ffd8-f778-4bfb-bb24-d3c0d58ff5ff
8249,966793a8-25ad-4b8f-870a-fed94ec20231
8250,5199b318-7783-4083-8f1e-9e95c475325f
8251,65ecb7f1-7365-422f-8071-a4e7e5765e64
8252,4fa3480f-fb40-4864-b454-e8684597fded
8253,f1c8be6f-1818-41e1-abc4-f1a89bb3040b
8254,870f865a-ca04-43be-82d5-b4dbdfa29364
8255,e0955b2a-4ab5-410a-8e22-a608745c73d7
8256,b9a2f6a9-2ee9-410e-96c5-311f994db5c1
8257,20e95da9-7a75-4872-9808-59a657bccf76
8258,ddbfb720-1fbd-4c39-99ed-85de84fb63c8
8259,70a3067f-cd63-4846-9640-929647d07201
8260,43cc5f67-d994-4586-bc60-bc8075a1dd9f
8261,34ee9854-7170-4d2d-8032-d98ae2130963
8262,ac0aa09a-96ca-4f79-a531-718c933bf6d4
8263,66a30be7-1e0c-466c-a1fa-f86c400403e0
8264,49d26436-4803-457e-8e05-6457a0026403
8265,a1af51a0-39af-4fad-af73-e5052346f179
8266,f41e86eb-beac-4d3a-a57e-6585cc5a8598
8267,00d137ff-79e0-4610-af54-c839a73795e3
8268,bf773061-0a80-47e6-a85c-ba7d40d58c5d
8269,d07c181a-03cf-4480-9e3b-109a8eccad50
8270,7c863b17-e53e-48f4-8b05-84846cefcde6
8271,0fb9ce3e-a003-4523-a354-3aa029ef3605
8272,6ee1fb5a-8b47-4c4c-87a6-3c9b720e9806
8273,c890c58d-d185-4344-ac98-529dfdc8bda1
8274,f0683f1c-91d5-42ad-9e0f-926ef9cf65e4
8275,8ddd78b5-3086-46d9-a250-cfa031f8ae6d
8276,3e632eea-d439-4411-9c60-2062d7b94427
8277,cdcc2a19-66f9-4462-87b0-e50d9a8f8aa8
8278,94517f60-5a3c-4605-be42-e6966b0fe3cc
8279,28b95b97-bfc3-4164-bc95-15526d070fc9
8280,746da070-9cc1-4996-a48a-684fff85d305
8281,791ed7fd-2554-41ca-b4fd-682b596abf23
8282,4538e0be-6d77-4512-bac4-55a4872513d7
8283,f7c4f7e0-17cf-4894-aad8-567c3a09efbf
8284,a73a9f69-5e40-4f93-9e07-1e1240dd2b4a
8285,8bb507b0-1e59-4878-a337-0b4ad5ffc70b
8286,82bf6ecc-a630-4632-be4e-75feeecb16c7
8287,2e72d5ce-8a6c-43d0-ae74-0346d6dd9b6a
8288,7bac89d9-27ea-4769-a75d-7de99ee1e798
8289,7518f49c-7ee2-4e25-a517-fbf86c6d02a9
8290,89ff9f3b-7d24-49f2-9f83-6b32d4ecd595
8291,a695dab5-6c1d-450a-846f-2aa8ac614a52
8292,06b45e5a-cef8-4bb4-8b54-5979dbc4354e
8293,0a1b6852-b967-4d9e-baa6-71becdf49918
8294,c5d0e267-a4f5-424a-853a-0cdd1bc5187f
8295,bda36635-1d4c-4785-bfb4-80568f0dbd1a
8296,a9b5c2af-5a25-4b74-a12b-1440bdc55609
8297,809479e0-1adc-4567-8018-78bd2007d5b5
8298,af9cbfbc-f760-4fd0-a356-1576ba9e0e91
8299,b7154573-b1f9-45dd-8589-4f4b561325ac
8300,cb7b4904-a3b8-4de5-a3e5-518fd73c0c29
8301,7a3a0537-96fd-4604-a87e-4a2c625d0647
8302,522de361-63d9-403d-9d60-5be711a3d0d0
8303,0e9eb6b1-fa74-4969-8bed-5b5358d0fb61
8304,48011bb9-f00e-41b7-ba31-d3ee13b99dfb
8305,1bd2c495-40da-4ec5-940b-de72996f9d26
8306,c9ccb5a9-3e02-4d23-bd1a-f3a992742894
8307,c68bc9fd-e52c-4779-8837-01102a106632
8308,c9bb7de2-5eba-49b3-80d1-47dc76fa11bc
8309,54c94a7d-cee9-44d2-92c7-8ce35637640e
8310,e33c7539-406f-4175-966e-c05dadf1bd97
8311,59107d66-0330-4c4d-ae99-0d95636049a9
8312,e1daace2-eb45-4d77-97d2-482c1c34b224
8313,0ea5f3b5-751d-45c5-be3a-708af8f74eb0
8314,f869521f-c6c8-4214-ba30-e6506975e159
8315,68239bdc-f97f-4329-a76c-22c9039eecca
8316,d88cfb44-7c7c-4856-8260-8e99da571f7f
8317,179bbf61-adc1-4899-8479-b5eb92577687
8318,b108ff73-ceee-46d1-ac28-b5e1e6259b3b
8319,ca231a1c-fcae-4551-95f5-39f6cd947481
8320,7cba790b-d294-4c04-86cf-57381ca343ce
8321,00d176bb-d153-4364-b463-ac84c1ca1c38
8322,90dac93b-027c-48cc-ac2f-d0ef9e1f2b34
8323,815c4113-6660-4531-a104-d984cffa3ae7
8324,0527f682-4fca-4fc5-8309-ebd68c366140
8325,37752a8d-3063-4ecb-98f2-23bf4a896b7e
8326,5e9ca202-5419-41dd-9c8c-af2bb40ed98f
8327,6d2ec4c8-496c-4871-b2d7-6e97839a6118
8328,c232e7ef-2424-46c3-8a21-72cd75133650
8329,45308d21-717c-46c3-a7b0-a9ef336a595c
8330,e794e088-ce2e-4ccf-ae4b-1831916a6d4e
8331,fb8ae9fc-104c-4ff5-b957-119066d6ff59
8332,acb699dc-eac6-4798-9009-1d1c98863f8e
8333,a3282b93-bb83-41c5-90e9-b46ba6a56871
8334,4bfcd991-1af6-4a72-bc18-e6156ba64f78
8335,7d96e2b3-5823-4ad5-a71d-95fd33a312ea
8336,57692f3c-81bf-42ab-b791-117b2bee2da2
8337,ea55dab9-0c2a-4225-9fde-f1f70236da0e
8338,d13c27d1-c92e-47eb-b435-f00c1864edf8
8339,1e2f56f5-4891-4e8d-945d-a88f9d50e107
8340,07d23de6-c1a0-4a0c-9de7-ba8fb38d32f3
8341,77ed62b0-6526-4a61-bcc3-6941ee0d85bc
8342,0d718cd7-d231-4f43-9780-faf6b2ccee80
8343,32eda1ba-8a9f-4d39-bf8d-cee2eed26482
8344,ac83f8b2-5f81-49f4-869c-f8e5fb2ded03
8345,95721c29-2eaf-47a6-b294-00aed020235a
8346,0ed900cb-20d7-4dcc-8ee4-192b0c9b849a
8347,48a46c39-f50d-47c6-822d-54705d9acaf2
8348,4b934a11-83dd-46cf-8d26-1846c06742a3
8349,7f8ff56a-1042-4881-a825-2036aacc60ee
8350,afedb8b0-7d74-46db-974d-922f2bcf2af5
8351,07df00a0-4d71-4954-9bd6-72d3078396bc
8352,33c6fe53-e372-4e4c-826f-00491edba23e
8353,370bd50a-26b3-4998-95c7-323121dddc88
8354,deeda1c7-8dc2-4dc4-9437-993fb60eefb0
8355,6cc50b38-fb7e-41d4-8642-e97873d02b7a
8356,f56aed5a-01a2-4735-ac6d-55fec1641fe4
8357,350abf83-4d07-46ad-94b7-e9b6c5a3e7d2
8358,6ec65e5e-87d7-492d-a134-45fb5b53d2a6
8359,bc928c83-8c1d-4444-849f-82ea192e14ba
8360,3b0e3459-7610-4343-a32a-33bc5eb76353
8361,dce3b62e-55a8-48e2-bb4b-f024b5e56fe5
8362,b3c451a1-a6a8-4a84-8c3b-dad80c99ec54
8363,487c6fca-5895-43f2-addf-8de25d793ce5
8364,8a29ec17-e0fa-44d1-b7f0-7cf634728061
8365,ec20135c-361a-459b-aa0f-f229547ea018
8366,c71a5d7b-db1d-4139-84b1-4eb9b2a87511
8367,842981fd-5f1a-46eb-927d-703699fe7e46
8368,ff1c4df1-f717-430f-92af-97c940d4890a
8369,d2f46ddb-0482-41cb-a11d-214419044de0
8370,1d02fc70-d30a-494c-a055-338b96289249
8371,a8d4ecd6-3996-414d-898c-8f359781b039
8372,67fb22e8-2ff2-49a4-9d5e-42b1a24c9791
8373,fefff7e6-8879-4d24-85d0-e5aacc527c14
8374,f9e2e563-20c9-4b3c-b0bd-a8661e1e631f
8375,44ee000b-7f13-4430-9e4c-961c96710d3d
8376,be2856a1-dd52-4d60-8f2b-724221a82bb7
8377,b441f3d9-6196-431b-8665-578553b117c4
8378,22fa6a40-df16-4524-a540-29bd829b6f02
8379,c5896f16-0b86-49d6-a798-94af85fd7fb9
8380,87229f69-43c5-4608-b9c8-db5376e4c4b6
8381,2884874e-0159-44e8-82ed-1f0c3f14c1f0
8382,4264025d-0e15-47c7-ad26-84f8604fc5fc
8383,12d1783f-772c-441a-96ae-1c743779ba71
8384,797eda84-fe1c-4e54-a75c-8a30fcee5943
8385,cd0851af-9213-4e92-99dc-ec4218ea1be0
8386,000ab367-56ee-4280-a246-493695be5ac1
8387,9b0463d3-85c6-4a8a-b67b-9653173fb42c
8388,10f05f00-3c4a-45cc-a6c7-7d613b0e27c8
8389,dd968355-1fa5-417b-8380-4c248e916677
8390,04e57e25-4be0-4976-86fd-bca118faa953
8391,7caba3a2-5893-4fdc-8979-6109031ae0f2
8392,72f05547-25c4-4231-887e-89179d78fcb8
8393,30bcfc51-2b35-48af-ac4d-4ba9ba81b86b
8394,caaf11cb-3d46-4815-9d0d-044f36cfcd7b
8395,3ae2a801-80b8-4c1e-a74d-abf8d94dcabf
8396,3721dfb4-975f-41c0-8883-84157b86f395
8397,a9b1b2ac-3996-4634-aba9-f81cf9b616d9
8398,cd09e0a2-e30b-4239-8222-026f6afb9551
8399,11380a20-70dd-4566-8360-baa715f86871
8400,4edfbb83-5db8-4399-8cf5-04d233f0c2b9
8401,9b4cd79f-75e5-4e2b-b6f5-d82c97f8059a
8402,392e1b64-100e-4f6f-9bd4-2b5342fafd26
8403,70e936cb-36a0-4096-8c71-419b6d8ccc00
8404,fea9cf7d-479a-42b6-af11-5f2d69de92db
8405,65cd9671-d9d1-43ff-a917-7b035b571431
8406,1e35784e-432f-478e-9322-834ab1ea8474
8407,8ee15611-b4a8-4566-8b09-e49c2b0c3f34
8408,eb9999e6-1ed3-492d-a313-6f0e9b8c4af7
8409,5033fddb-c17f-46ed-a44d-13750443730b
8410,70218024-f41a-442a-9e69-57ae15b6e943
8411,39790cc3-db3c-48a7-bb07-8d1e1bc40181
8412,1158d227-fd49-4b14-bbf6-74f731003c70
8413,88c5b0a7-4bda-4678-a1bd-c4c96b522200
8414,6da92826-35b1-45ee-91d1-f62131736cf8
8415,b6e782f0-8754-4b01-baea-59bc80036c90
8416,82b73380-406e-4e69-b02b-5a7207473a8a
8417,1be826b0-f5d5-4940-bda7-427ca3323d3b
8418,7eddda21-4889-4ec6-9617-5f703060ca68
8419,79c2dfee-7d9c-48d6-91e1-08e59514cc15
8420,a4aa216d-e5e1-4f6b-9d04-31e77d24dbc9
8421,e7205d1e-f56d-4256-9b30-dc93534c26ed
8422,fb45d287-3d3f-466e-bd55-b18ca6f7a59e
8423,75090766-5661-410a-b7f5-293c42e68f22
8424,252ba3b9-b5c1-498c-b771-453501b5ecc8
8425,7ed007c6-abe9-41cf-9a7c-071c5ee7bbf2
8426,44d58f29-198e-4caa-b139-204c46d64312
8427,a8eb6dc8-68a2-46fb-9e22-45595b795396
8428,44f4ffe4-9a0f-423a-839c-319ae520d1d8
8429,5f27a77e-a395-4434-982f-bbc6f6307ca6
8430,c8844dc0-120c-4350-940d-a8588e802ff4
8431,c60bfd96-abb5-474c-9589-be1cd8d67319
8432,06420570-fde0-4707-8b97-085c2e4c80f0
8433,debfb3b6-4d56-4681-a780-c8369d18246f
8434,8e013523-1f5e-400b-b0d1-3ea274a735b8
8435,37516430-5319-4771-9265-91c5ea83aee9
8436,636cbdb2-8cf0-4024-9599-dbeefbb37251
8437,47220b1f-2fd7-4d4e-a82c-bec0557b0792
8438,63990163-da64-4328-8e36-f16fce7ee75d
8439,2b76524d-cc41-4c77-90e2-e6045bd73ff5
8440,a87216db-4240-40fe-9688-7e6cca647c0c
8441,c7306ad6-812d-4ce9-b208-165a2afdb43a
8442,8c584103-f301-46a5-a6ca-58c170dc1847
8443,7c485cd3-548c-4615-be22-09259acd3da1
8444,c7ca2757-f19a-44ea-8918-697c5d8ad3b9
8445,d1c1ee9a-3a74-4df9-b922-4115d1823db9
8446,bc3033ca-97c1-4f9c-a482-861e2af613ce
8447,4b802966-b2be-4f96-abd1-b82267f9ce54
8448,092c6a2f-83bc-4421-b91b-60a08283e2b2
8449,2410ad29-7ad7-421b-9714-5c0ce08ccfda
8450,64cf4c38-7425-479b-a19f-31383a881db3
8451,a0cefe6a-63e7-4ee5-a6d7-6265902556a5
8452,b9f2e550-a535-43f9-88a3-094b2f7ff5c6
8453,85db32cf-9aa7-4ed7-b6a7-c613a476984b
8454,23ace947-7543-47e5-900b-55b5f311fbee
8455,878327c0-f851-4d8e-aef9-3b115028fa7b
8456,064314a3-d7a0-4215-8a60-7c05e56cb4d8
8457,5339493c-751e-4bca-bc3a-d02677857ea1
8458,6ae44540-b317-4499-b54f-8b6cde10134e
8459,3719c67a-7603-4172-b2bc-7ebb8dd3686a
8460,d492665e-180e-4ca3-8363-8204a30850dd
8461,b7d47c5e-c800-49d7-ba08-73f880a8da8a
8462,52a62f59-d862-41c1-b9d4-cb7fae51ea32
8463,747c7312-9220-49d4-9294-05346e096109
8464,b0826ca8-6521-4aa8-9d8d-3605a5a27619
8465,d4fb6c51-f864-4772-9762-802061a86190
8466,5777daa3-8929-4201-a2dc-ec2a0df69dfe
8467,93a439a8-1080-4878-876b-77a011f518e6
8468,fe2cb883-761f-4636-b491-6000c25e3ac5
8469,4b32911b-b472-4fed-a019-56ef248862bc
8470,1dfe4a3e-6f2f-4a79-8521-c7213b7db716
8471,72ab3032-c127-4a58-8dcd-5b8ed4af8656
8472,97b49445-2be1-42f1-affd-93c80eac7c08
8473,6f5e8467-b87b-493a-9b46-9a41ed25fe77
8474,2857400f-d861-47ed-b277-b92331a69dc6
8475,e62aa3a1-fd0d-492b-98f3-2d3b4b6372aa
8476,54db8232-3d6b-4177-aafc-ba4bb9d19aac
8477,7b558872-963c-4e53-a484-5b62475d381b
8478,7922f915-1fdf-4bde-acfa-0af820a0c51b
8479,dcfdf5be-bd64-4a1a-b0f4-64b703e16c76
8480,cb6196fa-fde3-4359-9216-ee622efb134b
8481,ca796af0-e676-4032-b502-7ddddb2e080a
8482,48783a4a-fffa-4904-9c62-6444622df5ca
8483,a09365bc-cb32-4215-9915-26b0e4ccb568
8484,cee193ec-f0c4-41d6-acc7-785ff9271445
8485,1ebd5f8a-d650-45c8-a2ba-e575cd28eb24
8486,3176198a-2407-48a7-9fa1-8100f51247d6
8487,23bbe370-3e5c-4b9f-8d20-f364442fdd38
8488,bfea969f-44c2-4f7c-a42e-905727590057
8489,34b6742a-6169-4d5b-823b-a5726e7cb2d8
8490,1668f66d-b5ed-45ea-9b30-1b22389a62fa
8491,cfa4576e-88cc-42ec-85d3-8c6ad6ae5915
8492,56d90321-8b45-4759-b454-eb84302c4066
8493,48f5bb50-d471-477b-a52a-aabb1b53f437
8494,1a3a4235-0015-4314-949b-3af4f29de77c
8495,b04c062d-28dc-4b17-a873-56141d76cc3b
8496,83c6aa17-a816-4ee1-9a19-1df4ce272ed2
8497,0948a068-9d4d-41d9-8eef-6d4a132dfe90
8498,7cf88213-ef35-4dc7-ae78-0277957a40ef
8499,757a3da0-6266-4aa9-af94-b51d73d4e1be
8500,01b33dc4-9fa8-486b-8ad9-332753f3f574
8501,1dd9d0e7-88db-43da-ba5a-0b1776769a40
8502,103b5e4d-14b2-4ebf-875c-8383919ba273
8503,5f353bce-68d6-41e5-afdc-ab0a5fe6bca0
8504,91b535cc-b86c-40da-adfc-33e92495d268
8505,cce7b29b-5321-4b52-be52-6d446f843eb2
8506,659ba559-ad22-4674-baa7-0a3d8d82ffbc
8507,c777a38d-c8c3-4916-a5c2-24f16b71500b
8508,b6c19e1c-ab11-4a56-af8d-64327f78d3c9
8509,279933ea-1794-4155-8c9a-cac74867d73d
8510,37a61145-892a-4794-b0e3-986cf6e16e04
8511,3613a1b8-c3d1-4a2d-9543-efb495ee9a51
8512,4a5b1ea6-3c2c-4a3a-90db-9c1a7f81ceb9
8513,21d0eb91-6d8d-4950-a44c-37ed47437d4f
8514,a3fc0ccb-571f-4fbc-8bbb-9b130b548e03
8515,b5092d7e-2930-44f6-b2e9-29adc67bc216
8516,89968576-1516-4ce0-be67-0f678a2185ec
8517,15e9f746-5668-4e89-a44f-b685c225e088
8518,6cc98840-098c-41c7-a790-5606e7816bf5
8519,53fc5cac-65cd-422c-a21b-804d37d4c69b
8520,9d5ca8ff-8bba-474d-8af1-72c5d888ae3c
8521,2d2791bc-c4e4-44b4-b73a-c155bf8694ba
8522,98599784-2781-4c9d-a58e-64ee803310a8
8523,740cf60d-262f-472f-adb0-fdea75fbe847
8524,3b283537-7edf-45df-a81b-0e17c5a4d2cd
8525,74f46604-72ee-42a9-a8a6-052ef691bd04
8526,9efde116-0554-43a9-ac6a-a106dd1ab3a0
8527,fea89426-f39e-4d8c-8d0c-f089aba46d9c
8528,7e7c1670-9856-4e82-adc6-0b96bac17a9b
8529,a5a4dff2-8dba-43bc-9b1e-70d3f6e0e608
8530,ba7abb8a-5245-48d1-aed8-9e5adf9e2319
8531,d1ebcbfc-9998-4514-b7c9-8b0aafd0d29e
8532,3c2ff284-3ab2-4ed1-8780-606f6a541b04
8533,4b615563-97d6-44ca-932e-dc89ac1e5a42
8534,0279fd7a-4842-43df-ace2-25316ed387c1
8535,25eedf11-01aa-4ff5-b30b-8765ee46484e
8536,550b1721-06c8-4679-8e44-16d6de929fd2
8537,0de8d702-1f66-4594-a926-f94368f052a5
8538,2b09697a-28d1-4943-a9aa-3edad126d88d
8539,c47af3b6-b227-4c61-8ba9-c562038854ce
8540,f3c764aa-d920-4733-bd23-bbb980c7578c
8541,73b7654c-aac4-46ce-b300-fccad691dc02
8542,767e633e-f601-4f1d-8285-34314b3ab5f0
8543,b81d5a53-5c60-43cd-a262-6f8b99582864
8544,5b7bb463-1383-487a-89cb-2661ea402f9b
8545,beae554e-b64e-4d33-bfa5-6036e46f0d1a
8546,b023405d-6e7d-4c9c-8177-85c79294fb76
8547,92603241-3f23-4128-845e-cb2bc951eadb
8548,942237e8-b981-4098-aca0-739f3b16ddd2
8549,0f3bff15-9591-4340-86a8-1478e754c683
8550,8392befa-6b82-4a3b-b25e-001d6addb82f
8551,3f028980-9e33-4120-af74-c15e7a510c28
8552,ae5c9259-bb16-4879-9d99-4d93775c652c
8553,44a89a96-a888-43a5-ac98-4d8aca62414c
8554,edd173c4-6778-4bb2-b6aa-1380d65efddb
8555,38da3ceb-29b5-4421-a65d-8baa1cb375fe
8556,477392e7-8495-4569-9a92-2134de71c4d1
8557,b8e81bc7-8c5e-484f-bcec-5065fb72dee5
8558,c826e55e-9339-4891-a949-8e69472b1a82
8559,5c03ef52-df9e-409e-9c24-22eb5af86469
8560,72e92aa1-b937-4909-afcd-59b35e06756e
8561,e39d533b-1916-4894-b234-1fa4e47a7bd5
8562,78f299a6-b4a7-478c-82b2-7032fb5238e4
8563,8c16efc2-5e34-481a-8b9b-0275663d0f51
8564,4f5b0497-fdf3-4b8d-bae2-90863a01c43a
8565,ef02d80b-cd36-46b8-b080-63021a529eb5
8566,139b8638-46a3-4517-9d49-ca30ca7c7ef4
8567,9bdc9ab0-8687-4ccd-a218-c018eff515b5
8568,25ee19e5-a62d-44d5-819b-c0da066ba69d
8569,30a0349a-8d61-42ab-975f-3f952573901e
8570,93b2884d-ad7c-4c26-ab20-6738df803191
8571,196e629f-69a5-4788-97dd-5e8b775b9412
8572,5f41c941-14de-4b7b-aa7b-3c8c9886d686
8573,eafa3bcd-5721-495d-af32-022fbff0a446
8574,df969fbe-4054-4ac7-b7da-3552f12a5110
8575,7bc15ad0-c91a-4618-8526-88d76c0683ab
8576,501daf9d-6b22-4f52-824b-a244e5ce3b6c
8577,82edc62e-23e4-4fbe-995e-3af9888e175b
8578,e8e3743e-8904-4751-8cb3-993542e9750f
8579,d9557092-029f-4919-a624-7cf67260907e
8580,99df6a9e-e84b-47bd-95d1-a28086a79528
8581,bf38f8a5-7c6b-4b3d-b77d-2007df3f2559
8582,fdace37b-622b-40f1-b915-b63ec836bc7f
8583,05d67701-3cbc-4c6e-a9e7-17b5175b0b3b
8584,79602e32-8fab-4ccc-850b-82d4b594dce9
8585,8cd87e14-5266-4e5f-8ead-e86e6e1a3de2
8586,e26981ee-7fbd-46d3-9fa6-62743b81dc29
8587,9b2a8fa9-5719-4d32-acc5-33df839dd4cf
8588,3808de45-b9e9-4543-b969-57589499cebd
8589,00f2ee6b-9c7d-4462-a0de-e512715a94f6
8590,d079fd1d-cad9-4576-8279-6eca8ad5d40b
8591,f7175084-6581-49f7-985e-135296f4df13
8592,cf8f0175-1ef3-4458-b1b6-b8235575de8d
8593,73649929-912f-4fe9-8ae2-aef5f79869f6
8594,0188ddf6-4c57-4b62-8aab-a73d96e22854
8595,8795cc4b-9ae3-438e-b322-1d61c12e85f4
8596,0fa52096-e421-400e-ab59-fd0fd7716d1d
8597,7feef592-0604-47a8-9367-a5c5f71f88b4
8598,c1c6a9c9-6af6-4ef7-9ca2-9df5a94cc3be
8599,7cc5448d-5492-4b2f-8bbd-cdeb149e0b94
8600,8ad94530-827c-40b9-aed5-cbbdcff22120
8601,e441d393-98ff-4b3e-b18a-f267ba66bd0c
8602,ff2f0ef7-2ca4-4f12-aa56-fbb8bfe948ac
8603,93ea9cb6-8ae9-40a2-bad1-ccad1ff1d856
8604,2e39c1f6-ee3c-4bd1-960a-fc910b3b55f9
8605,caa2dad8-fe44-43cb-a64f-5291d95916d3
8606,2114e2df-883b-4e7a-8841-c3514c4c3f45
8607,75459035-48b1-4bd5-912d-1cf3c8d30ab2
8608,8d6a8c13-a699-498f-9d22-3b4055e48dd3
8609,be0c411f-5238-4505-a11e-6950b9d68129
8610,99eda4d9-3f43-4d1e-a958-37ec718e5ea9
8611,1b97d7d5-7f77-4512-a20e-ecd4ada27347
8612,70751a77-f078-4587-a6a2-cf21cb69a174
8613,3c0317f7-7e0f-4184-bd4f-9e99789c56c6
8614,2abb936a-7cfc-4215-b07b-83e9d097ab3e
8615,193f41c2-180b-4327-8457-57b8e92b4ff5
8616,5f9a022a-3827-40f6-94f0-043e2e6e6d2f
8617,c0f41fe0-bbbc-4e17-998e-a4c01bb363dd
8618,f6798602-6077-4f5d-bcac-d270c7afc347
8619,45083293-054f-455e-a9ea-5ca19622dce8
8620,b54fb053-3492-4ac7-8c62-66a9b971ae7e
8621,a7e566ab-f515-46d2-9aee-f2370c3fbb37
8622,4fbeeb93-3452-484c-8cf4-4dbccec3653c
8623,1de0d8af-18b0-4405-8ce1-6284117ec439
8624,6b24df4f-0e9c-4e7b-a2ad-18add75dec2f
8625,d84beb90-3579-45ee-bafe-33d94407bfd4
8626,faa8d2fa-d92d-45cd-9b07-8ebe5cbc9c68
8627,1171acc2-7b8b-4c34-b16e-c6d425b182a0
8628,b090d2eb-7126-4e8d-8e53-3491b1bc64ac
8629,c43ab9b3-e756-45b4-9008-1450a228a8db
8630,b7e0940d-5a88-4da2-af6f-2199c4e4a83c
8631,5f2f1556-c56c-4f24-b984-04eadf8ece48
8632,e6d95c36-ed54-4599-9495-0ba8e5b8eb35
8633,7b0f7a98-2ace-4a19-95ca-cb309db13580
8634,27916256-b167-4df8-a580-6f9a17a52d45
8635,22212dc5-9552-4ba2-b35c-286880b2588a
8636,38ca33a9-2751-49bf-8810-ef88c4b25480
8637,a5542fd2-d02a-47f5-8355-c3e946cb2dd0
8638,77015f22-3968-4701-a959-30445f8001b8
8639,5130e443-ab79-4990-aea6-a5f454fee351
8640,1d74dbcc-0f40-49c0-a225-e0dadc12909f
8641,b1c5f2e6-e614-481d-b5e6-7da4c6e9ce0a
8642,5d63e838-21c3-47f6-af9d-7c378e92b818
8643,200e504c-6434-4551-83ef-528991f55409
8644,ff7c60fb-58a4-4c9f-8a99-f6dc9a7da6e3
8645,66ae28bd-bc98-4614-91d7-9d425ba8c473
8646,6bb76abf-46d9-4988-9af7-fcdb9d2e46e9
8647,c2656f46-50e7-45ad-9b4b-4c41a2bfe786
8648,6555c8f8-b3a1-4b61-813b-53e7f4a7c465
8649,6f47fe38-1463-4770-9377-984f9efc8701
8650,a97f2439-0ff3-4309-8ae4-a1f7883c6be6
8651,7ea88e08-8b69-4321-be19-00043e3dfc6e
8652,ab834f4f-973e-4496-bea8-a39f3abba8c9
8653,86764d5e-a15a-4ec0-97d0-74d1de7092b2
8654,2ecebb55-e6ee-436b-8fa1-ca52025d9676
8655,37788f03-e766-4927-85e4-321c709860a3
8656,e4577ffa-fae2-4038-a9a2-5d948cb601d0
8657,0d8d25bd-683f-4202-8544-94e6ce592dee
8658,37ebc3d3-870b-40e3-a1ee-cb355bb34efa
8659,7622bd0c-fc9c-4a8c-8913-f736d82dc216
8660,c2f153d2-82fd-48b0-a97f-0af8e26d8e3e
8661,c49cac6f-47bc-4e98-bb95-828a347da3a1
8662,7efb27af-9562-4aa2-814f-1f423eccf4c3
8663,fa143491-c626-4ae6-9e2e-55566815736b
8664,6657a82f-0626-4f14-8a39-c6f69abfec77
8665,14df2514-ebad-4315-93eb-112906dae4b8
8666,2ae5ed4b-7caf-419c-8c8b-1ad7fc648934
8667,6f630b70-ff5d-4688-86d4-671d79cf0669
8668,91e3c772-4751-465d-aa2d-3ddca3267d1d
8669,4ec64171-630d-4dc1-a471-619b5372f9e4
8670,5e325204-aa31-4fbf-82eb-133e550ab7e6
8671,d819127f-34e4-43bb-8147-5494b3ff41b5
8672,a409150e-d977-4c27-ba96-e7e64344e7df
8673,fc7389f8-c3ba-4ea4-b4d0-a235c8b2ef56
8674,457582f2-21cb-41eb-9214-8d20b036bc52
8675,97a62bed-d9e6-4664-9083-48ddafd3bfe0
8676,cad3f319-b061-4008-8abe-0689fd01ab93
8677,19a2192a-f2c7-43dc-8ce2-64dbdd047f0d
8678,bcc85667-916e-497b-8501-da0d27228b96
8679,52b3d55c-f51e-461f-9244-b776c09d3d34
8680,da227ae1-21a5-435b-b34f-48cb94dad7c4
8681,54d05d7d-7767-41a8-be06-af82e4e0ef11
8682,2e503e4c-9729-42cd-84fa-88774694374b
8683,10ab0d5b-625c-42c6-b805-6eca21b8e8f5
8684,1930fc4e-4a5a-4271-9285-418cb3722455
8685,898630cf-4835-4396-b5c0-b0e952ee2138
8686,6fbdf757-4514-4337-bd0d-d7a10d449a7b
8687,16a37166-f9ee-4dda-9883-41f3e924340f
8688,6989883f-f53f-42e6-bae7-5c78eee3c176
8689,2ba3e5b4-e906-4418-b00f-c21224bb0c91
8690,47019bfb-0502-477f-a810-4c2865b7bc50
8691,793f1e20-15b5-41d9-b716-11710b32cc43
8692,8cc7e1d0-0cd3-453c-bede-b7b0741600c2
8693,9c646bf7-fafa-4e37-ab7f-4e960d0968f0
8694,1b4d47e9-0411-4250-b6f2-c05818850c5d
8695,fe973c6d-74d5-4e4d-9e7b-d4f6b236969c
8696,bed0f43f-1d53-4775-9dd3-db61d3d0b320
8697,5f4564df-b690-4d97-beb5-8f110f3a1037
8698,89578893-4978-4d6b-88f8-711082d316e5
8699,95b93643-6c1d-4e0c-9ea8-33437284ae9d
8700,4eafad68-33d8-419a-bf2d-9e89c37e20b3
8701,5ad35669-b1f7-4374-81f9-5bc941c76852
8702,ad7e0ae1-787b-484c-8827-8cdb121ce696
8703,e0774d44-0af1-41d7-a10e-fa3ddf2888be
8704,aa85d24f-02a7-49a7-940e-ce79410df9fb
8705,89bfc899-e827-4109-a03b-7954dcd2009e
8706,18150472-992d-4795-9dbd-d7dd68204f00
8707,219b5229-c992-495c-93d3-a60d4bcff3a0
8708,a5b30156-520e-495c-a253-f2ad1f798642
8709,df4eef37-ddd6-482b-aa84-7890a712c95a
8710,fef9b94d-599e-42ce-a95f-5bf9c69c61ed
8711,bd4f713a-3d76-42f3-b4dc-2bbe0e5e280c
8712,3d8ecaf9-7793-47de-86cf-74531e50cae0
8713,a10d46be-3c3b-465c-86a0-abee211a3118
8714,c9e593cb-af21-416b-8522-d2f1faa39655
8715,a18b30de-df30-4560-a84d-e90c87678bb0
8716,49a425ca-195c-46b2-bcc2-a80132859d26
8717,4d96504b-fee5-453a-bdc7-f42cc9773c75
8718,969836f2-9474-4ea0-950c-383f793b8765
8719,4265f277-51a6-44bb-9f0c-e84fba612e1f
8720,c2181bd5-e752-4d20-9a1b-45d1f7f70cee
8721,63288bd2-f9b3-4b94-8b70-7dd3f69aa029
8722,600e6b94-7f27-4c2d-a4ce-ef9df0ab442a
8723,ab58d9c3-ae22-4f4e-b35c-761dcc6991aa
8724,a96aebda-1379-4e87-98d7-01d927965439
8725,036413a0-01c6-4d9a-8301-300dc15aad08
8726,5ed4fe87-9405-40fc-a1f9-955d07acd47e
8727,2df31c2e-6865-4893-ad72-413f514ab6ba
8728,1b5f7afb-90a5-4bf4-ae00-57ac68d24c24
8729,2a1f4232-da18-4dad-b06a-c14c42f61e0d
8730,a6cdd310-fba9-4479-a1e9-7c2f8e1a696a
8731,97ad17fd-c11b-44ab-90b3-d30a1af427ef
8732,dabb4404-5ff5-4504-b0c5-7d9e79b10628
8733,21e57b45-efb2-43cb-941e-c96ff0d51872
8734,997f7562-ace2-414a-9247-de67af1c6871
8735,4ead2e5a-ac4d-4d6a-b0a1-7999245b356f
8736,3e1ef0fa-b979-45fc-909c-47204906923f
8737,0c80c92d-1d50-43a3-a1d6-0562906733f6
8738,026db1fd-2aa8-4c88-ad94-f5b5f71e428d
8739,9e64a623-b260-4c12-bc17-3ce73bf7bd8f
8740,de367105-670a-4012-844d-eba8d805294f
8741,6a401937-8f24-4d73-b093-33284a384d60
8742,f6ceebd0-3756-4f16-9d60-c92ce3e71469
8743,121a7ab4-34b3-43b8-9b62-6a1cc501294c
8744,4f90979a-2370-4273-a51a-202ce80e134a
8745,230bf93f-4a70-443e-8050-5a3a356e7358
8746,9daae929-9f51-4fc6-9ea5-ff01209a8e9e
8747,21beb4a0-29c5-4a42-8a65-c58a4e10c789
8748,bbb7e009-f3cd-42e3-a9cc-2e0bdf516cb5
8749,5fd083be-39fe-45f6-910a-215f61bf0999
8750,df27f229-034a-47e8-b743-56225e2dbc00
8751,31b17b6f-de2d-4704-838f-b3f87204eb44
8752,a84146c8-7d08-42f5-a41e-74c34881042b
8753,b5dccbc7-bd7c-4bb1-870c-09b5d38a753a
8754,9b735a56-8ab5-441c-b5a1-cc9574a1cb92
8755,c7d99677-bc95-4d2a-92d8-5cc43581c882
8756,b32281f9-ebec-4965-8a4a-3c2af2c69064
8757,267c4c0b-183f-4a01-b572-864c120bbec5
8758,a388e326-5089-49ae-b596-56b7a3470dc1
8759,b0495310-8c49-4265-8257-69dcfb931e32
8760,5d57dd7c-2de0-4e39-8b90-676d3d8d8c57
8761,a819c5a1-6321-47ae-afd4-4088840b34cd
8762,36a6ba72-aa34-41ee-bec7-4ac5ceb188d4
8763,55eb164a-9909-4494-9941-603a369676ea
8764,a74fb386-1541-42c1-b39e-eaa2e3617f27
8765,f6f930f2-4991-4a86-829f-421d49e48fc9
8766,4af47f33-90dc-4f3c-8d65-4efff19950db
8767,5be927c2-0972-4521-968c-176f8ce7bd2f
8768,58d46899-5d85-4b7f-ac34-88e44d46b667
8769,6770c5d8-ac8e-4b1a-a426-746d7c83b1df
8770,eb9f09c8-55ac-47ba-9aec-cee28acb1db6
8771,6bb9f4ee-83c4-4a3a-8899-084ad244eb12
8772,eeb01d4c-0386-4776-b526-fe5912cd286d
8773,bb076b3d-8ac5-4943-9947-5cf2eadd94f1
8774,e3b9755a-1073-45f3-92f6-f2391a50b001
8775,067fddfa-f351-4595-91c8-c0e239632beb
8776,8dc9c103-ca5d-4784-9afd-200591f8c22a
8777,6265ff1e-e886-4ecd-9ebe-45f8255b76b6
8778,70a252b4-6650-4f45-b64e-6dd30f0765a6
8779,b5245fdf-ab80-4e84-b000-2e65cdff2b3b
8780,2efc04c1-de81-47cd-8f76-047d3c8fbdd6
8781,b63baf2d-b463-432e-9a3c-38b17ebbd527
8782,5c6dc260-8a6d-433b-bc9d-3cd19e489673
8783,d3ba1f94-59e9-4fa6-a3e2-295612b3df8c
8784,7285969f-3968-4630-a686-b427f982c628
8785,749e361f-774b-48b4-a3db-3be6279a248a
8786,f62bd367-7e9f-444e-9698-2909d343b94e
8787,5fabc648-bb44-4888-b8a3-707668be287e
8788,217e0fc1-4364-4b8a-ba83-71a7866748b1
8789,688bdfef-2a5e-403f-9897-20687d982339
8790,c53e0445-365f-4cd4-bc15-cffb626033fa
8791,71f5c945-b68c-4c82-a7ef-cb2073f8a23c
8792,61226f1d-405f-419a-a3c8-2a49eeb3d6ea
8793,81ef4cce-839b-49bf-af1f-1dad845ce1de
8794,aee2f702-bd17-49c3-9b2f-e9f5eb5c7446
8795,5c490061-212a-4080-82dc-5018147d55c2
8796,ddc94b72-06e0-4224-8c01-8d864e6bee1c
8797,dfe112c3-a05c-4048-9b65-9979bb4689ba
8798,6bd014f8-ac33-4362-909e-ea633deb4966
8799,8c327015-3078-4f7f-a67c-c3facba5953c
8800,1f06cd29-bfc2-463f-badc-2a1c2a74c5f6
8801,83ab683a-c77f-4a0a-b3fd-eb531c15abde
8802,3b5af503-de71-46f0-9ba5-3b4b27ff6877
8803,48a1cb0c-45dd-4e3e-a49a-73517b956eca
8804,a58fb277-2554-44f7-93e7-885146ae2090
8805,39796b1e-2435-420a-99df-6e00408fa035
8806,889eeabd-19c2-466b-a319-dbd9dce8eaa1
8807,8b91685d-451a-4822-9d5b-05c119768883
8808,e35487a1-6559-4638-bd36-1dfab04a817a
8809,21b29512-d8fa-494a-aff7-fe555085c0ca
8810,5d5b0d31-0c29-4c98-8d5e-6cd9a9205cde
8811,94ee6566-a3c4-4d8b-b8d8-992432c61fc1
8812,cbb609ea-d009-4f3a-9e96-7f767b76db77
8813,5dbbee36-31be-435b-a670-a09396225336
8814,9a00ad31-b896-4f28-9b91-1a21f65650c5
8815,db7a3674-7e44-4a1f-829e-bfbff40ffe8f
8816,e8be13c5-653b-4a2b-a820-86daf5295cd3
8817,bda3d4c5-0709-4f28-b2d8-d0e5031387ea
8818,befed9fc-a9f7-4ff2-8f15-7f710f053c58
8819,e0934a73-da1a-40a6-b1d3-c8543f8c6e04
8820,6233674a-efe7-4e70-9e96-0da5c01c93cc
8821,870ba4ef-07af-4a52-a0a3-46877be7af25
8822,90f36765-8557-4e87-b632-71fe32d2f73e
8823,3d9cbe83-dd61-4f32-abcc-acbe4798945d
8824,670b94da-c33f-4e20-8553-7f8cdafbacb4
8825,5a6e65e7-528a-4c30-97f4-3f7434149453
8826,9528aca3-1e1d-4b98-a042-32caa662b9fd
8827,6b494306-ad0a-4250-b1b8-d5b3290e4026
8828,f4564a8d-7e83-4e2c-8408-ea3f583bb7ea
8829,58e84753-5afb-414f-bbb7-b3721753db2c
8830,f195c2e8-c466-46c3-a769-677de267a2f1
8831,f17e4ccf-7e90-42da-984e-698fe21b5b88
8832,2f712673-64cc-4b01-b476-15304be64100
8833,4fa38f00-0ba9-4d6e-8974-7298335c5226
8834,b8986f28-5898-454d-a6c7-0f336efa9a97
8835,53b5a584-7815-49aa-ab81-cff65bc44a9b
8836,9dda99e4-1824-4891-aeb8-b6933160a85b
8837,1fcb64e3-913d-402d-abfd-b99458c1f19e
8838,80121086-ed3d-4b8d-9c7a-b3822e876f56
8839,407f3f99-1d0c-4df2-8078-2703cdb5ca9f
8840,b6667a64-3300-44a0-aa92-cffe85fa8370
8841,32103441-dde7-4b7b-9131-00492e358e4f
8842,d98672d7-ff09-4a92-82cf-d931eba13f73
8843,09770e5b-8e87-4dbb-b8ad-e48a85d72dc6
8844,3192b2a8-8c68-4ee5-815b-7a9dafbb8407
8845,dd1d2f0a-2585-4d4c-bde7-9ab1ded48e93
8846,26f87b66-d2ac-4fc6-9b6d-2494bafe1579
8847,e6dec604-0c8d-4f92-8e9c-72628430425d
8848,26f1ec4d-1a3c-482a-a8d9-22048c92bd92
8849,45292a29-603d-41c2-a193-0a97d166f5bd
8850,84c43522-d293-4bce-86c8-148ea13cc525
8851,f1915d04-a4f1-431d-b04c-cea1822d1a9c
8852,fb243e6d-d0e7-445f-a322-8808a9dbf585
8853,fd4d962a-2f10-4e8c-a146-1367b2827860
8854,7c98b831-9d29-478a-9352-77fdd8cb9d17
8855,4c866208-0d1b-4c3e-a0ee-ac7644b95ac7
8856,6876a386-fad8-4d8e-a549-3ab1119bea5f
8857,40afa3e3-734a-44ec-9ca6-bb6e1178815d
8858,dee84055-3a10-47c1-9c1c-a04df5676ae0
8859,fb6dd8c7-ed64-44cd-8a7e-8f8b2e300a3c
8860,01fd705b-713f-4cde-ab45-dc262094bd80
8861,67ba6b2c-6f95-4d38-a81c-bbd4b6a55dd9
8862,c44daa91-e2fe-4d0c-aef3-dd04b95e5136
8863,038d30da-46a5-4346-ab41-205d4898606a
8864,2a42511b-2bec-4fbb-a00c-b98fc5db8baa
8865,3316e061-58ae-4229-8bb9-2377888f1a8d
8866,eb7fa192-fcc0-40b5-bbed-b060d1fa4a36
8867,83b4b2eb-362a-4ef3-8733-39f541b6547b
8868,cc55147a-0439-49f3-a444-e16b266d9d50
8869,72ab79ea-d214-4320-8222-12fd702f2994
8870,dbe15918-f924-4579-bf1b-98d69c4b2598
8871,148e99f0-239d-418c-8e60-c0da66808193
8872,1c8b41d1-bf36-400f-a297-1ef437e4cbbf
8873,43a0e3cb-2855-405e-83b4-36d48f81a2d4
8874,1bc27148-6188-40fe-9a85-f28521a481c0
8875,bcc2e864-fdc5-477b-a4f0-bdc3ecdbfc1d
8876,3eaa615b-7ac6-4f88-997a-9c6321eedc55
8877,18b2625b-a4a2-47ac-a6ff-0f45683013da
8878,38db41d3-a944-49fa-a72f-45a6ac504aa1
8879,b4f72cdb-cad0-45b4-a135-a7d2bb5f1cd2
8880,9dcc48e8-8d9f-4580-9d9d-d9596e270cb4
8881,49710f24-0ede-4ef4-86fe-4ddd09d54a6b
8882,a7846538-0afc-4c1f-abce-0d6bcc3e7b8a
8883,f25605e7-3a90-433e-8868-4279069abd5c
8884,c8868a5c-76c1-4dcd-a4f7-219155834aea
8885,addb15b9-ccbc-4635-8706-9ba3b9c301a8
8886,7682c7d7-9974-4967-9771-3423547e1211
8887,d3ccd340-b352-469b-8e43-946198cf0916
8888,4ba657f5-c7f9-40e1-be6f-978afac186a3
8889,b5e053ff-6660-4b9d-978c-377f7ae09764
8890,456332eb-5633-46dd-9561-1e7e7dcbebc8
8891,9b8ab635-2d20-40df-b4cd-253eeee6c111
8892,755faea6-0855-48cb-b59c-0daea18abcbe
8893,3aa99ef2-9e42-4b83-abb3-83c133632038
8894,5cb882c7-b495-40b1-b619-58000c694b26
8895,ccbcdb5c-4bb0-4370-8d11-1a9a05521066
8896,18203dee-e83a-4edf-9601-5317d6bf6ba5
8897,f7aae03d-7885-4c6c-bccf-1ed765922757
8898,4474cb5f-d612-4f47-bb8c-b73558219a14
8899,15f4c2a4-dcd8-4cb9-8e23-a2b50804c248
8900,859f17f9-4f0c-40b0-8b37-030267cd7296
8901,a405b3b3-6d9e-4967-b9ca-4dd35ed99edb
8902,38e7799d-b07f-423c-a174-652847e568bd
8903,6aa200ae-d037-405b-a9ee-a5f6e8d42a9c
8904,afad763b-94b7-41a0-b204-52f992743340
8905,82139376-d77c-4cda-9e5c-7d3e29ea04f8
8906,22d97b7d-d1e5-40c7-a808-8c09941e0643
8907,a2ef1fe5-c6ae-4532-a99f-bf187f60c8b0
8908,83e98592-118c-4d7e-b175-3f7f14a29d63
8909,511990b1-d670-4d1d-a745-8bc40411e4d9
8910,dfda73e6-aa10-4d11-953f-b72c4ec54feb
8911,62eb1811-6d11-4839-9d8c-54bcd4d12263
8912,413dba80-229e-42bb-bd58-41826a51a3e9
8913,cd6fb2dc-d1fd-41b5-9a24-fc722204e8d8
8914,56eccedc-1c44-4e28-b6cd-8b9f770bd3db
8915,cf08a660-2ac5-40ba-82d8-a763db2f8d68
8916,bba2d5a1-8e50-4c3a-8380-8dfb78e5b0d8
8917,305bd6f8-e05e-400f-af4e-02f9520240c8
8918,d51bf3cd-2c75-4eed-9dba-ae6d21e06b92
8919,2ec3e039-ad6b-4fa3-a71b-45167eff312e
8920,f53eeb3b-0f70-48e8-95fa-7c520e5590ab
8921,26968433-21ed-465a-b4ea-4906a47fbf3f
8922,794ccab3-6ee0-47ed-8d88-37336ef9448c
8923,17fab89e-a7b9-49d2-b524-109a37adbb5d
8924,6016b049-f3ca-4cac-a702-898d32223b61
8925,92f2ab1e-f9aa-4fd8-a4ce-feaace5aec0d
8926,2a366351-df4a-4367-8f0a-b8c8b1c0fbcb
8927,92956960-dee8-4e3c-8292-7c02f34e69a0
8928,ff723761-ad2d-4d3c-96dc-8c719b73e498
8929,c9c8974a-781d-4a4f-ae36-9148a3fca6e1
8930,6840bead-b097-4f29-9522-dfccb03bd6af
8931,ea0628f9-e2a9-4dd5-bc9b-fa22a050310f
8932,5ed499fb-0f54-431e-bcdf-896579365330
8933,d8855da6-9e32-4a4b-b3bc-4db0d8a582c5
8934,11865af9-5b24-4020-9537-f150a9adb546
8935,ce6abc5c-818f-4338-aab3-a8bb56ef10da
8936,edd606ca-0d2b-495d-a0a1-0b4729643202
8937,252bcbce-24f5-4b26-80af-26e3a8e2d4a1
8938,a24c26a1-8cf4-4177-b217-f40b0041863d
8939,11b240b7-aff8-4c92-8e38-3757a399ba0e
8940,7b0ae143-51e7-4fcb-a931-d2c5b3a27897
8941,23edce07-6929-43d4-966b-15e8467239ad
8942,26594f5b-c0e3-4779-ba47-d16fc0a911fe
8943,e9c12ea2-0eae-4702-a9ba-3099bbea0966
8944,2e5d52df-a7fd-4361-83e9-5363d93cae36
8945,7905b02a-6d66-4a0d-8d81-1a483af7b1e6
8946,fc5a112a-b7c0-41fb-95e6-75e9ad569a34
8947,e5535f58-713b-4526-a0cb-ac802b4b50aa
8948,9b01ae16-a822-4d6a-b092-282cc0418483
8949,802f98f8-86fa-495a-9e1a-e29fd6a16883
8950,0bddc204-8c07-49ed-b24e-ce48929baf4c
8951,d97d3a2e-763d-4548-8e75-c7348abead14
8952,1b49caa4-7166-497e-9a6e-fdbffbac7d32
8953,9cb1e252-332e-4a36-8e6a-e90c6895f764
8954,dd5c599b-3af0-472e-9f02-7f54dcedc7b5
8955,2f922c09-3cf2-40db-90c8-a366c90d9d3e
8956,440d86f9-1ae8-4029-91d3-eedae4e5ba8a
8957,1ce84424-9ba8-46ef-a436-a38682acc0ad
8958,c18913f9-8209-48e8-ae81-6fec10110b46
8959,926647a6-d930-4baf-83d5-b200c832fe93
8960,c40fdb6c-91a4-44cd-986f-b97c089f68e3
8961,27897aa1-2133-4a9c-bd8d-21b5aa883665
8962,fa0ba4b7-4d9c-4ea5-97c1-6873bb2fd1e3
8963,52ef113c-b5b0-4cfb-be77-5921eb316134
8964,bdce607f-7b15-40ee-b979-41df01bc25e2
8965,78f8f79b-3603-437c-bad2-aecded84c9d2
8966,ab5ff96a-d9f2-4172-9c34-ad01f256b231
8967,aa840229-cfce-4954-9ef4-aec7cae139e1
8968,12ae8e61-8059-4e11-a8df-0787bfe37b55
8969,688a0623-1d86-4251-be61-de7c0fc3d453
8970,380e6f51-a365-4e4f-8cf9-1bb8b1447ccd
8971,0cd587e0-1d9c-451a-a0b1-6895f0d247d7
8972,312fe109-81ad-41f0-bcff-63cbc579a7e2
8973,cbc392ae-eea9-4ab2-aa85-2290576e3fd3
8974,e687e3a1-9177-4f36-a328-f6ae318c9e6b
8975,3155da4b-cb25-48c2-858d-b9608ba24881
8976,72252dda-3346-48e6-b332-e44f5c01716f
8977,0515d9c6-dac1-4506-98ae-11016814e305
8978,4a252962-4e5e-4884-86f2-1a1ee9c4f09b
8979,4f1a672d-583b-4686-9e3e-6b0b918ef1b4
8980,eb09c4d8-31c6-4fd3-b875-bb647202ef70
8981,50bf5b3e-1eb9-47bc-a966-02fd44989bdf
8982,d8dd81d3-9957-416d-8ede-fb80d44c2f85
8983,7360d4ce-ee38-42a1-a076-4622bb9b62a8
8984,739b1fa1-cbb4-4b88-899f-499b75a0675c
8985,7491843b-e23e-4ddc-a0cd-3851a35732cc
8986,d7749154-e55a-4146-be1c-85a51ce53efe
8987,3b1b2d80-21bc-4773-9ec4-37e3eacd16cd
8988,e9d6cec9-cb4d-4a4e-ae58-4fc87d2390cd
8989,f272f3f1-4228-4c8c-a1ec-4246110c9332
8990,1f4514c7-a86e-4757-b8b9-a90525ea6644
8991,d9856ef1-4382-4749-a6ec-43e3ec6db6ab
8992,252edaae-0d68-4a03-9cb7-9493739c9654
8993,9b85cba7-5767-4abb-bfdc-cb4391c7ceb9
8994,e9ebfc13-cf01-42f7-87f9-86de64e08474
8995,868bc498-837e-41f8-b90c-c7f67bdae4a4
8996,aa572fd4-2653-4905-b44e-d19bc3151356
8997,c4663060-c949-417d-8426-cdf89ed761d8
8998,968afffc-8ecd-4623-bc39-c9a29b50b057
8999,40cd415e-ecae-44da-98f7-ff668ec3d27f
9000,63d93862-a995-4caa-9cb2-5ecc5ca9c437
9001,ede09d66-d7df-4a86-9b38-efb160e5f6b7
9002,c54e1475-0c59-4740-b02a-3e99767150de
9003,f2964583-16a5-40ae-bc77-8cc1ddd2af50
9004,f613cdb1-1d8d-42db-bab4-71c9e28f7298
9005,7e502e95-3393-427d-8cab-c6c8b55d5cc5
9006,cea456e7-b8e4-48ee-8dd6-eb9aa67acb7d
9007,ceaa937f-103b-4b87-beda-4b88200ede22
9008,dec47efa-9a99-4d9b-842c-e326ee981a5d
9009,ac03ebf3-8006-4c27-8dc3-249a66b2ece7
9010,3d867283-461b-4e7e-927b-11321d3b3708
9011,a64d333b-18b6-43dc-8f66-a13bafd87ebc
9012,fbfbc58e-7474-44eb-9334-290d41498868
9013,f4d6cf92-3898-47f4-9524-e8c35e03bca0
9014,68adca30-2bff-44e6-9aa4-5e6cd5c48d83
9015,272cdda0-cac8-4aa0-bbe4-7af81c351585
9016,7f06f270-796e-4a35-aca7-925a74e867a7
9017,6047ae7e-1d0b-4d36-9e10-f69ecf1774df
9018,8ff202f2-30d3-4d52-a30a-faf8507bd090
9019,0af79587-6342-45ab-83f5-94ba7ea97017
9020,be388318-b2d2-45f4-8965-2fa2b9a79e03
9021,c83cd0cc-be37-423f-8dfb-6a7b36350655
9022,31c88378-9413-48e1-aedc-e8d09f19c35f
9023,52f2521e-13f2-4793-a47a-d61deb10ac11
9024,2b30ad89-aa63-43df-a389-c809713d98b4
9025,68104243-72be-48f8-9b58-3501ea232455
9026,012b68eb-f03f-4f41-a2b5-f3e759322c7b
9027,974b96f0-5312-4e31-85af-6658f78db3a7
9028,a7f245e2-5f3d-4adb-920a-8e08476b22ba
9029,6d0226b1-05d0-4955-bbf9-5ea9ce996a95
9030,684d9c9a-55b6-4310-9844-232895c1f052
9031,dadba5d5-5944-4c4c-b8f2-d50067e8495a
9032,68e761fd-25b1-4697-8296-a78298a995fb
9033,bafcc241-f5fd-475e-b8a6-3332c57aff5a
9034,b2b3fc2f-c3e9-45f6-8a45-c14a1a5c807e
9035,b1ec11d3-6948-44a5-804a-790e88e0c876
9036,f9fefa02-f033-480a-8147-7d1bab46971f
9037,4ff761fc-2230-4fab-9225-fa50fe5bea63
9038,f531d40e-3c0a-4037-8160-af5769ada517
9039,91f632f3-2b71-427c-bbc9-fb05f1ecdb99
9040,a75c4888-3783-4d42-b2f6-172daec4580c
9041,19b3cb78-364e-464d-9017-63b09487ce51
9042,d1d1f6c0-e9e2-4529-a19d-ee58771fad91
9043,bb19da4e-ade2-4d06-85fa-2792086e1420
9044,05472bae-8ff1-4d89-8126-0d48fb98d74d
9045,ffbaf581-32b4-4a48-92f6-14c148edd34c
9046,f77ce2c5-0b4f-41c8-97aa-5570788c1714
9047,d0f834f5-e9b3-48ab-8fd5-ab1d92809b6e
9048,9211fa37-cf2d-4b00-b8be-c4aaad236921
9049,65b15684-bbc6-4f9b-8efb-9eef69ed3002
9050,cc781184-d91b-408c-9e5b-2ab0ed4fe278
9051,d48207c7-1b91-41c6-9a3d-8f75a6800ae5
9052,0db7b1dd-823b-4973-86b9-4a393cf10cdc
9053,c1d5f93b-e28d-4281-a752-15d3f30f11c1
9054,34f0e404-7b3a-4a9e-a155-f66614358d56
9055,a0d21249-360d-4324-8d32-36e1a3b360f8
9056,671f4247-d81c-409d-8b98-ca44b4d75103
9057,dc1d587b-77d8-4c3b-aebb-465dfca740da
9058,c0cb5959-f763-42bf-a03f-a30ab4381fae
9059,89e20d5d-5413-429d-8480-a8f6b4552eda
9060,0b11b9b0-b6ed-4bcf-aa1e-f3fbb7d0708f
9061,7ddf8a0e-7fa1-4a67-982a-ca64de07b913
9062,f6efe307-619f-475a-8536-00ccbbf73331
9063,c30dfc16-a5df-4f8d-8ba6-bc9bee0d1f40
9064,c90e040b-b390-4ffc-bd19-1c721d4f154a
9065,b7c87f1e-38b1-481f-8db3-e47a4d795334
9066,81b0e009-0d45-4b05-85e9-a20d9896a350
9067,20c53404-3bbe-4664-b1fd-34983296b54c
9068,d3bb70a9-f2e7-4255-8706-489353fa2a14
9069,a5005471-932d-4696-b3f2-2f87b0db029b
9070,9e467c4a-6cd4-4ab5-af0b-a9af1c16a438
9071,1e5f4118-dc36-4785-b9c9-fbd3b803afda
9072,94d3b8f6-0c7a-4035-8650-5704fee28bc4
9073,6177267c-1db2-4cec-9b04-210b9858677e
9074,7007fcd3-3995-404a-8cd4-390c2119a65c
9075,b03b73b0-6e33-4d39-90fc-331f5d042994
9076,e68b67fb-bb85-4314-b322-9f80efe7c91e
9077,d391538b-dac4-4cf3-abc0-05990e307373
9078,cb522248-a400-4861-94da-62ff9320b0ff
9079,1535d5f1-99c7-45fb-9806-a277ed98a764
9080,1ac67526-682a-49b7-a21d-5e431bd1f5ba
9081,44118b7e-b478-49a3-8cd0-24d966e2f42a
9082,232599f4-e7d3-4eb2-9bc1-cb68a54c37b2
9083,e806df3d-4c35-4ae1-a009-e51deabdc3c0
9084,d1880b0a-fda3-48d8-aed2-2ebf1913af53
9085,bee53049-8026-4df2-bd4e-3310f634552e
9086,00e663d7-9fab-4f9d-be98-36c6d92ee82c
9087,748a153d-2270-4f2a-877d-82bcf4e983ff
9088,c7d1c65b-3aeb-423e-a1ce-b405f1842b2c
9089,c156a89c-e9b6-47a5-b47b-2dfbafad0561
9090,21009302-55c9-403e-8062-cc779e9116f6
9091,67a6491b-5df1-45e1-84e7-15f6f5afa17c
9092,34d70ffc-b75e-4970-967e-a3e994889045
9093,15837cbb-9143-40cd-a8a6-c441b704a5fe
9094,a0c1cd18-3203-47b1-9332-0824066730ae
9095,22122726-1746-40da-88d8-4af000cc5121
9096,ba851990-c9fc-4485-b643-41cb2aad1418
9097,875e32fa-b43d-4d30-9218-168946a94bf9
9098,2f21f91d-9fd5-4a1a-a5ec-968259f6ca0e
9099,5d0cde2b-4ada-41f1-85d5-6f73526685d6
9100,157a3d68-1396-4f8e-b9c2-d341f578a0bd
9101,fe617f87-6ac9-4d09-a18d-c46246ba51e1
9102,dd467abf-1beb-456b-aec8-79ec27f94005
9103,5c8e8f80-3a5f-45c4-8154-62664ba813ea
9104,7dbfcb39-0c79-4e59-94fa-657e897fcad5
9105,30a4a6d7-f091-4aac-9f11-0d0c5998c3b7
9106,5edc31db-1f79-4546-9927-838c0bfa6abd
9107,d68394dd-c9d6-4a36-911c-1a9bc90a5d91
9108,0edaafca-d88a-4f81-a529-114994fde4dd
9109,fe74e9fd-3342-4f52-81d3-626935950bc4
9110,9238688e-ee8e-4775-b93b-d4b7a0a666a1
9111,fd0d13b5-bf10-4cee-af50-c31ef658bdfc
9112,33645712-602b-480f-bdb7-101f5cd0cd09
9113,bbc93a99-0935-47ed-a359-9674367b25d5
9114,836ef896-a9d1-44c0-bd8c-4e3a11c665e9
9115,34147044-2264-4980-97eb-b2d5220f549d
9116,c5ecf0ac-e248-4218-b8fc-d855bf016b4c
9117,3586e82d-5376-46b1-9a32-d090cc35b8f1
9118,c44d53cd-68b7-4935-b549-4b61ce57ef33
9119,9794e82d-dd9d-447f-9816-d9ca2326c53f
9120,747e0731-b0bb-42f3-b0e0-9597a04a7a56
9121,23c3b77a-bbd8-4c54-96e9-44be38b76229
9122,5509fc27-0878-4861-887b-e8595b56670f
9123,38a9d1b1-69be-4084-aefd-bafb6ba0adf5
9124,3a01c847-ef1c-442c-97c3-ec03fd5fea2d
9125,0e978ca4-1496-4e54-ba9a-bd680751cd20
9126,cbbcdcf2-6bf4-4d97-a339-0ae0e7423536
9127,3d9f4d90-e035-477b-807f-915941f39350
9128,31b5b45b-3251-465e-aa5a-7dc55a26ae42
9129,ce5982ab-634a-4f29-ba1c-cd0c3eaad9f7
9130,e454088f-7acb-47eb-85ab-99d926e6b30d
9131,47d960d5-ae64-45c7-88ae-3f7508492271
9132,e56f42d7-f3e4-48f4-a800-641c2754fbb9
9133,58777e32-a76c-47bc-9d71-40c9f1dbe992
9134,29065202-298e-49f9-81a3-056843697329
9135,988dd87e-c24b-4335-bed1-dbd6cb723d9c
9136,8658b1f1-7b90-4165-b9da-474b667ad01c
9137,bca8c8f0-ee1f-491b-83e1-484b5bf20dd3
9138,dc9e037e-716e-44c2-a92a-0d25360829e4
9139,540be28a-2b6c-473e-9888-a6cb539c297b
9140,a8f97464-73a8-469c-a49f-4a9af6eb9650
9141,e92ff59f-1528-4dcc-8c35-17b2777e291c
9142,596546ae-05fb-4e45-a704-ab699ddca9d2
9143,08a18916-0f8e-491c-85ba-7debd4d733cb
9144,e0469301-e20c-4868-8624-185b39b09e6c
9145,63ae6afb-33d8-4dd6-8b20-3487c6e8ac25
9146,2d9bf498-b432-4743-8a9f-0fe10f54193a
9147,d91117fb-63c4-45ac-8bc8-8276f4e14a87
9148,314b1847-a337-40dd-9003-16775e6e6871
9149,3348597a-6ee7-4bd0-866d-6a2ae2ee228b
9150,cdc6e8ad-9cad-4cd3-9055-772c6a75e47f
9151,848f0045-c571-44b4-8320-e6cdcd5939fa
9152,6fbc2768-6bc8-4f08-a31e-5ce4b26d7b68
9153,4aa04c30-c275-4183-956b-c86e62265798
9154,0c54001c-a3fe-400a-8054-0ef6f721b93a
9155,68e18ee0-2823-44f2-8eca-4c5cfd0bcfab
9156,26bd665e-522d-4262-8569-5cd461286695
9157,a08d53e9-1361-4847-81f7-77d948c06497
9158,a5e3863b-6600-47aa-b9be-f81d8a3252f2
9159,5385a2c6-71a5-402b-aec0-c21ff9f0142a
9160,a2e0ea92-ba16-43d3-b6f1-2c111dba9603
9161,17f575b9-f739-4afc-9f9b-c92f5c509245
9162,c0034a1e-8dd1-40d5-a4e7-92e684030fbb
9163,a3b84de4-5419-407b-878d-32f0e3821096
9164,0f2294ab-2b55-4862-b87d-78050bd1438f
9165,35a0c68f-ba4e-405a-821b-0db1e23a53f2
9166,0cabf688-a84d-40d2-b379-a81e826f56ee
9167,89be4e23-7205-44f2-8408-5ac9cd4440a5
9168,8b1c944c-fc56-4956-8a89-1d37bd402a90
9169,6f195774-f27e-4d14-a878-9f1dd3f89db7
9170,91695b19-b02e-4c92-91fd-62381a5bc37f
9171,04de79d7-16e7-44fe-bcb0-f7e927812526
9172,2a290525-80cd-49d7-977f-2092f11f6742
9173,36fdb9c0-2cf8-440a-a0ec-1a89746c4941
9174,0f2713fd-de50-49f1-9b22-32a03f74264f
9175,b15c6f1c-1405-4e38-8882-910d90a69295
9176,17224349-eef9-4b86-8c37-b1b0af9058ff
9177,5e99e54d-34c6-45d9-acbf-ee1f72c50780
9178,cd065106-6f2c-4f22-bfb5-776c8b10a510
9179,ffab7ba4-3954-43c6-ac5f-43aa4adb3b11
9180,28a68070-23a3-49e2-b864-eb61cb8321e1
9181,c0187630-8426-439d-9e62-4bcaba6bb1e8
9182,5fbba239-ba1e-4d0c-8465-455315e8a873
9183,b2f3f17f-6824-4e03-8160-c3285288501f
9184,125060cf-7e78-445e-b313-4c6330a87dea
9185,edf58369-baca-48a8-b861-f645c55979dc
9186,1540253e-14bb-41c4-b4f0-e8c68a84114d
9187,3963a358-a222-4651-897b-5baab1d3ff46
9188,55fabda7-4025-4fd0-8272-f67397c12543
9189,101352fc-b40f-422d-ba57-affbcb291437
9190,6b1c6799-f68f-439a-87b3-e8e264a253a0
9191,36774471-607f-4106-9c98-af62341d290d
9192,161a6f5f-7cef-4ec0-a610-afa885549a24
9193,e6852f5b-93a9-498a-ba79-6789606e1b14
9194,73245f09-8b00-44bc-af31-0d5a0b498dbc
9195,f76c4015-b834-4ee3-b1d0-212f75511e92
9196,e70cbcdb-230c-4898-825c-8cfb6b027f52
9197,117596cb-eadc-4704-bfdc-97389a043015
9198,b328e47a-bd78-4877-bf33-c3e43c191425
9199,376ecb12-ca28-4643-bd48-30c05d5441b7
9200,742f542c-a6c2-4843-8188-9c5ed891138e
9201,73624690-798e-42f9-bc99-37ec7da6616b
9202,7d0062ab-e63e-45d7-ad9f-6f57dafd57fc
9203,93f46bf6-4e9c-4717-b5c1-7a1d063fa1af
9204,accc3260-947f-463d-82c1-1e6f0fe3d7b7
9205,c7168322-1e4b-4166-923d-9d2e47d74d20
9206,b17c0eeb-4b71-449f-9459-19945541a078
9207,15c5f317-38bb-45c7-a8b9-a4a93ba59e6b
9208,5eced314-997b-4a2c-a42c-2b539b89c640
9209,3c42d1c7-2d32-4fba-b757-27ad234af7a6
9210,a5b33170-7931-4876-b4bc-3708ff622be8
9211,d8c1350a-9de2-4e0f-a4ed-8203b24b6561
9212,fbaae4c0-16f3-497b-87c5-25c4c7b7aa53
9213,c3a3d313-6c25-413e-bf22-ffc209d662e2
9214,5ad4d83d-f953-4665-8811-a1fddec2dead
9215,f0d7c731-f197-47de-9c50-154f17f44c61
9216,9a3069fa-a2de-4a70-a0a5-e2eac2abc565
9217,33eb2978-7fd2-48a8-8cc4-426e900ba96c
9218,8267f8c7-85dc-459f-824a-9bb8cc465bf5
9219,afb50cb0-ebd0-406a-9e2c-61d3937d0540
9220,883b9cfb-7d5d-409a-9374-c60624fa58be
9221,f057efb4-a9a1-435a-bf88-623205d75d45
9222,893320dd-d0b0-4728-a9e0-89a7dc90a3ce
9223,0aae2bf4-433e-44b2-b983-5b2f8cba573c
9224,bd323fd3-4055-4f16-9432-f67246fa7f3b
9225,50a42093-921a-40cb-a867-b0f0ce4eb2d3
9226,08457670-6aae-4e7a-ba00-fd0252fb2071
9227,30988d7d-8b78-411e-9ad5-6ec5afd491aa
9228,a7143905-56ba-4d9f-b249-672734bb79db
9229,3e5aba86-f9b8-4464-9fee-8ea7920449c2
9230,41e46e7a-cca9-4bf4-b925-11327af88328
9231,4e79ec90-cff6-4111-94a6-1c6a5a0dcb8e
9232,faf8e198-deda-4e47-aec6-fe36179d3105
9233,38fe0b72-303d-4e58-a900-e99d4313f04d
9234,f6afc410-a42a-4c55-a2b5-aaa9c29a29ae
9235,a2e0d59f-5026-482e-98d9-1078f3ba47b4
9236,79f7e47c-a7ce-4aa7-a632-9210689836d6
9237,f4829140-f4d3-435c-9b25-227592e96243
9238,3e8bbae4-7644-4ee6-b50f-4608db1a1033
9239,0c32cd79-77a5-4ce1-ba57-542acc26fdc9
9240,3c0658d0-f765-4d94-a934-d4018cfb2b22
9241,35889aad-d4a2-44f4-b9f6-1a3800a97d8a
9242,6e13748b-6322-4ec4-8c7b-13d4a8901d6c
9243,ca01a862-7abb-45ea-a4fb-8ab49661677a
9244,7b701ac9-9f92-4ef3-b497-877ffe8c214f
9245,6b83dd2c-050e-42bc-9d6c-85d34b125072
9246,534c0db4-aa48-42d1-a156-db9e8e2ad17a
9247,1c13d8d0-c695-4be0-81fe-b93e5d00b06b
9248,99b6dc0d-7163-4b18-adbe-c4b0270f732f
9249,44bb9be6-d9a9-43a0-8651-63f2eecd10c8
9250,b5c9a1ab-a60a-4af2-b6a4-9a68528c6b03
9251,e1af3600-d1a3-4ee0-81fa-1a471079d5ec
9252,07956d05-6bef-434d-bc2e-45513e86acd2
9253,88af1cc8-0da2-4050-8a5e-dd10f7fdaaaa
9254,e09eba3c-fb2d-438d-baa0-be6eeb1b3e60
9255,9927bb7a-5086-4116-aa3d-5bb8d344754f
9256,62db856d-8b0f-48d2-a1d7-a440ea543f58
9257,f94a648d-9d00-4497-bc6e-562f9387e506
9258,cd8aa5f5-9d03-413e-8f81-df0cf2f49a85
9259,0e429f6e-04e4-4cfb-9fc7-9cd93f60d36a
9260,73e8149d-7c1f-46f8-8806-07b682bcfae0
9261,17ce83f8-ab5c-4983-af8b-12315787acc4
9262,a7280423-f7b6-4811-b822-82d82bd7c5bf
9263,0f294397-e404-4027-99ba-f3787b546ff0
9264,84c66bd7-98be-476a-bfd1-1258a6b31351
9265,72a3aca1-82ca-45d4-90d9-637509e22f90
9266,14684d51-035e-40be-bd27-42119785a9b9
9267,1672198b-7f08-4823-861d-d4a7968e1ec8
9268,718e0df0-de7c-48ae-8c88-9b69a63a4b11
9269,58822b9f-eaa6-43ca-a9ca-8087b5c5dc74
9270,900442a6-9320-4b28-be0b-f26dea280210
9271,1c3ce7a2-74cc-45d8-a84e-d5e8091e2735
9272,dd434ec7-2952-4c88-a70d-9d9bf43dae0f
9273,f3cbbc3e-2cff-46d5-b0dc-99bc24582d04
9274,1a0b5e66-b62f-45d7-9b5b-826333117064
9275,15e9c216-911e-4fe8-9fff-721d036d82f2
9276,05542b9a-c21b-4ae2-8e14-53d088431134
9277,3545be26-bd5e-4c43-82c4-f333ba619395
9278,e9bfddd4-0b35-487f-a067-c5757caa77cb
9279,35520bc6-80f1-4e61-ac73-c8e0f710acd7
9280,fed2463e-1d77-479b-ad0a-6c3664c7e6a5
9281,6897b47b-d40e-4e7a-bcd1-cd7555cb48e6
9282,c88727ef-8fbc-4031-b319-ab529f21459c
9283,653f5342-a9fa-42db-8976-feaab31b5ba3
9284,259c6d8e-1c6e-4de2-a860-7c28d37caa8d
9285,8fbee160-d182-4fff-aa22-fec756c3dfba
9286,9aae0311-7313-47b3-afbc-ce216acffca5
9287,84b6b8a9-2ae1-4379-b4b5-1f8d5ac95128
9288,d8402489-f451-4374-833d-9718118438dc
9289,e73419d5-a389-49d2-b544-2eaeb4219a02
9290,5348e268-48e4-43ba-a921-58c9f7cae47a
9291,3758bd7a-acbf-4351-8a3c-e9b049f336b6
9292,e38260ee-19f4-4683-bcf2-24145261862d
9293,479a2ec2-150d-4f09-bfda-598f88aeed44
9294,0fafecaf-61ff-4c43-b806-894a0fdce302
9295,d6e29579-9b72-4830-839f-13939781cdc2
9296,2b9c893c-5359-4883-9b7d-d9e66c1c3ddf
9297,f83ebd57-f31b-4660-a33f-19edeb8ac62b
9298,b620e971-d2eb-4cf0-9ea6-e5130bab9b4c
9299,1ee9c228-db13-417b-a24f-ea053c5d8596
9300,457b2256-95a1-4c71-864c-8a57f34c6a31
9301,85a56465-960b-4741-a4d7-00ff571e6aad
9302,2ecd858b-6460-4718-b0f2-8a8d68e8478c
9303,9264b987-a7f2-466c-9126-6aa28145672a
9304,7be12c5c-093c-40ab-bb49-4aa52cf412b9
9305,0fbb288c-7cd6-4219-8f02-995ee045cd59
9306,93eb11df-5095-4f51-b492-2125dc0f2fa4
9307,46509951-5ad6-4c08-a13e-39df5c4b52b2
9308,f14544c3-1f07-4d97-b228-84cb31fc7bda
9309,0bbfdf54-b93e-4731-aa3b-0777500ca16d
9310,5d0009ab-6d98-43bb-9d3f-88c70cdef90f
9311,35b47668-6e97-4017-ab87-3aea6ac9f115
9312,194c3dd9-3e49-4d57-8843-5c58de51605f
9313,0ed98b7e-fc0c-4ee0-90d3-3608bdce2930
9314,be80d7d4-2219-4ee5-b63c-c65521104105
9315,c2bb1e5b-ed4c-48c0-b8db-bd89ac4836f0
9316,7605faa9-adfe-4c83-a031-30431387feb4
9317,02e4898e-9546-4f13-8661-860a8387247a
9318,3fce99ec-6477-4339-a8c4-59e027cad3df
9319,bb237720-a713-43c1-9cbe-44eb7a29957e
9320,ffe428a5-6e7c-4059-a033-f04dfaf629ea
9321,e10f0ff4-0042-4f46-be5d-bc4282b998fb
9322,2e429a57-7256-4264-b3b5-db9771896669
9323,53af6d1e-0176-44fa-b975-a86be184f49c
9324,bd024bdd-e5ab-49d8-99ca-caec8725af3e
9325,af26ee9d-732c-4c54-801b-c1f30c02517f
9326,74db878a-1ed9-496d-ae25-3a47f1605e4b
9327,0845a6e3-1e1d-4251-859a-1d0b6eb7ee93
9328,fc63f7a8-093f-490f-b479-0da62a1b13d4
9329,78795ec0-cedc-4a45-970e-1086b7aafbf7
9330,e5afd63a-7eca-4381-96f2-615eaf2300c8
9331,21d26aec-3330-46b3-adfb-69a90a24ff23
9332,1fba99c0-2545-41be-ac97-67eca9c6be67
9333,87b6c69c-9330-4fdb-8076-75b1ea5d53ce
9334,8e6a25f9-2e96-43f1-a730-d3008104d064
9335,38692616-2d39-4cd1-80f3-3c43dd6c0578
9336,41d86aaa-bbf8-4cdd-bc7b-e59093a5814a
9337,cdfa70ad-0b81-4b51-844f-a5a1363e4a6f
9338,0d6f3068-078a-4e7e-a161-114e12e34967
9339,0fe268b1-4fdf-4872-8b3c-ea9ade106edb
9340,04132437-ebc8-41e7-a8ee-3b63225b9e30
9341,a50677aa-67eb-4a24-ad49-99c82bda0279
9342,4cbf8eda-6265-4541-b5a6-58966578d5ee
9343,e030ad3f-4cde-44b5-b50c-eacf747c8daf
9344,ae6bff5a-ef86-4991-98f0-017321c617cf
9345,b70ef2e2-2157-48bb-8c1e-e77bcf364aea
9346,e3436dd0-262d-4489-b759-2a7a334fa355
9347,612b2217-b8c6-4907-836c-30010baa29b1
9348,4cf8d4b0-67d2-40cf-be4f-59371d6aa825
9349,9dbfad6c-92d8-4b91-ac5f-cd7066c6eec3
9350,fd004202-b541-4a80-afed-4ec6f76e11e5
9351,0172db17-1c3e-4b6b-b8c4-ffe1f532a1bf
9352,43260c93-1e61-4f34-9a13-8298a9d76ce9
9353,b00e6d5c-2a8e-44e8-8289-e1b8cd367fd0
9354,a17ba104-7a43-47bb-82a6-67911bed076e
9355,e02b0bfd-1d7f-45d7-a61e-1ff8f9610925
9356,184d1d36-317c-413b-aaf7-06f96cf169fc
9357,ddde02ea-8c11-49c1-b009-fe91abc6ca42
9358,4c39a3b0-65df-4218-8165-83f8509915d3
9359,48f64858-fcba-45a9-931b-b1807c2a9655
9360,229d6271-e6b6-41ee-9d55-7263d73ebecc
9361,ea2b126c-5706-446a-916a-882a0e6a31e5
9362,cdb8570f-ea8b-424b-b57b-50354da9d005
9363,9db62ce2-6ac4-45b0-a5f0-7c20bfdb0257
9364,9590495c-f03b-4229-abe6-0e80ff0013ad
9365,565d7d58-529f-47d4-a619-d4cf19163d7b
9366,1a9111ba-c23e-4d39-b1cb-955a759950d8
9367,c675fc35-eabb-4113-b074-d578810c77d3
9368,f830d78a-b809-4a0b-8a2b-cb30a80e47e2
9369,2e496a31-8605-4ae0-a2d6-5011544cd9c6
9370,30af453f-d260-4e87-b123-dc867e304331
9371,bb66bd77-8ce7-4e94-9243-7858eb894699
9372,256b7865-1ec0-4855-87dd-6c3a8fd19db6
9373,3b3a0eb3-077d-4a97-8b30-d89427cbb4f5
9374,b6a219bb-b523-405c-b4ea-5951bae84dd4
9375,e9b990ae-2c2a-49ea-96ff-aa9d09259954
9376,b909fdcf-7dfe-47f9-93d8-eb4f3950577d
9377,f49b4765-0cdc-4be8-9f31-f5cd6ee14c4a
9378,f32692b2-3945-4f44-a683-77d58fc57862
9379,21324429-678f-43a7-bfcb-067fe51d96d5
9380,27343084-ecb1-4c2a-9efe-6ec37c4d8e7c
9381,f41be600-e217-4656-a45e-629ada46a1d1
9382,7e2d0496-6d19-4853-91fd-8fdc829b76b0
9383,c2ff5145-9c7f-49fa-b1f3-ad016c587e74
9384,f49b651a-4540-469a-81bf-5760c17a7f13
9385,095d9a3e-786c-44a5-9b1d-e38ea74faa44
9386,ee8467a7-74b0-4fb3-b945-8447f6855d1b
9387,4c3b04af-1dd3-413f-8fed-20127d434221
9388,eeb2fe8d-81f7-46b1-94a7-b8252e11d08f
9389,140546aa-4341-418a-898d-f2585b7ec7a8
9390,38280c99-d65c-4700-b8ba-4b849f496c05
9391,a16c602f-73e9-4d5d-bf02-34f3d095b031
9392,5aa505b3-6bcb-442e-8604-fb8b811a90a6
9393,66c50c58-ab29-4e70-be2e-9ec8c1acf105
9394,0ee9c40f-4f93-45b5-b24b-2f6af9626eb0
9395,43baa1fc-e0a4-45ac-bb27-252518656461
9396,2710d8f9-ad85-4b5d-8f77-aadd9ac6bb2f
9397,75b36c2a-b1d6-4be6-ad7b-6ad7028a4bd2
9398,400182ac-8d3c-49e8-a11f-fb111777b80f
9399,d51f5d1d-e383-4d74-b58d-5d44f4c30b39
9400,d5ac11bd-0270-49b7-9157-75ca321883fb
9401,42a03d1e-2ef8-4f93-b146-521abf78d73d
9402,5fd91e96-bf6e-4406-be91-1bbc738d560d
9403,a5b97b88-203a-4cc8-9c8a-4d40ceb29c7f
9404,d657bde3-3b79-4bdf-9c63-63d0fe65da51
9405,df65cfdb-b70c-40ea-93eb-2a79c6a58367
9406,0d4f8d34-5a2b-4bca-9a44-05b513b6d9e6
9407,57be0069-12ed-4573-8e51-10d06436984a
9408,ee4aa6e9-2911-4f75-86c2-a6a587767520
9409,5a1d42c8-c562-4eba-9802-778f5ba04c44
9410,9cda51a8-e1fb-464c-939d-dbdeb99ee1c4
9411,db6ab2c4-0ccf-4b8c-9350-30bc6939cca9
9412,f48b1820-d690-4f0a-bc85-f8a0f28cf51f
9413,813fd615-639f-4e66-8453-455beb224c80
9414,238ad13b-b9ec-47b2-b17a-689ba9824257
9415,e3039c12-2d10-497c-b1df-8924c350a564
9416,c04aadd3-4a8d-4842-850f-8b4b3c7c7afc
9417,f90cfde6-156c-457f-863f-227c1fd4fc26
9418,2a00890e-711e-4a2e-b9f1-5fb93f8f9557
9419,64062337-6508-4fb3-a95d-e77142462205
9420,18847a18-e735-4bb0-98f3-f1392f4490ed
9421,130c59b4-fe5b-4506-b326-67b7b4a3cf94
9422,fbb491b3-4740-4b7c-aff1-53f974752629
9423,679bf5d4-7980-40e6-93e0-9b723c786a88
9424,61f577a9-312b-412b-85fe-def1ee09373d
9425,1f7ccde2-5c8f-44c9-9bcb-094620bb3198
9426,607ea58c-7864-4f21-a2a5-8f264a644bbd
9427,9964d80e-f33a-4ec3-8331-ba3f24418b9f
9428,979633a0-ff5f-487a-954a-92f7e98dd6c7
9429,6078548b-e5d2-479c-8fe1-5efe7c18c458
9430,a98dafd5-d1ba-4130-8a26-8fb72cbca5f3
9431,cd2d700d-c955-4ec7-b3ba-c3b41875924f
9432,2a8defe1-f36c-4b7c-9fce-0d39149b78ac
9433,302e7ed0-d90f-4a9f-9c73-5e92ad042a80
9434,c8c75615-e51c-414a-88fa-a212a3c9c7ec
9435,b9cef79d-78d6-4901-b75d-7d5a67b64807
9436,a5639049-321c-464d-b96a-ac5299ff3ea5
9437,e069f007-218c-4d0e-ac61-241130d319c9
9438,19e954c8-be9f-48a2-9cae-482ffaca350b
9439,cbe231ec-5218-4a30-b837-fdbcf1007133
9440,8e7d9400-6684-4b48-9f48-6e357d31e54a
9441,03e52b4f-5b7e-4071-8382-a5143e687213
9442,98234547-1e48-4b70-81a2-849fc3fc2d8d
9443,a12c9ff9-13a4-486b-babb-72b9a4bfaf95
9444,7492e3e3-6ff5-4ed7-8dad-2b98d97fe636
9445,2027d801-8a51-460c-8db1-5dd3dd3ca9c6
9446,4fbfefea-928a-4a02-8950-fc66227cc69f
9447,1a9438dd-e3ec-41cd-887c-7658066aa596
9448,99aa4ddc-1d09-4f26-b09a-29e08152badd
9449,bdaf6f71-b9ba-427a-b967-3516cdae090a
9450,726ea5f2-f5b7-432d-afa4-c8a9c4bc83bc
9451,8f80e20b-c7bc-409c-99fa-e5f994cb8a31
9452,446ebb71-5b94-4af6-ba53-3ba90efc48e2
9453,21bdd788-b9d8-4c60-87ba-d2030db228ff
9454,5cf9d5e0-b493-4be9-960b-4b036f9d76fc
9455,353a07f9-a62c-46d6-ae1e-ab3d6d2af3b0
9456,f9d9c128-8a28-4cd2-ac06-42ef953c96a9
9457,777aa1fc-f88e-44cb-9ea3-78361a364732
9458,69edfaca-4abe-46ba-9de8-2a5dfa2c12e2
9459,5e7dd062-f98a-473d-bafe-6809a70810e6
9460,a5ea23a7-c21b-44b7-b297-0f6fff0989f9
9461,edc3c48f-7344-4813-ac97-d89dfd78e046
9462,f4f9d43e-76d4-4119-b753-672f5aee6d23
9463,c19fe853-7cb0-466e-8dfd-91d436ce1a04
9464,89dc6dce-4f8d-4409-8b18-179aff31a85d
9465,59223bc9-8d24-4772-bc6c-b2a45b9a5771
9466,3aba25cd-4a40-4f54-a2ee-aef28adb97b1
9467,b07396ef-20c5-411e-a784-8b8306596a25
9468,69b8866c-1969-4b3e-8e2c-694096892c58
9469,58ef9e05-b174-4ea4-87a0-8a3b3fcafc44
9470,9a810f72-d821-43d9-8ff9-c21399a1ac6f
9471,8d64fb4e-3080-4199-a685-be38a2d7b08f
9472,45040633-05ba-4555-b207-9b7b7884b24d
9473,f6accaa9-120b-484c-82f5-c34c255e3c00
9474,b65b8306-0745-424e-acf2-84c0c64be81c
9475,78e592b4-69df-4077-bc47-5f609dfb1c43
9476,5979c4ad-3ecf-4e25-8f78-dbfcd604383f
9477,6f7bc759-abe0-4699-b554-c9c06820221c
9478,8dc16133-eded-45c0-8c7b-aabd950d3032
9479,70e580e3-3ab3-46da-9de9-d38354efae08
9480,a7a6ff67-7369-4a77-972a-bd5dae4de584
9481,99ce4052-af52-4914-ac6e-10f0d93030bc
9482,049998b7-567a-4833-8d69-90b23aa28b1c
9483,7e90279f-19d0-44d4-beb1-58313018619d
9484,98016357-9dce-4b42-b238-3166cdb72d73
9485,bb7c1387-a8d6-40f5-a8cd-d917b3855e8c
9486,c46cb694-73ce-4293-b86a-5446b033bce1
9487,8c61813f-8c5c-4e7c-bbd7-75433cc93ede
9488,b5f59494-6daa-497f-b7aa-7d9b2d000b8c
9489,67b06887-da31-4b0e-9ca8-238d1df94ea7
9490,62c05385-23db-42b2-95ff-7c3d90f143a3
9491,838558b4-07b4-4684-a5db-8f3f2c23b216
9492,a7673c53-1034-4071-a45e-2bb8ef0532db
9493,bf6adb48-8e81-48a5-b20e-eff058ce42da
9494,bb0ef3b9-b638-4cd2-bbaf-60e860081301
9495,bf39e795-dc33-4a78-97e4-41ed8f16b99d
9496,d0359998-414f-4ef4-bcc2-1ea68ceb4aa0
9497,9386fead-e7f7-4be8-ba01-9cc22dd5ea96
9498,6eb793f6-efb4-4a94-853c-e823a8235223
9499,fd086181-234a-4e52-83c5-51c993115be5
9500,8707ce40-46f9-48fe-b0fc-88b700a87297
9501,c4e612ac-33bb-4317-8b50-8ae66158710c
9502,b06a6e06-d67a-48d4-af69-6f268a781f15
9503,aad9a197-81cf-4b48-81d2-4700821310c1
9504,f55479a3-4f32-4cbc-947e-be5b511b3322
9505,eb251590-285a-45bf-af1f-02746647d3ac
9506,5662e296-d9a4-4020-b1ec-f1ff281675bd
9507,dd0af514-0a86-4278-8e7d-f01fb34350b9
9508,d0c2275b-c84e-4245-a7b4-9fe67e951671
9509,bd5b8607-d322-4d27-ae12-3304f6444814
9510,0ed74d0d-2481-49c3-9170-3a3bbe00001a
9511,8c1e31fa-0b4c-4595-acda-6b43c0cffbfd
9512,75d327df-9815-4cae-8b8c-20679c119bc8
9513,be4fc884-c007-446d-a042-70be29ece87f
9514,2900d808-1ca4-46e7-b1f2-65a0f9514340
9515,8ce8aaf9-1c36-48d8-bb3e-59a07b97fcf2
9516,b2091073-5877-4585-8a75-d83d6f8f5448
9517,46d4cccb-fd34-4438-ad86-e0b28bdb2a6c
9518,c1641029-90ff-408c-a970-a0b58b9591c2
9519,0d7a46e6-1bb5-4a94-b20f-350655e83863
9520,662408c1-1c1f-4463-bc1e-e6922778c93c
9521,da875430-7385-424a-9442-156574c281ff
9522,3ad750f0-8d75-4cf7-9286-5e753f8f02ad
9523,542b53d0-5670-4449-9497-5607116e1818
9524,299cac77-b2fc-4962-a9b9-01948bfb4c6c
9525,529fa1ed-5302-4309-bae7-8275c040398d
9526,49323f79-179b-4e41-aa99-12df98930ffd
9527,6dec44eb-4bb6-4b9e-bf60-96338662ff2c
9528,fb81ed5e-15d7-4a68-87a8-7b95f2655ba4
9529,522cd7b4-d1dc-40ab-8b05-fbb27b1e8e14
9530,25f5d0fe-288e-40f8-acba-04aecb72edbd
9531,7781b399-002d-45a8-97cf-c0c62bd55a18
9532,e906ac14-016a-4af1-9530-1c43244e56a2
9533,4240d560-0355-44c3-94c3-1013bb62b413
9534,f4b41e34-6bbb-4e4b-b48e-aff8fadf7f2c
9535,8c25b997-d84b-4d01-8d57-f4896ada8a76
9536,1dc0ce30-ec42-49e0-8047-b2afe6a1dce9
9537,22e77053-163b-4481-b047-1593415be234
9538,9f55485e-62f9-427f-91ed-1d75e941ac74
9539,1271ba19-af73-4e0a-94be-26adaabe1f8e
9540,6d14cd6a-3840-42f6-aede-ee61f139fc69
9541,4a176b05-b76a-4799-8416-509fce117971
9542,4d489c4b-7ebe-40d8-9a03-ecffcef674a9
9543,12aa15c3-902c-4ccc-b88a-a9b822719412
9544,a7f1ba16-03c1-4694-ba61-725185d04afa
9545,3b5e61fb-6931-49d9-857c-247fbfa0c0b3
9546,52d46e67-6840-4fc9-aa69-f6a3db3de122
9547,cbcb5ab0-9cff-424d-8d15-ffdcd6722832
9548,a6d497cc-f53f-45cd-a627-349ddcff48de
9549,32292478-352d-429b-a4fe-5f7a7a96be04
9550,1f758711-2b82-449f-a7f3-bdef2f1eca65
9551,3c619fd3-1f9e-4aac-a0d9-b3aaa51563d6
9552,85709fca-273b-48eb-8440-b5eb1eae5bbf
9553,cae70222-c253-4d06-b8e7-df3b59f2458c
9554,a2c6fef0-2214-484d-b961-4483a991df76
9555,2c0678b9-6721-4ced-8eda-3f8dee5291d7
9556,5990f48f-c695-41bb-ac07-10ae1058148e
9557,e5c16aa6-4b82-4bd8-b600-c961b9f395b2
9558,985ca989-2a02-4131-810d-ea4f6b579b30
9559,90d8de1d-cbc9-4911-9e2d-50b4a729913b
9560,03515efd-fe7d-4772-ad92-42f905d84613
9561,f9169dab-bb41-4458-80a9-178f2d4edb73
9562,69cdbec3-9cbb-4041-8840-1628b0ff3f20
9563,f65b342b-c93c-4186-b00c-ea0b237871d5
9564,62c81e19-07ef-4051-884c-bc845d5d9936
9565,72c1cdf7-0e90-4168-9654-63e7a30667aa
9566,c0b4d5e8-5ab5-4b71-9535-53db8bd857b7
9567,174223b6-f264-4e4f-a58b-3ed9876a823f
9568,15f78ec6-627f-424f-b304-35cc6f59a59d
9569,75b614d8-aed3-4e2b-bd47-b08698ac791e
9570,38ce2d4c-eb18-4b79-85e6-c0364736a7de
9571,29432021-f4e2-4264-b086-b0c3480743d5
9572,2174f7aa-2bed-4dff-93ac-d8fc4d4582cc
9573,7a6ef027-c3f9-4366-84dc-44040392a060
9574,1096cd6f-7ea0-47fb-a989-499ae64c0520
9575,519f5074-2162-47ae-bffa-1c7dd60511b8
9576,188f8afe-8928-4e52-acb9-76d4d9cb95b9
9577,131b4e26-38f9-4256-a22f-2968bd70cee8
9578,188cd5ec-69a9-412f-bec1-5d91a9c38c76
9579,de0f25d5-28ca-40a3-b904-4cbf1d58adfd
9580,31f3edf7-8029-44db-91e5-078b77a8ac51
9581,8295e7bc-24af-4f08-93c1-0a263e17b3e5
9582,f4552f77-291c-45ba-8efb-252371a197e6
9583,f1734caa-7bc8-4498-af79-89be3a49dae3
9584,c1382129-6bc5-410f-9b84-d9b7ebdb7b74
9585,75837024-fdeb-4f84-919a-8d2b4640ccb9
9586,86150653-22dc-404b-ac3a-0c51d96070e5
9587,49a857b1-39e6-4e42-a92a-00bd0c56d0c6
9588,a95c99cd-0804-4988-b19a-a4e5565a1fe4
9589,20f7396a-ec42-48a5-83b2-653c37202745
9590,ef87f025-b517-4e00-b0b4-53f45d7bbe79
9591,e99d4ff3-9c00-4eb9-b5c0-5e8f400d09c1
9592,5dd6270d-3725-4ce0-b756-7a300f6cfc7f
9593,e33950c8-f115-4de3-b309-fe98f5f5395e
9594,2a66669b-3f40-4e25-a490-7619f2c434e1
9595,2fcde44e-e21e-4895-b7a9-e6580e65bd71
9596,96bb47e5-3550-41db-98f4-ba3b8bbe5bda
9597,1b47f2ad-4b45-4175-9b7c-f083ef6a7b94
9598,661bf08b-0d5e-4d75-9732-579e402c636e
9599,c383c13d-2abf-4704-a32b-18ff306abae5
9600,559fd465-18fb-42e5-83c3-15c5b02eb07a
9601,a9ae4835-c2d3-458f-84a0-be302985b711
9602,12d0d230-8780-4cc8-9caa-069b46030bef
9603,f005c57e-7286-4e37-89ae-200d867d9a48
9604,23881bd3-cd13-4eeb-a4d2-1e24454a382d
9605,20e961d3-b5c3-42a0-8ea1-ac1a731e640d
9606,d763a77c-a4a7-4f77-ab77-6b7b30916808
9607,af741ee3-6e94-4b15-878a-1b0d9fe60e79
9608,c000ef67-71da-4375-8342-60042344c0aa
9609,41879127-7e5a-4d58-a0ab-8338a1839296
9610,2e6718f4-7918-48c9-bf84-1408876c0537
9611,3c25104e-e6da-48d1-96f4-e47a92227637
9612,7e6b020a-fa21-4702-955e-67f91d566de9
9613,b9de9664-78e7-417c-a6f5-9a892e079b48
9614,d8c27283-99fd-4de0-8fbd-919629534a79
9615,4650465d-4229-4cee-83d2-9a2226572c37
9616,c3575f06-251a-4b28-b04b-3d122e289aab
9617,d7c17e77-134a-47a8-ac86-3f961f48b5ca
9618,0797844d-6a5b-48b3-bb0b-54033f1099e0
9619,1e248ba1-85c9-41b8-9909-bcb056d601e2
9620,0dcb817f-2ba3-4e78-9735-c816b681531b
9621,3169e869-34da-4d6d-8d96-2f40670359d8
9622,d4b9bde5-8f44-4525-8b09-d2971ee3be2b
9623,77b0c0ce-c218-4566-b43b-d4ee32c2a069
9624,f8458703-0e33-4b42-bdd7-70bc24cdbd92
9625,1f21b9f5-2fd0-4221-a7e4-72ac3d0637d9
9626,04df5a9f-165d-4a8e-b366-7e9c947f8270
9627,997ce575-a351-401a-b916-ad9c0d3301ca
9628,f3dffabc-565e-4cfe-b169-ee4e9fb0f5f9
9629,0f187be1-8fbe-4e83-bfef-0b194305cb2d
9630,cf54137b-0c98-4c2d-a06f-1eec3010dba9
9631,9ea71ad3-b613-45c1-a49e-a24d6e3caf37
9632,5d9a4583-3b58-476b-ba0b-926e8c1cc12d
9633,4d17f7a9-1ef7-45df-911c-be32ea774aac
9634,9e97d0f9-409b-4a75-bf0d-16419b525d0f
9635,29841a6d-53b4-4dce-8513-ed33f4fc8b83
9636,395cc6f5-df69-445c-9cc4-58ac5ef4fd8d
9637,ff55bd30-ded7-438d-8237-19df3a427ec0
9638,76f650ad-2a4d-4ab5-bfe4-c1b5d49b6590
9639,c453d5ab-2b72-4fcb-9c1c-698b61db5f25
9640,db18e512-ab70-4a9c-912c-b88d9af116f9
9641,4f16507c-cc5d-42e5-bf4f-70a57e655cf8
9642,08a70ef5-68e0-4c6f-a504-10c1ca0a6fcb
9643,ffa9644e-560a-4b53-b065-cd4428c1009d
9644,37a2431b-cbd7-4c95-912b-2b184962835e
9645,cb4b4bad-3df5-458e-860b-c2dd3b73ab55
9646,e34dd62a-10a6-42d1-9a14-bf049e26eb15
9647,c66cbac7-0280-4bf8-a23a-eb530cf0651a
9648,a0401adb-ba80-4b89-b194-a546cdebb72e
9649,8c4c318c-3db6-4834-b91f-cb09b002e01d
9650,cb0a0fc1-abc1-48b3-b3f7-0e6318f809a6
9651,698b7a07-2616-4eff-93d9-b0b9c15a1073
9652,3ea920a6-0095-45eb-a23f-84ea68d3c1af
9653,1eb5667a-0873-42ce-b4a8-c73e3f47d978
9654,08618d33-ab9d-4791-958e-a3cea925321b
9655,b28b61ab-e601-440d-a95c-fe6d254a7b10
9656,a01d2906-4fdd-4506-8b93-1f0797958915
9657,345e13a3-ae1f-4454-966e-c4ab75ba6961
9658,3e0b66e4-16ec-42fb-b1c1-36eb6090a9e7
9659,3f037829-d68f-4315-8e37-eb720a577b28
9660,2b12c70c-5ebd-4088-b6a5-3af751b6a76f
9661,e192b398-0dae-4a96-b7e3-f2d19486763d
9662,95d7e7ad-d69d-4d89-a9a2-38199718e2b2
9663,073d3a2b-0fa1-4da7-9c98-370625dd4faa
9664,fc25c1a3-969f-4e49-9948-55fa7a90e244
9665,20101607-cb97-4ee5-9134-733032790f51
9666,a4166074-373a-47bf-bfcc-3ace97bef328
9667,191b7c14-dd25-4bcc-9dd6-297a0189eda1
9668,22fabeef-c7a4-43f5-ab0b-7e2a33a2b0d4
9669,817f8240-63ff-47ed-abc7-d1dc83569680
9670,c3dce092-1631-48e1-8882-7dc0d1f71fe2
9671,0531088d-a5bb-46e7-b376-6112d3f17003
9672,ede6edb8-0896-4335-9872-0ac24956c385
9673,95b2ff38-973a-4d33-b70c-2b14bc7526fc
9674,b408d573-5a26-43c5-b7ed-02c95d150d7c
9675,a0f8e611-23b7-415f-8c82-e365ba9190df
9676,a7c7235d-f87e-420d-b114-8bb480bde85d
9677,6fcd0f3d-6a61-4208-8eaa-e4cde122bbe1
9678,a986a185-38cd-476a-b8df-3edfd4c4a040
9679,79ec02be-d05d-4594-8fa8-34fb80b202b1
9680,14898cd0-3fdc-4e8b-a9e2-d5b0ff3c5b96
9681,63b7728e-f465-4b14-a86a-71185deb4c6a
9682,a4c28b60-88f2-46d8-99ed-61b3efdf5151
9683,1c781763-a024-489a-8069-4da7f489bc8b
9684,1ab89737-6e18-4c97-8851-c854e89c395f
9685,f398c7b6-a530-4e8c-86be-01f05bbd002f
9686,4abd3c4c-2529-4fd6-8052-e6a1e53148d7
9687,9299ff2f-0bc5-441b-80d3-7ae56b35580a
9688,bdaf4bcb-d1d6-4743-ba81-45da6c687079
9689,f46c0f25-796f-4144-b041-81f758fdf945
9690,0e10bcf0-6d79-4bd2-bfa1-0fa1be2f96f8
9691,43c12bc6-1feb-4a67-bb7a-3291630f5962
9692,8ecfa3d5-1268-452a-880a-c8cedbd3e680
9693,5b5d7174-6342-486b-b101-fabb2b1f9e02
9694,b7474a89-ad83-4947-bb96-f2005fc4e193
9695,dd884d15-9986-4949-86a4-233eec9ad812
9696,31bb7440-01e7-4edf-92bb-11ebb59d0080
9697,73b469bd-e7e0-4693-9e62-dffa5aa9e607
9698,eea69df4-4093-4089-a196-5e9d51457c45
9699,035c2b1e-fb12-49db-8f9a-2c473670274d
9700,100e85ac-41b0-46fb-844b-45b7adae1ee4
9701,308554a3-ac7c-4dfc-97ce-c5d1589779ae
9702,09eb004d-9107-4a61-bd1f-1e52b54525c8
9703,824daf8b-2f0c-4166-bedd-b8af5d12ecdf
9704,2b95af61-9f76-43a2-9b40-fa9d9245b976
9705,ad3b1c5c-743f-4bb8-8403-f34508002900
9706,1cb0a4e6-18b8-45f5-8ff4-9939eb02cf52
9707,ce4e7f2a-e5f9-4864-b404-1dec0d2f2070
9708,f63cb546-b57d-4185-83ba-9e3ed19a5c83
9709,987934de-0950-4844-9861-0218e62ea76e
9710,124b8c72-dfc6-45fa-9a47-b519e656ecb9
9711,f5e051e0-587e-426c-afed-a1f7f2229ed6
9712,b3a9c234-8c6f-4f42-a0ed-928f7570c037
9713,85a45fcc-d2bb-4194-89d6-bfdceb36a07d
9714,4422a0a8-c21d-4269-9140-d5a77f12b739
9715,767444c7-f634-4a52-949f-009b2db2a389
9716,38759ebb-9b20-42b3-bfb5-bd784ca3ad0c
9717,bba1f610-863a-4ff6-8c01-5f7d7109b0e9
9718,779cfcd4-1e93-45f5-a316-d03f4a69de1f
9719,ca732259-1c0b-46d7-bd72-191cc5695e1e
9720,ab3f57fd-230b-485b-b651-5a5b8629b5d1
9721,59f56beb-bf6f-44bc-8f9a-2569c320ce25
9722,f994cf6e-32f9-4300-999d-898c2f8a7419
9723,7af01bcc-59d7-45a0-aa4e-74897f59ca47
9724,419d90b8-e05a-4321-8e14-4d8b54bcf86f
9725,2c5b3d0b-b0e2-409e-b821-ac4096839a83
9726,6d0c3fdc-ce70-4755-a8cc-65166e151819
9727,f7a68b59-76fc-404c-a4d5-0e8409aba2f8
9728,b5c4af54-a788-40ec-909f-4063aa50e2ea
9729,c8e39a9d-29b8-40b0-864e-9615b44bef5b
9730,6e9e1ac7-959e-47d0-9349-5659ac9fd121
9731,0495bdf5-4c46-41bf-8e93-088210dca9ab
9732,ab86357b-4abf-4f3d-a5d3-938ac2240bb8
9733,28e55850-70b7-4e0d-a0c2-9a94334b6236
9734,c47c631c-4df7-4af5-86ed-deffee2ad519
9735,4d437c3f-4138-4e65-87b7-0d4c38febd8b
9736,a5186afe-1e24-412b-8db1-50caba6a6827
9737,2063367f-9429-4564-9327-f524ce0bb5de
9738,efd4efe7-ccc9-4bdd-8b07-e0f11dcb4195
9739,84719da0-4286-46aa-b6a0-407334f8438f
9740,fc488d77-921f-4fd4-9d3f-22101ffee399
9741,02eeb963-12b6-494d-a5e0-5012154e219d
9742,5c6fe83b-ba18-4a73-a685-ee65da2e7924
9743,2ce20755-61c7-42e2-84be-1a0c77ad8d86
9744,005621c0-2c78-473e-b60e-cf9fdb6cfb80
9745,7d084e48-d8af-459a-ab13-646f5e12e3b6
9746,5a70726f-0831-4776-b8e4-cbe5df29f121
9747,022d8f36-b2b2-4d2f-9f7d-0ad39c9dd160
9748,8d63f1ee-6b64-46b6-85c8-d72432448d02
9749,247e6361-e73f-484b-88ea-e7c68fa4bad0
9750,5cf499cc-a65c-4698-8681-5d14cf2f9c8d
9751,257546ac-a883-42a5-a5a6-e701ec3ecd5b
9752,a88277a1-15f6-497f-82ef-cca08a2f4b95
9753,9619a3e7-c21c-4c94-a64a-2d54d29cc61b
9754,99d707a4-dc8b-46af-a67c-fd016f971e82
9755,904bac08-ada8-4e23-9573-b1d4bb51bb5e
9756,de959ec8-6a26-4501-abf9-fdbaf18a7bb9
9757,352bb3df-0a50-466c-849f-1ed57472aa5a
9758,088031b8-f59e-42fb-a0ae-fce3e410db62
9759,135ef308-2a75-41d2-9b5c-16d86a0b7dc1
9760,399f3186-0bee-4357-a1de-725c6b37ab0a
9761,17277d3f-b172-4d0f-858f-5964faec98fa
9762,ee43c8e6-653f-40f2-93c2-6eea4a7413e7
9763,5fe8736d-8309-42c1-89a4-abd975345396
9764,a5e8149d-4de2-4398-8d80-afdbaf61147c
9765,cea86755-5981-4a08-8a9a-bc27aef3c84c
9766,df4e97bb-474f-43c1-b6f5-dd6d6968e777
9767,2ea54cc0-1463-446a-ab21-aad90edc2856
9768,4cf78b50-99c6-40ad-abe0-357fd812e7d7
9769,1d539fd9-f611-43b3-a3e2-ceaae88adcc3
9770,11d83e93-264b-4632-a9b6-58b29bcdfbcb
9771,7d6650ab-44c1-454a-8b0f-d44abc8f217f
9772,01188e0f-8c7a-4f7a-8de4-fe50a0a01ca8
9773,24df6e82-0ee8-4b44-b81f-debc8f178322
9774,acfd992f-d9d0-4134-b742-1fcf1c8185d7
9775,882eaa77-e7ad-47ca-bdd1-a7ed2f26b587
9776,208eda6b-0549-4f69-87c0-2e66ccb1eb58
9777,2b2ccaaa-044d-4b0f-80c2-bae558573d04
9778,a4a0bf1b-b829-4e93-973a-983792632f85
9779,d87e9ca6-5546-462e-b4b8-58d5983336a8
9780,ea30931c-12ee-496e-bf19-464ddbe55c13
9781,df39964e-3cb9-490c-826e-1399edbbffca
9782,97a96f93-a34d-40fd-b428-4c80bb8831cb
9783,a873961f-ffe8-47ab-8af7-32a18e95ac48
9784,dcc5b22e-4159-4c4a-877f-40a79def999f
9785,45b6ccbd-d14c-46ae-87f5-6ecc56a84e46
9786,8318789a-4083-428e-b152-a78423335324
9787,9ef747e6-d20f-49c2-bfe4-87403ef31ab7
9788,dc67b87c-f431-4365-8d3a-69d1aa7e85ad
9789,884eac6f-7483-4f98-b5ed-4246623df75d
9790,4d669b51-baf3-4504-9101-7cd6a5a301b8
9791,9980313c-4f82-41e0-a95f-414b5a73b654
9792,e3887e67-756b-4cdc-9667-bc02b57f14fe
9793,0f6c462d-b193-4746-8ce0-fe1fba58f8a2
9794,0e38e1b0-4906-4e22-ab79-347539fe0e2c
9795,789b5113-95de-4cb5-b651-ed695d9f31ba
9796,5e3d6d77-cccd-4907-99b6-00a2e6190030
9797,db075fd0-7826-4ed7-9fd8-64dc6555e983
9798,185c6e73-5a08-4c9f-a0d8-e9178bf0d069
9799,7c5c1011-001b-4bb5-a6f4-d4a636194d02
9800,6235c70b-24a9-4dd9-bcde-98899bfa2f1b
9801,2511a772-cebd-41e7-a46e-1798a1d618cd
9802,bf16bf54-61f8-4a6c-9d19-fd5772b26ae8
9803,f3795950-685e-400f-a7ea-ecc084e14a55
9804,4878a199-b636-4b82-b992-56ae22dc3539
9805,ae2cb0a3-f0c9-4c8a-ad59-e9c9fbccf585
9806,410bbf95-1f95-48a1-9910-d2775a24a24c
9807,923a1fd4-9b5e-452b-85ec-9b447d41ff68
9808,fbbebd32-4bbb-4c44-8dca-fc0da820ab8f
9809,2991206e-1dba-4df8-97ea-de125f6205b8
9810,848513b0-6c8d-4b77-892a-e8b90fe2f8ba
9811,3b85f139-2ac3-49db-ada2-8c41bff4c642
9812,b43167ec-dbb1-4103-93a8-c869504192f4
9813,7696ecd2-0336-4dd6-807b-2a87ae7fba66
9814,1c19807e-ea0d-4298-8eab-56ffd676537e
9815,caaba221-2961-4177-9ebc-192b6905e8e6
9816,aae4956b-e5a6-4a54-9c6d-ada7a611f061
9817,bc94b857-27e5-43bb-9ada-5052b27671c9
9818,4f7bd959-cd3e-4df2-941a-4606e9f8c8ef
9819,75d4d209-732f-4642-aa0c-2feda949cbde
9820,892e1ba2-3f7a-4372-ba23-1febea8da0dc
9821,3976c7c7-3aa6-4ee5-b449-e636f535ad63
9822,ab9a0054-782f-46ce-b392-a41d300a1729
9823,580c5c7e-e8dd-449b-864e-e1a4339f5c97
9824,2222293c-7ed8-41c8-ad07-2dd3a3824800
9825,e59cb3a6-2ced-49f7-93e8-84b7ad09ceb4
9826,fad1ba6c-c828-4b09-acc4-f57c3a2479c7
9827,9c68b928-abb9-485d-bb5e-d1858cdc4cf9
9828,ad5eaf1f-8781-4b3a-9c1e-293a39824bd4
9829,e5f2e166-586c-417f-b634-8b82d2c10b38
9830,93c4cc9a-c1ce-4f03-9bf6-48efc87ae4a4
9831,2165c5a9-5977-4f4d-b7e2-d5d943465904
9832,ee95dfc3-c4cc-4e43-9499-2c9130701eb2
9833,2779db6f-5ee3-49c6-9dd2-e2b3855011ae
9834,eebce9c8-b8b6-4087-a9a5-6b0cdafd0685
9835,2f7615e0-38d1-45dc-9488-b5c1b1f65994
9836,b69553b5-ddef-42e6-88f8-e5f6645d337c
9837,10808575-9b72-49cb-b0ee-1f8b46557a18
9838,959a23e2-2650-4b5e-bf03-09ea44903b40
9839,4be8a4fb-2c6e-4e11-a626-6be6c1c3db30
9840,7762f6e9-540a-4677-aa56-0489892268be
9841,685f36dd-6657-4608-bc0c-d3b9a45b2b7a
9842,2df6cb92-7084-4034-a8ad-037745a67428
9843,db088fdd-cedc-4c73-b53c-60dad215c317
9844,f93eb844-e369-4289-af77-9ed3b46c02e1
9845,d0c2fd51-3774-4163-9231-07a913806d73
9846,69321b57-12c2-410a-96b6-a1ba34c8a425
9847,bcac3c61-3f56-44a2-94a8-bc6a1ddf0453
9848,bc0a476f-93a4-48f6-947c-e7934d222643
9849,fe91439c-2691-4cbc-85cf-231ba97a708a
9850,4e5da397-3b7b-454c-9de4-8d38199fd8f9
9851,6db5018a-abbc-4992-9e46-92759c1e8f39
9852,c8b2f0f1-3b53-424d-8fc5-6a73877f65fb
9853,1773e66a-fd46-4480-ada3-d843f10c0fdc
9854,e22c8da4-c0bd-4c6a-9208-c07167867cf3
9855,e5736e31-7d45-4395-b3cd-58ac39a796d0
9856,18493d8c-38d8-43c3-ad6c-eb230f499819
9857,d20ead7f-42ff-471a-a529-3af4d3f3b23d
9858,82e6b51b-c7bd-48b9-8e5d-0f30129e65bf
9859,b188a123-671f-426f-b8ea-6a43a463b3bb
9860,466c4f24-e2ee-4e7b-b689-23e9dccf6b25
9861,68b54427-0e89-4bcf-adfa-2d195f4bf1d7
9862,ce14abe7-a24f-4311-b83d-ef65abca9967
9863,6b25bb36-4db6-4e8c-93c5-e5f442699212
9864,aea72a86-0dd8-4511-99df-16f07b47eec2
9865,e8b4307d-67e1-4998-ac84-34489d0d9430
9866,d7f41617-d5aa-4d3d-8648-1f6db78992a1
9867,b7ca19ab-08ce-4001-a39e-5d9604a61f06
9868,4c2e9418-47ca-4f29-8484-ae2af740c978
9869,c4e01cea-be57-4302-8748-210d92a40392
9870,74dd79ab-f67d-48b3-9ca8-bb8858033a7c
9871,7c2978a2-c0c4-48c0-99f2-8f633d62d1cf
9872,e3ce72d1-dd69-430e-b69f-70810509f49b
9873,c7d5b190-dadf-4fc5-a150-cf381689c68b
9874,1c3160da-cad4-4489-85a4-db4588466850
9875,82980444-fc99-4050-a9ff-a992c6faec11
9876,4dd57577-c839-4b47-935f-5d1d27e61b4b
9877,42261979-471d-4821-91c1-611fda24420b
9878,2a0cc4ad-f7fc-4c54-be45-1ed20b656f00
9879,229e1874-3aba-4f64-8a8e-d44bb74e57df
9880,bfd93237-7b1f-4a45-9d2f-2da3866353ab
9881,50a523d5-05d7-41bb-8aa2-72c894e352c7
9882,b9e5e3e9-f958-4271-803a-a944508871a3
9883,f6ec972d-44a6-4960-8a2f-90175bb8e505
9884,30148f26-6524-4f99-85b9-9e7d8205d782
9885,fcfba82c-7380-4f3a-b1f7-c64f594b2fac
9886,75a4fe7f-9dc4-4785-ba65-b1547bce90ce
9887,7bf38a75-681a-498c-99b9-932d03442ee5
9888,0ac662c5-655f-4012-9625-0847fa689eaf
9889,159b6058-6e44-4fb3-a81d-b8b603c0beed
9890,bc2b9cb4-d654-4926-83d3-22886cdd0f53
9891,35ea57da-bbb8-40ea-a2a4-e908110a75ba
9892,bf6ebcbc-c0e0-4062-8e20-db0edde852b9
9893,336e28c0-9671-4c01-8869-d3afe882284d
9894,e1bfe0c5-5ed7-44cc-9e6d-ece44f96a2b8
9895,d01204ff-f6f6-42dc-a789-26017b372992
9896,ccc6042c-fdc0-4564-b2db-eae87ccd1456
9897,0bedd4fa-05cd-432e-8f79-2c72c32a26db
9898,a3026cc2-36a3-4b31-b8a8-206c78d02693
9899,cb6df104-dc16-4cd0-93d8-453aca233a67
9900,ad1ba3aa-2ea7-4f75-852b-8b1006687a03
9901,29f0c378-106f-4ae3-8d5b-b3ea9455597a
9902,e5b741c8-0d6e-4acb-b462-adde460bd778
9903,092bb8f7-ad13-4c07-a167-3ecfdfd22f3f
9904,db7997fc-5163-4a09-90de-72cb430a1cf6
9905,aadd260f-c1b1-44e9-9bca-af01073505f3
9906,4daa97e7-0408-458f-b4aa-51dc9792d4bf
9907,aaef39d4-afc5-4079-a24b-642d9fd788b3
9908,33693b52-3727-4750-b65a-1c8c2e3d4cc9
9909,5c9b6b8a-c3d9-4d39-806a-28583ec0926b
9910,88db0cb6-33a7-4484-b805-f82ad59967ba
9911,2af7bb71-2b75-428d-bd27-3f13e789a4c4
9912,43e4df24-b8e2-4722-924b-1daaff0c6701
9913,b47ef37a-d518-406f-8f2c-7fb059202f89
9914,23ce1413-24b8-4708-af6c-eae469ca4b9d
9915,06afeef3-531a-4232-aca1-93d8514fa3c5
9916,af3185c8-565d-426a-aa2b-01d0a3374203
9917,68f22816-fc63-4189-857c-c3f2738942d9
9918,fcce48b3-ccd1-4783-aacf-2f27af647961
9919,adc77a57-0235-4c79-8a61-c6f8895ed1b3
9920,1022299a-7a2a-41a6-8473-ebc699b5c303
9921,cdd13661-2890-4230-95ff-3d421ccb4b43
9922,2eab43bb-5a9e-4e07-a1d3-fd7293d0a74d
9923,9602e883-464c-459c-a4ef-a3d071ce0754
9924,8359bd4b-a26a-4d0d-b1b4-0ba127b068ab
9925,8a528d9b-ce99-4152-8ad2-72e83d1108dc
9926,a579583a-d67d-4d95-b163-657b58de863c
9927,e6b33cfd-e82e-4de3-90bc-225a260c3c8c
9928,0b7c5bed-41ea-462c-9c56-0627b762f143
9929,27cf8b8d-1a21-415b-ba0f-5c94540d7657
9930,b901d15c-cdb1-464a-b6de-23f0f29e37f5
9931,aa7c273b-63ab-4706-853d-403b9f12ce09
9932,c09a277e-11d6-4c37-ac0c-26f601e82fc3
9933,d6408f0f-7d82-4743-a8d5-02e02ab49db1
9934,f2b70c17-3763-40b2-97f0-e7336c23a51e
9935,bf0360bb-6a97-4354-a50e-a9a22603d6f3
9936,965fb079-ea05-4f11-877b-c5056da61dcc
9937,b7e6f332-7be9-459c-8dd8-62435f090821
9938,aa9ee988-a64b-4ee4-aa1d-211ee922cdd7
9939,91525b41-d7e0-4905-9692-43275d4a31a7
9940,7dcfaa7d-a120-4275-9fa2-ea49cc6fcbc9
9941,777f7e07-df7d-4dc6-a1b0-308e15125f50
9942,8a1e902f-f562-4fa7-8e47-bb368f4157bf
9943,1ddbdf6c-6c34-4de7-a887-44c518616db0
9944,e4bf5004-fe47-4c54-a9e5-d74381557f16
9945,533eea33-95fd-4daf-9a1d-29c299367c95
9946,6d71ece9-8e69-4dc5-a610-a0193ca05870
9947,e95a6d3e-54a6-44c0-9d07-67bb2272d2b3
9948,4b88aee4-5759-4fe2-ac68-f37ab81478e7
9949,244a2048-d6a4-4dcf-a76b-170a6e8957fb
9950,2c341cdf-0db2-4dc3-a74b-8a17b60cae9b
9951,9adfe670-0a0d-45d8-94da-9281dcf1f723
9952,82e5fbe3-43e1-4db3-995f-381dc82be14c
9953,d4ca7499-0ffb-4682-9ccc-94befe486fc8
9954,4fc3bb83-43ae-4c9b-8560-8b908fc74fbc
9955,b126fc08-0238-41ff-9bc8-a0f39630e5e5
9956,1e011db6-8498-43f4-b326-09b0be365896
9957,359b5f22-df52-4629-814c-3f4d89ead5d1
9958,7a5a069c-5ac1-4f64-a365-499c191da17d
9959,0afc8cae-8d77-46dc-9638-b3faa24020a9
9960,331bc116-5aac-44fb-afe8-4d7b5df4102e
9961,e06c1890-3b40-425e-a11e-f06ea6fbac2f
9962,0aa2172d-f273-4394-bacd-63658867b088
9963,c0cca9b9-101e-4472-a8f0-67a5e26960e1
9964,c44eaa90-b5aa-4a8d-81bc-ad3dfeb9de95
9965,927f2812-0c0c-4fbb-a703-705db72b1454
9966,2f81237a-04c6-4329-9ec4-941c7dbeca55
9967,ece96b95-a3c8-464f-80cc-92fb1fba51a2
9968,1a75d898-4e63-4db5-a6fd-2e4a0eb836ac
9969,2d033a08-e39a-4ff1-a7f3-a1aa7a2afbd8
9970,32a8b2ab-37ed-4057-a49a-4c79e6707e05
9971,c42feac6-c754-4d62-88de-8a6843844898
9972,0c7380f8-7434-4a72-81a9-3b7fe64da09b
9973,fe0c276a-69d9-4f25-9558-4717a6838a6f
9974,9173e63f-953f-4351-8fc1-01f323a4c81e
9975,44ad37df-f3b1-468e-90a5-0eff62e7814e
9976,a438301a-048b-4b38-851a-96fe1bae6609
9977,ec7f39bd-e382-469f-b8dc-8f65e4e42dbc
9978,58ebe563-6e4e-4fa5-8fb5-fb3684822d81
9979,5fbc4a24-00c3-4085-8205-1b2d89740b29
9980,2530f844-145e-46d7-bb6f-4b2880004cb7
9981,d7909434-3c4e-4882-a692-32b4ec01fe05
9982,de5a9c6f-8b58-4c94-bd6f-c2ba792ea267
9983,88be36e3-6e1a-4fa1-beea-4c416e603ece
9984,4e99eec6-de1f-4035-bf23-a598832804ae
9985,7183f4d7-44f7-48bd-ae1e-b60b16ccf9de
9986,6180f505-e601-440b-80ec-d5ccaf7f89c5
9987,7a35b692-970a-4eea-9a00-09f93f984f11
9988,ba317d11-bbbc-4b73-9f8b-7cf87d81e132
9989,89b7e358-37d2-464e-9d3d-1f9531b211b0
9990,b17ff601-b66a-4322-8c11-2d428dc2242b
9991,a798d724-20e1-4847-9332-df0ed696af34
9992,96cb5864-0366-4770-b6e9-9e2e794052f3
9993,bc53de83-321d-4569-8c85-fe7190c9bd32
9994,8593cd4c-f983-430b-b611-7f9f7e88f0f5
